<?xml version="1.0" encoding="UTF-8" standalone="no" ?>
<gpx xmlns="http://www.topografix.com/GPX/1/1" xmlns:xsi="http://www.w3.org/2001/XMLSchema-instance" xsi:schemaLocation="http://www.topografix.com/GPX/1/1 http://www.topografix.com/GPX/1/1/gpx.xsd" version="1.1" creator="VisuGPX">
  <metadata>
    <name>circuit trail N°15 monte descend</name>
    <desc>Parcours de trail au départ du village de Bedoin, le départ se fait en montée au milieu des maisons mais rapidement le parcours est en campagne pendant un petit moment. Au bout d'un quart d'heure on attaque une longue montée dans le vallon de maraval puis sur un plateau qui domine toute la vallée du Comtat Venaissin. la descente est un peu technique par endroit puis le retour emprunte le même chemin qu'au départ. </desc>
  </metadata>
  <trk>
    <extensions>
      <line xmlns="http://www.topografix.com/GPX/gpx_style/0/2">
        <color>00FF00</color>
        <width>4</width>
      </line>
    </extensions>
    <trkseg>
      <trkpt lat="44.12623" lon="5.17928">
        <ele>316</ele>
        <time>2022-03-17T17:25:39.791Z</time>
      </trkpt>
      <trkpt lat="44.12635" lon="5.17932">
        <ele>316</ele>
        <time>2022-03-17T17:25:40.791Z</time>
      </trkpt>
      <trkpt lat="44.12643" lon="5.17934">
        <ele>317</ele>
        <time>2022-03-17T17:25:41.791Z</time>
      </trkpt>
      <trkpt lat="44.1265" lon="5.17928">
        <ele>317</ele>
        <time>2022-03-17T17:25:42.792Z</time>
      </trkpt>
      <trkpt lat="44.12654" lon="5.17927">
        <ele>317</ele>
        <time>2022-03-17T17:25:43.791Z</time>
      </trkpt>
      <trkpt lat="44.12659" lon="5.17928">
        <ele>318</ele>
        <time>2022-03-17T17:25:44.791Z</time>
      </trkpt>
      <trkpt lat="44.12662" lon="5.17927">
        <ele>319</ele>
        <time>2022-03-17T17:25:45.791Z</time>
      </trkpt>
      <trkpt lat="44.12664" lon="5.17926">
        <ele>319</ele>
        <time>2022-03-17T17:25:46.791Z</time>
      </trkpt>
      <trkpt lat="44.12664" lon="5.17928">
        <ele>319</ele>
        <time>2022-03-17T17:25:48.791Z</time>
      </trkpt>
      <trkpt lat="44.12665" lon="5.17929">
        <ele>319</ele>
        <time>2022-03-17T17:25:49.792Z</time>
      </trkpt>
      <trkpt lat="44.12665" lon="5.17931">
        <ele>319</ele>
        <time>2022-03-17T17:25:50.792Z</time>
      </trkpt>
      <trkpt lat="44.12665" lon="5.17932">
        <ele>319</ele>
        <time>2022-03-17T17:25:51.792Z</time>
      </trkpt>
      <trkpt lat="44.12664" lon="5.17933">
        <ele>319</ele>
        <time>2022-03-17T17:25:52.791Z</time>
      </trkpt>
      <trkpt lat="44.12664" lon="5.17934">
        <ele>319</ele>
        <time>2022-03-17T17:25:53.791Z</time>
      </trkpt>
      <trkpt lat="44.12664" lon="5.17935">
        <ele>320</ele>
        <time>2022-03-17T17:25:55.791Z</time>
      </trkpt>
      <trkpt lat="44.12663" lon="5.17936">
        <ele>320</ele>
        <time>2022-03-17T17:25:56.791Z</time>
      </trkpt>
      <trkpt lat="44.12662" lon="5.17937">
        <ele>320</ele>
        <time>2022-03-17T17:25:57.791Z</time>
      </trkpt>
      <trkpt lat="44.12661" lon="5.17936">
        <ele>320</ele>
        <time>2022-03-17T17:25:58.791Z</time>
      </trkpt>
      <trkpt lat="44.12661" lon="5.17937">
        <ele>320</ele>
        <time>2022-03-17T17:25:59.791Z</time>
      </trkpt>
      <trkpt lat="44.1266" lon="5.17937">
        <ele>320</ele>
        <time>2022-03-17T17:26:00.791Z</time>
      </trkpt>
      <trkpt lat="44.1266" lon="5.17938">
        <ele>321</ele>
        <time>2022-03-17T17:26:02.791Z</time>
      </trkpt>
      <trkpt lat="44.12659" lon="5.17938">
        <ele>321</ele>
        <time>2022-03-17T17:26:04.792Z</time>
      </trkpt>
      <trkpt lat="44.12658" lon="5.17938">
        <ele>321</ele>
        <time>2022-03-17T17:26:05.791Z</time>
      </trkpt>
      <trkpt lat="44.12657" lon="5.17937">
        <ele>321</ele>
        <time>2022-03-17T17:26:08.791Z</time>
      </trkpt>
      <trkpt lat="44.12656" lon="5.17937">
        <ele>321</ele>
        <time>2022-03-17T17:26:09.792Z</time>
      </trkpt>
      <trkpt lat="44.12656" lon="5.17936">
        <ele>321</ele>
        <time>2022-03-17T17:26:10.791Z</time>
      </trkpt>
      <trkpt lat="44.12654" lon="5.17934">
        <ele>321</ele>
        <time>2022-03-17T17:26:11.792Z</time>
      </trkpt>
      <trkpt lat="44.12653" lon="5.17933">
        <ele>321</ele>
        <time>2022-03-17T17:26:12.792Z</time>
      </trkpt>
      <trkpt lat="44.12652" lon="5.17931">
        <ele>322</ele>
        <time>2022-03-17T17:26:13.791Z</time>
      </trkpt>
      <trkpt lat="44.12651" lon="5.17931">
        <ele>322</ele>
        <time>2022-03-17T17:26:14.791Z</time>
      </trkpt>
      <trkpt lat="44.12651" lon="5.1793">
        <ele>322</ele>
        <time>2022-03-17T17:26:15.791Z</time>
      </trkpt>
      <trkpt lat="44.12654" lon="5.17929">
        <ele>322</ele>
        <time>2022-03-17T17:26:18.792Z</time>
      </trkpt>
      <trkpt lat="44.12655" lon="5.17929">
        <ele>322</ele>
        <time>2022-03-17T17:26:19.792Z</time>
      </trkpt>
      <trkpt lat="44.12656" lon="5.17929">
        <ele>322</ele>
        <time>2022-03-17T17:26:20.791Z</time>
      </trkpt>
      <trkpt lat="44.12655" lon="5.17929">
        <ele>322</ele>
        <time>2022-03-17T17:26:23.792Z</time>
      </trkpt>
      <trkpt lat="44.12655" lon="5.1793">
        <ele>321</ele>
        <time>2022-03-17T17:26:25.792Z</time>
      </trkpt>
      <trkpt lat="44.12656" lon="5.1793">
        <ele>320</ele>
        <time>2022-03-17T17:26:26.791Z</time>
      </trkpt>
      <trkpt lat="44.12656" lon="5.17931">
        <ele>319</ele>
        <time>2022-03-17T17:26:27.791Z</time>
      </trkpt>
      <trkpt lat="44.12656" lon="5.17932">
        <ele>317</ele>
        <time>2022-03-17T17:26:30.791Z</time>
      </trkpt>
      <trkpt lat="44.12656" lon="5.17931">
        <ele>317</ele>
        <time>2022-03-17T17:26:42.792Z</time>
      </trkpt>
      <trkpt lat="44.12655" lon="5.17931">
        <ele>317</ele>
        <time>2022-03-17T17:26:45.792Z</time>
      </trkpt>
      <trkpt lat="44.12655" lon="5.1793">
        <ele>318</ele>
        <time>2022-03-17T17:26:46.792Z</time>
      </trkpt>
      <trkpt lat="44.12655" lon="5.17929">
        <ele>318</ele>
        <time>2022-03-17T17:26:49.791Z</time>
      </trkpt>
      <trkpt lat="44.12654" lon="5.17929">
        <ele>318</ele>
        <time>2022-03-17T17:26:50.792Z</time>
      </trkpt>
      <trkpt lat="44.12653" lon="5.17929">
        <ele>318</ele>
        <time>2022-03-17T17:26:55.792Z</time>
      </trkpt>
      <trkpt lat="44.12653" lon="5.17928">
        <ele>319</ele>
        <time>2022-03-17T17:27:00.791Z</time>
      </trkpt>
      <trkpt lat="44.12652" lon="5.17928">
        <ele>319</ele>
        <time>2022-03-17T17:27:01.791Z</time>
      </trkpt>
      <trkpt lat="44.12652" lon="5.17927">
        <ele>319</ele>
        <time>2022-03-17T17:27:02.791Z</time>
      </trkpt>
      <trkpt lat="44.12652" lon="5.17926">
        <ele>319</ele>
        <time>2022-03-17T17:27:06.791Z</time>
      </trkpt>
      <trkpt lat="44.12651" lon="5.17926">
        <ele>319</ele>
        <time>2022-03-17T17:27:10.792Z</time>
      </trkpt>
      <trkpt lat="44.12651" lon="5.17925">
        <ele>319</ele>
        <time>2022-03-17T17:27:17.792Z</time>
      </trkpt>
      <trkpt lat="44.12652" lon="5.17926">
        <ele>320</ele>
        <time>2022-03-17T17:27:36.792Z</time>
      </trkpt>
      <trkpt lat="44.12655" lon="5.17926">
        <ele>320</ele>
        <time>2022-03-17T17:27:38.791Z</time>
      </trkpt>
      <trkpt lat="44.12659" lon="5.17927">
        <ele>320</ele>
        <time>2022-03-17T17:27:39.791Z</time>
      </trkpt>
      <trkpt lat="44.12662" lon="5.17927">
        <ele>320</ele>
        <time>2022-03-17T17:27:40.792Z</time>
      </trkpt>
      <trkpt lat="44.12666" lon="5.17929">
        <ele>320</ele>
        <time>2022-03-17T17:27:41.792Z</time>
      </trkpt>
      <trkpt lat="44.12669" lon="5.1793">
        <ele>320</ele>
        <time>2022-03-17T17:27:42.792Z</time>
      </trkpt>
      <trkpt lat="44.12673" lon="5.17931">
        <ele>321</ele>
        <time>2022-03-17T17:27:43.791Z</time>
      </trkpt>
      <trkpt lat="44.12676" lon="5.17932">
        <ele>321</ele>
        <time>2022-03-17T17:27:44.791Z</time>
      </trkpt>
      <trkpt lat="44.12679" lon="5.17933">
        <ele>321</ele>
        <time>2022-03-17T17:27:45.792Z</time>
      </trkpt>
      <trkpt lat="44.12682" lon="5.17933">
        <ele>322</ele>
        <time>2022-03-17T17:27:46.792Z</time>
      </trkpt>
      <trkpt lat="44.12684" lon="5.17934">
        <ele>321</ele>
        <time>2022-03-17T17:27:47.792Z</time>
      </trkpt>
      <trkpt lat="44.12687" lon="5.17935">
        <ele>321</ele>
        <time>2022-03-17T17:27:48.792Z</time>
      </trkpt>
      <trkpt lat="44.1269" lon="5.17935">
        <ele>321</ele>
        <time>2022-03-17T17:27:49.792Z</time>
      </trkpt>
      <trkpt lat="44.12693" lon="5.17937">
        <ele>320</ele>
        <time>2022-03-17T17:27:50.791Z</time>
      </trkpt>
      <trkpt lat="44.12697" lon="5.17938">
        <ele>320</ele>
        <time>2022-03-17T17:27:51.791Z</time>
      </trkpt>
      <trkpt lat="44.12702" lon="5.17939">
        <ele>321</ele>
        <time>2022-03-17T17:27:52.791Z</time>
      </trkpt>
      <trkpt lat="44.12706" lon="5.17941">
        <ele>320</ele>
        <time>2022-03-17T17:27:53.792Z</time>
      </trkpt>
      <trkpt lat="44.12712" lon="5.17943">
        <ele>320</ele>
        <time>2022-03-17T17:27:54.791Z</time>
      </trkpt>
      <trkpt lat="44.12717" lon="5.17945">
        <ele>320</ele>
        <time>2022-03-17T17:27:55.792Z</time>
      </trkpt>
      <trkpt lat="44.12722" lon="5.17948">
        <ele>319</ele>
        <time>2022-03-17T17:27:56.792Z</time>
      </trkpt>
      <trkpt lat="44.12728" lon="5.1795">
        <ele>319</ele>
        <time>2022-03-17T17:27:57.792Z</time>
      </trkpt>
      <trkpt lat="44.12734" lon="5.17953">
        <ele>319</ele>
        <time>2022-03-17T17:27:58.791Z</time>
      </trkpt>
      <trkpt lat="44.12739" lon="5.17955">
        <ele>319</ele>
        <time>2022-03-17T17:27:59.792Z</time>
      </trkpt>
      <trkpt lat="44.12745" lon="5.17957">
        <ele>319</ele>
        <time>2022-03-17T17:28:00.791Z</time>
      </trkpt>
      <trkpt lat="44.12751" lon="5.17959">
        <ele>319</ele>
        <time>2022-03-17T17:28:01.792Z</time>
      </trkpt>
      <trkpt lat="44.12757" lon="5.1796">
        <ele>320</ele>
        <time>2022-03-17T17:28:02.792Z</time>
      </trkpt>
      <trkpt lat="44.12762" lon="5.17962">
        <ele>320</ele>
        <time>2022-03-17T17:28:03.792Z</time>
      </trkpt>
      <trkpt lat="44.12768" lon="5.17964">
        <ele>321</ele>
        <time>2022-03-17T17:28:04.792Z</time>
      </trkpt>
      <trkpt lat="44.12774" lon="5.17965">
        <ele>322</ele>
        <time>2022-03-17T17:28:05.792Z</time>
      </trkpt>
      <trkpt lat="44.1278" lon="5.17967">
        <ele>322</ele>
        <time>2022-03-17T17:28:06.792Z</time>
      </trkpt>
      <trkpt lat="44.12786" lon="5.17968">
        <ele>323</ele>
        <time>2022-03-17T17:28:07.792Z</time>
      </trkpt>
      <trkpt lat="44.12792" lon="5.17968">
        <ele>323</ele>
        <time>2022-03-17T17:28:08.791Z</time>
      </trkpt>
      <trkpt lat="44.12799" lon="5.17969">
        <ele>324</ele>
        <time>2022-03-17T17:28:09.792Z</time>
      </trkpt>
      <trkpt lat="44.12805" lon="5.17971">
        <ele>324</ele>
        <time>2022-03-17T17:28:10.792Z</time>
      </trkpt>
      <trkpt lat="44.12811" lon="5.17971">
        <ele>325</ele>
        <time>2022-03-17T17:28:11.791Z</time>
      </trkpt>
      <trkpt lat="44.12817" lon="5.17972">
        <ele>325</ele>
        <time>2022-03-17T17:28:12.791Z</time>
      </trkpt>
      <trkpt lat="44.12823" lon="5.17972">
        <ele>326</ele>
        <time>2022-03-17T17:28:13.791Z</time>
      </trkpt>
      <trkpt lat="44.12829" lon="5.17973">
        <ele>326</ele>
        <time>2022-03-17T17:28:14.791Z</time>
      </trkpt>
      <trkpt lat="44.12834" lon="5.17974">
        <ele>327</ele>
        <time>2022-03-17T17:28:15.791Z</time>
      </trkpt>
      <trkpt lat="44.1284" lon="5.17976">
        <ele>327</ele>
        <time>2022-03-17T17:28:16.792Z</time>
      </trkpt>
      <trkpt lat="44.12845" lon="5.17978">
        <ele>328</ele>
        <time>2022-03-17T17:28:17.792Z</time>
      </trkpt>
      <trkpt lat="44.1285" lon="5.17982">
        <ele>328</ele>
        <time>2022-03-17T17:28:18.792Z</time>
      </trkpt>
      <trkpt lat="44.12854" lon="5.17986">
        <ele>329</ele>
        <time>2022-03-17T17:28:19.791Z</time>
      </trkpt>
      <trkpt lat="44.12857" lon="5.17989">
        <ele>329</ele>
        <time>2022-03-17T17:28:20.791Z</time>
      </trkpt>
      <trkpt lat="44.1286" lon="5.17993">
        <ele>330</ele>
        <time>2022-03-17T17:28:21.792Z</time>
      </trkpt>
      <trkpt lat="44.12862" lon="5.17996">
        <ele>330</ele>
        <time>2022-03-17T17:28:22.791Z</time>
      </trkpt>
      <trkpt lat="44.12864" lon="5.17998">
        <ele>330</ele>
        <time>2022-03-17T17:28:23.791Z</time>
      </trkpt>
      <trkpt lat="44.12867" lon="5.18001">
        <ele>331</ele>
        <time>2022-03-17T17:28:24.791Z</time>
      </trkpt>
      <trkpt lat="44.1287" lon="5.18003">
        <ele>331</ele>
        <time>2022-03-17T17:28:25.792Z</time>
      </trkpt>
      <trkpt lat="44.12873" lon="5.18006">
        <ele>331</ele>
        <time>2022-03-17T17:28:26.792Z</time>
      </trkpt>
      <trkpt lat="44.12877" lon="5.1801">
        <ele>331</ele>
        <time>2022-03-17T17:28:27.792Z</time>
      </trkpt>
      <trkpt lat="44.1288" lon="5.18013">
        <ele>331</ele>
        <time>2022-03-17T17:28:28.791Z</time>
      </trkpt>
      <trkpt lat="44.12884" lon="5.18015">
        <ele>331</ele>
        <time>2022-03-17T17:28:29.791Z</time>
      </trkpt>
      <trkpt lat="44.12889" lon="5.18018">
        <ele>331</ele>
        <time>2022-03-17T17:28:30.792Z</time>
      </trkpt>
      <trkpt lat="44.12893" lon="5.18021">
        <ele>331</ele>
        <time>2022-03-17T17:28:31.792Z</time>
      </trkpt>
      <trkpt lat="44.12897" lon="5.18023">
        <ele>331</ele>
        <time>2022-03-17T17:28:32.792Z</time>
      </trkpt>
      <trkpt lat="44.12901" lon="5.18025">
        <ele>331</ele>
        <time>2022-03-17T17:28:33.791Z</time>
      </trkpt>
      <trkpt lat="44.12904" lon="5.18027">
        <ele>331</ele>
        <time>2022-03-17T17:28:34.792Z</time>
      </trkpt>
      <trkpt lat="44.12908" lon="5.1803">
        <ele>331</ele>
        <time>2022-03-17T17:28:35.791Z</time>
      </trkpt>
      <trkpt lat="44.12912" lon="5.18032">
        <ele>331</ele>
        <time>2022-03-17T17:28:36.792Z</time>
      </trkpt>
      <trkpt lat="44.12916" lon="5.18034">
        <ele>331</ele>
        <time>2022-03-17T17:28:37.792Z</time>
      </trkpt>
      <trkpt lat="44.12921" lon="5.18037">
        <ele>331</ele>
        <time>2022-03-17T17:28:38.792Z</time>
      </trkpt>
      <trkpt lat="44.12926" lon="5.1804">
        <ele>331</ele>
        <time>2022-03-17T17:28:39.792Z</time>
      </trkpt>
      <trkpt lat="44.1293" lon="5.18042">
        <ele>331</ele>
        <time>2022-03-17T17:28:40.791Z</time>
      </trkpt>
      <trkpt lat="44.12934" lon="5.18045">
        <ele>332</ele>
        <time>2022-03-17T17:28:41.791Z</time>
      </trkpt>
      <trkpt lat="44.12938" lon="5.18047">
        <ele>332</ele>
        <time>2022-03-17T17:28:42.791Z</time>
      </trkpt>
      <trkpt lat="44.12942" lon="5.18049">
        <ele>332</ele>
        <time>2022-03-17T17:28:43.792Z</time>
      </trkpt>
      <trkpt lat="44.12946" lon="5.18051">
        <ele>333</ele>
        <time>2022-03-17T17:28:44.791Z</time>
      </trkpt>
      <trkpt lat="44.12949" lon="5.18054">
        <ele>333</ele>
        <time>2022-03-17T17:28:45.791Z</time>
      </trkpt>
      <trkpt lat="44.12953" lon="5.18056">
        <ele>333</ele>
        <time>2022-03-17T17:28:46.792Z</time>
      </trkpt>
      <trkpt lat="44.12958" lon="5.18058">
        <ele>334</ele>
        <time>2022-03-17T17:28:47.791Z</time>
      </trkpt>
      <trkpt lat="44.12963" lon="5.1806">
        <ele>334</ele>
        <time>2022-03-17T17:28:48.792Z</time>
      </trkpt>
      <trkpt lat="44.12969" lon="5.18064">
        <ele>335</ele>
        <time>2022-03-17T17:28:49.792Z</time>
      </trkpt>
      <trkpt lat="44.12972" lon="5.18066">
        <ele>335</ele>
        <time>2022-03-17T17:28:50.792Z</time>
      </trkpt>
      <trkpt lat="44.12976" lon="5.18068">
        <ele>336</ele>
        <time>2022-03-17T17:28:51.792Z</time>
      </trkpt>
      <trkpt lat="44.12982" lon="5.1807">
        <ele>336</ele>
        <time>2022-03-17T17:28:52.792Z</time>
      </trkpt>
      <trkpt lat="44.12986" lon="5.18072">
        <ele>337</ele>
        <time>2022-03-17T17:28:53.792Z</time>
      </trkpt>
      <trkpt lat="44.1299" lon="5.18075">
        <ele>338</ele>
        <time>2022-03-17T17:28:54.791Z</time>
      </trkpt>
      <trkpt lat="44.12994" lon="5.18078">
        <ele>338</ele>
        <time>2022-03-17T17:28:55.791Z</time>
      </trkpt>
      <trkpt lat="44.12998" lon="5.1808">
        <ele>339</ele>
        <time>2022-03-17T17:28:56.792Z</time>
      </trkpt>
      <trkpt lat="44.13001" lon="5.18083">
        <ele>339</ele>
        <time>2022-03-17T17:28:57.792Z</time>
      </trkpt>
      <trkpt lat="44.13005" lon="5.18086">
        <ele>340</ele>
        <time>2022-03-17T17:28:58.792Z</time>
      </trkpt>
      <trkpt lat="44.13009" lon="5.18088">
        <ele>340</ele>
        <time>2022-03-17T17:28:59.792Z</time>
      </trkpt>
      <trkpt lat="44.13013" lon="5.18091">
        <ele>341</ele>
        <time>2022-03-17T17:29:00.792Z</time>
      </trkpt>
      <trkpt lat="44.13018" lon="5.18094">
        <ele>341</ele>
        <time>2022-03-17T17:29:01.792Z</time>
      </trkpt>
      <trkpt lat="44.13021" lon="5.18096">
        <ele>342</ele>
        <time>2022-03-17T17:29:02.792Z</time>
      </trkpt>
      <trkpt lat="44.13025" lon="5.18098">
        <ele>342</ele>
        <time>2022-03-17T17:29:03.791Z</time>
      </trkpt>
      <trkpt lat="44.13029" lon="5.18101">
        <ele>342</ele>
        <time>2022-03-17T17:29:04.791Z</time>
      </trkpt>
      <trkpt lat="44.13033" lon="5.18103">
        <ele>343</ele>
        <time>2022-03-17T17:29:05.792Z</time>
      </trkpt>
      <trkpt lat="44.13036" lon="5.18105">
        <ele>343</ele>
        <time>2022-03-17T17:29:06.792Z</time>
      </trkpt>
      <trkpt lat="44.1304" lon="5.18107">
        <ele>343</ele>
        <time>2022-03-17T17:29:07.792Z</time>
      </trkpt>
      <trkpt lat="44.13044" lon="5.18109">
        <ele>344</ele>
        <time>2022-03-17T17:29:08.791Z</time>
      </trkpt>
      <trkpt lat="44.13048" lon="5.1811">
        <ele>344</ele>
        <time>2022-03-17T17:29:09.792Z</time>
      </trkpt>
      <trkpt lat="44.13052" lon="5.18112">
        <ele>344</ele>
        <time>2022-03-17T17:29:10.791Z</time>
      </trkpt>
      <trkpt lat="44.13056" lon="5.18114">
        <ele>345</ele>
        <time>2022-03-17T17:29:11.792Z</time>
      </trkpt>
      <trkpt lat="44.1306" lon="5.18115">
        <ele>345</ele>
        <time>2022-03-17T17:29:12.792Z</time>
      </trkpt>
      <trkpt lat="44.13063" lon="5.18117">
        <ele>346</ele>
        <time>2022-03-17T17:29:13.791Z</time>
      </trkpt>
      <trkpt lat="44.13066" lon="5.18119">
        <ele>346</ele>
        <time>2022-03-17T17:29:14.792Z</time>
      </trkpt>
      <trkpt lat="44.1307" lon="5.1812">
        <ele>347</ele>
        <time>2022-03-17T17:29:15.792Z</time>
      </trkpt>
      <trkpt lat="44.13074" lon="5.18122">
        <ele>347</ele>
        <time>2022-03-17T17:29:16.792Z</time>
      </trkpt>
      <trkpt lat="44.13078" lon="5.18122">
        <ele>348</ele>
        <time>2022-03-17T17:29:17.791Z</time>
      </trkpt>
      <trkpt lat="44.13081" lon="5.18122">
        <ele>349</ele>
        <time>2022-03-17T17:29:18.791Z</time>
      </trkpt>
      <trkpt lat="44.13085" lon="5.18122">
        <ele>349</ele>
        <time>2022-03-17T17:29:19.792Z</time>
      </trkpt>
      <trkpt lat="44.13089" lon="5.18122">
        <ele>350</ele>
        <time>2022-03-17T17:29:20.792Z</time>
      </trkpt>
      <trkpt lat="44.13093" lon="5.18122">
        <ele>350</ele>
        <time>2022-03-17T17:29:21.792Z</time>
      </trkpt>
      <trkpt lat="44.13098" lon="5.18121">
        <ele>351</ele>
        <time>2022-03-17T17:29:22.792Z</time>
      </trkpt>
      <trkpt lat="44.13102" lon="5.18121">
        <ele>352</ele>
        <time>2022-03-17T17:29:23.791Z</time>
      </trkpt>
      <trkpt lat="44.13106" lon="5.18121">
        <ele>352</ele>
        <time>2022-03-17T17:29:24.791Z</time>
      </trkpt>
      <trkpt lat="44.13111" lon="5.18121">
        <ele>353</ele>
        <time>2022-03-17T17:29:25.792Z</time>
      </trkpt>
      <trkpt lat="44.13116" lon="5.1812">
        <ele>354</ele>
        <time>2022-03-17T17:29:26.792Z</time>
      </trkpt>
      <trkpt lat="44.1312" lon="5.1812">
        <ele>354</ele>
        <time>2022-03-17T17:29:27.791Z</time>
      </trkpt>
      <trkpt lat="44.13125" lon="5.1812">
        <ele>355</ele>
        <time>2022-03-17T17:29:28.792Z</time>
      </trkpt>
      <trkpt lat="44.13129" lon="5.1812">
        <ele>355</ele>
        <time>2022-03-17T17:29:29.791Z</time>
      </trkpt>
      <trkpt lat="44.13134" lon="5.1812">
        <ele>356</ele>
        <time>2022-03-17T17:29:30.792Z</time>
      </trkpt>
      <trkpt lat="44.13139" lon="5.1812">
        <ele>357</ele>
        <time>2022-03-17T17:29:31.792Z</time>
      </trkpt>
      <trkpt lat="44.13144" lon="5.18121">
        <ele>358</ele>
        <time>2022-03-17T17:29:32.792Z</time>
      </trkpt>
      <trkpt lat="44.13149" lon="5.18121">
        <ele>359</ele>
        <time>2022-03-17T17:29:33.792Z</time>
      </trkpt>
      <trkpt lat="44.13153" lon="5.18122">
        <ele>360</ele>
        <time>2022-03-17T17:29:34.792Z</time>
      </trkpt>
      <trkpt lat="44.13157" lon="5.18123">
        <ele>361</ele>
        <time>2022-03-17T17:29:35.792Z</time>
      </trkpt>
      <trkpt lat="44.13161" lon="5.18124">
        <ele>361</ele>
        <time>2022-03-17T17:29:36.791Z</time>
      </trkpt>
      <trkpt lat="44.13166" lon="5.18124">
        <ele>362</ele>
        <time>2022-03-17T17:29:37.791Z</time>
      </trkpt>
      <trkpt lat="44.1317" lon="5.18125">
        <ele>363</ele>
        <time>2022-03-17T17:29:38.792Z</time>
      </trkpt>
      <trkpt lat="44.13175" lon="5.18124">
        <ele>363</ele>
        <time>2022-03-17T17:29:39.792Z</time>
      </trkpt>
      <trkpt lat="44.1318" lon="5.18125">
        <ele>363</ele>
        <time>2022-03-17T17:29:40.792Z</time>
      </trkpt>
      <trkpt lat="44.13184" lon="5.18125">
        <ele>364</ele>
        <time>2022-03-17T17:29:41.792Z</time>
      </trkpt>
      <trkpt lat="44.13189" lon="5.18125">
        <ele>365</ele>
        <time>2022-03-17T17:29:42.792Z</time>
      </trkpt>
      <trkpt lat="44.13193" lon="5.18125">
        <ele>365</ele>
        <time>2022-03-17T17:29:43.791Z</time>
      </trkpt>
      <trkpt lat="44.13197" lon="5.18126">
        <ele>366</ele>
        <time>2022-03-17T17:29:44.792Z</time>
      </trkpt>
      <trkpt lat="44.13202" lon="5.18126">
        <ele>367</ele>
        <time>2022-03-17T17:29:45.791Z</time>
      </trkpt>
      <trkpt lat="44.13207" lon="5.18126">
        <ele>368</ele>
        <time>2022-03-17T17:29:46.792Z</time>
      </trkpt>
      <trkpt lat="44.13211" lon="5.18127">
        <ele>368</ele>
        <time>2022-03-17T17:29:47.792Z</time>
      </trkpt>
      <trkpt lat="44.13215" lon="5.18127">
        <ele>369</ele>
        <time>2022-03-17T17:29:48.792Z</time>
      </trkpt>
      <trkpt lat="44.13219" lon="5.18129">
        <ele>370</ele>
        <time>2022-03-17T17:29:49.792Z</time>
      </trkpt>
      <trkpt lat="44.13223" lon="5.18131">
        <ele>370</ele>
        <time>2022-03-17T17:29:50.791Z</time>
      </trkpt>
      <trkpt lat="44.13227" lon="5.18135">
        <ele>371</ele>
        <time>2022-03-17T17:29:51.792Z</time>
      </trkpt>
      <trkpt lat="44.13231" lon="5.18138">
        <ele>371</ele>
        <time>2022-03-17T17:29:52.791Z</time>
      </trkpt>
      <trkpt lat="44.13235" lon="5.18141">
        <ele>372</ele>
        <time>2022-03-17T17:29:53.792Z</time>
      </trkpt>
      <trkpt lat="44.1324" lon="5.18145">
        <ele>372</ele>
        <time>2022-03-17T17:29:54.792Z</time>
      </trkpt>
      <trkpt lat="44.13244" lon="5.18148">
        <ele>373</ele>
        <time>2022-03-17T17:29:55.792Z</time>
      </trkpt>
      <trkpt lat="44.13249" lon="5.1815">
        <ele>373</ele>
        <time>2022-03-17T17:29:56.792Z</time>
      </trkpt>
      <trkpt lat="44.13254" lon="5.18152">
        <ele>374</ele>
        <time>2022-03-17T17:29:57.792Z</time>
      </trkpt>
      <trkpt lat="44.13257" lon="5.18153">
        <ele>374</ele>
        <time>2022-03-17T17:29:58.791Z</time>
      </trkpt>
      <trkpt lat="44.13261" lon="5.18155">
        <ele>374</ele>
        <time>2022-03-17T17:29:59.791Z</time>
      </trkpt>
      <trkpt lat="44.13265" lon="5.18158">
        <ele>375</ele>
        <time>2022-03-17T17:30:00.791Z</time>
      </trkpt>
      <trkpt lat="44.13268" lon="5.18161">
        <ele>375</ele>
        <time>2022-03-17T17:30:01.791Z</time>
      </trkpt>
      <trkpt lat="44.1327" lon="5.18164">
        <ele>375</ele>
        <time>2022-03-17T17:30:02.791Z</time>
      </trkpt>
      <trkpt lat="44.13273" lon="5.18166">
        <ele>375</ele>
        <time>2022-03-17T17:30:03.791Z</time>
      </trkpt>
      <trkpt lat="44.13276" lon="5.18169">
        <ele>376</ele>
        <time>2022-03-17T17:30:04.791Z</time>
      </trkpt>
      <trkpt lat="44.13278" lon="5.18172">
        <ele>376</ele>
        <time>2022-03-17T17:30:05.792Z</time>
      </trkpt>
      <trkpt lat="44.13279" lon="5.18175">
        <ele>376</ele>
        <time>2022-03-17T17:30:06.792Z</time>
      </trkpt>
      <trkpt lat="44.1328" lon="5.18179">
        <ele>376</ele>
        <time>2022-03-17T17:30:07.791Z</time>
      </trkpt>
      <trkpt lat="44.13281" lon="5.18182">
        <ele>376</ele>
        <time>2022-03-17T17:30:08.791Z</time>
      </trkpt>
      <trkpt lat="44.13282" lon="5.18185">
        <ele>376</ele>
        <time>2022-03-17T17:30:09.791Z</time>
      </trkpt>
      <trkpt lat="44.13283" lon="5.18186">
        <ele>377</ele>
        <time>2022-03-17T17:30:10.791Z</time>
      </trkpt>
      <trkpt lat="44.13285" lon="5.18186">
        <ele>377</ele>
        <time>2022-03-17T17:30:11.791Z</time>
      </trkpt>
      <trkpt lat="44.13286" lon="5.18185">
        <ele>377</ele>
        <time>2022-03-17T17:30:12.791Z</time>
      </trkpt>
      <trkpt lat="44.13288" lon="5.18183">
        <ele>377</ele>
        <time>2022-03-17T17:30:13.791Z</time>
      </trkpt>
      <trkpt lat="44.13291" lon="5.1818">
        <ele>377</ele>
        <time>2022-03-17T17:30:14.792Z</time>
      </trkpt>
      <trkpt lat="44.13294" lon="5.18178">
        <ele>377</ele>
        <time>2022-03-17T17:30:15.792Z</time>
      </trkpt>
      <trkpt lat="44.13297" lon="5.18175">
        <ele>377</ele>
        <time>2022-03-17T17:30:16.791Z</time>
      </trkpt>
      <trkpt lat="44.13299" lon="5.18173">
        <ele>377</ele>
        <time>2022-03-17T17:30:17.791Z</time>
      </trkpt>
      <trkpt lat="44.13301" lon="5.18171">
        <ele>377</ele>
        <time>2022-03-17T17:30:18.791Z</time>
      </trkpt>
      <trkpt lat="44.13304" lon="5.18168">
        <ele>377</ele>
        <time>2022-03-17T17:30:19.792Z</time>
      </trkpt>
      <trkpt lat="44.13306" lon="5.18166">
        <ele>377</ele>
        <time>2022-03-17T17:30:20.792Z</time>
      </trkpt>
      <trkpt lat="44.13309" lon="5.18165">
        <ele>377</ele>
        <time>2022-03-17T17:30:21.791Z</time>
      </trkpt>
      <trkpt lat="44.13312" lon="5.18164">
        <ele>377</ele>
        <time>2022-03-17T17:30:22.792Z</time>
      </trkpt>
      <trkpt lat="44.13315" lon="5.18162">
        <ele>377</ele>
        <time>2022-03-17T17:30:23.792Z</time>
      </trkpt>
      <trkpt lat="44.13318" lon="5.18161">
        <ele>377</ele>
        <time>2022-03-17T17:30:24.792Z</time>
      </trkpt>
      <trkpt lat="44.13321" lon="5.18159">
        <ele>378</ele>
        <time>2022-03-17T17:30:25.791Z</time>
      </trkpt>
      <trkpt lat="44.13323" lon="5.18158">
        <ele>378</ele>
        <time>2022-03-17T17:30:26.792Z</time>
      </trkpt>
      <trkpt lat="44.13324" lon="5.18157">
        <ele>377</ele>
        <time>2022-03-17T17:30:27.792Z</time>
      </trkpt>
      <trkpt lat="44.13327" lon="5.18156">
        <ele>377</ele>
        <time>2022-03-17T17:30:28.792Z</time>
      </trkpt>
      <trkpt lat="44.1333" lon="5.18156">
        <ele>377</ele>
        <time>2022-03-17T17:30:29.791Z</time>
      </trkpt>
      <trkpt lat="44.13333" lon="5.18155">
        <ele>377</ele>
        <time>2022-03-17T17:30:30.792Z</time>
      </trkpt>
      <trkpt lat="44.13336" lon="5.18154">
        <ele>376</ele>
        <time>2022-03-17T17:30:31.791Z</time>
      </trkpt>
      <trkpt lat="44.13339" lon="5.18154">
        <ele>376</ele>
        <time>2022-03-17T17:30:32.791Z</time>
      </trkpt>
      <trkpt lat="44.1334" lon="5.18154">
        <ele>375</ele>
        <time>2022-03-17T17:30:33.791Z</time>
      </trkpt>
      <trkpt lat="44.13343" lon="5.18154">
        <ele>375</ele>
        <time>2022-03-17T17:30:34.792Z</time>
      </trkpt>
      <trkpt lat="44.13345" lon="5.18154">
        <ele>375</ele>
        <time>2022-03-17T17:30:35.792Z</time>
      </trkpt>
      <trkpt lat="44.13348" lon="5.18153">
        <ele>374</ele>
        <time>2022-03-17T17:30:36.792Z</time>
      </trkpt>
      <trkpt lat="44.13352" lon="5.18151">
        <ele>374</ele>
        <time>2022-03-17T17:30:37.791Z</time>
      </trkpt>
      <trkpt lat="44.13354" lon="5.18149">
        <ele>374</ele>
        <time>2022-03-17T17:30:38.791Z</time>
      </trkpt>
      <trkpt lat="44.13357" lon="5.18147">
        <ele>373</ele>
        <time>2022-03-17T17:30:39.792Z</time>
      </trkpt>
      <trkpt lat="44.1336" lon="5.18146">
        <ele>373</ele>
        <time>2022-03-17T17:30:40.791Z</time>
      </trkpt>
      <trkpt lat="44.13364" lon="5.18144">
        <ele>373</ele>
        <time>2022-03-17T17:30:41.792Z</time>
      </trkpt>
      <trkpt lat="44.13368" lon="5.18144">
        <ele>373</ele>
        <time>2022-03-17T17:30:42.792Z</time>
      </trkpt>
      <trkpt lat="44.13371" lon="5.18144">
        <ele>373</ele>
        <time>2022-03-17T17:30:43.792Z</time>
      </trkpt>
      <trkpt lat="44.13375" lon="5.18144">
        <ele>372</ele>
        <time>2022-03-17T17:30:44.792Z</time>
      </trkpt>
      <trkpt lat="44.1338" lon="5.18145">
        <ele>372</ele>
        <time>2022-03-17T17:30:45.792Z</time>
      </trkpt>
      <trkpt lat="44.13384" lon="5.18146">
        <ele>372</ele>
        <time>2022-03-17T17:30:46.791Z</time>
      </trkpt>
      <trkpt lat="44.13388" lon="5.18147">
        <ele>371</ele>
        <time>2022-03-17T17:30:47.792Z</time>
      </trkpt>
      <trkpt lat="44.13392" lon="5.18149">
        <ele>371</ele>
        <time>2022-03-17T17:30:48.791Z</time>
      </trkpt>
      <trkpt lat="44.13396" lon="5.18152">
        <ele>371</ele>
        <time>2022-03-17T17:30:49.792Z</time>
      </trkpt>
      <trkpt lat="44.134" lon="5.18153">
        <ele>370</ele>
        <time>2022-03-17T17:30:50.792Z</time>
      </trkpt>
      <trkpt lat="44.13405" lon="5.18154">
        <ele>370</ele>
        <time>2022-03-17T17:30:51.792Z</time>
      </trkpt>
      <trkpt lat="44.1341" lon="5.18153">
        <ele>370</ele>
        <time>2022-03-17T17:30:52.792Z</time>
      </trkpt>
      <trkpt lat="44.13415" lon="5.18153">
        <ele>370</ele>
        <time>2022-03-17T17:30:53.791Z</time>
      </trkpt>
      <trkpt lat="44.13421" lon="5.18152">
        <ele>370</ele>
        <time>2022-03-17T17:30:54.792Z</time>
      </trkpt>
      <trkpt lat="44.13427" lon="5.18154">
        <ele>369</ele>
        <time>2022-03-17T17:30:55.792Z</time>
      </trkpt>
      <trkpt lat="44.13432" lon="5.18156">
        <ele>369</ele>
        <time>2022-03-17T17:30:56.792Z</time>
      </trkpt>
      <trkpt lat="44.13435" lon="5.18158">
        <ele>369</ele>
        <time>2022-03-17T17:30:57.792Z</time>
      </trkpt>
      <trkpt lat="44.1344" lon="5.18161">
        <ele>369</ele>
        <time>2022-03-17T17:30:58.792Z</time>
      </trkpt>
      <trkpt lat="44.13445" lon="5.18166">
        <ele>368</ele>
        <time>2022-03-17T17:30:59.791Z</time>
      </trkpt>
      <trkpt lat="44.13449" lon="5.18169">
        <ele>368</ele>
        <time>2022-03-17T17:31:00.791Z</time>
      </trkpt>
      <trkpt lat="44.13454" lon="5.18173">
        <ele>368</ele>
        <time>2022-03-17T17:31:01.792Z</time>
      </trkpt>
      <trkpt lat="44.13458" lon="5.18177">
        <ele>368</ele>
        <time>2022-03-17T17:31:02.791Z</time>
      </trkpt>
      <trkpt lat="44.13464" lon="5.1818">
        <ele>367</ele>
        <time>2022-03-17T17:31:03.791Z</time>
      </trkpt>
      <trkpt lat="44.13469" lon="5.18184">
        <ele>367</ele>
        <time>2022-03-17T17:31:04.791Z</time>
      </trkpt>
      <trkpt lat="44.13474" lon="5.18187">
        <ele>367</ele>
        <time>2022-03-17T17:31:05.792Z</time>
      </trkpt>
      <trkpt lat="44.13477" lon="5.1819">
        <ele>367</ele>
        <time>2022-03-17T17:31:06.791Z</time>
      </trkpt>
      <trkpt lat="44.13481" lon="5.18193">
        <ele>367</ele>
        <time>2022-03-17T17:31:07.792Z</time>
      </trkpt>
      <trkpt lat="44.13485" lon="5.18195">
        <ele>367</ele>
        <time>2022-03-17T17:31:08.791Z</time>
      </trkpt>
      <trkpt lat="44.1349" lon="5.18198">
        <ele>367</ele>
        <time>2022-03-17T17:31:09.792Z</time>
      </trkpt>
      <trkpt lat="44.13494" lon="5.182">
        <ele>367</ele>
        <time>2022-03-17T17:31:10.792Z</time>
      </trkpt>
      <trkpt lat="44.13499" lon="5.18202">
        <ele>367</ele>
        <time>2022-03-17T17:31:11.792Z</time>
      </trkpt>
      <trkpt lat="44.13503" lon="5.18204">
        <ele>367</ele>
        <time>2022-03-17T17:31:12.791Z</time>
      </trkpt>
      <trkpt lat="44.13507" lon="5.18207">
        <ele>367</ele>
        <time>2022-03-17T17:31:13.792Z</time>
      </trkpt>
      <trkpt lat="44.13509" lon="5.18209">
        <ele>368</ele>
        <time>2022-03-17T17:31:14.791Z</time>
      </trkpt>
      <trkpt lat="44.13513" lon="5.18211">
        <ele>367</ele>
        <time>2022-03-17T17:31:15.791Z</time>
      </trkpt>
      <trkpt lat="44.13517" lon="5.18213">
        <ele>367</ele>
        <time>2022-03-17T17:31:16.792Z</time>
      </trkpt>
      <trkpt lat="44.13521" lon="5.18216">
        <ele>367</ele>
        <time>2022-03-17T17:31:17.792Z</time>
      </trkpt>
      <trkpt lat="44.13525" lon="5.18219">
        <ele>367</ele>
        <time>2022-03-17T17:31:18.792Z</time>
      </trkpt>
      <trkpt lat="44.13529" lon="5.18222">
        <ele>367</ele>
        <time>2022-03-17T17:31:19.791Z</time>
      </trkpt>
      <trkpt lat="44.13533" lon="5.18225">
        <ele>367</ele>
        <time>2022-03-17T17:31:20.792Z</time>
      </trkpt>
      <trkpt lat="44.13537" lon="5.18227">
        <ele>367</ele>
        <time>2022-03-17T17:31:21.791Z</time>
      </trkpt>
      <trkpt lat="44.13541" lon="5.18229">
        <ele>367</ele>
        <time>2022-03-17T17:31:22.792Z</time>
      </trkpt>
      <trkpt lat="44.13546" lon="5.18232">
        <ele>367</ele>
        <time>2022-03-17T17:31:23.791Z</time>
      </trkpt>
      <trkpt lat="44.1355" lon="5.18234">
        <ele>367</ele>
        <time>2022-03-17T17:31:24.792Z</time>
      </trkpt>
      <trkpt lat="44.13555" lon="5.18237">
        <ele>367</ele>
        <time>2022-03-17T17:31:25.792Z</time>
      </trkpt>
      <trkpt lat="44.13559" lon="5.1824">
        <ele>367</ele>
        <time>2022-03-17T17:31:26.792Z</time>
      </trkpt>
      <trkpt lat="44.13563" lon="5.18243">
        <ele>367</ele>
        <time>2022-03-17T17:31:27.791Z</time>
      </trkpt>
      <trkpt lat="44.13565" lon="5.18245">
        <ele>367</ele>
        <time>2022-03-17T17:31:28.792Z</time>
      </trkpt>
      <trkpt lat="44.13566" lon="5.18246">
        <ele>367</ele>
        <time>2022-03-17T17:31:29.791Z</time>
      </trkpt>
      <trkpt lat="44.13567" lon="5.18247">
        <ele>366</ele>
        <time>2022-03-17T17:31:30.791Z</time>
      </trkpt>
      <trkpt lat="44.13568" lon="5.18249">
        <ele>366</ele>
        <time>2022-03-17T17:31:31.791Z</time>
      </trkpt>
      <trkpt lat="44.13568" lon="5.1825">
        <ele>367</ele>
        <time>2022-03-17T17:31:32.791Z</time>
      </trkpt>
      <trkpt lat="44.13568" lon="5.18249">
        <ele>367</ele>
        <time>2022-03-17T17:31:35.791Z</time>
      </trkpt>
      <trkpt lat="44.13567" lon="5.18249">
        <ele>368</ele>
        <time>2022-03-17T17:31:36.792Z</time>
      </trkpt>
      <trkpt lat="44.13567" lon="5.1825">
        <ele>368</ele>
        <time>2022-03-17T17:31:37.791Z</time>
      </trkpt>
      <trkpt lat="44.13568" lon="5.1825">
        <ele>369</ele>
        <time>2022-03-17T17:31:39.791Z</time>
      </trkpt>
      <trkpt lat="44.13569" lon="5.1825">
        <ele>369</ele>
        <time>2022-03-17T17:31:42.791Z</time>
      </trkpt>
      <trkpt lat="44.1357" lon="5.18249">
        <ele>369</ele>
        <time>2022-03-17T17:31:44.791Z</time>
      </trkpt>
      <trkpt lat="44.1357" lon="5.1825">
        <ele>369</ele>
        <time>2022-03-17T17:31:45.792Z</time>
      </trkpt>
      <trkpt lat="44.13571" lon="5.1825">
        <ele>369</ele>
        <time>2022-03-17T17:31:47.791Z</time>
      </trkpt>
      <trkpt lat="44.13571" lon="5.18251">
        <ele>373</ele>
        <time>2022-03-17T17:32:11.792Z</time>
      </trkpt>
      <trkpt lat="44.13571" lon="5.18252">
        <ele>373</ele>
        <time>2022-03-17T17:32:30.792Z</time>
      </trkpt>
      <trkpt lat="44.13572" lon="5.18252">
        <ele>372</ele>
        <time>2022-03-17T17:32:33.791Z</time>
      </trkpt>
      <trkpt lat="44.13572" lon="5.18251">
        <ele>373</ele>
        <time>2022-03-17T17:32:42.791Z</time>
      </trkpt>
      <trkpt lat="44.13572" lon="5.1825">
        <ele>372</ele>
        <time>2022-03-17T17:33:01.791Z</time>
      </trkpt>
      <trkpt lat="44.13571" lon="5.1825">
        <ele>372</ele>
        <time>2022-03-17T17:33:06.791Z</time>
      </trkpt>
      <trkpt lat="44.13571" lon="5.18251">
        <ele>372</ele>
        <time>2022-03-17T17:33:07.791Z</time>
      </trkpt>
      <trkpt lat="44.13571" lon="5.18252">
        <ele>372</ele>
        <time>2022-03-17T17:33:23.791Z</time>
      </trkpt>
      <trkpt lat="44.1357" lon="5.18252">
        <ele>372</ele>
        <time>2022-03-17T17:33:42.792Z</time>
      </trkpt>
      <trkpt lat="44.13569" lon="5.18252">
        <ele>372</ele>
        <time>2022-03-17T17:33:44.792Z</time>
      </trkpt>
      <trkpt lat="44.13569" lon="5.18251">
        <ele>372</ele>
        <time>2022-03-17T17:34:03.791Z</time>
      </trkpt>
      <trkpt lat="44.1357" lon="5.18251">
        <ele>372</ele>
        <time>2022-03-17T17:34:23.792Z</time>
      </trkpt>
      <trkpt lat="44.1357" lon="5.18252">
        <ele>372</ele>
        <time>2022-03-17T17:34:27.792Z</time>
      </trkpt>
      <trkpt lat="44.13571" lon="5.18252">
        <ele>372</ele>
        <time>2022-03-17T17:34:29.792Z</time>
      </trkpt>
      <trkpt lat="44.13571" lon="5.18253">
        <ele>372</ele>
        <time>2022-03-17T17:34:34.792Z</time>
      </trkpt>
      <trkpt lat="44.13572" lon="5.18253">
        <ele>372</ele>
        <time>2022-03-17T17:34:40.792Z</time>
      </trkpt>
      <trkpt lat="44.13572" lon="5.18252">
        <ele>372</ele>
        <time>2022-03-17T17:34:59.792Z</time>
      </trkpt>
      <trkpt lat="44.13571" lon="5.18252">
        <ele>372</ele>
        <time>2022-03-17T17:35:02.792Z</time>
      </trkpt>
      <trkpt lat="44.13574" lon="5.18253">
        <ele>373</ele>
        <time>2022-03-17T17:37:06.792Z</time>
      </trkpt>
      <trkpt lat="44.13577" lon="5.18254">
        <ele>373</ele>
        <time>2022-03-17T17:37:07.792Z</time>
      </trkpt>
      <trkpt lat="44.13581" lon="5.18256">
        <ele>373</ele>
        <time>2022-03-17T17:37:08.791Z</time>
      </trkpt>
      <trkpt lat="44.13585" lon="5.18259">
        <ele>373</ele>
        <time>2022-03-17T17:37:09.792Z</time>
      </trkpt>
      <trkpt lat="44.13589" lon="5.18262">
        <ele>373</ele>
        <time>2022-03-17T17:37:10.792Z</time>
      </trkpt>
      <trkpt lat="44.13594" lon="5.18265">
        <ele>373</ele>
        <time>2022-03-17T17:37:11.792Z</time>
      </trkpt>
      <trkpt lat="44.13597" lon="5.18268">
        <ele>373</ele>
        <time>2022-03-17T17:37:12.792Z</time>
      </trkpt>
      <trkpt lat="44.13602" lon="5.18272">
        <ele>373</ele>
        <time>2022-03-17T17:37:13.791Z</time>
      </trkpt>
      <trkpt lat="44.13607" lon="5.18276">
        <ele>373</ele>
        <time>2022-03-17T17:37:14.792Z</time>
      </trkpt>
      <trkpt lat="44.13611" lon="5.18279">
        <ele>373</ele>
        <time>2022-03-17T17:37:15.792Z</time>
      </trkpt>
      <trkpt lat="44.13615" lon="5.18283">
        <ele>373</ele>
        <time>2022-03-17T17:37:16.792Z</time>
      </trkpt>
      <trkpt lat="44.1362" lon="5.18286">
        <ele>373</ele>
        <time>2022-03-17T17:37:17.791Z</time>
      </trkpt>
      <trkpt lat="44.13624" lon="5.18289">
        <ele>374</ele>
        <time>2022-03-17T17:37:18.792Z</time>
      </trkpt>
      <trkpt lat="44.13629" lon="5.18292">
        <ele>375</ele>
        <time>2022-03-17T17:37:19.792Z</time>
      </trkpt>
      <trkpt lat="44.13633" lon="5.18294">
        <ele>375</ele>
        <time>2022-03-17T17:37:20.792Z</time>
      </trkpt>
      <trkpt lat="44.13638" lon="5.18297">
        <ele>376</ele>
        <time>2022-03-17T17:37:21.792Z</time>
      </trkpt>
      <trkpt lat="44.13642" lon="5.183">
        <ele>376</ele>
        <time>2022-03-17T17:37:22.792Z</time>
      </trkpt>
      <trkpt lat="44.13646" lon="5.18303">
        <ele>376</ele>
        <time>2022-03-17T17:37:23.792Z</time>
      </trkpt>
      <trkpt lat="44.13651" lon="5.18305">
        <ele>376</ele>
        <time>2022-03-17T17:37:24.792Z</time>
      </trkpt>
      <trkpt lat="44.13655" lon="5.18308">
        <ele>376</ele>
        <time>2022-03-17T17:37:25.791Z</time>
      </trkpt>
      <trkpt lat="44.13659" lon="5.1831">
        <ele>377</ele>
        <time>2022-03-17T17:37:26.792Z</time>
      </trkpt>
      <trkpt lat="44.13663" lon="5.18312">
        <ele>377</ele>
        <time>2022-03-17T17:37:27.792Z</time>
      </trkpt>
      <trkpt lat="44.13667" lon="5.18315">
        <ele>377</ele>
        <time>2022-03-17T17:37:28.792Z</time>
      </trkpt>
      <trkpt lat="44.1367" lon="5.18317">
        <ele>376</ele>
        <time>2022-03-17T17:37:29.792Z</time>
      </trkpt>
      <trkpt lat="44.13675" lon="5.18321">
        <ele>376</ele>
        <time>2022-03-17T17:37:30.791Z</time>
      </trkpt>
      <trkpt lat="44.13679" lon="5.18324">
        <ele>376</ele>
        <time>2022-03-17T17:37:31.792Z</time>
      </trkpt>
      <trkpt lat="44.13684" lon="5.18327">
        <ele>376</ele>
        <time>2022-03-17T17:37:32.792Z</time>
      </trkpt>
      <trkpt lat="44.13688" lon="5.18329">
        <ele>376</ele>
        <time>2022-03-17T17:37:33.791Z</time>
      </trkpt>
      <trkpt lat="44.13692" lon="5.18331">
        <ele>376</ele>
        <time>2022-03-17T17:37:34.792Z</time>
      </trkpt>
      <trkpt lat="44.13696" lon="5.18334">
        <ele>376</ele>
        <time>2022-03-17T17:37:35.792Z</time>
      </trkpt>
      <trkpt lat="44.13701" lon="5.18337">
        <ele>377</ele>
        <time>2022-03-17T17:37:36.792Z</time>
      </trkpt>
      <trkpt lat="44.13706" lon="5.18341">
        <ele>377</ele>
        <time>2022-03-17T17:37:37.792Z</time>
      </trkpt>
      <trkpt lat="44.13711" lon="5.18344">
        <ele>377</ele>
        <time>2022-03-17T17:37:38.791Z</time>
      </trkpt>
      <trkpt lat="44.13715" lon="5.18347">
        <ele>377</ele>
        <time>2022-03-17T17:37:39.792Z</time>
      </trkpt>
      <trkpt lat="44.13719" lon="5.1835">
        <ele>378</ele>
        <time>2022-03-17T17:37:40.792Z</time>
      </trkpt>
      <trkpt lat="44.13723" lon="5.18354">
        <ele>378</ele>
        <time>2022-03-17T17:37:41.792Z</time>
      </trkpt>
      <trkpt lat="44.13727" lon="5.18358">
        <ele>378</ele>
        <time>2022-03-17T17:37:42.792Z</time>
      </trkpt>
      <trkpt lat="44.13731" lon="5.18361">
        <ele>378</ele>
        <time>2022-03-17T17:37:43.792Z</time>
      </trkpt>
      <trkpt lat="44.13734" lon="5.18363">
        <ele>378</ele>
        <time>2022-03-17T17:37:44.792Z</time>
      </trkpt>
      <trkpt lat="44.13739" lon="5.18368">
        <ele>379</ele>
        <time>2022-03-17T17:37:45.792Z</time>
      </trkpt>
      <trkpt lat="44.13744" lon="5.18372">
        <ele>379</ele>
        <time>2022-03-17T17:37:46.792Z</time>
      </trkpt>
      <trkpt lat="44.13748" lon="5.18376">
        <ele>379</ele>
        <time>2022-03-17T17:37:47.791Z</time>
      </trkpt>
      <trkpt lat="44.13752" lon="5.18379">
        <ele>380</ele>
        <time>2022-03-17T17:37:48.791Z</time>
      </trkpt>
      <trkpt lat="44.13756" lon="5.18382">
        <ele>380</ele>
        <time>2022-03-17T17:37:49.791Z</time>
      </trkpt>
      <trkpt lat="44.1376" lon="5.18386">
        <ele>380</ele>
        <time>2022-03-17T17:37:50.792Z</time>
      </trkpt>
      <trkpt lat="44.13765" lon="5.18389">
        <ele>380</ele>
        <time>2022-03-17T17:37:51.791Z</time>
      </trkpt>
      <trkpt lat="44.13768" lon="5.18392">
        <ele>380</ele>
        <time>2022-03-17T17:37:52.792Z</time>
      </trkpt>
      <trkpt lat="44.13773" lon="5.18397">
        <ele>380</ele>
        <time>2022-03-17T17:37:53.792Z</time>
      </trkpt>
      <trkpt lat="44.13777" lon="5.18401">
        <ele>381</ele>
        <time>2022-03-17T17:37:54.792Z</time>
      </trkpt>
      <trkpt lat="44.1378" lon="5.18406">
        <ele>381</ele>
        <time>2022-03-17T17:37:55.791Z</time>
      </trkpt>
      <trkpt lat="44.13784" lon="5.1841">
        <ele>382</ele>
        <time>2022-03-17T17:37:56.792Z</time>
      </trkpt>
      <trkpt lat="44.13787" lon="5.18414">
        <ele>382</ele>
        <time>2022-03-17T17:37:57.792Z</time>
      </trkpt>
      <trkpt lat="44.13789" lon="5.18418">
        <ele>383</ele>
        <time>2022-03-17T17:37:58.792Z</time>
      </trkpt>
      <trkpt lat="44.13791" lon="5.18422">
        <ele>383</ele>
        <time>2022-03-17T17:37:59.792Z</time>
      </trkpt>
      <trkpt lat="44.13792" lon="5.18425">
        <ele>384</ele>
        <time>2022-03-17T17:38:00.792Z</time>
      </trkpt>
      <trkpt lat="44.13793" lon="5.18427">
        <ele>384</ele>
        <time>2022-03-17T17:38:01.792Z</time>
      </trkpt>
      <trkpt lat="44.13793" lon="5.18428">
        <ele>384</ele>
        <time>2022-03-17T17:38:02.792Z</time>
      </trkpt>
      <trkpt lat="44.13793" lon="5.18429">
        <ele>385</ele>
        <time>2022-03-17T17:38:03.791Z</time>
      </trkpt>
      <trkpt lat="44.13793" lon="5.1843">
        <ele>385</ele>
        <time>2022-03-17T17:38:04.792Z</time>
      </trkpt>
      <trkpt lat="44.13801" lon="5.18432">
        <ele>406</ele>
        <time>2022-03-17T13:51:48.988Z</time>
      </trkpt>
      <trkpt lat="44.13807" lon="5.18433">
        <ele>405</ele>
        <time>2022-03-17T13:51:50.989Z</time>
      </trkpt>
      <trkpt lat="44.1381" lon="5.18433">
        <ele>405</ele>
        <time>2022-03-17T13:51:51.988Z</time>
      </trkpt>
      <trkpt lat="44.13813" lon="5.18434">
        <ele>405</ele>
        <time>2022-03-17T13:51:52.989Z</time>
      </trkpt>
      <trkpt lat="44.13816" lon="5.18434">
        <ele>405</ele>
        <time>2022-03-17T13:51:53.989Z</time>
      </trkpt>
      <trkpt lat="44.13818" lon="5.18434">
        <ele>405</ele>
        <time>2022-03-17T13:51:54.989Z</time>
      </trkpt>
      <trkpt lat="44.1382" lon="5.18434">
        <ele>406</ele>
        <time>2022-03-17T13:51:55.989Z</time>
      </trkpt>
      <trkpt lat="44.13821" lon="5.18434">
        <ele>406</ele>
        <time>2022-03-17T13:51:56.989Z</time>
      </trkpt>
      <trkpt lat="44.13823" lon="5.18434">
        <ele>406</ele>
        <time>2022-03-17T13:51:57.989Z</time>
      </trkpt>
      <trkpt lat="44.13824" lon="5.18434">
        <ele>406</ele>
        <time>2022-03-17T13:51:58.989Z</time>
      </trkpt>
      <trkpt lat="44.13827" lon="5.18434">
        <ele>406</ele>
        <time>2022-03-17T13:51:59.989Z</time>
      </trkpt>
      <trkpt lat="44.1385" lon="5.18435">
        <ele>412</ele>
        <time>2022-03-17T13:52:31.989Z</time>
      </trkpt>
      <trkpt lat="44.13867" lon="5.18445">
        <ele>413</ele>
        <time>2022-03-17T13:52:44.988Z</time>
      </trkpt>
      <trkpt lat="44.13869" lon="5.18446">
        <ele>413</ele>
        <time>2022-03-17T13:52:45.989Z</time>
      </trkpt>
      <trkpt lat="44.1387" lon="5.18447">
        <ele>413</ele>
        <time>2022-03-17T13:52:46.989Z</time>
      </trkpt>
      <trkpt lat="44.13873" lon="5.18448">
        <ele>413</ele>
        <time>2022-03-17T13:52:47.989Z</time>
      </trkpt>
      <trkpt lat="44.13874" lon="5.18449">
        <ele>413</ele>
        <time>2022-03-17T13:52:48.989Z</time>
      </trkpt>
      <trkpt lat="44.13875" lon="5.18449">
        <ele>413</ele>
        <time>2022-03-17T13:52:49.989Z</time>
      </trkpt>
      <trkpt lat="44.13876" lon="5.18449">
        <ele>412</ele>
        <time>2022-03-17T13:52:50.989Z</time>
      </trkpt>
      <trkpt lat="44.13877" lon="5.18449">
        <ele>412</ele>
        <time>2022-03-17T13:52:51.989Z</time>
      </trkpt>
      <trkpt lat="44.13878" lon="5.1845">
        <ele>412</ele>
        <time>2022-03-17T13:52:52.988Z</time>
      </trkpt>
      <trkpt lat="44.13879" lon="5.1845">
        <ele>412</ele>
        <time>2022-03-17T13:52:53.989Z</time>
      </trkpt>
      <trkpt lat="44.13881" lon="5.18451">
        <ele>412</ele>
        <time>2022-03-17T13:52:54.989Z</time>
      </trkpt>
      <trkpt lat="44.13882" lon="5.18451">
        <ele>412</ele>
        <time>2022-03-17T13:52:55.989Z</time>
      </trkpt>
      <trkpt lat="44.13884" lon="5.18452">
        <ele>412</ele>
        <time>2022-03-17T13:52:56.989Z</time>
      </trkpt>
      <trkpt lat="44.13885" lon="5.18452">
        <ele>412</ele>
        <time>2022-03-17T13:52:57.989Z</time>
      </trkpt>
      <trkpt lat="44.13887" lon="5.18453">
        <ele>412</ele>
        <time>2022-03-17T13:52:58.989Z</time>
      </trkpt>
      <trkpt lat="44.13888" lon="5.18454">
        <ele>412</ele>
        <time>2022-03-17T13:52:59.988Z</time>
      </trkpt>
      <trkpt lat="44.13889" lon="5.18455">
        <ele>412</ele>
        <time>2022-03-17T13:53:00.989Z</time>
      </trkpt>
      <trkpt lat="44.13891" lon="5.18456">
        <ele>412</ele>
        <time>2022-03-17T13:53:01.989Z</time>
      </trkpt>
      <trkpt lat="44.13892" lon="5.18456">
        <ele>411</ele>
        <time>2022-03-17T13:53:02.989Z</time>
      </trkpt>
      <trkpt lat="44.13893" lon="5.18457">
        <ele>411</ele>
        <time>2022-03-17T13:53:03.989Z</time>
      </trkpt>
      <trkpt lat="44.13895" lon="5.18458">
        <ele>411</ele>
        <time>2022-03-17T13:53:04.989Z</time>
      </trkpt>
      <trkpt lat="44.13897" lon="5.18459">
        <ele>411</ele>
        <time>2022-03-17T13:53:05.989Z</time>
      </trkpt>
      <trkpt lat="44.13898" lon="5.1846">
        <ele>411</ele>
        <time>2022-03-17T13:53:06.989Z</time>
      </trkpt>
      <trkpt lat="44.139" lon="5.18461">
        <ele>411</ele>
        <time>2022-03-17T13:53:07.988Z</time>
      </trkpt>
      <trkpt lat="44.13902" lon="5.18462">
        <ele>411</ele>
        <time>2022-03-17T13:53:08.989Z</time>
      </trkpt>
      <trkpt lat="44.13903" lon="5.18463">
        <ele>411</ele>
        <time>2022-03-17T13:53:09.989Z</time>
      </trkpt>
      <trkpt lat="44.13904" lon="5.18463">
        <ele>411</ele>
        <time>2022-03-17T13:53:10.989Z</time>
      </trkpt>
      <trkpt lat="44.13905" lon="5.18464">
        <ele>411</ele>
        <time>2022-03-17T13:53:11.988Z</time>
      </trkpt>
      <trkpt lat="44.13907" lon="5.18464">
        <ele>411</ele>
        <time>2022-03-17T13:53:12.989Z</time>
      </trkpt>
      <trkpt lat="44.13908" lon="5.18465">
        <ele>410</ele>
        <time>2022-03-17T13:53:13.989Z</time>
      </trkpt>
      <trkpt lat="44.1391" lon="5.18466">
        <ele>411</ele>
        <time>2022-03-17T13:53:14.988Z</time>
      </trkpt>
      <trkpt lat="44.13911" lon="5.18467">
        <ele>411</ele>
        <time>2022-03-17T13:53:15.989Z</time>
      </trkpt>
      <trkpt lat="44.13912" lon="5.18468">
        <ele>411</ele>
        <time>2022-03-17T13:53:16.989Z</time>
      </trkpt>
      <trkpt lat="44.13913" lon="5.18468">
        <ele>411</ele>
        <time>2022-03-17T13:53:17.988Z</time>
      </trkpt>
      <trkpt lat="44.13914" lon="5.18469">
        <ele>411</ele>
        <time>2022-03-17T13:53:18.989Z</time>
      </trkpt>
      <trkpt lat="44.13915" lon="5.1847">
        <ele>411</ele>
        <time>2022-03-17T13:53:19.989Z</time>
      </trkpt>
      <trkpt lat="44.13918" lon="5.18472">
        <ele>411</ele>
        <time>2022-03-17T13:53:20.988Z</time>
      </trkpt>
      <trkpt lat="44.13919" lon="5.18474">
        <ele>411</ele>
        <time>2022-03-17T13:53:21.989Z</time>
      </trkpt>
      <trkpt lat="44.1392" lon="5.18475">
        <ele>411</ele>
        <time>2022-03-17T13:53:22.988Z</time>
      </trkpt>
      <trkpt lat="44.13921" lon="5.18477">
        <ele>411</ele>
        <time>2022-03-17T13:53:23.988Z</time>
      </trkpt>
      <trkpt lat="44.13922" lon="5.18478">
        <ele>410</ele>
        <time>2022-03-17T13:53:24.989Z</time>
      </trkpt>
      <trkpt lat="44.13923" lon="5.1848">
        <ele>410</ele>
        <time>2022-03-17T13:53:25.989Z</time>
      </trkpt>
      <trkpt lat="44.13924" lon="5.18481">
        <ele>410</ele>
        <time>2022-03-17T13:53:26.988Z</time>
      </trkpt>
      <trkpt lat="44.13925" lon="5.18483">
        <ele>410</ele>
        <time>2022-03-17T13:53:27.989Z</time>
      </trkpt>
      <trkpt lat="44.13926" lon="5.18484">
        <ele>409</ele>
        <time>2022-03-17T13:53:28.989Z</time>
      </trkpt>
      <trkpt lat="44.13927" lon="5.18486">
        <ele>409</ele>
        <time>2022-03-17T13:53:29.989Z</time>
      </trkpt>
      <trkpt lat="44.13929" lon="5.18488">
        <ele>409</ele>
        <time>2022-03-17T13:53:30.989Z</time>
      </trkpt>
      <trkpt lat="44.1393" lon="5.18489">
        <ele>409</ele>
        <time>2022-03-17T13:53:31.989Z</time>
      </trkpt>
      <trkpt lat="44.13931" lon="5.18491">
        <ele>409</ele>
        <time>2022-03-17T13:53:32.989Z</time>
      </trkpt>
      <trkpt lat="44.13932" lon="5.18492">
        <ele>409</ele>
        <time>2022-03-17T13:53:33.989Z</time>
      </trkpt>
      <trkpt lat="44.13933" lon="5.18494">
        <ele>409</ele>
        <time>2022-03-17T13:53:34.989Z</time>
      </trkpt>
      <trkpt lat="44.13934" lon="5.18495">
        <ele>409</ele>
        <time>2022-03-17T13:53:35.989Z</time>
      </trkpt>
      <trkpt lat="44.13935" lon="5.18497">
        <ele>409</ele>
        <time>2022-03-17T13:53:36.989Z</time>
      </trkpt>
      <trkpt lat="44.13936" lon="5.18498">
        <ele>409</ele>
        <time>2022-03-17T13:53:37.989Z</time>
      </trkpt>
      <trkpt lat="44.13937" lon="5.18499">
        <ele>409</ele>
        <time>2022-03-17T13:53:38.989Z</time>
      </trkpt>
      <trkpt lat="44.13938" lon="5.18501">
        <ele>409</ele>
        <time>2022-03-17T13:53:39.989Z</time>
      </trkpt>
      <trkpt lat="44.13939" lon="5.18502">
        <ele>409</ele>
        <time>2022-03-17T13:53:40.989Z</time>
      </trkpt>
      <trkpt lat="44.1394" lon="5.18504">
        <ele>409</ele>
        <time>2022-03-17T13:53:41.989Z</time>
      </trkpt>
      <trkpt lat="44.13942" lon="5.18505">
        <ele>408</ele>
        <time>2022-03-17T13:53:42.988Z</time>
      </trkpt>
      <trkpt lat="44.13942" lon="5.18506">
        <ele>408</ele>
        <time>2022-03-17T13:53:43.988Z</time>
      </trkpt>
      <trkpt lat="44.13944" lon="5.18508">
        <ele>408</ele>
        <time>2022-03-17T13:53:44.988Z</time>
      </trkpt>
      <trkpt lat="44.13944" lon="5.1851">
        <ele>408</ele>
        <time>2022-03-17T13:53:45.988Z</time>
      </trkpt>
      <trkpt lat="44.13945" lon="5.1851">
        <ele>407</ele>
        <time>2022-03-17T13:53:46.989Z</time>
      </trkpt>
      <trkpt lat="44.13946" lon="5.18511">
        <ele>407</ele>
        <time>2022-03-17T13:53:47.988Z</time>
      </trkpt>
      <trkpt lat="44.13947" lon="5.18513">
        <ele>407</ele>
        <time>2022-03-17T13:53:48.989Z</time>
      </trkpt>
      <trkpt lat="44.13948" lon="5.18514">
        <ele>407</ele>
        <time>2022-03-17T13:53:49.989Z</time>
      </trkpt>
      <trkpt lat="44.13949" lon="5.18515">
        <ele>407</ele>
        <time>2022-03-17T13:53:50.988Z</time>
      </trkpt>
      <trkpt lat="44.1395" lon="5.18517">
        <ele>407</ele>
        <time>2022-03-17T13:53:51.989Z</time>
      </trkpt>
      <trkpt lat="44.1395" lon="5.18518">
        <ele>407</ele>
        <time>2022-03-17T13:53:52.989Z</time>
      </trkpt>
      <trkpt lat="44.13951" lon="5.18519">
        <ele>407</ele>
        <time>2022-03-17T13:53:53.988Z</time>
      </trkpt>
      <trkpt lat="44.13952" lon="5.18521">
        <ele>407</ele>
        <time>2022-03-17T13:53:54.989Z</time>
      </trkpt>
      <trkpt lat="44.13953" lon="5.18523">
        <ele>407</ele>
        <time>2022-03-17T13:53:55.989Z</time>
      </trkpt>
      <trkpt lat="44.13954" lon="5.18524">
        <ele>407</ele>
        <time>2022-03-17T13:53:56.989Z</time>
      </trkpt>
      <trkpt lat="44.13955" lon="5.18525">
        <ele>407</ele>
        <time>2022-03-17T13:53:57.989Z</time>
      </trkpt>
      <trkpt lat="44.13956" lon="5.18527">
        <ele>407</ele>
        <time>2022-03-17T13:53:58.989Z</time>
      </trkpt>
      <trkpt lat="44.13956" lon="5.18529">
        <ele>407</ele>
        <time>2022-03-17T13:53:59.988Z</time>
      </trkpt>
      <trkpt lat="44.13956" lon="5.1853">
        <ele>407</ele>
        <time>2022-03-17T13:54:00.989Z</time>
      </trkpt>
      <trkpt lat="44.13956" lon="5.18531">
        <ele>408</ele>
        <time>2022-03-17T13:54:01.989Z</time>
      </trkpt>
      <trkpt lat="44.13956" lon="5.18532">
        <ele>408</ele>
        <time>2022-03-17T13:54:02.988Z</time>
      </trkpt>
      <trkpt lat="44.13957" lon="5.18533">
        <ele>408</ele>
        <time>2022-03-17T13:54:03.989Z</time>
      </trkpt>
      <trkpt lat="44.13958" lon="5.18535">
        <ele>409</ele>
        <time>2022-03-17T13:54:04.989Z</time>
      </trkpt>
      <trkpt lat="44.13959" lon="5.18536">
        <ele>409</ele>
        <time>2022-03-17T13:54:05.988Z</time>
      </trkpt>
      <trkpt lat="44.1396" lon="5.18537">
        <ele>409</ele>
        <time>2022-03-17T13:54:06.989Z</time>
      </trkpt>
      <trkpt lat="44.1396" lon="5.18539">
        <ele>409</ele>
        <time>2022-03-17T13:54:07.989Z</time>
      </trkpt>
      <trkpt lat="44.13961" lon="5.1854">
        <ele>410</ele>
        <time>2022-03-17T13:54:08.988Z</time>
      </trkpt>
      <trkpt lat="44.13962" lon="5.18542">
        <ele>410</ele>
        <time>2022-03-17T13:54:09.989Z</time>
      </trkpt>
      <trkpt lat="44.13962" lon="5.18544">
        <ele>410</ele>
        <time>2022-03-17T13:54:10.989Z</time>
      </trkpt>
      <trkpt lat="44.13962" lon="5.18545">
        <ele>411</ele>
        <time>2022-03-17T13:54:11.988Z</time>
      </trkpt>
      <trkpt lat="44.13963" lon="5.18547">
        <ele>411</ele>
        <time>2022-03-17T13:54:12.989Z</time>
      </trkpt>
      <trkpt lat="44.13963" lon="5.18548">
        <ele>411</ele>
        <time>2022-03-17T13:54:13.989Z</time>
      </trkpt>
      <trkpt lat="44.13964" lon="5.1855">
        <ele>412</ele>
        <time>2022-03-17T13:54:14.988Z</time>
      </trkpt>
      <trkpt lat="44.13965" lon="5.18551">
        <ele>412</ele>
        <time>2022-03-17T13:54:15.989Z</time>
      </trkpt>
      <trkpt lat="44.13967" lon="5.18553">
        <ele>412</ele>
        <time>2022-03-17T13:54:16.989Z</time>
      </trkpt>
      <trkpt lat="44.13968" lon="5.18555">
        <ele>412</ele>
        <time>2022-03-17T13:54:17.988Z</time>
      </trkpt>
      <trkpt lat="44.13969" lon="5.18556">
        <ele>412</ele>
        <time>2022-03-17T13:54:18.989Z</time>
      </trkpt>
      <trkpt lat="44.1397" lon="5.18558">
        <ele>413</ele>
        <time>2022-03-17T13:54:19.989Z</time>
      </trkpt>
      <trkpt lat="44.13971" lon="5.18559">
        <ele>413</ele>
        <time>2022-03-17T13:54:20.988Z</time>
      </trkpt>
      <trkpt lat="44.13972" lon="5.1856">
        <ele>413</ele>
        <time>2022-03-17T13:54:21.989Z</time>
      </trkpt>
      <trkpt lat="44.13973" lon="5.18562">
        <ele>413</ele>
        <time>2022-03-17T13:54:22.989Z</time>
      </trkpt>
      <trkpt lat="44.14008" lon="5.18587">
        <ele>424</ele>
        <time>2022-03-17T13:57:15.989Z</time>
      </trkpt>
      <trkpt lat="44.14009" lon="5.18588">
        <ele>424</ele>
        <time>2022-03-17T13:57:16.988Z</time>
      </trkpt>
      <trkpt lat="44.1401" lon="5.18589">
        <ele>424</ele>
        <time>2022-03-17T13:57:17.989Z</time>
      </trkpt>
      <trkpt lat="44.14011" lon="5.1859">
        <ele>425</ele>
        <time>2022-03-17T13:57:18.989Z</time>
      </trkpt>
      <trkpt lat="44.14012" lon="5.18591">
        <ele>425</ele>
        <time>2022-03-17T13:57:19.989Z</time>
      </trkpt>
      <trkpt lat="44.14013" lon="5.18592">
        <ele>425</ele>
        <time>2022-03-17T13:57:20.988Z</time>
      </trkpt>
      <trkpt lat="44.14015" lon="5.18593">
        <ele>425</ele>
        <time>2022-03-17T13:57:21.989Z</time>
      </trkpt>
      <trkpt lat="44.14016" lon="5.18594">
        <ele>425</ele>
        <time>2022-03-17T13:57:22.988Z</time>
      </trkpt>
      <trkpt lat="44.14017" lon="5.18595">
        <ele>425</ele>
        <time>2022-03-17T13:57:23.989Z</time>
      </trkpt>
      <trkpt lat="44.14018" lon="5.18596">
        <ele>425</ele>
        <time>2022-03-17T13:57:24.989Z</time>
      </trkpt>
      <trkpt lat="44.1402" lon="5.18598">
        <ele>425</ele>
        <time>2022-03-17T13:57:25.989Z</time>
      </trkpt>
      <trkpt lat="44.14021" lon="5.18599">
        <ele>426</ele>
        <time>2022-03-17T13:57:26.989Z</time>
      </trkpt>
      <trkpt lat="44.14023" lon="5.18601">
        <ele>426</ele>
        <time>2022-03-17T13:57:27.989Z</time>
      </trkpt>
      <trkpt lat="44.14024" lon="5.18603">
        <ele>426</ele>
        <time>2022-03-17T13:57:28.989Z</time>
      </trkpt>
      <trkpt lat="44.14026" lon="5.18605">
        <ele>426</ele>
        <time>2022-03-17T13:57:29.988Z</time>
      </trkpt>
      <trkpt lat="44.14027" lon="5.18606">
        <ele>426</ele>
        <time>2022-03-17T13:57:30.989Z</time>
      </trkpt>
      <trkpt lat="44.14028" lon="5.18607">
        <ele>426</ele>
        <time>2022-03-17T13:57:31.989Z</time>
      </trkpt>
      <trkpt lat="44.14029" lon="5.18608">
        <ele>426</ele>
        <time>2022-03-17T13:57:32.989Z</time>
      </trkpt>
      <trkpt lat="44.14031" lon="5.18609">
        <ele>426</ele>
        <time>2022-03-17T13:57:33.988Z</time>
      </trkpt>
      <trkpt lat="44.14032" lon="5.1861">
        <ele>427</ele>
        <time>2022-03-17T13:57:34.989Z</time>
      </trkpt>
      <trkpt lat="44.14033" lon="5.18611">
        <ele>427</ele>
        <time>2022-03-17T13:57:35.989Z</time>
      </trkpt>
      <trkpt lat="44.14035" lon="5.18612">
        <ele>427</ele>
        <time>2022-03-17T13:57:36.989Z</time>
      </trkpt>
      <trkpt lat="44.14036" lon="5.18613">
        <ele>428</ele>
        <time>2022-03-17T13:57:37.989Z</time>
      </trkpt>
      <trkpt lat="44.14037" lon="5.18614">
        <ele>428</ele>
        <time>2022-03-17T13:57:38.989Z</time>
      </trkpt>
      <trkpt lat="44.14038" lon="5.18615">
        <ele>428</ele>
        <time>2022-03-17T13:57:39.989Z</time>
      </trkpt>
      <trkpt lat="44.14039" lon="5.18616">
        <ele>429</ele>
        <time>2022-03-17T13:57:41.988Z</time>
      </trkpt>
      <trkpt lat="44.1404" lon="5.18617">
        <ele>429</ele>
        <time>2022-03-17T13:57:42.989Z</time>
      </trkpt>
      <trkpt lat="44.14042" lon="5.18618">
        <ele>430</ele>
        <time>2022-03-17T13:57:43.989Z</time>
      </trkpt>
      <trkpt lat="44.14043" lon="5.18619">
        <ele>430</ele>
        <time>2022-03-17T13:57:44.989Z</time>
      </trkpt>
      <trkpt lat="44.14044" lon="5.18621">
        <ele>430</ele>
        <time>2022-03-17T13:57:45.989Z</time>
      </trkpt>
      <trkpt lat="44.14045" lon="5.18622">
        <ele>430</ele>
        <time>2022-03-17T13:57:46.989Z</time>
      </trkpt>
      <trkpt lat="44.14046" lon="5.18623">
        <ele>430</ele>
        <time>2022-03-17T13:57:47.989Z</time>
      </trkpt>
      <trkpt lat="44.14048" lon="5.18624">
        <ele>430</ele>
        <time>2022-03-17T13:57:48.989Z</time>
      </trkpt>
      <trkpt lat="44.14049" lon="5.18625">
        <ele>431</ele>
        <time>2022-03-17T13:57:49.989Z</time>
      </trkpt>
      <trkpt lat="44.1405" lon="5.18626">
        <ele>431</ele>
        <time>2022-03-17T13:57:50.989Z</time>
      </trkpt>
      <trkpt lat="44.14051" lon="5.18627">
        <ele>431</ele>
        <time>2022-03-17T13:57:51.989Z</time>
      </trkpt>
      <trkpt lat="44.14052" lon="5.18628">
        <ele>431</ele>
        <time>2022-03-17T13:57:52.988Z</time>
      </trkpt>
      <trkpt lat="44.14053" lon="5.18628">
        <ele>431</ele>
        <time>2022-03-17T13:57:53.989Z</time>
      </trkpt>
      <trkpt lat="44.14054" lon="5.18628">
        <ele>431</ele>
        <time>2022-03-17T13:57:54.988Z</time>
      </trkpt>
      <trkpt lat="44.14055" lon="5.18629">
        <ele>432</ele>
        <time>2022-03-17T13:57:55.989Z</time>
      </trkpt>
      <trkpt lat="44.14056" lon="5.18629">
        <ele>432</ele>
        <time>2022-03-17T13:57:56.989Z</time>
      </trkpt>
      <trkpt lat="44.14057" lon="5.1863">
        <ele>432</ele>
        <time>2022-03-17T13:57:57.989Z</time>
      </trkpt>
      <trkpt lat="44.14059" lon="5.18631">
        <ele>432</ele>
        <time>2022-03-17T13:57:58.989Z</time>
      </trkpt>
      <trkpt lat="44.1406" lon="5.18632">
        <ele>433</ele>
        <time>2022-03-17T13:57:59.989Z</time>
      </trkpt>
      <trkpt lat="44.14062" lon="5.18633">
        <ele>433</ele>
        <time>2022-03-17T13:58:00.989Z</time>
      </trkpt>
      <trkpt lat="44.14063" lon="5.18634">
        <ele>433</ele>
        <time>2022-03-17T13:58:01.989Z</time>
      </trkpt>
      <trkpt lat="44.14064" lon="5.18634">
        <ele>433</ele>
        <time>2022-03-17T13:58:02.989Z</time>
      </trkpt>
      <trkpt lat="44.14065" lon="5.18635">
        <ele>433</ele>
        <time>2022-03-17T13:58:03.989Z</time>
      </trkpt>
      <trkpt lat="44.14067" lon="5.18636">
        <ele>434</ele>
        <time>2022-03-17T13:58:04.989Z</time>
      </trkpt>
      <trkpt lat="44.14068" lon="5.18637">
        <ele>434</ele>
        <time>2022-03-17T13:58:05.989Z</time>
      </trkpt>
      <trkpt lat="44.14069" lon="5.18638">
        <ele>435</ele>
        <time>2022-03-17T13:58:06.989Z</time>
      </trkpt>
      <trkpt lat="44.14071" lon="5.18639">
        <ele>435</ele>
        <time>2022-03-17T13:58:07.989Z</time>
      </trkpt>
      <trkpt lat="44.14072" lon="5.1864">
        <ele>435</ele>
        <time>2022-03-17T13:58:08.989Z</time>
      </trkpt>
      <trkpt lat="44.14074" lon="5.18642">
        <ele>436</ele>
        <time>2022-03-17T13:58:09.988Z</time>
      </trkpt>
      <trkpt lat="44.14076" lon="5.18643">
        <ele>436</ele>
        <time>2022-03-17T13:58:10.988Z</time>
      </trkpt>
      <trkpt lat="44.14077" lon="5.18643">
        <ele>436</ele>
        <time>2022-03-17T13:58:11.988Z</time>
      </trkpt>
      <trkpt lat="44.14079" lon="5.18644">
        <ele>436</ele>
        <time>2022-03-17T13:58:12.988Z</time>
      </trkpt>
      <trkpt lat="44.1408" lon="5.18645">
        <ele>436</ele>
        <time>2022-03-17T13:58:13.989Z</time>
      </trkpt>
      <trkpt lat="44.14081" lon="5.18647">
        <ele>436</ele>
        <time>2022-03-17T13:58:14.988Z</time>
      </trkpt>
      <trkpt lat="44.14082" lon="5.18648">
        <ele>435</ele>
        <time>2022-03-17T13:58:15.989Z</time>
      </trkpt>
      <trkpt lat="44.14083" lon="5.18648">
        <ele>435</ele>
        <time>2022-03-17T13:58:16.989Z</time>
      </trkpt>
      <trkpt lat="44.14084" lon="5.18649">
        <ele>435</ele>
        <time>2022-03-17T13:58:17.989Z</time>
      </trkpt>
      <trkpt lat="44.14086" lon="5.1865">
        <ele>435</ele>
        <time>2022-03-17T13:58:18.988Z</time>
      </trkpt>
      <trkpt lat="44.14086" lon="5.18651">
        <ele>435</ele>
        <time>2022-03-17T13:58:19.989Z</time>
      </trkpt>
      <trkpt lat="44.14087" lon="5.18652">
        <ele>435</ele>
        <time>2022-03-17T13:58:20.989Z</time>
      </trkpt>
      <trkpt lat="44.14088" lon="5.18653">
        <ele>435</ele>
        <time>2022-03-17T13:58:21.989Z</time>
      </trkpt>
      <trkpt lat="44.14089" lon="5.18654">
        <ele>435</ele>
        <time>2022-03-17T13:58:22.988Z</time>
      </trkpt>
      <trkpt lat="44.1409" lon="5.18655">
        <ele>435</ele>
        <time>2022-03-17T13:58:23.989Z</time>
      </trkpt>
      <trkpt lat="44.14091" lon="5.18655">
        <ele>435</ele>
        <time>2022-03-17T13:58:24.989Z</time>
      </trkpt>
      <trkpt lat="44.14093" lon="5.18656">
        <ele>435</ele>
        <time>2022-03-17T13:58:25.988Z</time>
      </trkpt>
      <trkpt lat="44.14094" lon="5.18657">
        <ele>435</ele>
        <time>2022-03-17T13:58:26.989Z</time>
      </trkpt>
      <trkpt lat="44.14112" lon="5.18678">
        <ele>428</ele>
        <time>2022-03-17T14:00:33.989Z</time>
      </trkpt>
      <trkpt lat="44.14121" lon="5.18694">
        <ele>425</ele>
        <time>2022-03-17T14:02:04.988Z</time>
      </trkpt>
      <trkpt lat="44.14122" lon="5.18696">
        <ele>424</ele>
        <time>2022-03-17T14:02:05.988Z</time>
      </trkpt>
      <trkpt lat="44.14123" lon="5.18698">
        <ele>423</ele>
        <time>2022-03-17T14:02:06.989Z</time>
      </trkpt>
      <trkpt lat="44.14123" lon="5.187">
        <ele>423</ele>
        <time>2022-03-17T14:02:07.988Z</time>
      </trkpt>
      <trkpt lat="44.14124" lon="5.18702">
        <ele>422</ele>
        <time>2022-03-17T14:02:08.988Z</time>
      </trkpt>
      <trkpt lat="44.14125" lon="5.18704">
        <ele>422</ele>
        <time>2022-03-17T14:02:09.989Z</time>
      </trkpt>
      <trkpt lat="44.14126" lon="5.18706">
        <ele>421</ele>
        <time>2022-03-17T14:02:10.989Z</time>
      </trkpt>
      <trkpt lat="44.14127" lon="5.18708">
        <ele>421</ele>
        <time>2022-03-17T14:02:11.988Z</time>
      </trkpt>
      <trkpt lat="44.14128" lon="5.18711">
        <ele>420</ele>
        <time>2022-03-17T14:02:12.989Z</time>
      </trkpt>
      <trkpt lat="44.14129" lon="5.18713">
        <ele>419</ele>
        <time>2022-03-17T14:02:13.989Z</time>
      </trkpt>
      <trkpt lat="44.1413" lon="5.18715">
        <ele>419</ele>
        <time>2022-03-17T14:02:14.989Z</time>
      </trkpt>
      <trkpt lat="44.1413" lon="5.18718">
        <ele>418</ele>
        <time>2022-03-17T14:02:15.989Z</time>
      </trkpt>
      <trkpt lat="44.14131" lon="5.1872">
        <ele>417</ele>
        <time>2022-03-17T14:02:16.989Z</time>
      </trkpt>
      <trkpt lat="44.14131" lon="5.18721">
        <ele>417</ele>
        <time>2022-03-17T14:02:17.988Z</time>
      </trkpt>
      <trkpt lat="44.14131" lon="5.18723">
        <ele>416</ele>
        <time>2022-03-17T14:02:18.989Z</time>
      </trkpt>
      <trkpt lat="44.14132" lon="5.18725">
        <ele>416</ele>
        <time>2022-03-17T14:02:19.989Z</time>
      </trkpt>
      <trkpt lat="44.14132" lon="5.18727">
        <ele>415</ele>
        <time>2022-03-17T14:02:20.988Z</time>
      </trkpt>
      <trkpt lat="44.14133" lon="5.18729">
        <ele>415</ele>
        <time>2022-03-17T14:02:21.988Z</time>
      </trkpt>
      <trkpt lat="44.14134" lon="5.18731">
        <ele>414</ele>
        <time>2022-03-17T14:02:22.989Z</time>
      </trkpt>
      <trkpt lat="44.14135" lon="5.18733">
        <ele>413</ele>
        <time>2022-03-17T14:02:23.989Z</time>
      </trkpt>
      <trkpt lat="44.14135" lon="5.18736">
        <ele>413</ele>
        <time>2022-03-17T14:02:24.989Z</time>
      </trkpt>
      <trkpt lat="44.14137" lon="5.18738">
        <ele>413</ele>
        <time>2022-03-17T14:02:25.989Z</time>
      </trkpt>
      <trkpt lat="44.14138" lon="5.1874">
        <ele>413</ele>
        <time>2022-03-17T14:02:26.989Z</time>
      </trkpt>
      <trkpt lat="44.14138" lon="5.18742">
        <ele>413</ele>
        <time>2022-03-17T14:02:27.988Z</time>
      </trkpt>
      <trkpt lat="44.14138" lon="5.18744">
        <ele>413</ele>
        <time>2022-03-17T14:02:28.989Z</time>
      </trkpt>
      <trkpt lat="44.14138" lon="5.18747">
        <ele>412</ele>
        <time>2022-03-17T14:02:29.989Z</time>
      </trkpt>
      <trkpt lat="44.14139" lon="5.18748">
        <ele>412</ele>
        <time>2022-03-17T14:02:30.989Z</time>
      </trkpt>
      <trkpt lat="44.1414" lon="5.1875">
        <ele>412</ele>
        <time>2022-03-17T14:02:31.989Z</time>
      </trkpt>
      <trkpt lat="44.1414" lon="5.18752">
        <ele>412</ele>
        <time>2022-03-17T14:02:32.989Z</time>
      </trkpt>
      <trkpt lat="44.14141" lon="5.18755">
        <ele>411</ele>
        <time>2022-03-17T14:02:33.988Z</time>
      </trkpt>
      <trkpt lat="44.14142" lon="5.18757">
        <ele>411</ele>
        <time>2022-03-17T14:02:34.989Z</time>
      </trkpt>
      <trkpt lat="44.14143" lon="5.18759">
        <ele>410</ele>
        <time>2022-03-17T14:02:35.989Z</time>
      </trkpt>
      <trkpt lat="44.14144" lon="5.18762">
        <ele>410</ele>
        <time>2022-03-17T14:02:36.989Z</time>
      </trkpt>
      <trkpt lat="44.14145" lon="5.18764">
        <ele>409</ele>
        <time>2022-03-17T14:02:37.989Z</time>
      </trkpt>
      <trkpt lat="44.14145" lon="5.18766">
        <ele>409</ele>
        <time>2022-03-17T14:02:38.989Z</time>
      </trkpt>
      <trkpt lat="44.14146" lon="5.18768">
        <ele>409</ele>
        <time>2022-03-17T14:02:39.988Z</time>
      </trkpt>
      <trkpt lat="44.14147" lon="5.18769">
        <ele>410</ele>
        <time>2022-03-17T14:02:40.989Z</time>
      </trkpt>
      <trkpt lat="44.14148" lon="5.18772">
        <ele>410</ele>
        <time>2022-03-17T14:02:41.989Z</time>
      </trkpt>
      <trkpt lat="44.14149" lon="5.18773">
        <ele>410</ele>
        <time>2022-03-17T14:02:42.989Z</time>
      </trkpt>
      <trkpt lat="44.14149" lon="5.18775">
        <ele>410</ele>
        <time>2022-03-17T14:02:43.989Z</time>
      </trkpt>
      <trkpt lat="44.1415" lon="5.18777">
        <ele>410</ele>
        <time>2022-03-17T14:02:44.989Z</time>
      </trkpt>
      <trkpt lat="44.1415" lon="5.1878">
        <ele>409</ele>
        <time>2022-03-17T14:02:45.988Z</time>
      </trkpt>
      <trkpt lat="44.14151" lon="5.18782">
        <ele>409</ele>
        <time>2022-03-17T14:02:46.988Z</time>
      </trkpt>
      <trkpt lat="44.14152" lon="5.18784">
        <ele>409</ele>
        <time>2022-03-17T14:02:47.989Z</time>
      </trkpt>
      <trkpt lat="44.14153" lon="5.18787">
        <ele>409</ele>
        <time>2022-03-17T14:02:48.989Z</time>
      </trkpt>
      <trkpt lat="44.14153" lon="5.18789">
        <ele>409</ele>
        <time>2022-03-17T14:02:49.989Z</time>
      </trkpt>
      <trkpt lat="44.14154" lon="5.18791">
        <ele>409</ele>
        <time>2022-03-17T14:02:50.989Z</time>
      </trkpt>
      <trkpt lat="44.14155" lon="5.18793">
        <ele>409</ele>
        <time>2022-03-17T14:02:51.989Z</time>
      </trkpt>
      <trkpt lat="44.14156" lon="5.18795">
        <ele>410</ele>
        <time>2022-03-17T14:02:52.989Z</time>
      </trkpt>
      <trkpt lat="44.14157" lon="5.18797">
        <ele>410</ele>
        <time>2022-03-17T14:02:53.989Z</time>
      </trkpt>
      <trkpt lat="44.14158" lon="5.18799">
        <ele>410</ele>
        <time>2022-03-17T14:02:54.988Z</time>
      </trkpt>
      <trkpt lat="44.14158" lon="5.18801">
        <ele>410</ele>
        <time>2022-03-17T14:02:55.989Z</time>
      </trkpt>
      <trkpt lat="44.14159" lon="5.18803">
        <ele>410</ele>
        <time>2022-03-17T14:02:56.989Z</time>
      </trkpt>
      <trkpt lat="44.1416" lon="5.18805">
        <ele>409</ele>
        <time>2022-03-17T14:02:57.988Z</time>
      </trkpt>
      <trkpt lat="44.14161" lon="5.18808">
        <ele>409</ele>
        <time>2022-03-17T14:02:58.989Z</time>
      </trkpt>
      <trkpt lat="44.14162" lon="5.1881">
        <ele>408</ele>
        <time>2022-03-17T14:02:59.989Z</time>
      </trkpt>
      <trkpt lat="44.14163" lon="5.18812">
        <ele>408</ele>
        <time>2022-03-17T14:03:00.989Z</time>
      </trkpt>
      <trkpt lat="44.14163" lon="5.18814">
        <ele>408</ele>
        <time>2022-03-17T14:03:01.989Z</time>
      </trkpt>
      <trkpt lat="44.14163" lon="5.18817">
        <ele>409</ele>
        <time>2022-03-17T14:03:02.989Z</time>
      </trkpt>
      <trkpt lat="44.14164" lon="5.18819">
        <ele>409</ele>
        <time>2022-03-17T14:03:03.988Z</time>
      </trkpt>
      <trkpt lat="44.14164" lon="5.18821">
        <ele>410</ele>
        <time>2022-03-17T14:03:04.989Z</time>
      </trkpt>
      <trkpt lat="44.14165" lon="5.18823">
        <ele>410</ele>
        <time>2022-03-17T14:03:05.989Z</time>
      </trkpt>
      <trkpt lat="44.14165" lon="5.18825">
        <ele>411</ele>
        <time>2022-03-17T14:03:06.988Z</time>
      </trkpt>
      <trkpt lat="44.14166" lon="5.18827">
        <ele>411</ele>
        <time>2022-03-17T14:03:07.989Z</time>
      </trkpt>
      <trkpt lat="44.14168" lon="5.18828">
        <ele>411</ele>
        <time>2022-03-17T14:03:08.989Z</time>
      </trkpt>
      <trkpt lat="44.14169" lon="5.1883">
        <ele>412</ele>
        <time>2022-03-17T14:03:09.989Z</time>
      </trkpt>
      <trkpt lat="44.1417" lon="5.18832">
        <ele>412</ele>
        <time>2022-03-17T14:03:10.988Z</time>
      </trkpt>
      <trkpt lat="44.1417" lon="5.18835">
        <ele>412</ele>
        <time>2022-03-17T14:03:11.989Z</time>
      </trkpt>
      <trkpt lat="44.1417" lon="5.18837">
        <ele>412</ele>
        <time>2022-03-17T14:03:12.989Z</time>
      </trkpt>
      <trkpt lat="44.14171" lon="5.1884">
        <ele>412</ele>
        <time>2022-03-17T14:03:13.989Z</time>
      </trkpt>
      <trkpt lat="44.14171" lon="5.18842">
        <ele>412</ele>
        <time>2022-03-17T14:03:14.989Z</time>
      </trkpt>
      <trkpt lat="44.14171" lon="5.18843">
        <ele>412</ele>
        <time>2022-03-17T14:03:15.989Z</time>
      </trkpt>
      <trkpt lat="44.14171" lon="5.18845">
        <ele>412</ele>
        <time>2022-03-17T14:03:16.988Z</time>
      </trkpt>
      <trkpt lat="44.14172" lon="5.18846">
        <ele>412</ele>
        <time>2022-03-17T14:03:17.988Z</time>
      </trkpt>
      <trkpt lat="44.14173" lon="5.18848">
        <ele>412</ele>
        <time>2022-03-17T14:03:18.989Z</time>
      </trkpt>
      <trkpt lat="44.14173" lon="5.1885">
        <ele>412</ele>
        <time>2022-03-17T14:03:19.989Z</time>
      </trkpt>
      <trkpt lat="44.14174" lon="5.18852">
        <ele>413</ele>
        <time>2022-03-17T14:03:20.989Z</time>
      </trkpt>
      <trkpt lat="44.14174" lon="5.18854">
        <ele>413</ele>
        <time>2022-03-17T14:03:21.988Z</time>
      </trkpt>
      <trkpt lat="44.14174" lon="5.18856">
        <ele>413</ele>
        <time>2022-03-17T14:03:22.989Z</time>
      </trkpt>
      <trkpt lat="44.14175" lon="5.18858">
        <ele>413</ele>
        <time>2022-03-17T14:03:23.988Z</time>
      </trkpt>
      <trkpt lat="44.14176" lon="5.18859">
        <ele>413</ele>
        <time>2022-03-17T14:03:24.989Z</time>
      </trkpt>
      <trkpt lat="44.14177" lon="5.18861">
        <ele>414</ele>
        <time>2022-03-17T14:03:25.989Z</time>
      </trkpt>
      <trkpt lat="44.14177" lon="5.18862">
        <ele>414</ele>
        <time>2022-03-17T14:03:26.988Z</time>
      </trkpt>
      <trkpt lat="44.14178" lon="5.18864">
        <ele>414</ele>
        <time>2022-03-17T14:03:27.989Z</time>
      </trkpt>
      <trkpt lat="44.14179" lon="5.18866">
        <ele>414</ele>
        <time>2022-03-17T14:03:28.989Z</time>
      </trkpt>
      <trkpt lat="44.1418" lon="5.18868">
        <ele>414</ele>
        <time>2022-03-17T14:03:29.988Z</time>
      </trkpt>
      <trkpt lat="44.14181" lon="5.1887">
        <ele>414</ele>
        <time>2022-03-17T14:03:30.988Z</time>
      </trkpt>
      <trkpt lat="44.14183" lon="5.18874">
        <ele>414</ele>
        <time>2022-03-17T14:03:32.989Z</time>
      </trkpt>
      <trkpt lat="44.14184" lon="5.18878">
        <ele>414</ele>
        <time>2022-03-17T14:03:34.989Z</time>
      </trkpt>
      <trkpt lat="44.14191" lon="5.18894">
        <ele>412</ele>
        <time>2022-03-17T14:03:42.989Z</time>
      </trkpt>
      <trkpt lat="44.14195" lon="5.18898">
        <ele>418</ele>
        <time>2022-03-17T14:03:50.988Z</time>
      </trkpt>
      <trkpt lat="44.14199" lon="5.18911">
        <ele>420</ele>
        <time>2022-03-17T14:03:57.988Z</time>
      </trkpt>
      <trkpt lat="44.14201" lon="5.18918">
        <ele>419</ele>
        <time>2022-03-17T14:04:01.989Z</time>
      </trkpt>
      <trkpt lat="44.14233" lon="5.18949">
        <ele>426</ele>
        <time>2022-03-17T14:07:35.794Z</time>
      </trkpt>
      <trkpt lat="44.14235" lon="5.18949">
        <ele>427</ele>
        <time>2022-03-17T14:07:36.794Z</time>
      </trkpt>
      <trkpt lat="44.14237" lon="5.1895">
        <ele>428</ele>
        <time>2022-03-17T14:07:37.794Z</time>
      </trkpt>
      <trkpt lat="44.1424" lon="5.18951">
        <ele>430</ele>
        <time>2022-03-17T14:07:38.794Z</time>
      </trkpt>
      <trkpt lat="44.14241" lon="5.18952">
        <ele>432</ele>
        <time>2022-03-17T14:07:40.794Z</time>
      </trkpt>
      <trkpt lat="44.14242" lon="5.18953">
        <ele>433</ele>
        <time>2022-03-17T14:07:41.794Z</time>
      </trkpt>
      <trkpt lat="44.14243" lon="5.18954">
        <ele>434</ele>
        <time>2022-03-17T14:07:42.794Z</time>
      </trkpt>
      <trkpt lat="44.14244" lon="5.18954">
        <ele>435</ele>
        <time>2022-03-17T14:07:43.794Z</time>
      </trkpt>
      <trkpt lat="44.14246" lon="5.18955">
        <ele>436</ele>
        <time>2022-03-17T14:07:44.794Z</time>
      </trkpt>
      <trkpt lat="44.14247" lon="5.18956">
        <ele>437</ele>
        <time>2022-03-17T14:07:45.793Z</time>
      </trkpt>
      <trkpt lat="44.14248" lon="5.18956">
        <ele>438</ele>
        <time>2022-03-17T14:07:46.794Z</time>
      </trkpt>
      <trkpt lat="44.14249" lon="5.18957">
        <ele>439</ele>
        <time>2022-03-17T14:07:47.794Z</time>
      </trkpt>
      <trkpt lat="44.14251" lon="5.18958">
        <ele>440</ele>
        <time>2022-03-17T14:07:48.793Z</time>
      </trkpt>
      <trkpt lat="44.14252" lon="5.1896">
        <ele>441</ele>
        <time>2022-03-17T14:07:49.794Z</time>
      </trkpt>
      <trkpt lat="44.14253" lon="5.18961">
        <ele>442</ele>
        <time>2022-03-17T14:07:50.794Z</time>
      </trkpt>
      <trkpt lat="44.14254" lon="5.18962">
        <ele>443</ele>
        <time>2022-03-17T14:07:51.794Z</time>
      </trkpt>
      <trkpt lat="44.14256" lon="5.18963">
        <ele>443</ele>
        <time>2022-03-17T14:07:52.793Z</time>
      </trkpt>
      <trkpt lat="44.14257" lon="5.18963">
        <ele>443</ele>
        <time>2022-03-17T14:07:53.794Z</time>
      </trkpt>
      <trkpt lat="44.14258" lon="5.18964">
        <ele>444</ele>
        <time>2022-03-17T14:07:54.794Z</time>
      </trkpt>
      <trkpt lat="44.14259" lon="5.18964">
        <ele>444</ele>
        <time>2022-03-17T14:07:55.794Z</time>
      </trkpt>
      <trkpt lat="44.14292" lon="5.18999">
        <ele>410</ele>
        <time>2022-03-17T14:19:25.794Z</time>
      </trkpt>
      <trkpt lat="44.14293" lon="5.19001">
        <ele>410</ele>
        <time>2022-03-17T14:19:26.794Z</time>
      </trkpt>
      <trkpt lat="44.14295" lon="5.19002">
        <ele>411</ele>
        <time>2022-03-17T14:19:27.794Z</time>
      </trkpt>
      <trkpt lat="44.14296" lon="5.19003">
        <ele>412</ele>
        <time>2022-03-17T14:19:28.794Z</time>
      </trkpt>
      <trkpt lat="44.14298" lon="5.19005">
        <ele>413</ele>
        <time>2022-03-17T14:19:29.793Z</time>
      </trkpt>
      <trkpt lat="44.14331" lon="5.19014">
        <ele>437</ele>
        <time>2022-03-17T14:25:14.827Z</time>
      </trkpt>
      <trkpt lat="44.14333" lon="5.19014">
        <ele>437</ele>
        <time>2022-03-17T14:25:16.827Z</time>
      </trkpt>
      <trkpt lat="44.14334" lon="5.19014">
        <ele>437</ele>
        <time>2022-03-17T14:25:19.826Z</time>
      </trkpt>
      <trkpt lat="44.14335" lon="5.19013">
        <ele>436</ele>
        <time>2022-03-17T14:25:21.827Z</time>
      </trkpt>
      <trkpt lat="44.14336" lon="5.19013">
        <ele>436</ele>
        <time>2022-03-17T14:25:23.827Z</time>
      </trkpt>
      <trkpt lat="44.14337" lon="5.19014">
        <ele>436</ele>
        <time>2022-03-17T14:25:25.827Z</time>
      </trkpt>
      <trkpt lat="44.14337" lon="5.19015">
        <ele>435</ele>
        <time>2022-03-17T14:25:26.826Z</time>
      </trkpt>
      <trkpt lat="44.14339" lon="5.19016">
        <ele>435</ele>
        <time>2022-03-17T14:25:27.826Z</time>
      </trkpt>
      <trkpt lat="44.1434" lon="5.19017">
        <ele>435</ele>
        <time>2022-03-17T14:25:28.827Z</time>
      </trkpt>
      <trkpt lat="44.1434" lon="5.19018">
        <ele>435</ele>
        <time>2022-03-17T14:25:29.826Z</time>
      </trkpt>
      <trkpt lat="44.14341" lon="5.19018">
        <ele>435</ele>
        <time>2022-03-17T14:25:30.827Z</time>
      </trkpt>
      <trkpt lat="44.1434" lon="5.19018">
        <ele>435</ele>
        <time>2022-03-17T14:25:31.826Z</time>
      </trkpt>
      <trkpt lat="44.14341" lon="5.19018">
        <ele>435</ele>
        <time>2022-03-17T14:25:32.827Z</time>
      </trkpt>
      <trkpt lat="44.14341" lon="5.19017">
        <ele>435</ele>
        <time>2022-03-17T14:25:36.826Z</time>
      </trkpt>
      <trkpt lat="44.1434" lon="5.19017">
        <ele>435</ele>
        <time>2022-03-17T14:25:40.827Z</time>
      </trkpt>
      <trkpt lat="44.1434" lon="5.19016">
        <ele>435</ele>
        <time>2022-03-17T14:25:42.827Z</time>
      </trkpt>
      <trkpt lat="44.14339" lon="5.19017">
        <ele>434</ele>
        <time>2022-03-17T14:25:43.826Z</time>
      </trkpt>
      <trkpt lat="44.1434" lon="5.19017">
        <ele>434</ele>
        <time>2022-03-17T14:25:45.827Z</time>
      </trkpt>
      <trkpt lat="44.1434" lon="5.19016">
        <ele>434</ele>
        <time>2022-03-17T14:25:46.826Z</time>
      </trkpt>
      <trkpt lat="44.14341" lon="5.19016">
        <ele>434</ele>
        <time>2022-03-17T14:25:47.827Z</time>
      </trkpt>
      <trkpt lat="44.14342" lon="5.19016">
        <ele>433</ele>
        <time>2022-03-17T14:25:49.827Z</time>
      </trkpt>
      <trkpt lat="44.14344" lon="5.19015">
        <ele>433</ele>
        <time>2022-03-17T14:25:50.827Z</time>
      </trkpt>
      <trkpt lat="44.14346" lon="5.19014">
        <ele>433</ele>
        <time>2022-03-17T14:25:51.827Z</time>
      </trkpt>
      <trkpt lat="44.14348" lon="5.19013">
        <ele>433</ele>
        <time>2022-03-17T14:25:52.827Z</time>
      </trkpt>
      <trkpt lat="44.14349" lon="5.19014">
        <ele>433</ele>
        <time>2022-03-17T14:25:53.827Z</time>
      </trkpt>
      <trkpt lat="44.14348" lon="5.19015">
        <ele>433</ele>
        <time>2022-03-17T14:25:55.827Z</time>
      </trkpt>
      <trkpt lat="44.14347" lon="5.19015">
        <ele>432</ele>
        <time>2022-03-17T14:25:57.827Z</time>
      </trkpt>
      <trkpt lat="44.14347" lon="5.19014">
        <ele>432</ele>
        <time>2022-03-17T14:25:58.827Z</time>
      </trkpt>
      <trkpt lat="44.14346" lon="5.19014">
        <ele>431</ele>
        <time>2022-03-17T14:26:01.826Z</time>
      </trkpt>
      <trkpt lat="44.14347" lon="5.19014">
        <ele>431</ele>
        <time>2022-03-17T14:26:04.827Z</time>
      </trkpt>
      <trkpt lat="44.14348" lon="5.19014">
        <ele>431</ele>
        <time>2022-03-17T14:26:06.826Z</time>
      </trkpt>
      <trkpt lat="44.14348" lon="5.19015">
        <ele>431</ele>
        <time>2022-03-17T14:26:07.826Z</time>
      </trkpt>
      <trkpt lat="44.14348" lon="5.19016">
        <ele>430</ele>
        <time>2022-03-17T14:26:10.827Z</time>
      </trkpt>
      <trkpt lat="44.14349" lon="5.19016">
        <ele>430</ele>
        <time>2022-03-17T14:26:11.826Z</time>
      </trkpt>
      <trkpt lat="44.14349" lon="5.19015">
        <ele>427</ele>
        <time>2022-03-17T14:26:16.827Z</time>
      </trkpt>
      <trkpt lat="44.14348" lon="5.19015">
        <ele>427</ele>
        <time>2022-03-17T14:26:17.827Z</time>
      </trkpt>
      <trkpt lat="44.14348" lon="5.19016">
        <ele>425</ele>
        <time>2022-03-17T14:26:25.827Z</time>
      </trkpt>
      <trkpt lat="44.14349" lon="5.19017">
        <ele>425</ele>
        <time>2022-03-17T14:26:26.826Z</time>
      </trkpt>
      <trkpt lat="44.14348" lon="5.19017">
        <ele>425</ele>
        <time>2022-03-17T14:26:29.827Z</time>
      </trkpt>
      <trkpt lat="44.14349" lon="5.19016">
        <ele>425</ele>
        <time>2022-03-17T14:26:30.827Z</time>
      </trkpt>
      <trkpt lat="44.14349" lon="5.19017">
        <ele>425</ele>
        <time>2022-03-17T14:26:32.826Z</time>
      </trkpt>
      <trkpt lat="44.14349" lon="5.19018">
        <ele>426</ele>
        <time>2022-03-17T14:26:36.827Z</time>
      </trkpt>
      <trkpt lat="44.14349" lon="5.19016">
        <ele>422</ele>
        <time>2022-03-17T14:27:03.826Z</time>
      </trkpt>
      <trkpt lat="44.14348" lon="5.19015">
        <ele>422</ele>
        <time>2022-03-17T14:27:04.827Z</time>
      </trkpt>
      <trkpt lat="44.14347" lon="5.19015">
        <ele>422</ele>
        <time>2022-03-17T14:27:06.826Z</time>
      </trkpt>
      <trkpt lat="44.14347" lon="5.19014">
        <ele>422</ele>
        <time>2022-03-17T14:27:07.826Z</time>
      </trkpt>
      <trkpt lat="44.14346" lon="5.19014">
        <ele>422</ele>
        <time>2022-03-17T14:27:08.826Z</time>
      </trkpt>
      <trkpt lat="44.14345" lon="5.19013">
        <ele>422</ele>
        <time>2022-03-17T14:27:09.826Z</time>
      </trkpt>
      <trkpt lat="44.14344" lon="5.19012">
        <ele>422</ele>
        <time>2022-03-17T14:27:11.826Z</time>
      </trkpt>
      <trkpt lat="44.14343" lon="5.19012">
        <ele>422</ele>
        <time>2022-03-17T14:27:12.826Z</time>
      </trkpt>
      <trkpt lat="44.14342" lon="5.19012">
        <ele>421</ele>
        <time>2022-03-17T14:27:13.826Z</time>
      </trkpt>
      <trkpt lat="44.14342" lon="5.19013">
        <ele>421</ele>
        <time>2022-03-17T14:27:14.826Z</time>
      </trkpt>
      <trkpt lat="44.14341" lon="5.19013">
        <ele>421</ele>
        <time>2022-03-17T14:27:15.826Z</time>
      </trkpt>
      <trkpt lat="44.14342" lon="5.19013">
        <ele>421</ele>
        <time>2022-03-17T14:27:17.826Z</time>
      </trkpt>
      <trkpt lat="44.14343" lon="5.19013">
        <ele>421</ele>
        <time>2022-03-17T14:27:18.826Z</time>
      </trkpt>
      <trkpt lat="44.14344" lon="5.19013">
        <ele>421</ele>
        <time>2022-03-17T14:27:19.826Z</time>
      </trkpt>
      <trkpt lat="44.14345" lon="5.19014">
        <ele>421</ele>
        <time>2022-03-17T14:27:20.826Z</time>
      </trkpt>
      <trkpt lat="44.14345" lon="5.19015">
        <ele>420</ele>
        <time>2022-03-17T14:27:21.826Z</time>
      </trkpt>
      <trkpt lat="44.14344" lon="5.19015">
        <ele>422</ele>
        <time>2022-03-17T14:27:35.826Z</time>
      </trkpt>
      <trkpt lat="44.14344" lon="5.19015">
        <ele>422</ele>
        <time>2022-03-17T14:27:44.826Z</time>
      </trkpt>
      <trkpt lat="44.14345" lon="5.19015">
        <ele>422</ele>
        <time>2022-03-17T14:27:49.827Z</time>
      </trkpt>
      <trkpt lat="44.14344" lon="5.19014">
        <ele>422</ele>
        <time>2022-03-17T14:27:53.826Z</time>
      </trkpt>
      <trkpt lat="44.14344" lon="5.19013">
        <ele>423</ele>
        <time>2022-03-17T14:28:00.827Z</time>
      </trkpt>
      <trkpt lat="44.14344" lon="5.19012">
        <ele>423</ele>
        <time>2022-03-17T14:28:01.827Z</time>
      </trkpt>
      <trkpt lat="44.14345" lon="5.19012">
        <ele>423</ele>
        <time>2022-03-17T14:28:02.826Z</time>
      </trkpt>
      <trkpt lat="44.14345" lon="5.19011">
        <ele>423</ele>
        <time>2022-03-17T14:28:03.827Z</time>
      </trkpt>
      <trkpt lat="44.14346" lon="5.19012">
        <ele>423</ele>
        <time>2022-03-17T14:28:11.827Z</time>
      </trkpt>
      <trkpt lat="44.14348" lon="5.19013">
        <ele>423</ele>
        <time>2022-03-17T14:28:12.826Z</time>
      </trkpt>
      <trkpt lat="44.14349" lon="5.19014">
        <ele>423</ele>
        <time>2022-03-17T14:28:13.827Z</time>
      </trkpt>
      <trkpt lat="44.1435" lon="5.19015">
        <ele>423</ele>
        <time>2022-03-17T14:28:14.827Z</time>
      </trkpt>
      <trkpt lat="44.14352" lon="5.19016">
        <ele>423</ele>
        <time>2022-03-17T14:28:15.827Z</time>
      </trkpt>
      <trkpt lat="44.14354" lon="5.19017">
        <ele>423</ele>
        <time>2022-03-17T14:28:16.827Z</time>
      </trkpt>
      <trkpt lat="44.14355" lon="5.19017">
        <ele>423</ele>
        <time>2022-03-17T14:28:17.826Z</time>
      </trkpt>
      <trkpt lat="44.14357" lon="5.19017">
        <ele>423</ele>
        <time>2022-03-17T14:28:18.827Z</time>
      </trkpt>
      <trkpt lat="44.14359" lon="5.19017">
        <ele>423</ele>
        <time>2022-03-17T14:28:19.827Z</time>
      </trkpt>
      <trkpt lat="44.1436" lon="5.19016">
        <ele>423</ele>
        <time>2022-03-17T14:28:20.827Z</time>
      </trkpt>
      <trkpt lat="44.14361" lon="5.19017">
        <ele>423</ele>
        <time>2022-03-17T14:28:21.827Z</time>
      </trkpt>
      <trkpt lat="44.14363" lon="5.19017">
        <ele>424</ele>
        <time>2022-03-17T14:28:23.827Z</time>
      </trkpt>
      <trkpt lat="44.14364" lon="5.19017">
        <ele>424</ele>
        <time>2022-03-17T14:28:24.827Z</time>
      </trkpt>
      <trkpt lat="44.14365" lon="5.19017">
        <ele>424</ele>
        <time>2022-03-17T14:28:25.827Z</time>
      </trkpt>
      <trkpt lat="44.14366" lon="5.19017">
        <ele>424</ele>
        <time>2022-03-17T14:28:26.826Z</time>
      </trkpt>
      <trkpt lat="44.14367" lon="5.19017">
        <ele>424</ele>
        <time>2022-03-17T14:28:27.827Z</time>
      </trkpt>
      <trkpt lat="44.14368" lon="5.19016">
        <ele>424</ele>
        <time>2022-03-17T14:28:28.827Z</time>
      </trkpt>
      <trkpt lat="44.14369" lon="5.19016">
        <ele>424</ele>
        <time>2022-03-17T14:28:29.827Z</time>
      </trkpt>
      <trkpt lat="44.1437" lon="5.19016">
        <ele>424</ele>
        <time>2022-03-17T14:28:30.827Z</time>
      </trkpt>
      <trkpt lat="44.14372" lon="5.19016">
        <ele>424</ele>
        <time>2022-03-17T14:28:32.827Z</time>
      </trkpt>
      <trkpt lat="44.14373" lon="5.19016">
        <ele>424</ele>
        <time>2022-03-17T14:28:33.827Z</time>
      </trkpt>
      <trkpt lat="44.14374" lon="5.19018">
        <ele>424</ele>
        <time>2022-03-17T14:28:34.827Z</time>
      </trkpt>
      <trkpt lat="44.14376" lon="5.1902">
        <ele>424</ele>
        <time>2022-03-17T14:28:35.826Z</time>
      </trkpt>
      <trkpt lat="44.14377" lon="5.19021">
        <ele>424</ele>
        <time>2022-03-17T14:28:36.827Z</time>
      </trkpt>
      <trkpt lat="44.14378" lon="5.19022">
        <ele>423</ele>
        <time>2022-03-17T14:28:37.827Z</time>
      </trkpt>
      <trkpt lat="44.14379" lon="5.19023">
        <ele>423</ele>
        <time>2022-03-17T14:28:38.827Z</time>
      </trkpt>
      <trkpt lat="44.1438" lon="5.19025">
        <ele>423</ele>
        <time>2022-03-17T14:28:39.827Z</time>
      </trkpt>
      <trkpt lat="44.14381" lon="5.19027">
        <ele>423</ele>
        <time>2022-03-17T14:28:40.826Z</time>
      </trkpt>
      <trkpt lat="44.14382" lon="5.19027">
        <ele>423</ele>
        <time>2022-03-17T14:28:41.827Z</time>
      </trkpt>
      <trkpt lat="44.14383" lon="5.19028">
        <ele>423</ele>
        <time>2022-03-17T14:28:42.827Z</time>
      </trkpt>
      <trkpt lat="44.14384" lon="5.19029">
        <ele>422</ele>
        <time>2022-03-17T14:28:43.827Z</time>
      </trkpt>
      <trkpt lat="44.14385" lon="5.19031">
        <ele>422</ele>
        <time>2022-03-17T14:28:44.827Z</time>
      </trkpt>
      <trkpt lat="44.14387" lon="5.19032">
        <ele>423</ele>
        <time>2022-03-17T14:28:45.827Z</time>
      </trkpt>
      <trkpt lat="44.14388" lon="5.19033">
        <ele>423</ele>
        <time>2022-03-17T14:28:46.827Z</time>
      </trkpt>
      <trkpt lat="44.1439" lon="5.19034">
        <ele>423</ele>
        <time>2022-03-17T14:28:47.827Z</time>
      </trkpt>
      <trkpt lat="44.14391" lon="5.19036">
        <ele>423</ele>
        <time>2022-03-17T14:28:48.827Z</time>
      </trkpt>
      <trkpt lat="44.14392" lon="5.19037">
        <ele>424</ele>
        <time>2022-03-17T14:28:49.826Z</time>
      </trkpt>
      <trkpt lat="44.14394" lon="5.19037">
        <ele>424</ele>
        <time>2022-03-17T14:28:50.827Z</time>
      </trkpt>
      <trkpt lat="44.14395" lon="5.19037">
        <ele>425</ele>
        <time>2022-03-17T14:28:51.827Z</time>
      </trkpt>
      <trkpt lat="44.14396" lon="5.19037">
        <ele>425</ele>
        <time>2022-03-17T14:28:52.827Z</time>
      </trkpt>
      <trkpt lat="44.14397" lon="5.19038">
        <ele>425</ele>
        <time>2022-03-17T14:28:53.827Z</time>
      </trkpt>
      <trkpt lat="44.14399" lon="5.19039">
        <ele>425</ele>
        <time>2022-03-17T14:28:54.826Z</time>
      </trkpt>
      <trkpt lat="44.14401" lon="5.19039">
        <ele>426</ele>
        <time>2022-03-17T14:28:55.827Z</time>
      </trkpt>
      <trkpt lat="44.14402" lon="5.19039">
        <ele>426</ele>
        <time>2022-03-17T14:28:56.827Z</time>
      </trkpt>
      <trkpt lat="44.14404" lon="5.1904">
        <ele>426</ele>
        <time>2022-03-17T14:28:57.827Z</time>
      </trkpt>
      <trkpt lat="44.14405" lon="5.19039">
        <ele>426</ele>
        <time>2022-03-17T14:28:58.826Z</time>
      </trkpt>
      <trkpt lat="44.14407" lon="5.19039">
        <ele>427</ele>
        <time>2022-03-17T14:28:59.827Z</time>
      </trkpt>
      <trkpt lat="44.14408" lon="5.19038">
        <ele>427</ele>
        <time>2022-03-17T14:29:00.827Z</time>
      </trkpt>
      <trkpt lat="44.14409" lon="5.19038">
        <ele>428</ele>
        <time>2022-03-17T14:29:01.827Z</time>
      </trkpt>
      <trkpt lat="44.14411" lon="5.19037">
        <ele>428</ele>
        <time>2022-03-17T14:29:02.827Z</time>
      </trkpt>
      <trkpt lat="44.14412" lon="5.19036">
        <ele>429</ele>
        <time>2022-03-17T14:29:03.826Z</time>
      </trkpt>
      <trkpt lat="44.14413" lon="5.19036">
        <ele>429</ele>
        <time>2022-03-17T14:29:04.827Z</time>
      </trkpt>
      <trkpt lat="44.14414" lon="5.19035">
        <ele>430</ele>
        <time>2022-03-17T14:29:05.827Z</time>
      </trkpt>
      <trkpt lat="44.14415" lon="5.19036">
        <ele>430</ele>
        <time>2022-03-17T14:29:06.827Z</time>
      </trkpt>
      <trkpt lat="44.14417" lon="5.19036">
        <ele>431</ele>
        <time>2022-03-17T14:29:07.826Z</time>
      </trkpt>
      <trkpt lat="44.14418" lon="5.19037">
        <ele>431</ele>
        <time>2022-03-17T14:29:08.827Z</time>
      </trkpt>
      <trkpt lat="44.14419" lon="5.19037">
        <ele>432</ele>
        <time>2022-03-17T14:29:09.826Z</time>
      </trkpt>
      <trkpt lat="44.14421" lon="5.19038">
        <ele>432</ele>
        <time>2022-03-17T14:29:10.827Z</time>
      </trkpt>
      <trkpt lat="44.14422" lon="5.19039">
        <ele>433</ele>
        <time>2022-03-17T14:29:11.827Z</time>
      </trkpt>
      <trkpt lat="44.14424" lon="5.1904">
        <ele>433</ele>
        <time>2022-03-17T14:29:12.827Z</time>
      </trkpt>
      <trkpt lat="44.14425" lon="5.19042">
        <ele>434</ele>
        <time>2022-03-17T14:29:13.826Z</time>
      </trkpt>
      <trkpt lat="44.14426" lon="5.19043">
        <ele>434</ele>
        <time>2022-03-17T14:29:14.826Z</time>
      </trkpt>
      <trkpt lat="44.14427" lon="5.19045">
        <ele>435</ele>
        <time>2022-03-17T14:29:15.827Z</time>
      </trkpt>
      <trkpt lat="44.14428" lon="5.19046">
        <ele>436</ele>
        <time>2022-03-17T14:29:16.827Z</time>
      </trkpt>
      <trkpt lat="44.14429" lon="5.19049">
        <ele>436</ele>
        <time>2022-03-17T14:29:17.827Z</time>
      </trkpt>
      <trkpt lat="44.14429" lon="5.1905">
        <ele>437</ele>
        <time>2022-03-17T14:29:18.826Z</time>
      </trkpt>
      <trkpt lat="44.1443" lon="5.19052">
        <ele>437</ele>
        <time>2022-03-17T14:29:19.826Z</time>
      </trkpt>
      <trkpt lat="44.14432" lon="5.19053">
        <ele>437</ele>
        <time>2022-03-17T14:29:20.827Z</time>
      </trkpt>
      <trkpt lat="44.14433" lon="5.19054">
        <ele>438</ele>
        <time>2022-03-17T14:29:21.826Z</time>
      </trkpt>
      <trkpt lat="44.14434" lon="5.19055">
        <ele>438</ele>
        <time>2022-03-17T14:29:22.827Z</time>
      </trkpt>
      <trkpt lat="44.14435" lon="5.19056">
        <ele>439</ele>
        <time>2022-03-17T14:29:23.827Z</time>
      </trkpt>
      <trkpt lat="44.14436" lon="5.19056">
        <ele>439</ele>
        <time>2022-03-17T14:29:24.827Z</time>
      </trkpt>
      <trkpt lat="44.14437" lon="5.19057">
        <ele>440</ele>
        <time>2022-03-17T14:29:25.827Z</time>
      </trkpt>
      <trkpt lat="44.14438" lon="5.19057">
        <ele>440</ele>
        <time>2022-03-17T14:29:26.826Z</time>
      </trkpt>
      <trkpt lat="44.14441" lon="5.19057">
        <ele>441</ele>
        <time>2022-03-17T14:29:27.827Z</time>
      </trkpt>
      <trkpt lat="44.14442" lon="5.19058">
        <ele>441</ele>
        <time>2022-03-17T14:29:28.827Z</time>
      </trkpt>
      <trkpt lat="44.14443" lon="5.19058">
        <ele>442</ele>
        <time>2022-03-17T14:29:29.827Z</time>
      </trkpt>
      <trkpt lat="44.14444" lon="5.19058">
        <ele>442</ele>
        <time>2022-03-17T14:29:30.827Z</time>
      </trkpt>
      <trkpt lat="44.14445" lon="5.19058">
        <ele>443</ele>
        <time>2022-03-17T14:29:31.827Z</time>
      </trkpt>
      <trkpt lat="44.14446" lon="5.19058">
        <ele>443</ele>
        <time>2022-03-17T14:29:32.826Z</time>
      </trkpt>
      <trkpt lat="44.14448" lon="5.19058">
        <ele>443</ele>
        <time>2022-03-17T14:29:33.826Z</time>
      </trkpt>
      <trkpt lat="44.14449" lon="5.19058">
        <ele>444</ele>
        <time>2022-03-17T14:29:34.826Z</time>
      </trkpt>
      <trkpt lat="44.1445" lon="5.19058">
        <ele>444</ele>
        <time>2022-03-17T14:29:35.826Z</time>
      </trkpt>
      <trkpt lat="44.14451" lon="5.19058">
        <ele>444</ele>
        <time>2022-03-17T14:29:36.826Z</time>
      </trkpt>
      <trkpt lat="44.14452" lon="5.19057">
        <ele>444</ele>
        <time>2022-03-17T14:29:37.827Z</time>
      </trkpt>
      <trkpt lat="44.14453" lon="5.19057">
        <ele>444</ele>
        <time>2022-03-17T14:29:38.826Z</time>
      </trkpt>
      <trkpt lat="44.14454" lon="5.19056">
        <ele>444</ele>
        <time>2022-03-17T14:29:39.827Z</time>
      </trkpt>
      <trkpt lat="44.14455" lon="5.19055">
        <ele>444</ele>
        <time>2022-03-17T14:29:40.827Z</time>
      </trkpt>
      <trkpt lat="44.14456" lon="5.19055">
        <ele>445</ele>
        <time>2022-03-17T14:29:41.826Z</time>
      </trkpt>
      <trkpt lat="44.14457" lon="5.19055">
        <ele>445</ele>
        <time>2022-03-17T14:29:42.827Z</time>
      </trkpt>
      <trkpt lat="44.14459" lon="5.19055">
        <ele>445</ele>
        <time>2022-03-17T14:29:43.827Z</time>
      </trkpt>
      <trkpt lat="44.1446" lon="5.19055">
        <ele>445</ele>
        <time>2022-03-17T14:29:44.827Z</time>
      </trkpt>
      <trkpt lat="44.14461" lon="5.19055">
        <ele>445</ele>
        <time>2022-03-17T14:29:45.827Z</time>
      </trkpt>
      <trkpt lat="44.14463" lon="5.19055">
        <ele>445</ele>
        <time>2022-03-17T14:29:46.826Z</time>
      </trkpt>
      <trkpt lat="44.14464" lon="5.19056">
        <ele>446</ele>
        <time>2022-03-17T14:29:47.827Z</time>
      </trkpt>
      <trkpt lat="44.14466" lon="5.19056">
        <ele>446</ele>
        <time>2022-03-17T14:29:48.827Z</time>
      </trkpt>
      <trkpt lat="44.14467" lon="5.19056">
        <ele>446</ele>
        <time>2022-03-17T14:29:49.827Z</time>
      </trkpt>
      <trkpt lat="44.14469" lon="5.19057">
        <ele>447</ele>
        <time>2022-03-17T14:29:50.827Z</time>
      </trkpt>
      <trkpt lat="44.14471" lon="5.19058">
        <ele>447</ele>
        <time>2022-03-17T14:29:51.827Z</time>
      </trkpt>
      <trkpt lat="44.14473" lon="5.19058">
        <ele>448</ele>
        <time>2022-03-17T14:29:52.827Z</time>
      </trkpt>
      <trkpt lat="44.14475" lon="5.19059">
        <ele>448</ele>
        <time>2022-03-17T14:29:53.827Z</time>
      </trkpt>
      <trkpt lat="44.14476" lon="5.1906">
        <ele>449</ele>
        <time>2022-03-17T14:29:54.827Z</time>
      </trkpt>
      <trkpt lat="44.14478" lon="5.19061">
        <ele>449</ele>
        <time>2022-03-17T14:29:55.826Z</time>
      </trkpt>
      <trkpt lat="44.14479" lon="5.19062">
        <ele>450</ele>
        <time>2022-03-17T14:29:56.827Z</time>
      </trkpt>
      <trkpt lat="44.14481" lon="5.19062">
        <ele>450</ele>
        <time>2022-03-17T14:29:57.827Z</time>
      </trkpt>
      <trkpt lat="44.14483" lon="5.19063">
        <ele>451</ele>
        <time>2022-03-17T14:29:58.827Z</time>
      </trkpt>
      <trkpt lat="44.14484" lon="5.19063">
        <ele>451</ele>
        <time>2022-03-17T14:29:59.827Z</time>
      </trkpt>
      <trkpt lat="44.14486" lon="5.19064">
        <ele>452</ele>
        <time>2022-03-17T14:30:00.826Z</time>
      </trkpt>
      <trkpt lat="44.14487" lon="5.19064">
        <ele>452</ele>
        <time>2022-03-17T14:30:01.827Z</time>
      </trkpt>
      <trkpt lat="44.14489" lon="5.19064">
        <ele>453</ele>
        <time>2022-03-17T14:30:02.827Z</time>
      </trkpt>
      <trkpt lat="44.14491" lon="5.19064">
        <ele>453</ele>
        <time>2022-03-17T14:30:03.827Z</time>
      </trkpt>
      <trkpt lat="44.14492" lon="5.19065">
        <ele>454</ele>
        <time>2022-03-17T14:30:04.826Z</time>
      </trkpt>
      <trkpt lat="44.14493" lon="5.19065">
        <ele>454</ele>
        <time>2022-03-17T14:30:05.827Z</time>
      </trkpt>
      <trkpt lat="44.14494" lon="5.19065">
        <ele>454</ele>
        <time>2022-03-17T14:30:06.827Z</time>
      </trkpt>
      <trkpt lat="44.14495" lon="5.19066">
        <ele>455</ele>
        <time>2022-03-17T14:30:07.827Z</time>
      </trkpt>
      <trkpt lat="44.14496" lon="5.19067">
        <ele>455</ele>
        <time>2022-03-17T14:30:08.826Z</time>
      </trkpt>
      <trkpt lat="44.14497" lon="5.19067">
        <ele>456</ele>
        <time>2022-03-17T14:30:09.826Z</time>
      </trkpt>
      <trkpt lat="44.14499" lon="5.19067">
        <ele>456</ele>
        <time>2022-03-17T14:30:10.827Z</time>
      </trkpt>
      <trkpt lat="44.145" lon="5.19068">
        <ele>456</ele>
        <time>2022-03-17T14:30:11.827Z</time>
      </trkpt>
      <trkpt lat="44.14502" lon="5.1907">
        <ele>457</ele>
        <time>2022-03-17T14:30:12.827Z</time>
      </trkpt>
      <trkpt lat="44.14503" lon="5.19071">
        <ele>457</ele>
        <time>2022-03-17T14:30:13.827Z</time>
      </trkpt>
      <trkpt lat="44.14504" lon="5.19072">
        <ele>457</ele>
        <time>2022-03-17T14:30:14.827Z</time>
      </trkpt>
      <trkpt lat="44.14506" lon="5.19072">
        <ele>458</ele>
        <time>2022-03-17T14:30:15.827Z</time>
      </trkpt>
      <trkpt lat="44.14507" lon="5.19072">
        <ele>458</ele>
        <time>2022-03-17T14:30:16.827Z</time>
      </trkpt>
      <trkpt lat="44.14508" lon="5.19072">
        <ele>458</ele>
        <time>2022-03-17T14:30:17.826Z</time>
      </trkpt>
      <trkpt lat="44.14509" lon="5.19072">
        <ele>459</ele>
        <time>2022-03-17T14:30:18.827Z</time>
      </trkpt>
      <trkpt lat="44.14511" lon="5.19073">
        <ele>459</ele>
        <time>2022-03-17T14:30:19.827Z</time>
      </trkpt>
      <trkpt lat="44.14512" lon="5.19074">
        <ele>459</ele>
        <time>2022-03-17T14:30:20.827Z</time>
      </trkpt>
      <trkpt lat="44.14514" lon="5.19075">
        <ele>460</ele>
        <time>2022-03-17T14:30:21.827Z</time>
      </trkpt>
      <trkpt lat="44.14516" lon="5.19076">
        <ele>460</ele>
        <time>2022-03-17T14:30:22.827Z</time>
      </trkpt>
      <trkpt lat="44.14517" lon="5.19077">
        <ele>460</ele>
        <time>2022-03-17T14:30:23.826Z</time>
      </trkpt>
      <trkpt lat="44.14519" lon="5.19078">
        <ele>461</ele>
        <time>2022-03-17T14:30:24.827Z</time>
      </trkpt>
      <trkpt lat="44.14521" lon="5.19079">
        <ele>461</ele>
        <time>2022-03-17T14:30:25.826Z</time>
      </trkpt>
      <trkpt lat="44.14521" lon="5.1908">
        <ele>461</ele>
        <time>2022-03-17T14:30:26.827Z</time>
      </trkpt>
      <trkpt lat="44.14522" lon="5.19082">
        <ele>461</ele>
        <time>2022-03-17T14:30:27.827Z</time>
      </trkpt>
      <trkpt lat="44.14523" lon="5.19084">
        <ele>462</ele>
        <time>2022-03-17T14:30:28.827Z</time>
      </trkpt>
      <trkpt lat="44.14525" lon="5.19085">
        <ele>462</ele>
        <time>2022-03-17T14:30:29.827Z</time>
      </trkpt>
      <trkpt lat="44.14527" lon="5.19086">
        <ele>462</ele>
        <time>2022-03-17T14:30:30.827Z</time>
      </trkpt>
      <trkpt lat="44.14528" lon="5.19088">
        <ele>463</ele>
        <time>2022-03-17T14:30:31.827Z</time>
      </trkpt>
      <trkpt lat="44.14529" lon="5.19088">
        <ele>463</ele>
        <time>2022-03-17T14:30:32.826Z</time>
      </trkpt>
      <trkpt lat="44.1453" lon="5.19089">
        <ele>463</ele>
        <time>2022-03-17T14:30:33.827Z</time>
      </trkpt>
      <trkpt lat="44.14531" lon="5.1909">
        <ele>464</ele>
        <time>2022-03-17T14:30:34.827Z</time>
      </trkpt>
      <trkpt lat="44.14533" lon="5.19091">
        <ele>464</ele>
        <time>2022-03-17T14:30:35.827Z</time>
      </trkpt>
      <trkpt lat="44.14533" lon="5.19093">
        <ele>465</ele>
        <time>2022-03-17T14:30:36.827Z</time>
      </trkpt>
      <trkpt lat="44.14534" lon="5.19094">
        <ele>466</ele>
        <time>2022-03-17T14:30:37.827Z</time>
      </trkpt>
      <trkpt lat="44.14535" lon="5.19095">
        <ele>466</ele>
        <time>2022-03-17T14:30:38.827Z</time>
      </trkpt>
      <trkpt lat="44.14536" lon="5.19098">
        <ele>467</ele>
        <time>2022-03-17T14:30:39.826Z</time>
      </trkpt>
      <trkpt lat="44.14537" lon="5.19099">
        <ele>467</ele>
        <time>2022-03-17T14:30:40.826Z</time>
      </trkpt>
      <trkpt lat="44.14538" lon="5.191">
        <ele>468</ele>
        <time>2022-03-17T14:30:41.827Z</time>
      </trkpt>
      <trkpt lat="44.1454" lon="5.19101">
        <ele>468</ele>
        <time>2022-03-17T14:30:42.826Z</time>
      </trkpt>
      <trkpt lat="44.14541" lon="5.19102">
        <ele>468</ele>
        <time>2022-03-17T14:30:43.827Z</time>
      </trkpt>
      <trkpt lat="44.14541" lon="5.19103">
        <ele>469</ele>
        <time>2022-03-17T14:30:44.826Z</time>
      </trkpt>
      <trkpt lat="44.14542" lon="5.19105">
        <ele>469</ele>
        <time>2022-03-17T14:30:45.827Z</time>
      </trkpt>
      <trkpt lat="44.14543" lon="5.19106">
        <ele>470</ele>
        <time>2022-03-17T14:30:46.827Z</time>
      </trkpt>
      <trkpt lat="44.14544" lon="5.19108">
        <ele>470</ele>
        <time>2022-03-17T14:30:47.827Z</time>
      </trkpt>
      <trkpt lat="44.14546" lon="5.19109">
        <ele>471</ele>
        <time>2022-03-17T14:30:48.827Z</time>
      </trkpt>
      <trkpt lat="44.14548" lon="5.19108">
        <ele>471</ele>
        <time>2022-03-17T14:30:49.827Z</time>
      </trkpt>
      <trkpt lat="44.14549" lon="5.19108">
        <ele>472</ele>
        <time>2022-03-17T14:30:50.827Z</time>
      </trkpt>
      <trkpt lat="44.1455" lon="5.19108">
        <ele>472</ele>
        <time>2022-03-17T14:30:51.827Z</time>
      </trkpt>
      <trkpt lat="44.14552" lon="5.1911">
        <ele>473</ele>
        <time>2022-03-17T14:30:52.827Z</time>
      </trkpt>
      <trkpt lat="44.14554" lon="5.1911">
        <ele>473</ele>
        <time>2022-03-17T14:30:53.826Z</time>
      </trkpt>
      <trkpt lat="44.14555" lon="5.19111">
        <ele>474</ele>
        <time>2022-03-17T14:30:54.827Z</time>
      </trkpt>
      <trkpt lat="44.14557" lon="5.19112">
        <ele>474</ele>
        <time>2022-03-17T14:30:55.827Z</time>
      </trkpt>
      <trkpt lat="44.14558" lon="5.19113">
        <ele>475</ele>
        <time>2022-03-17T14:30:56.827Z</time>
      </trkpt>
      <trkpt lat="44.14559" lon="5.19114">
        <ele>475</ele>
        <time>2022-03-17T14:30:57.827Z</time>
      </trkpt>
      <trkpt lat="44.14561" lon="5.19116">
        <ele>476</ele>
        <time>2022-03-17T14:30:58.826Z</time>
      </trkpt>
      <trkpt lat="44.14562" lon="5.19117">
        <ele>477</ele>
        <time>2022-03-17T14:30:59.826Z</time>
      </trkpt>
      <trkpt lat="44.14563" lon="5.19117">
        <ele>477</ele>
        <time>2022-03-17T14:31:00.827Z</time>
      </trkpt>
      <trkpt lat="44.14564" lon="5.19117">
        <ele>478</ele>
        <time>2022-03-17T14:31:01.827Z</time>
      </trkpt>
      <trkpt lat="44.14565" lon="5.19118">
        <ele>478</ele>
        <time>2022-03-17T14:31:02.827Z</time>
      </trkpt>
      <trkpt lat="44.14566" lon="5.19118">
        <ele>478</ele>
        <time>2022-03-17T14:31:03.827Z</time>
      </trkpt>
      <trkpt lat="44.14567" lon="5.19118">
        <ele>478</ele>
        <time>2022-03-17T14:31:04.827Z</time>
      </trkpt>
      <trkpt lat="44.14568" lon="5.19119">
        <ele>478</ele>
        <time>2022-03-17T14:31:05.827Z</time>
      </trkpt>
      <trkpt lat="44.14569" lon="5.1912">
        <ele>478</ele>
        <time>2022-03-17T14:31:06.827Z</time>
      </trkpt>
      <trkpt lat="44.1457" lon="5.19122">
        <ele>478</ele>
        <time>2022-03-17T14:31:07.827Z</time>
      </trkpt>
      <trkpt lat="44.14571" lon="5.19124">
        <ele>478</ele>
        <time>2022-03-17T14:31:08.826Z</time>
      </trkpt>
      <trkpt lat="44.14572" lon="5.19125">
        <ele>478</ele>
        <time>2022-03-17T14:31:09.827Z</time>
      </trkpt>
      <trkpt lat="44.14574" lon="5.19125">
        <ele>478</ele>
        <time>2022-03-17T14:31:10.826Z</time>
      </trkpt>
      <trkpt lat="44.14576" lon="5.19125">
        <ele>478</ele>
        <time>2022-03-17T14:31:11.826Z</time>
      </trkpt>
      <trkpt lat="44.14578" lon="5.19126">
        <ele>478</ele>
        <time>2022-03-17T14:31:12.827Z</time>
      </trkpt>
      <trkpt lat="44.14579" lon="5.19127">
        <ele>478</ele>
        <time>2022-03-17T14:31:13.826Z</time>
      </trkpt>
      <trkpt lat="44.1458" lon="5.19127">
        <ele>478</ele>
        <time>2022-03-17T14:31:14.827Z</time>
      </trkpt>
      <trkpt lat="44.14581" lon="5.19127">
        <ele>477</ele>
        <time>2022-03-17T14:31:15.826Z</time>
      </trkpt>
      <trkpt lat="44.14582" lon="5.19128">
        <ele>477</ele>
        <time>2022-03-17T14:31:16.827Z</time>
      </trkpt>
      <trkpt lat="44.14584" lon="5.19129">
        <ele>477</ele>
        <time>2022-03-17T14:31:17.827Z</time>
      </trkpt>
      <trkpt lat="44.14586" lon="5.19131">
        <ele>477</ele>
        <time>2022-03-17T14:31:18.827Z</time>
      </trkpt>
      <trkpt lat="44.14588" lon="5.19133">
        <ele>478</ele>
        <time>2022-03-17T14:31:19.827Z</time>
      </trkpt>
      <trkpt lat="44.14589" lon="5.19135">
        <ele>478</ele>
        <time>2022-03-17T14:31:20.827Z</time>
      </trkpt>
      <trkpt lat="44.14591" lon="5.19136">
        <ele>478</ele>
        <time>2022-03-17T14:31:21.827Z</time>
      </trkpt>
      <trkpt lat="44.14591" lon="5.19138">
        <ele>478</ele>
        <time>2022-03-17T14:31:22.827Z</time>
      </trkpt>
      <trkpt lat="44.14592" lon="5.1914">
        <ele>478</ele>
        <time>2022-03-17T14:31:23.827Z</time>
      </trkpt>
      <trkpt lat="44.14593" lon="5.19141">
        <ele>479</ele>
        <time>2022-03-17T14:31:24.826Z</time>
      </trkpt>
      <trkpt lat="44.14595" lon="5.19142">
        <ele>479</ele>
        <time>2022-03-17T14:31:25.827Z</time>
      </trkpt>
      <trkpt lat="44.14596" lon="5.19144">
        <ele>479</ele>
        <time>2022-03-17T14:31:26.826Z</time>
      </trkpt>
      <trkpt lat="44.14597" lon="5.19145">
        <ele>479</ele>
        <time>2022-03-17T14:31:27.827Z</time>
      </trkpt>
      <trkpt lat="44.14598" lon="5.19145">
        <ele>479</ele>
        <time>2022-03-17T14:31:28.827Z</time>
      </trkpt>
      <trkpt lat="44.14599" lon="5.19146">
        <ele>480</ele>
        <time>2022-03-17T14:31:29.826Z</time>
      </trkpt>
      <trkpt lat="44.146" lon="5.19148">
        <ele>480</ele>
        <time>2022-03-17T14:31:30.827Z</time>
      </trkpt>
      <trkpt lat="44.14602" lon="5.1915">
        <ele>480</ele>
        <time>2022-03-17T14:31:31.826Z</time>
      </trkpt>
      <trkpt lat="44.14603" lon="5.19152">
        <ele>481</ele>
        <time>2022-03-17T14:31:32.827Z</time>
      </trkpt>
      <trkpt lat="44.14603" lon="5.19153">
        <ele>481</ele>
        <time>2022-03-17T14:31:33.827Z</time>
      </trkpt>
      <trkpt lat="44.14604" lon="5.19154">
        <ele>481</ele>
        <time>2022-03-17T14:31:34.827Z</time>
      </trkpt>
      <trkpt lat="44.14605" lon="5.19155">
        <ele>481</ele>
        <time>2022-03-17T14:31:35.827Z</time>
      </trkpt>
      <trkpt lat="44.14606" lon="5.19157">
        <ele>481</ele>
        <time>2022-03-17T14:31:36.827Z</time>
      </trkpt>
      <trkpt lat="44.14607" lon="5.19158">
        <ele>481</ele>
        <time>2022-03-17T14:31:37.826Z</time>
      </trkpt>
      <trkpt lat="44.14608" lon="5.19158">
        <ele>481</ele>
        <time>2022-03-17T14:31:38.827Z</time>
      </trkpt>
      <trkpt lat="44.14609" lon="5.19159">
        <ele>481</ele>
        <time>2022-03-17T14:31:39.827Z</time>
      </trkpt>
      <trkpt lat="44.14611" lon="5.19158">
        <ele>481</ele>
        <time>2022-03-17T14:31:40.827Z</time>
      </trkpt>
      <trkpt lat="44.14612" lon="5.19159">
        <ele>481</ele>
        <time>2022-03-17T14:31:41.826Z</time>
      </trkpt>
      <trkpt lat="44.14613" lon="5.19159">
        <ele>481</ele>
        <time>2022-03-17T14:31:42.826Z</time>
      </trkpt>
      <trkpt lat="44.14614" lon="5.19159">
        <ele>482</ele>
        <time>2022-03-17T14:31:44.827Z</time>
      </trkpt>
      <trkpt lat="44.14615" lon="5.19158">
        <ele>482</ele>
        <time>2022-03-17T14:31:45.826Z</time>
      </trkpt>
      <trkpt lat="44.14614" lon="5.19158">
        <ele>482</ele>
        <time>2022-03-17T14:31:46.827Z</time>
      </trkpt>
      <trkpt lat="44.14614" lon="5.19157">
        <ele>482</ele>
        <time>2022-03-17T14:31:47.827Z</time>
      </trkpt>
      <trkpt lat="44.14613" lon="5.19156">
        <ele>482</ele>
        <time>2022-03-17T14:31:48.827Z</time>
      </trkpt>
      <trkpt lat="44.14613" lon="5.19155">
        <ele>482</ele>
        <time>2022-03-17T14:31:49.827Z</time>
      </trkpt>
      <trkpt lat="44.14613" lon="5.19156">
        <ele>482</ele>
        <time>2022-03-17T14:31:53.827Z</time>
      </trkpt>
      <trkpt lat="44.14614" lon="5.19156">
        <ele>483</ele>
        <time>2022-03-17T14:31:56.826Z</time>
      </trkpt>
      <trkpt lat="44.14613" lon="5.19156">
        <ele>482</ele>
        <time>2022-03-17T14:32:00.827Z</time>
      </trkpt>
      <trkpt lat="44.14612" lon="5.19156">
        <ele>482</ele>
        <time>2022-03-17T14:32:01.827Z</time>
      </trkpt>
      <trkpt lat="44.14612" lon="5.19157">
        <ele>483</ele>
        <time>2022-03-17T14:32:02.826Z</time>
      </trkpt>
      <trkpt lat="44.14612" lon="5.19158">
        <ele>483</ele>
        <time>2022-03-17T14:32:03.826Z</time>
      </trkpt>
      <trkpt lat="44.14613" lon="5.19158">
        <ele>484</ele>
        <time>2022-03-17T14:32:08.827Z</time>
      </trkpt>
      <trkpt lat="44.14613" lon="5.19157">
        <ele>485</ele>
        <time>2022-03-17T14:32:09.826Z</time>
      </trkpt>
      <trkpt lat="44.14612" lon="5.19157">
        <ele>485</ele>
        <time>2022-03-17T14:32:12.827Z</time>
      </trkpt>
      <trkpt lat="44.14612" lon="5.19158">
        <ele>485</ele>
        <time>2022-03-17T14:32:13.827Z</time>
      </trkpt>
      <trkpt lat="44.14613" lon="5.19158">
        <ele>485</ele>
        <time>2022-03-17T14:32:15.827Z</time>
      </trkpt>
      <trkpt lat="44.14613" lon="5.19157">
        <ele>485</ele>
        <time>2022-03-17T14:32:16.827Z</time>
      </trkpt>
      <trkpt lat="44.14614" lon="5.19158">
        <ele>485</ele>
        <time>2022-03-17T14:32:39.827Z</time>
      </trkpt>
      <trkpt lat="44.14615" lon="5.19161">
        <ele>485</ele>
        <time>2022-03-17T14:32:40.826Z</time>
      </trkpt>
      <trkpt lat="44.14617" lon="5.19163">
        <ele>485</ele>
        <time>2022-03-17T14:32:41.827Z</time>
      </trkpt>
      <trkpt lat="44.14618" lon="5.19166">
        <ele>485</ele>
        <time>2022-03-17T14:32:42.827Z</time>
      </trkpt>
      <trkpt lat="44.14619" lon="5.19169">
        <ele>485</ele>
        <time>2022-03-17T14:32:43.827Z</time>
      </trkpt>
      <trkpt lat="44.1462" lon="5.19171">
        <ele>485</ele>
        <time>2022-03-17T14:32:44.827Z</time>
      </trkpt>
      <trkpt lat="44.14622" lon="5.19173">
        <ele>485</ele>
        <time>2022-03-17T14:32:45.827Z</time>
      </trkpt>
      <trkpt lat="44.14623" lon="5.19175">
        <ele>485</ele>
        <time>2022-03-17T14:32:46.827Z</time>
      </trkpt>
      <trkpt lat="44.14625" lon="5.19176">
        <ele>485</ele>
        <time>2022-03-17T14:32:47.827Z</time>
      </trkpt>
      <trkpt lat="44.14626" lon="5.19177">
        <ele>485</ele>
        <time>2022-03-17T14:32:48.827Z</time>
      </trkpt>
      <trkpt lat="44.14627" lon="5.19177">
        <ele>485</ele>
        <time>2022-03-17T14:32:50.827Z</time>
      </trkpt>
      <trkpt lat="44.14628" lon="5.19178">
        <ele>485</ele>
        <time>2022-03-17T14:32:51.827Z</time>
      </trkpt>
      <trkpt lat="44.1463" lon="5.1918">
        <ele>485</ele>
        <time>2022-03-17T14:32:52.826Z</time>
      </trkpt>
      <trkpt lat="44.14631" lon="5.19181">
        <ele>485</ele>
        <time>2022-03-17T14:32:53.827Z</time>
      </trkpt>
      <trkpt lat="44.14633" lon="5.19183">
        <ele>485</ele>
        <time>2022-03-17T14:32:54.827Z</time>
      </trkpt>
      <trkpt lat="44.14634" lon="5.19185">
        <ele>485</ele>
        <time>2022-03-17T14:32:55.827Z</time>
      </trkpt>
      <trkpt lat="44.14635" lon="5.19186">
        <ele>485</ele>
        <time>2022-03-17T14:32:56.827Z</time>
      </trkpt>
      <trkpt lat="44.14636" lon="5.19188">
        <ele>486</ele>
        <time>2022-03-17T14:32:57.827Z</time>
      </trkpt>
      <trkpt lat="44.14637" lon="5.19189">
        <ele>486</ele>
        <time>2022-03-17T14:32:58.826Z</time>
      </trkpt>
      <trkpt lat="44.14638" lon="5.1919">
        <ele>486</ele>
        <time>2022-03-17T14:32:59.827Z</time>
      </trkpt>
      <trkpt lat="44.14639" lon="5.19191">
        <ele>487</ele>
        <time>2022-03-17T14:33:00.826Z</time>
      </trkpt>
      <trkpt lat="44.14641" lon="5.19193">
        <ele>487</ele>
        <time>2022-03-17T14:33:01.827Z</time>
      </trkpt>
      <trkpt lat="44.14642" lon="5.19194">
        <ele>488</ele>
        <time>2022-03-17T14:33:02.827Z</time>
      </trkpt>
      <trkpt lat="44.14643" lon="5.19196">
        <ele>488</ele>
        <time>2022-03-17T14:33:03.827Z</time>
      </trkpt>
      <trkpt lat="44.14644" lon="5.19197">
        <ele>489</ele>
        <time>2022-03-17T14:33:04.827Z</time>
      </trkpt>
      <trkpt lat="44.14646" lon="5.19198">
        <ele>489</ele>
        <time>2022-03-17T14:33:05.827Z</time>
      </trkpt>
      <trkpt lat="44.14647" lon="5.19199">
        <ele>489</ele>
        <time>2022-03-17T14:33:06.827Z</time>
      </trkpt>
      <trkpt lat="44.14649" lon="5.192">
        <ele>490</ele>
        <time>2022-03-17T14:33:07.826Z</time>
      </trkpt>
      <trkpt lat="44.14652" lon="5.19203">
        <ele>490</ele>
        <time>2022-03-17T14:33:08.826Z</time>
      </trkpt>
      <trkpt lat="44.14654" lon="5.19204">
        <ele>490</ele>
        <time>2022-03-17T14:33:09.826Z</time>
      </trkpt>
      <trkpt lat="44.14655" lon="5.19204">
        <ele>490</ele>
        <time>2022-03-17T14:33:10.827Z</time>
      </trkpt>
      <trkpt lat="44.14656" lon="5.19204">
        <ele>491</ele>
        <time>2022-03-17T14:33:11.827Z</time>
      </trkpt>
      <trkpt lat="44.14656" lon="5.19205">
        <ele>491</ele>
        <time>2022-03-17T14:33:12.826Z</time>
      </trkpt>
      <trkpt lat="44.14657" lon="5.19206">
        <ele>491</ele>
        <time>2022-03-17T14:33:13.827Z</time>
      </trkpt>
      <trkpt lat="44.14659" lon="5.19207">
        <ele>491</ele>
        <time>2022-03-17T14:33:14.827Z</time>
      </trkpt>
      <trkpt lat="44.14661" lon="5.19208">
        <ele>491</ele>
        <time>2022-03-17T14:33:15.827Z</time>
      </trkpt>
      <trkpt lat="44.14662" lon="5.19209">
        <ele>492</ele>
        <time>2022-03-17T14:33:16.827Z</time>
      </trkpt>
      <trkpt lat="44.14663" lon="5.19209">
        <ele>492</ele>
        <time>2022-03-17T14:33:17.827Z</time>
      </trkpt>
      <trkpt lat="44.14665" lon="5.19209">
        <ele>492</ele>
        <time>2022-03-17T14:33:18.826Z</time>
      </trkpt>
      <trkpt lat="44.14666" lon="5.1921">
        <ele>493</ele>
        <time>2022-03-17T14:33:19.827Z</time>
      </trkpt>
      <trkpt lat="44.14668" lon="5.1921">
        <ele>493</ele>
        <time>2022-03-17T14:33:20.827Z</time>
      </trkpt>
      <trkpt lat="44.14669" lon="5.1921">
        <ele>493</ele>
        <time>2022-03-17T14:33:21.827Z</time>
      </trkpt>
      <trkpt lat="44.14671" lon="5.19209">
        <ele>494</ele>
        <time>2022-03-17T14:33:22.827Z</time>
      </trkpt>
      <trkpt lat="44.14673" lon="5.19209">
        <ele>494</ele>
        <time>2022-03-17T14:33:23.827Z</time>
      </trkpt>
      <trkpt lat="44.14675" lon="5.1921">
        <ele>494</ele>
        <time>2022-03-17T14:33:24.826Z</time>
      </trkpt>
      <trkpt lat="44.14677" lon="5.19211">
        <ele>494</ele>
        <time>2022-03-17T14:33:25.827Z</time>
      </trkpt>
      <trkpt lat="44.1468" lon="5.19212">
        <ele>494</ele>
        <time>2022-03-17T14:33:26.827Z</time>
      </trkpt>
      <trkpt lat="44.14683" lon="5.19213">
        <ele>494</ele>
        <time>2022-03-17T14:33:27.826Z</time>
      </trkpt>
      <trkpt lat="44.14686" lon="5.19213">
        <ele>494</ele>
        <time>2022-03-17T14:33:28.827Z</time>
      </trkpt>
      <trkpt lat="44.14688" lon="5.19213">
        <ele>494</ele>
        <time>2022-03-17T14:33:29.826Z</time>
      </trkpt>
      <trkpt lat="44.1469" lon="5.19212">
        <ele>494</ele>
        <time>2022-03-17T14:33:30.827Z</time>
      </trkpt>
      <trkpt lat="44.14692" lon="5.19211">
        <ele>493</ele>
        <time>2022-03-17T14:33:31.826Z</time>
      </trkpt>
      <trkpt lat="44.14693" lon="5.19211">
        <ele>493</ele>
        <time>2022-03-17T14:33:32.827Z</time>
      </trkpt>
      <trkpt lat="44.14694" lon="5.19212">
        <ele>493</ele>
        <time>2022-03-17T14:33:33.827Z</time>
      </trkpt>
      <trkpt lat="44.14697" lon="5.19213">
        <ele>493</ele>
        <time>2022-03-17T14:33:34.826Z</time>
      </trkpt>
      <trkpt lat="44.14699" lon="5.19213">
        <ele>493</ele>
        <time>2022-03-17T14:33:35.827Z</time>
      </trkpt>
      <trkpt lat="44.147" lon="5.19213">
        <ele>493</ele>
        <time>2022-03-17T14:33:36.827Z</time>
      </trkpt>
      <trkpt lat="44.14702" lon="5.19212">
        <ele>493</ele>
        <time>2022-03-17T14:33:37.827Z</time>
      </trkpt>
      <trkpt lat="44.14703" lon="5.19211">
        <ele>493</ele>
        <time>2022-03-17T14:33:38.826Z</time>
      </trkpt>
      <trkpt lat="44.14704" lon="5.1921">
        <ele>493</ele>
        <time>2022-03-17T14:33:39.826Z</time>
      </trkpt>
      <trkpt lat="44.14706" lon="5.19211">
        <ele>493</ele>
        <time>2022-03-17T14:33:40.827Z</time>
      </trkpt>
      <trkpt lat="44.14708" lon="5.19211">
        <ele>493</ele>
        <time>2022-03-17T14:33:41.827Z</time>
      </trkpt>
      <trkpt lat="44.1471" lon="5.1921">
        <ele>493</ele>
        <time>2022-03-17T14:33:42.827Z</time>
      </trkpt>
      <trkpt lat="44.14711" lon="5.1921">
        <ele>493</ele>
        <time>2022-03-17T14:33:43.827Z</time>
      </trkpt>
      <trkpt lat="44.14713" lon="5.19208">
        <ele>493</ele>
        <time>2022-03-17T14:33:44.827Z</time>
      </trkpt>
      <trkpt lat="44.14715" lon="5.19207">
        <ele>493</ele>
        <time>2022-03-17T14:33:45.826Z</time>
      </trkpt>
      <trkpt lat="44.14716" lon="5.19206">
        <ele>493</ele>
        <time>2022-03-17T14:33:46.826Z</time>
      </trkpt>
      <trkpt lat="44.14718" lon="5.19205">
        <ele>493</ele>
        <time>2022-03-17T14:33:47.827Z</time>
      </trkpt>
      <trkpt lat="44.1472" lon="5.19204">
        <ele>493</ele>
        <time>2022-03-17T14:33:48.827Z</time>
      </trkpt>
      <trkpt lat="44.14723" lon="5.19203">
        <ele>493</ele>
        <time>2022-03-17T14:33:49.827Z</time>
      </trkpt>
      <trkpt lat="44.14724" lon="5.19202">
        <ele>493</ele>
        <time>2022-03-17T14:33:50.827Z</time>
      </trkpt>
      <trkpt lat="44.14727" lon="5.192">
        <ele>493</ele>
        <time>2022-03-17T14:33:51.826Z</time>
      </trkpt>
      <trkpt lat="44.14729" lon="5.19199">
        <ele>493</ele>
        <time>2022-03-17T14:33:52.827Z</time>
      </trkpt>
      <trkpt lat="44.14731" lon="5.19199">
        <ele>493</ele>
        <time>2022-03-17T14:33:53.827Z</time>
      </trkpt>
      <trkpt lat="44.14734" lon="5.192">
        <ele>493</ele>
        <time>2022-03-17T14:33:54.827Z</time>
      </trkpt>
      <trkpt lat="44.14735" lon="5.19201">
        <ele>493</ele>
        <time>2022-03-17T14:33:55.827Z</time>
      </trkpt>
      <trkpt lat="44.14737" lon="5.19202">
        <ele>493</ele>
        <time>2022-03-17T14:33:56.827Z</time>
      </trkpt>
      <trkpt lat="44.14739" lon="5.19203">
        <ele>493</ele>
        <time>2022-03-17T14:33:57.827Z</time>
      </trkpt>
      <trkpt lat="44.14743" lon="5.19205">
        <ele>493</ele>
        <time>2022-03-17T14:33:59.827Z</time>
      </trkpt>
      <trkpt lat="44.14781" lon="5.1922">
        <ele>508</ele>
        <time>2022-03-17T14:37:20.827Z</time>
      </trkpt>
      <trkpt lat="44.14782" lon="5.1922">
        <ele>508</ele>
        <time>2022-03-17T14:37:21.826Z</time>
      </trkpt>
      <trkpt lat="44.14784" lon="5.19221">
        <ele>508</ele>
        <time>2022-03-17T14:37:22.827Z</time>
      </trkpt>
      <trkpt lat="44.14786" lon="5.19222">
        <ele>508</ele>
        <time>2022-03-17T14:37:23.827Z</time>
      </trkpt>
      <trkpt lat="44.14786" lon="5.19223">
        <ele>507</ele>
        <time>2022-03-17T14:37:24.827Z</time>
      </trkpt>
      <trkpt lat="44.14787" lon="5.19223">
        <ele>507</ele>
        <time>2022-03-17T14:37:25.827Z</time>
      </trkpt>
      <trkpt lat="44.14788" lon="5.19224">
        <ele>507</ele>
        <time>2022-03-17T14:37:26.827Z</time>
      </trkpt>
      <trkpt lat="44.1479" lon="5.19226">
        <ele>507</ele>
        <time>2022-03-17T14:37:28.827Z</time>
      </trkpt>
      <trkpt lat="44.14791" lon="5.19227">
        <ele>507</ele>
        <time>2022-03-17T14:37:29.826Z</time>
      </trkpt>
      <trkpt lat="44.14792" lon="5.19228">
        <ele>507</ele>
        <time>2022-03-17T14:37:30.827Z</time>
      </trkpt>
      <trkpt lat="44.14793" lon="5.19229">
        <ele>507</ele>
        <time>2022-03-17T14:37:31.827Z</time>
      </trkpt>
      <trkpt lat="44.14794" lon="5.19229">
        <ele>507</ele>
        <time>2022-03-17T14:37:32.827Z</time>
      </trkpt>
      <trkpt lat="44.14796" lon="5.1923">
        <ele>507</ele>
        <time>2022-03-17T14:37:33.827Z</time>
      </trkpt>
      <trkpt lat="44.14797" lon="5.19231">
        <ele>507</ele>
        <time>2022-03-17T14:37:34.827Z</time>
      </trkpt>
      <trkpt lat="44.14797" lon="5.19232">
        <ele>507</ele>
        <time>2022-03-17T14:37:35.827Z</time>
      </trkpt>
      <trkpt lat="44.14798" lon="5.19233">
        <ele>507</ele>
        <time>2022-03-17T14:37:36.827Z</time>
      </trkpt>
      <trkpt lat="44.14799" lon="5.19234">
        <ele>507</ele>
        <time>2022-03-17T14:37:37.827Z</time>
      </trkpt>
      <trkpt lat="44.14799" lon="5.19235">
        <ele>507</ele>
        <time>2022-03-17T14:37:38.827Z</time>
      </trkpt>
      <trkpt lat="44.148" lon="5.19235">
        <ele>507</ele>
        <time>2022-03-17T14:37:39.827Z</time>
      </trkpt>
      <trkpt lat="44.14802" lon="5.19237">
        <ele>507</ele>
        <time>2022-03-17T14:37:40.827Z</time>
      </trkpt>
      <trkpt lat="44.14803" lon="5.19238">
        <ele>507</ele>
        <time>2022-03-17T14:37:41.826Z</time>
      </trkpt>
      <trkpt lat="44.14804" lon="5.19239">
        <ele>507</ele>
        <time>2022-03-17T14:37:42.827Z</time>
      </trkpt>
      <trkpt lat="44.14806" lon="5.1924">
        <ele>507</ele>
        <time>2022-03-17T14:37:43.826Z</time>
      </trkpt>
      <trkpt lat="44.14809" lon="5.1924">
        <ele>507</ele>
        <time>2022-03-17T14:37:44.826Z</time>
      </trkpt>
      <trkpt lat="44.14811" lon="5.1924">
        <ele>507</ele>
        <time>2022-03-17T14:37:45.827Z</time>
      </trkpt>
      <trkpt lat="44.14812" lon="5.1924">
        <ele>506</ele>
        <time>2022-03-17T14:37:46.826Z</time>
      </trkpt>
      <trkpt lat="44.14813" lon="5.1924">
        <ele>506</ele>
        <time>2022-03-17T14:37:47.827Z</time>
      </trkpt>
      <trkpt lat="44.14814" lon="5.1924">
        <ele>506</ele>
        <time>2022-03-17T14:37:48.827Z</time>
      </trkpt>
      <trkpt lat="44.14815" lon="5.1924">
        <ele>506</ele>
        <time>2022-03-17T14:37:49.826Z</time>
      </trkpt>
      <trkpt lat="44.14816" lon="5.1924">
        <ele>506</ele>
        <time>2022-03-17T14:37:50.827Z</time>
      </trkpt>
      <trkpt lat="44.14817" lon="5.19241">
        <ele>507</ele>
        <time>2022-03-17T14:37:51.827Z</time>
      </trkpt>
      <trkpt lat="44.14818" lon="5.19241">
        <ele>507</ele>
        <time>2022-03-17T14:37:52.827Z</time>
      </trkpt>
      <trkpt lat="44.14819" lon="5.1924">
        <ele>507</ele>
        <time>2022-03-17T14:37:53.827Z</time>
      </trkpt>
      <trkpt lat="44.1482" lon="5.1924">
        <ele>507</ele>
        <time>2022-03-17T14:37:54.826Z</time>
      </trkpt>
      <trkpt lat="44.14822" lon="5.1924">
        <ele>507</ele>
        <time>2022-03-17T14:37:55.827Z</time>
      </trkpt>
      <trkpt lat="44.14823" lon="5.1924">
        <ele>507</ele>
        <time>2022-03-17T14:37:56.827Z</time>
      </trkpt>
      <trkpt lat="44.14825" lon="5.1924">
        <ele>507</ele>
        <time>2022-03-17T14:37:57.827Z</time>
      </trkpt>
      <trkpt lat="44.14827" lon="5.1924">
        <ele>507</ele>
        <time>2022-03-17T14:37:58.827Z</time>
      </trkpt>
      <trkpt lat="44.14828" lon="5.19241">
        <ele>507</ele>
        <time>2022-03-17T14:37:59.827Z</time>
      </trkpt>
      <trkpt lat="44.14829" lon="5.19242">
        <ele>507</ele>
        <time>2022-03-17T14:38:00.826Z</time>
      </trkpt>
      <trkpt lat="44.1483" lon="5.19243">
        <ele>508</ele>
        <time>2022-03-17T14:38:01.827Z</time>
      </trkpt>
      <trkpt lat="44.14831" lon="5.19243">
        <ele>508</ele>
        <time>2022-03-17T14:38:02.827Z</time>
      </trkpt>
      <trkpt lat="44.14832" lon="5.19243">
        <ele>508</ele>
        <time>2022-03-17T14:38:03.827Z</time>
      </trkpt>
      <trkpt lat="44.14834" lon="5.19244">
        <ele>509</ele>
        <time>2022-03-17T14:38:05.827Z</time>
      </trkpt>
      <trkpt lat="44.14871" lon="5.19264">
        <ele>521</ele>
        <time>2022-03-17T14:42:12.827Z</time>
      </trkpt>
      <trkpt lat="44.14873" lon="5.19265">
        <ele>521</ele>
        <time>2022-03-17T14:42:14.827Z</time>
      </trkpt>
      <trkpt lat="44.14874" lon="5.19266">
        <ele>521</ele>
        <time>2022-03-17T14:42:15.826Z</time>
      </trkpt>
      <trkpt lat="44.14875" lon="5.19266">
        <ele>521</ele>
        <time>2022-03-17T14:42:16.827Z</time>
      </trkpt>
      <trkpt lat="44.14875" lon="5.19267">
        <ele>521</ele>
        <time>2022-03-17T14:42:17.827Z</time>
      </trkpt>
      <trkpt lat="44.14876" lon="5.19269">
        <ele>521</ele>
        <time>2022-03-17T14:42:18.827Z</time>
      </trkpt>
      <trkpt lat="44.14877" lon="5.1927">
        <ele>521</ele>
        <time>2022-03-17T14:42:19.827Z</time>
      </trkpt>
      <trkpt lat="44.14878" lon="5.19272">
        <ele>521</ele>
        <time>2022-03-17T14:42:20.826Z</time>
      </trkpt>
      <trkpt lat="44.14879" lon="5.19273">
        <ele>521</ele>
        <time>2022-03-17T14:42:21.827Z</time>
      </trkpt>
      <trkpt lat="44.1488" lon="5.19274">
        <ele>521</ele>
        <time>2022-03-17T14:42:22.827Z</time>
      </trkpt>
      <trkpt lat="44.14882" lon="5.19275">
        <ele>521</ele>
        <time>2022-03-17T14:42:23.827Z</time>
      </trkpt>
      <trkpt lat="44.14884" lon="5.19276">
        <ele>521</ele>
        <time>2022-03-17T14:42:24.826Z</time>
      </trkpt>
      <trkpt lat="44.14885" lon="5.19277">
        <ele>521</ele>
        <time>2022-03-17T14:42:25.827Z</time>
      </trkpt>
      <trkpt lat="44.14886" lon="5.19277">
        <ele>520</ele>
        <time>2022-03-17T14:42:26.827Z</time>
      </trkpt>
      <trkpt lat="44.14887" lon="5.19278">
        <ele>520</ele>
        <time>2022-03-17T14:42:27.827Z</time>
      </trkpt>
      <trkpt lat="44.14889" lon="5.19278">
        <ele>520</ele>
        <time>2022-03-17T14:42:28.827Z</time>
      </trkpt>
      <trkpt lat="44.14891" lon="5.19278">
        <ele>520</ele>
        <time>2022-03-17T14:42:29.826Z</time>
      </trkpt>
      <trkpt lat="44.14892" lon="5.19279">
        <ele>520</ele>
        <time>2022-03-17T14:42:30.827Z</time>
      </trkpt>
      <trkpt lat="44.14893" lon="5.19279">
        <ele>520</ele>
        <time>2022-03-17T14:42:31.826Z</time>
      </trkpt>
      <trkpt lat="44.14895" lon="5.1928">
        <ele>520</ele>
        <time>2022-03-17T14:42:32.827Z</time>
      </trkpt>
      <trkpt lat="44.14896" lon="5.1928">
        <ele>520</ele>
        <time>2022-03-17T14:42:33.826Z</time>
      </trkpt>
      <trkpt lat="44.14898" lon="5.1928">
        <ele>520</ele>
        <time>2022-03-17T14:42:34.826Z</time>
      </trkpt>
      <trkpt lat="44.14899" lon="5.1928">
        <ele>521</ele>
        <time>2022-03-17T14:42:36.827Z</time>
      </trkpt>
      <trkpt lat="44.149" lon="5.19281">
        <ele>521</ele>
        <time>2022-03-17T14:42:37.826Z</time>
      </trkpt>
      <trkpt lat="44.14901" lon="5.19282">
        <ele>521</ele>
        <time>2022-03-17T14:42:38.827Z</time>
      </trkpt>
      <trkpt lat="44.14901" lon="5.19284">
        <ele>522</ele>
        <time>2022-03-17T14:42:39.827Z</time>
      </trkpt>
      <trkpt lat="44.14902" lon="5.19284">
        <ele>522</ele>
        <time>2022-03-17T14:42:40.827Z</time>
      </trkpt>
      <trkpt lat="44.14903" lon="5.19286">
        <ele>522</ele>
        <time>2022-03-17T14:42:41.827Z</time>
      </trkpt>
      <trkpt lat="44.14904" lon="5.19286">
        <ele>522</ele>
        <time>2022-03-17T14:42:42.827Z</time>
      </trkpt>
      <trkpt lat="44.14906" lon="5.19287">
        <ele>522</ele>
        <time>2022-03-17T14:42:43.826Z</time>
      </trkpt>
      <trkpt lat="44.14908" lon="5.19287">
        <ele>522</ele>
        <time>2022-03-17T14:42:44.827Z</time>
      </trkpt>
      <trkpt lat="44.1491" lon="5.19289">
        <ele>522</ele>
        <time>2022-03-17T14:42:45.827Z</time>
      </trkpt>
      <trkpt lat="44.14911" lon="5.19291">
        <ele>522</ele>
        <time>2022-03-17T14:42:46.826Z</time>
      </trkpt>
      <trkpt lat="44.14912" lon="5.19291">
        <ele>522</ele>
        <time>2022-03-17T14:42:47.827Z</time>
      </trkpt>
      <trkpt lat="44.14914" lon="5.19292">
        <ele>522</ele>
        <time>2022-03-17T14:42:48.827Z</time>
      </trkpt>
      <trkpt lat="44.14915" lon="5.19291">
        <ele>521</ele>
        <time>2022-03-17T14:42:50.827Z</time>
      </trkpt>
      <trkpt lat="44.14916" lon="5.19291">
        <ele>521</ele>
        <time>2022-03-17T14:42:51.827Z</time>
      </trkpt>
      <trkpt lat="44.14918" lon="5.1929">
        <ele>521</ele>
        <time>2022-03-17T14:42:52.827Z</time>
      </trkpt>
      <trkpt lat="44.14918" lon="5.19289">
        <ele>521</ele>
        <time>2022-03-17T14:42:53.826Z</time>
      </trkpt>
      <trkpt lat="44.14919" lon="5.19288">
        <ele>521</ele>
        <time>2022-03-17T14:42:54.827Z</time>
      </trkpt>
      <trkpt lat="44.1492" lon="5.19288">
        <ele>521</ele>
        <time>2022-03-17T14:42:55.827Z</time>
      </trkpt>
      <trkpt lat="44.14921" lon="5.19288">
        <ele>521</ele>
        <time>2022-03-17T14:42:56.827Z</time>
      </trkpt>
      <trkpt lat="44.14922" lon="5.19287">
        <ele>521</ele>
        <time>2022-03-17T14:42:57.827Z</time>
      </trkpt>
      <trkpt lat="44.14923" lon="5.19286">
        <ele>522</ele>
        <time>2022-03-17T14:42:58.826Z</time>
      </trkpt>
      <trkpt lat="44.14924" lon="5.19286">
        <ele>522</ele>
        <time>2022-03-17T14:42:59.826Z</time>
      </trkpt>
      <trkpt lat="44.14926" lon="5.19286">
        <ele>523</ele>
        <time>2022-03-17T14:43:00.827Z</time>
      </trkpt>
      <trkpt lat="44.14927" lon="5.19287">
        <ele>523</ele>
        <time>2022-03-17T14:43:01.827Z</time>
      </trkpt>
      <trkpt lat="44.14929" lon="5.19287">
        <ele>523</ele>
        <time>2022-03-17T14:43:02.826Z</time>
      </trkpt>
      <trkpt lat="44.14931" lon="5.19287">
        <ele>524</ele>
        <time>2022-03-17T14:43:03.826Z</time>
      </trkpt>
      <trkpt lat="44.14932" lon="5.19286">
        <ele>524</ele>
        <time>2022-03-17T14:43:04.826Z</time>
      </trkpt>
      <trkpt lat="44.14933" lon="5.19286">
        <ele>524</ele>
        <time>2022-03-17T14:43:05.827Z</time>
      </trkpt>
      <trkpt lat="44.14935" lon="5.19285">
        <ele>524</ele>
        <time>2022-03-17T14:43:06.826Z</time>
      </trkpt>
      <trkpt lat="44.14936" lon="5.19285">
        <ele>525</ele>
        <time>2022-03-17T14:43:07.827Z</time>
      </trkpt>
      <trkpt lat="44.14937" lon="5.19284">
        <ele>525</ele>
        <time>2022-03-17T14:43:08.827Z</time>
      </trkpt>
      <trkpt lat="44.14938" lon="5.19284">
        <ele>526</ele>
        <time>2022-03-17T14:43:09.826Z</time>
      </trkpt>
      <trkpt lat="44.14939" lon="5.19284">
        <ele>527</ele>
        <time>2022-03-17T14:43:10.827Z</time>
      </trkpt>
      <trkpt lat="44.1494" lon="5.19283">
        <ele>527</ele>
        <time>2022-03-17T14:43:11.827Z</time>
      </trkpt>
      <trkpt lat="44.14941" lon="5.19283">
        <ele>528</ele>
        <time>2022-03-17T14:43:12.827Z</time>
      </trkpt>
      <trkpt lat="44.14942" lon="5.19283">
        <ele>528</ele>
        <time>2022-03-17T14:43:13.826Z</time>
      </trkpt>
      <trkpt lat="44.14943" lon="5.19282">
        <ele>529</ele>
        <time>2022-03-17T14:43:14.826Z</time>
      </trkpt>
      <trkpt lat="44.14944" lon="5.19282">
        <ele>530</ele>
        <time>2022-03-17T14:43:15.826Z</time>
      </trkpt>
      <trkpt lat="44.14945" lon="5.19281">
        <ele>531</ele>
        <time>2022-03-17T14:43:16.827Z</time>
      </trkpt>
      <trkpt lat="44.14947" lon="5.1928">
        <ele>531</ele>
        <time>2022-03-17T14:43:17.827Z</time>
      </trkpt>
      <trkpt lat="44.14948" lon="5.19279">
        <ele>532</ele>
        <time>2022-03-17T14:43:18.827Z</time>
      </trkpt>
      <trkpt lat="44.1495" lon="5.19279">
        <ele>533</ele>
        <time>2022-03-17T14:43:19.827Z</time>
      </trkpt>
      <trkpt lat="44.1495" lon="5.19278">
        <ele>533</ele>
        <time>2022-03-17T14:43:20.827Z</time>
      </trkpt>
      <trkpt lat="44.14951" lon="5.19278">
        <ele>534</ele>
        <time>2022-03-17T14:43:21.826Z</time>
      </trkpt>
      <trkpt lat="44.14952" lon="5.19277">
        <ele>534</ele>
        <time>2022-03-17T14:43:22.827Z</time>
      </trkpt>
      <trkpt lat="44.14953" lon="5.19276">
        <ele>535</ele>
        <time>2022-03-17T14:43:23.827Z</time>
      </trkpt>
      <trkpt lat="44.14954" lon="5.19276">
        <ele>535</ele>
        <time>2022-03-17T14:43:24.826Z</time>
      </trkpt>
      <trkpt lat="44.14955" lon="5.19276">
        <ele>535</ele>
        <time>2022-03-17T14:43:25.827Z</time>
      </trkpt>
      <trkpt lat="44.14956" lon="5.19277">
        <ele>536</ele>
        <time>2022-03-17T14:43:26.826Z</time>
      </trkpt>
      <trkpt lat="44.14957" lon="5.19278">
        <ele>536</ele>
        <time>2022-03-17T14:43:27.827Z</time>
      </trkpt>
      <trkpt lat="44.14959" lon="5.19279">
        <ele>536</ele>
        <time>2022-03-17T14:43:28.826Z</time>
      </trkpt>
      <trkpt lat="44.1496" lon="5.1928">
        <ele>536</ele>
        <time>2022-03-17T14:43:29.827Z</time>
      </trkpt>
      <trkpt lat="44.1496" lon="5.19281">
        <ele>536</ele>
        <time>2022-03-17T14:43:30.827Z</time>
      </trkpt>
      <trkpt lat="44.14961" lon="5.19281">
        <ele>536</ele>
        <time>2022-03-17T14:43:31.827Z</time>
      </trkpt>
      <trkpt lat="44.14963" lon="5.19282">
        <ele>536</ele>
        <time>2022-03-17T14:43:32.827Z</time>
      </trkpt>
      <trkpt lat="44.14964" lon="5.19282">
        <ele>536</ele>
        <time>2022-03-17T14:43:33.826Z</time>
      </trkpt>
      <trkpt lat="44.14965" lon="5.19282">
        <ele>536</ele>
        <time>2022-03-17T14:43:34.827Z</time>
      </trkpt>
      <trkpt lat="44.14967" lon="5.19282">
        <ele>536</ele>
        <time>2022-03-17T14:43:35.827Z</time>
      </trkpt>
      <trkpt lat="44.14968" lon="5.19282">
        <ele>536</ele>
        <time>2022-03-17T14:43:36.827Z</time>
      </trkpt>
      <trkpt lat="44.14969" lon="5.19282">
        <ele>536</ele>
        <time>2022-03-17T14:43:37.826Z</time>
      </trkpt>
      <trkpt lat="44.14971" lon="5.19282">
        <ele>537</ele>
        <time>2022-03-17T14:43:38.827Z</time>
      </trkpt>
      <trkpt lat="44.14972" lon="5.19283">
        <ele>537</ele>
        <time>2022-03-17T14:43:39.827Z</time>
      </trkpt>
      <trkpt lat="44.14974" lon="5.19285">
        <ele>537</ele>
        <time>2022-03-17T14:43:40.827Z</time>
      </trkpt>
      <trkpt lat="44.14975" lon="5.19287">
        <ele>537</ele>
        <time>2022-03-17T14:43:41.827Z</time>
      </trkpt>
      <trkpt lat="44.14978" lon="5.19289">
        <ele>537</ele>
        <time>2022-03-17T14:43:42.827Z</time>
      </trkpt>
      <trkpt lat="44.14979" lon="5.1929">
        <ele>538</ele>
        <time>2022-03-17T14:43:43.827Z</time>
      </trkpt>
      <trkpt lat="44.1498" lon="5.19291">
        <ele>538</ele>
        <time>2022-03-17T14:43:44.827Z</time>
      </trkpt>
      <trkpt lat="44.14981" lon="5.19292">
        <ele>538</ele>
        <time>2022-03-17T14:43:45.826Z</time>
      </trkpt>
      <trkpt lat="44.14982" lon="5.19292">
        <ele>539</ele>
        <time>2022-03-17T14:43:46.826Z</time>
      </trkpt>
      <trkpt lat="44.14983" lon="5.19291">
        <ele>539</ele>
        <time>2022-03-17T14:43:47.827Z</time>
      </trkpt>
      <trkpt lat="44.14984" lon="5.19291">
        <ele>539</ele>
        <time>2022-03-17T14:43:48.827Z</time>
      </trkpt>
      <trkpt lat="44.14984" lon="5.19293">
        <ele>539</ele>
        <time>2022-03-17T14:43:49.827Z</time>
      </trkpt>
      <trkpt lat="44.14985" lon="5.19293">
        <ele>540</ele>
        <time>2022-03-17T14:43:50.827Z</time>
      </trkpt>
      <trkpt lat="44.14986" lon="5.19293">
        <ele>540</ele>
        <time>2022-03-17T14:43:51.827Z</time>
      </trkpt>
      <trkpt lat="44.14987" lon="5.19293">
        <ele>541</ele>
        <time>2022-03-17T14:43:52.826Z</time>
      </trkpt>
      <trkpt lat="44.14988" lon="5.19294">
        <ele>541</ele>
        <time>2022-03-17T14:43:53.827Z</time>
      </trkpt>
      <trkpt lat="44.14989" lon="5.19295">
        <ele>541</ele>
        <time>2022-03-17T14:43:54.827Z</time>
      </trkpt>
      <trkpt lat="44.1499" lon="5.19296">
        <ele>542</ele>
        <time>2022-03-17T14:43:55.827Z</time>
      </trkpt>
      <trkpt lat="44.14991" lon="5.19296">
        <ele>542</ele>
        <time>2022-03-17T14:43:56.826Z</time>
      </trkpt>
      <trkpt lat="44.14992" lon="5.19296">
        <ele>542</ele>
        <time>2022-03-17T14:43:57.827Z</time>
      </trkpt>
      <trkpt lat="44.14993" lon="5.19297">
        <ele>543</ele>
        <time>2022-03-17T14:43:58.827Z</time>
      </trkpt>
      <trkpt lat="44.14994" lon="5.19298">
        <ele>543</ele>
        <time>2022-03-17T14:43:59.827Z</time>
      </trkpt>
      <trkpt lat="44.14995" lon="5.19299">
        <ele>543</ele>
        <time>2022-03-17T14:44:00.827Z</time>
      </trkpt>
      <trkpt lat="44.14996" lon="5.19301">
        <ele>543</ele>
        <time>2022-03-17T14:44:01.827Z</time>
      </trkpt>
      <trkpt lat="44.14998" lon="5.19304">
        <ele>543</ele>
        <time>2022-03-17T14:44:02.827Z</time>
      </trkpt>
      <trkpt lat="44.14999" lon="5.19304">
        <ele>543</ele>
        <time>2022-03-17T14:44:03.827Z</time>
      </trkpt>
      <trkpt lat="44.15" lon="5.19306">
        <ele>544</ele>
        <time>2022-03-17T14:44:04.826Z</time>
      </trkpt>
      <trkpt lat="44.15002" lon="5.19307">
        <ele>544</ele>
        <time>2022-03-17T14:44:05.827Z</time>
      </trkpt>
      <trkpt lat="44.15004" lon="5.19308">
        <ele>544</ele>
        <time>2022-03-17T14:44:06.827Z</time>
      </trkpt>
      <trkpt lat="44.15005" lon="5.1931">
        <ele>544</ele>
        <time>2022-03-17T14:44:07.827Z</time>
      </trkpt>
      <trkpt lat="44.15007" lon="5.19311">
        <ele>544</ele>
        <time>2022-03-17T14:44:08.826Z</time>
      </trkpt>
      <trkpt lat="44.15008" lon="5.19311">
        <ele>544</ele>
        <time>2022-03-17T14:44:09.826Z</time>
      </trkpt>
      <trkpt lat="44.15008" lon="5.19313">
        <ele>544</ele>
        <time>2022-03-17T14:44:10.827Z</time>
      </trkpt>
      <trkpt lat="44.15009" lon="5.19315">
        <ele>544</ele>
        <time>2022-03-17T14:44:11.827Z</time>
      </trkpt>
      <trkpt lat="44.15009" lon="5.19317">
        <ele>544</ele>
        <time>2022-03-17T14:44:12.827Z</time>
      </trkpt>
      <trkpt lat="44.1501" lon="5.19318">
        <ele>544</ele>
        <time>2022-03-17T14:44:13.827Z</time>
      </trkpt>
      <trkpt lat="44.15011" lon="5.19319">
        <ele>545</ele>
        <time>2022-03-17T14:44:14.826Z</time>
      </trkpt>
      <trkpt lat="44.15012" lon="5.19319">
        <ele>545</ele>
        <time>2022-03-17T14:44:15.826Z</time>
      </trkpt>
      <trkpt lat="44.15013" lon="5.1932">
        <ele>545</ele>
        <time>2022-03-17T14:44:16.827Z</time>
      </trkpt>
      <trkpt lat="44.15014" lon="5.19321">
        <ele>545</ele>
        <time>2022-03-17T14:44:17.827Z</time>
      </trkpt>
      <trkpt lat="44.15016" lon="5.19322">
        <ele>545</ele>
        <time>2022-03-17T14:44:18.827Z</time>
      </trkpt>
      <trkpt lat="44.15017" lon="5.19322">
        <ele>545</ele>
        <time>2022-03-17T14:44:19.827Z</time>
      </trkpt>
      <trkpt lat="44.15018" lon="5.19322">
        <ele>545</ele>
        <time>2022-03-17T14:44:20.827Z</time>
      </trkpt>
      <trkpt lat="44.15019" lon="5.19322">
        <ele>545</ele>
        <time>2022-03-17T14:44:21.826Z</time>
      </trkpt>
      <trkpt lat="44.15021" lon="5.19322">
        <ele>546</ele>
        <time>2022-03-17T14:44:22.827Z</time>
      </trkpt>
      <trkpt lat="44.15022" lon="5.19323">
        <ele>546</ele>
        <time>2022-03-17T14:44:23.827Z</time>
      </trkpt>
      <trkpt lat="44.15023" lon="5.19323">
        <ele>546</ele>
        <time>2022-03-17T14:44:24.827Z</time>
      </trkpt>
      <trkpt lat="44.15025" lon="5.19323">
        <ele>546</ele>
        <time>2022-03-17T14:44:25.827Z</time>
      </trkpt>
      <trkpt lat="44.15026" lon="5.19323">
        <ele>546</ele>
        <time>2022-03-17T14:44:26.827Z</time>
      </trkpt>
      <trkpt lat="44.15027" lon="5.19323">
        <ele>546</ele>
        <time>2022-03-17T14:44:27.827Z</time>
      </trkpt>
      <trkpt lat="44.15029" lon="5.19323">
        <ele>546</ele>
        <time>2022-03-17T14:44:28.826Z</time>
      </trkpt>
      <trkpt lat="44.1503" lon="5.19324">
        <ele>546</ele>
        <time>2022-03-17T14:44:29.827Z</time>
      </trkpt>
      <trkpt lat="44.15031" lon="5.19326">
        <ele>546</ele>
        <time>2022-03-17T14:44:30.827Z</time>
      </trkpt>
      <trkpt lat="44.15033" lon="5.19326">
        <ele>546</ele>
        <time>2022-03-17T14:44:31.827Z</time>
      </trkpt>
      <trkpt lat="44.15035" lon="5.19327">
        <ele>546</ele>
        <time>2022-03-17T14:44:32.827Z</time>
      </trkpt>
      <trkpt lat="44.15036" lon="5.19327">
        <ele>546</ele>
        <time>2022-03-17T14:44:33.826Z</time>
      </trkpt>
      <trkpt lat="44.15038" lon="5.19327">
        <ele>547</ele>
        <time>2022-03-17T14:44:34.826Z</time>
      </trkpt>
      <trkpt lat="44.15039" lon="5.19327">
        <ele>547</ele>
        <time>2022-03-17T14:44:35.827Z</time>
      </trkpt>
      <trkpt lat="44.1504" lon="5.19327">
        <ele>547</ele>
        <time>2022-03-17T14:44:36.826Z</time>
      </trkpt>
      <trkpt lat="44.15042" lon="5.19327">
        <ele>547</ele>
        <time>2022-03-17T14:44:37.827Z</time>
      </trkpt>
      <trkpt lat="44.15043" lon="5.19327">
        <ele>547</ele>
        <time>2022-03-17T14:44:38.827Z</time>
      </trkpt>
      <trkpt lat="44.15044" lon="5.19328">
        <ele>547</ele>
        <time>2022-03-17T14:44:39.827Z</time>
      </trkpt>
      <trkpt lat="44.15045" lon="5.19328">
        <ele>548</ele>
        <time>2022-03-17T14:44:40.827Z</time>
      </trkpt>
      <trkpt lat="44.15047" lon="5.1933">
        <ele>548</ele>
        <time>2022-03-17T14:44:41.827Z</time>
      </trkpt>
      <trkpt lat="44.15048" lon="5.19332">
        <ele>548</ele>
        <time>2022-03-17T14:44:42.826Z</time>
      </trkpt>
      <trkpt lat="44.15049" lon="5.19334">
        <ele>548</ele>
        <time>2022-03-17T14:44:43.826Z</time>
      </trkpt>
      <trkpt lat="44.1505" lon="5.19337">
        <ele>548</ele>
        <time>2022-03-17T14:44:44.827Z</time>
      </trkpt>
      <trkpt lat="44.15051" lon="5.1934">
        <ele>548</ele>
        <time>2022-03-17T14:44:45.827Z</time>
      </trkpt>
      <trkpt lat="44.15053" lon="5.19342">
        <ele>548</ele>
        <time>2022-03-17T14:44:46.826Z</time>
      </trkpt>
      <trkpt lat="44.15054" lon="5.19343">
        <ele>548</ele>
        <time>2022-03-17T14:44:47.827Z</time>
      </trkpt>
      <trkpt lat="44.15055" lon="5.19345">
        <ele>547</ele>
        <time>2022-03-17T14:44:48.827Z</time>
      </trkpt>
      <trkpt lat="44.15056" lon="5.19346">
        <ele>547</ele>
        <time>2022-03-17T14:44:49.826Z</time>
      </trkpt>
      <trkpt lat="44.15057" lon="5.19348">
        <ele>547</ele>
        <time>2022-03-17T14:44:50.827Z</time>
      </trkpt>
      <trkpt lat="44.15058" lon="5.19349">
        <ele>547</ele>
        <time>2022-03-17T14:44:51.827Z</time>
      </trkpt>
      <trkpt lat="44.1506" lon="5.1935">
        <ele>547</ele>
        <time>2022-03-17T14:44:52.827Z</time>
      </trkpt>
      <trkpt lat="44.1506" lon="5.19352">
        <ele>547</ele>
        <time>2022-03-17T14:44:53.826Z</time>
      </trkpt>
      <trkpt lat="44.15061" lon="5.19353">
        <ele>547</ele>
        <time>2022-03-17T14:44:54.827Z</time>
      </trkpt>
      <trkpt lat="44.15062" lon="5.19354">
        <ele>547</ele>
        <time>2022-03-17T14:44:55.826Z</time>
      </trkpt>
      <trkpt lat="44.15064" lon="5.19354">
        <ele>547</ele>
        <time>2022-03-17T14:44:56.827Z</time>
      </trkpt>
      <trkpt lat="44.15065" lon="5.19355">
        <ele>547</ele>
        <time>2022-03-17T14:44:57.827Z</time>
      </trkpt>
      <trkpt lat="44.15066" lon="5.19357">
        <ele>546</ele>
        <time>2022-03-17T14:44:58.827Z</time>
      </trkpt>
      <trkpt lat="44.15066" lon="5.19358">
        <ele>546</ele>
        <time>2022-03-17T14:44:59.827Z</time>
      </trkpt>
      <trkpt lat="44.15068" lon="5.19359">
        <ele>546</ele>
        <time>2022-03-17T14:45:00.827Z</time>
      </trkpt>
      <trkpt lat="44.15069" lon="5.19359">
        <ele>546</ele>
        <time>2022-03-17T14:45:01.826Z</time>
      </trkpt>
      <trkpt lat="44.1507" lon="5.19359">
        <ele>545</ele>
        <time>2022-03-17T14:45:02.827Z</time>
      </trkpt>
      <trkpt lat="44.15071" lon="5.19358">
        <ele>545</ele>
        <time>2022-03-17T14:45:03.827Z</time>
      </trkpt>
      <trkpt lat="44.15072" lon="5.19358">
        <ele>545</ele>
        <time>2022-03-17T14:45:04.827Z</time>
      </trkpt>
      <trkpt lat="44.15074" lon="5.19357">
        <ele>545</ele>
        <time>2022-03-17T14:45:05.827Z</time>
      </trkpt>
      <trkpt lat="44.15075" lon="5.19355">
        <ele>545</ele>
        <time>2022-03-17T14:45:06.827Z</time>
      </trkpt>
      <trkpt lat="44.15076" lon="5.19356">
        <ele>545</ele>
        <time>2022-03-17T14:45:07.826Z</time>
      </trkpt>
      <trkpt lat="44.15077" lon="5.19356">
        <ele>545</ele>
        <time>2022-03-17T14:45:08.826Z</time>
      </trkpt>
      <trkpt lat="44.15079" lon="5.19356">
        <ele>544</ele>
        <time>2022-03-17T14:45:09.827Z</time>
      </trkpt>
      <trkpt lat="44.1508" lon="5.19356">
        <ele>544</ele>
        <time>2022-03-17T14:45:10.827Z</time>
      </trkpt>
      <trkpt lat="44.15081" lon="5.19356">
        <ele>544</ele>
        <time>2022-03-17T14:45:11.827Z</time>
      </trkpt>
      <trkpt lat="44.15081" lon="5.19357">
        <ele>544</ele>
        <time>2022-03-17T14:45:12.826Z</time>
      </trkpt>
      <trkpt lat="44.15082" lon="5.19357">
        <ele>544</ele>
        <time>2022-03-17T14:45:13.827Z</time>
      </trkpt>
      <trkpt lat="44.15083" lon="5.19358">
        <ele>544</ele>
        <time>2022-03-17T14:45:14.827Z</time>
      </trkpt>
      <trkpt lat="44.15084" lon="5.19359">
        <ele>544</ele>
        <time>2022-03-17T14:45:15.827Z</time>
      </trkpt>
      <trkpt lat="44.15086" lon="5.19359">
        <ele>544</ele>
        <time>2022-03-17T14:45:16.826Z</time>
      </trkpt>
      <trkpt lat="44.15087" lon="5.19359">
        <ele>543</ele>
        <time>2022-03-17T14:45:17.827Z</time>
      </trkpt>
      <trkpt lat="44.15088" lon="5.19358">
        <ele>543</ele>
        <time>2022-03-17T14:45:18.827Z</time>
      </trkpt>
      <trkpt lat="44.15089" lon="5.19357">
        <ele>543</ele>
        <time>2022-03-17T14:45:19.827Z</time>
      </trkpt>
      <trkpt lat="44.1509" lon="5.19356">
        <ele>543</ele>
        <time>2022-03-17T14:45:20.827Z</time>
      </trkpt>
      <trkpt lat="44.15092" lon="5.19355">
        <ele>542</ele>
        <time>2022-03-17T14:45:21.826Z</time>
      </trkpt>
      <trkpt lat="44.15094" lon="5.19354">
        <ele>542</ele>
        <time>2022-03-17T14:45:22.827Z</time>
      </trkpt>
      <trkpt lat="44.15095" lon="5.19354">
        <ele>542</ele>
        <time>2022-03-17T14:45:23.827Z</time>
      </trkpt>
      <trkpt lat="44.15097" lon="5.19354">
        <ele>542</ele>
        <time>2022-03-17T14:45:24.827Z</time>
      </trkpt>
      <trkpt lat="44.15098" lon="5.19355">
        <ele>542</ele>
        <time>2022-03-17T14:45:25.826Z</time>
      </trkpt>
      <trkpt lat="44.15099" lon="5.19355">
        <ele>542</ele>
        <time>2022-03-17T14:45:26.827Z</time>
      </trkpt>
      <trkpt lat="44.151" lon="5.19356">
        <ele>542</ele>
        <time>2022-03-17T14:45:27.827Z</time>
      </trkpt>
      <trkpt lat="44.15101" lon="5.19358">
        <ele>543</ele>
        <time>2022-03-17T14:45:28.826Z</time>
      </trkpt>
      <trkpt lat="44.15102" lon="5.1936">
        <ele>543</ele>
        <time>2022-03-17T14:45:29.826Z</time>
      </trkpt>
      <trkpt lat="44.15103" lon="5.19362">
        <ele>543</ele>
        <time>2022-03-17T14:45:30.827Z</time>
      </trkpt>
      <trkpt lat="44.15104" lon="5.19363">
        <ele>543</ele>
        <time>2022-03-17T14:45:31.827Z</time>
      </trkpt>
      <trkpt lat="44.15104" lon="5.19365">
        <ele>543</ele>
        <time>2022-03-17T14:45:32.827Z</time>
      </trkpt>
      <trkpt lat="44.15105" lon="5.19367">
        <ele>543</ele>
        <time>2022-03-17T14:45:33.827Z</time>
      </trkpt>
      <trkpt lat="44.15105" lon="5.19369">
        <ele>543</ele>
        <time>2022-03-17T14:45:34.827Z</time>
      </trkpt>
      <trkpt lat="44.15105" lon="5.1937">
        <ele>543</ele>
        <time>2022-03-17T14:45:35.826Z</time>
      </trkpt>
      <trkpt lat="44.15106" lon="5.19371">
        <ele>543</ele>
        <time>2022-03-17T14:45:36.827Z</time>
      </trkpt>
      <trkpt lat="44.15107" lon="5.19372">
        <ele>543</ele>
        <time>2022-03-17T14:45:37.827Z</time>
      </trkpt>
      <trkpt lat="44.15108" lon="5.19372">
        <ele>543</ele>
        <time>2022-03-17T14:45:38.827Z</time>
      </trkpt>
      <trkpt lat="44.15109" lon="5.19372">
        <ele>543</ele>
        <time>2022-03-17T14:45:39.827Z</time>
      </trkpt>
      <trkpt lat="44.1511" lon="5.19373">
        <ele>544</ele>
        <time>2022-03-17T14:45:40.827Z</time>
      </trkpt>
      <trkpt lat="44.15111" lon="5.19373">
        <ele>544</ele>
        <time>2022-03-17T14:45:41.827Z</time>
      </trkpt>
      <trkpt lat="44.15113" lon="5.19372">
        <ele>544</ele>
        <time>2022-03-17T14:45:42.827Z</time>
      </trkpt>
      <trkpt lat="44.15115" lon="5.19372">
        <ele>544</ele>
        <time>2022-03-17T14:45:43.826Z</time>
      </trkpt>
      <trkpt lat="44.15117" lon="5.19372">
        <ele>545</ele>
        <time>2022-03-17T14:45:44.827Z</time>
      </trkpt>
      <trkpt lat="44.15118" lon="5.19373">
        <ele>545</ele>
        <time>2022-03-17T14:45:45.826Z</time>
      </trkpt>
      <trkpt lat="44.1512" lon="5.19373">
        <ele>545</ele>
        <time>2022-03-17T14:45:46.826Z</time>
      </trkpt>
      <trkpt lat="44.15121" lon="5.19373">
        <ele>545</ele>
        <time>2022-03-17T14:45:47.827Z</time>
      </trkpt>
      <trkpt lat="44.15123" lon="5.19374">
        <ele>545</ele>
        <time>2022-03-17T14:45:48.827Z</time>
      </trkpt>
      <trkpt lat="44.15124" lon="5.19375">
        <ele>545</ele>
        <time>2022-03-17T14:45:49.827Z</time>
      </trkpt>
      <trkpt lat="44.15124" lon="5.19376">
        <ele>545</ele>
        <time>2022-03-17T14:45:50.827Z</time>
      </trkpt>
      <trkpt lat="44.15125" lon="5.19378">
        <ele>545</ele>
        <time>2022-03-17T14:45:51.827Z</time>
      </trkpt>
      <trkpt lat="44.15126" lon="5.19379">
        <ele>545</ele>
        <time>2022-03-17T14:45:52.826Z</time>
      </trkpt>
      <trkpt lat="44.15127" lon="5.1938">
        <ele>545</ele>
        <time>2022-03-17T14:45:53.826Z</time>
      </trkpt>
      <trkpt lat="44.15128" lon="5.1938">
        <ele>545</ele>
        <time>2022-03-17T14:45:54.826Z</time>
      </trkpt>
      <trkpt lat="44.15129" lon="5.1938">
        <ele>545</ele>
        <time>2022-03-17T14:45:55.827Z</time>
      </trkpt>
      <trkpt lat="44.15131" lon="5.1938">
        <ele>546</ele>
        <time>2022-03-17T14:45:56.826Z</time>
      </trkpt>
      <trkpt lat="44.15131" lon="5.19381">
        <ele>546</ele>
        <time>2022-03-17T14:45:57.827Z</time>
      </trkpt>
      <trkpt lat="44.15132" lon="5.19382">
        <ele>546</ele>
        <time>2022-03-17T14:45:58.826Z</time>
      </trkpt>
      <trkpt lat="44.15134" lon="5.19383">
        <ele>546</ele>
        <time>2022-03-17T14:45:59.827Z</time>
      </trkpt>
      <trkpt lat="44.15135" lon="5.19384">
        <ele>546</ele>
        <time>2022-03-17T14:46:00.826Z</time>
      </trkpt>
      <trkpt lat="44.15136" lon="5.19385">
        <ele>546</ele>
        <time>2022-03-17T14:46:01.827Z</time>
      </trkpt>
      <trkpt lat="44.15137" lon="5.19385">
        <ele>546</ele>
        <time>2022-03-17T14:46:02.827Z</time>
      </trkpt>
      <trkpt lat="44.15139" lon="5.19385">
        <ele>546</ele>
        <time>2022-03-17T14:46:03.826Z</time>
      </trkpt>
      <trkpt lat="44.1514" lon="5.19384">
        <ele>546</ele>
        <time>2022-03-17T14:46:04.826Z</time>
      </trkpt>
      <trkpt lat="44.15142" lon="5.19385">
        <ele>546</ele>
        <time>2022-03-17T14:46:05.827Z</time>
      </trkpt>
      <trkpt lat="44.15143" lon="5.19386">
        <ele>546</ele>
        <time>2022-03-17T14:46:06.827Z</time>
      </trkpt>
      <trkpt lat="44.15144" lon="5.19388">
        <ele>545</ele>
        <time>2022-03-17T14:46:07.827Z</time>
      </trkpt>
      <trkpt lat="44.15145" lon="5.19389">
        <ele>545</ele>
        <time>2022-03-17T14:46:08.826Z</time>
      </trkpt>
      <trkpt lat="44.15146" lon="5.19389">
        <ele>545</ele>
        <time>2022-03-17T14:46:09.827Z</time>
      </trkpt>
      <trkpt lat="44.15147" lon="5.1939">
        <ele>545</ele>
        <time>2022-03-17T14:46:10.827Z</time>
      </trkpt>
      <trkpt lat="44.15148" lon="5.19392">
        <ele>545</ele>
        <time>2022-03-17T14:46:11.827Z</time>
      </trkpt>
      <trkpt lat="44.15149" lon="5.19393">
        <ele>545</ele>
        <time>2022-03-17T14:46:12.826Z</time>
      </trkpt>
      <trkpt lat="44.15149" lon="5.19395">
        <ele>545</ele>
        <time>2022-03-17T14:46:13.826Z</time>
      </trkpt>
      <trkpt lat="44.1515" lon="5.19397">
        <ele>545</ele>
        <time>2022-03-17T14:46:14.826Z</time>
      </trkpt>
      <trkpt lat="44.15151" lon="5.19398">
        <ele>545</ele>
        <time>2022-03-17T14:46:15.827Z</time>
      </trkpt>
      <trkpt lat="44.15151" lon="5.194">
        <ele>545</ele>
        <time>2022-03-17T14:46:16.827Z</time>
      </trkpt>
      <trkpt lat="44.15152" lon="5.19401">
        <ele>544</ele>
        <time>2022-03-17T14:46:17.826Z</time>
      </trkpt>
      <trkpt lat="44.15153" lon="5.19402">
        <ele>544</ele>
        <time>2022-03-17T14:46:18.827Z</time>
      </trkpt>
      <trkpt lat="44.15155" lon="5.19404">
        <ele>544</ele>
        <time>2022-03-17T14:46:19.826Z</time>
      </trkpt>
      <trkpt lat="44.15157" lon="5.19406">
        <ele>544</ele>
        <time>2022-03-17T14:46:20.826Z</time>
      </trkpt>
      <trkpt lat="44.15158" lon="5.19409">
        <ele>544</ele>
        <time>2022-03-17T14:46:21.827Z</time>
      </trkpt>
      <trkpt lat="44.15158" lon="5.19411">
        <ele>544</ele>
        <time>2022-03-17T14:46:22.827Z</time>
      </trkpt>
      <trkpt lat="44.15158" lon="5.19414">
        <ele>544</ele>
        <time>2022-03-17T14:46:23.827Z</time>
      </trkpt>
      <trkpt lat="44.15159" lon="5.19416">
        <ele>544</ele>
        <time>2022-03-17T14:46:24.827Z</time>
      </trkpt>
      <trkpt lat="44.1516" lon="5.19417">
        <ele>544</ele>
        <time>2022-03-17T14:46:25.827Z</time>
      </trkpt>
      <trkpt lat="44.1516" lon="5.19419">
        <ele>545</ele>
        <time>2022-03-17T14:46:26.827Z</time>
      </trkpt>
      <trkpt lat="44.15161" lon="5.19421">
        <ele>545</ele>
        <time>2022-03-17T14:46:27.827Z</time>
      </trkpt>
      <trkpt lat="44.15162" lon="5.19423">
        <ele>545</ele>
        <time>2022-03-17T14:46:28.827Z</time>
      </trkpt>
      <trkpt lat="44.15162" lon="5.19425">
        <ele>546</ele>
        <time>2022-03-17T14:46:29.827Z</time>
      </trkpt>
      <trkpt lat="44.15163" lon="5.19426">
        <ele>546</ele>
        <time>2022-03-17T14:46:30.827Z</time>
      </trkpt>
      <trkpt lat="44.15164" lon="5.19428">
        <ele>546</ele>
        <time>2022-03-17T14:46:31.827Z</time>
      </trkpt>
      <trkpt lat="44.15164" lon="5.1943">
        <ele>547</ele>
        <time>2022-03-17T14:46:32.826Z</time>
      </trkpt>
      <trkpt lat="44.15164" lon="5.19432">
        <ele>547</ele>
        <time>2022-03-17T14:46:33.827Z</time>
      </trkpt>
      <trkpt lat="44.15165" lon="5.19434">
        <ele>547</ele>
        <time>2022-03-17T14:46:34.827Z</time>
      </trkpt>
      <trkpt lat="44.15166" lon="5.19435">
        <ele>548</ele>
        <time>2022-03-17T14:46:35.827Z</time>
      </trkpt>
      <trkpt lat="44.15167" lon="5.19436">
        <ele>548</ele>
        <time>2022-03-17T14:46:36.827Z</time>
      </trkpt>
      <trkpt lat="44.15168" lon="5.19436">
        <ele>548</ele>
        <time>2022-03-17T14:46:37.827Z</time>
      </trkpt>
      <trkpt lat="44.15169" lon="5.19437">
        <ele>549</ele>
        <time>2022-03-17T14:46:38.826Z</time>
      </trkpt>
      <trkpt lat="44.15169" lon="5.19438">
        <ele>549</ele>
        <time>2022-03-17T14:46:39.826Z</time>
      </trkpt>
      <trkpt lat="44.15169" lon="5.19437">
        <ele>550</ele>
        <time>2022-03-17T14:46:41.826Z</time>
      </trkpt>
      <trkpt lat="44.1517" lon="5.19437">
        <ele>551</ele>
        <time>2022-03-17T14:46:42.826Z</time>
      </trkpt>
      <trkpt lat="44.15171" lon="5.19436">
        <ele>551</ele>
        <time>2022-03-17T14:46:43.826Z</time>
      </trkpt>
      <trkpt lat="44.15172" lon="5.19436">
        <ele>551</ele>
        <time>2022-03-17T14:46:44.827Z</time>
      </trkpt>
      <trkpt lat="44.15174" lon="5.19436">
        <ele>552</ele>
        <time>2022-03-17T14:46:45.827Z</time>
      </trkpt>
      <trkpt lat="44.15176" lon="5.19436">
        <ele>552</ele>
        <time>2022-03-17T14:46:46.827Z</time>
      </trkpt>
      <trkpt lat="44.15177" lon="5.19436">
        <ele>553</ele>
        <time>2022-03-17T14:46:47.827Z</time>
      </trkpt>
      <trkpt lat="44.15179" lon="5.19436">
        <ele>553</ele>
        <time>2022-03-17T14:46:48.827Z</time>
      </trkpt>
      <trkpt lat="44.15181" lon="5.19437">
        <ele>553</ele>
        <time>2022-03-17T14:46:49.826Z</time>
      </trkpt>
      <trkpt lat="44.15183" lon="5.19438">
        <ele>553</ele>
        <time>2022-03-17T14:46:50.826Z</time>
      </trkpt>
      <trkpt lat="44.15184" lon="5.19439">
        <ele>553</ele>
        <time>2022-03-17T14:46:51.827Z</time>
      </trkpt>
      <trkpt lat="44.15185" lon="5.1944">
        <ele>553</ele>
        <time>2022-03-17T14:46:52.827Z</time>
      </trkpt>
      <trkpt lat="44.15186" lon="5.19441">
        <ele>554</ele>
        <time>2022-03-17T14:46:53.827Z</time>
      </trkpt>
      <trkpt lat="44.15188" lon="5.19442">
        <ele>554</ele>
        <time>2022-03-17T14:46:54.827Z</time>
      </trkpt>
      <trkpt lat="44.15189" lon="5.19442">
        <ele>554</ele>
        <time>2022-03-17T14:46:55.827Z</time>
      </trkpt>
      <trkpt lat="44.1519" lon="5.19444">
        <ele>555</ele>
        <time>2022-03-17T14:46:56.827Z</time>
      </trkpt>
      <trkpt lat="44.15191" lon="5.19444">
        <ele>555</ele>
        <time>2022-03-17T14:46:57.827Z</time>
      </trkpt>
      <trkpt lat="44.15192" lon="5.19445">
        <ele>555</ele>
        <time>2022-03-17T14:46:58.827Z</time>
      </trkpt>
      <trkpt lat="44.15194" lon="5.19446">
        <ele>555</ele>
        <time>2022-03-17T14:46:59.827Z</time>
      </trkpt>
      <trkpt lat="44.15196" lon="5.19447">
        <ele>556</ele>
        <time>2022-03-17T14:47:00.827Z</time>
      </trkpt>
      <trkpt lat="44.15197" lon="5.19449">
        <ele>556</ele>
        <time>2022-03-17T14:47:01.827Z</time>
      </trkpt>
      <trkpt lat="44.15198" lon="5.19449">
        <ele>556</ele>
        <time>2022-03-17T14:47:02.826Z</time>
      </trkpt>
      <trkpt lat="44.15199" lon="5.1945">
        <ele>556</ele>
        <time>2022-03-17T14:47:03.826Z</time>
      </trkpt>
      <trkpt lat="44.15201" lon="5.19452">
        <ele>556</ele>
        <time>2022-03-17T14:47:04.827Z</time>
      </trkpt>
      <trkpt lat="44.15202" lon="5.19453">
        <ele>556</ele>
        <time>2022-03-17T14:47:05.826Z</time>
      </trkpt>
      <trkpt lat="44.15203" lon="5.19454">
        <ele>556</ele>
        <time>2022-03-17T14:47:06.826Z</time>
      </trkpt>
      <trkpt lat="44.15204" lon="5.19455">
        <ele>556</ele>
        <time>2022-03-17T14:47:07.826Z</time>
      </trkpt>
      <trkpt lat="44.15205" lon="5.19457">
        <ele>557</ele>
        <time>2022-03-17T14:47:08.826Z</time>
      </trkpt>
      <trkpt lat="44.15206" lon="5.19459">
        <ele>557</ele>
        <time>2022-03-17T14:47:09.827Z</time>
      </trkpt>
      <trkpt lat="44.15207" lon="5.1946">
        <ele>557</ele>
        <time>2022-03-17T14:47:10.826Z</time>
      </trkpt>
      <trkpt lat="44.15208" lon="5.19461">
        <ele>557</ele>
        <time>2022-03-17T14:47:11.826Z</time>
      </trkpt>
      <trkpt lat="44.15209" lon="5.19462">
        <ele>557</ele>
        <time>2022-03-17T14:47:12.827Z</time>
      </trkpt>
      <trkpt lat="44.1521" lon="5.19463">
        <ele>558</ele>
        <time>2022-03-17T14:47:13.826Z</time>
      </trkpt>
      <trkpt lat="44.15212" lon="5.19464">
        <ele>558</ele>
        <time>2022-03-17T14:47:14.826Z</time>
      </trkpt>
      <trkpt lat="44.15213" lon="5.19464">
        <ele>558</ele>
        <time>2022-03-17T14:47:15.826Z</time>
      </trkpt>
      <trkpt lat="44.15214" lon="5.19464">
        <ele>558</ele>
        <time>2022-03-17T14:47:16.827Z</time>
      </trkpt>
      <trkpt lat="44.15214" lon="5.19463">
        <ele>559</ele>
        <time>2022-03-17T14:47:17.827Z</time>
      </trkpt>
      <trkpt lat="44.15216" lon="5.19463">
        <ele>559</ele>
        <time>2022-03-17T14:47:18.827Z</time>
      </trkpt>
      <trkpt lat="44.15218" lon="5.19462">
        <ele>559</ele>
        <time>2022-03-17T14:47:19.826Z</time>
      </trkpt>
      <trkpt lat="44.15219" lon="5.19462">
        <ele>560</ele>
        <time>2022-03-17T14:47:20.827Z</time>
      </trkpt>
      <trkpt lat="44.15221" lon="5.19461">
        <ele>560</ele>
        <time>2022-03-17T14:47:21.827Z</time>
      </trkpt>
      <trkpt lat="44.15222" lon="5.19461">
        <ele>561</ele>
        <time>2022-03-17T14:47:22.826Z</time>
      </trkpt>
      <trkpt lat="44.15224" lon="5.19461">
        <ele>561</ele>
        <time>2022-03-17T14:47:23.827Z</time>
      </trkpt>
      <trkpt lat="44.15226" lon="5.19461">
        <ele>561</ele>
        <time>2022-03-17T14:47:24.827Z</time>
      </trkpt>
      <trkpt lat="44.15227" lon="5.19461">
        <ele>561</ele>
        <time>2022-03-17T14:47:25.827Z</time>
      </trkpt>
      <trkpt lat="44.15228" lon="5.19462">
        <ele>561</ele>
        <time>2022-03-17T14:47:26.827Z</time>
      </trkpt>
      <trkpt lat="44.15229" lon="5.19463">
        <ele>561</ele>
        <time>2022-03-17T14:47:27.827Z</time>
      </trkpt>
      <trkpt lat="44.15231" lon="5.19464">
        <ele>561</ele>
        <time>2022-03-17T14:47:28.826Z</time>
      </trkpt>
      <trkpt lat="44.15232" lon="5.19464">
        <ele>562</ele>
        <time>2022-03-17T14:47:29.827Z</time>
      </trkpt>
      <trkpt lat="44.15234" lon="5.19465">
        <ele>562</ele>
        <time>2022-03-17T14:47:30.826Z</time>
      </trkpt>
      <trkpt lat="44.15236" lon="5.19466">
        <ele>562</ele>
        <time>2022-03-17T14:47:31.827Z</time>
      </trkpt>
      <trkpt lat="44.15236" lon="5.19468">
        <ele>562</ele>
        <time>2022-03-17T14:47:32.826Z</time>
      </trkpt>
      <trkpt lat="44.15237" lon="5.19469">
        <ele>562</ele>
        <time>2022-03-17T14:47:33.827Z</time>
      </trkpt>
      <trkpt lat="44.15238" lon="5.1947">
        <ele>562</ele>
        <time>2022-03-17T14:47:34.826Z</time>
      </trkpt>
      <trkpt lat="44.15239" lon="5.19471">
        <ele>562</ele>
        <time>2022-03-17T14:47:35.827Z</time>
      </trkpt>
      <trkpt lat="44.15241" lon="5.19471">
        <ele>562</ele>
        <time>2022-03-17T14:47:36.827Z</time>
      </trkpt>
      <trkpt lat="44.15243" lon="5.19471">
        <ele>562</ele>
        <time>2022-03-17T14:47:37.827Z</time>
      </trkpt>
      <trkpt lat="44.15245" lon="5.19471">
        <ele>562</ele>
        <time>2022-03-17T14:47:38.827Z</time>
      </trkpt>
      <trkpt lat="44.15247" lon="5.19471">
        <ele>562</ele>
        <time>2022-03-17T14:47:39.827Z</time>
      </trkpt>
      <trkpt lat="44.15248" lon="5.19471">
        <ele>562</ele>
        <time>2022-03-17T14:47:40.827Z</time>
      </trkpt>
      <trkpt lat="44.15249" lon="5.19472">
        <ele>562</ele>
        <time>2022-03-17T14:47:41.826Z</time>
      </trkpt>
      <trkpt lat="44.15251" lon="5.19472">
        <ele>562</ele>
        <time>2022-03-17T14:47:42.827Z</time>
      </trkpt>
      <trkpt lat="44.15252" lon="5.19473">
        <ele>562</ele>
        <time>2022-03-17T14:47:43.827Z</time>
      </trkpt>
      <trkpt lat="44.15254" lon="5.19473">
        <ele>562</ele>
        <time>2022-03-17T14:47:44.827Z</time>
      </trkpt>
      <trkpt lat="44.15255" lon="5.19473">
        <ele>563</ele>
        <time>2022-03-17T14:47:45.827Z</time>
      </trkpt>
      <trkpt lat="44.15256" lon="5.19473">
        <ele>563</ele>
        <time>2022-03-17T14:47:46.827Z</time>
      </trkpt>
      <trkpt lat="44.15257" lon="5.19474">
        <ele>563</ele>
        <time>2022-03-17T14:47:47.827Z</time>
      </trkpt>
      <trkpt lat="44.15257" lon="5.19475">
        <ele>564</ele>
        <time>2022-03-17T14:47:48.827Z</time>
      </trkpt>
      <trkpt lat="44.15258" lon="5.19475">
        <ele>564</ele>
        <time>2022-03-17T14:47:49.827Z</time>
      </trkpt>
      <trkpt lat="44.15259" lon="5.19476">
        <ele>565</ele>
        <time>2022-03-17T14:47:50.827Z</time>
      </trkpt>
      <trkpt lat="44.15261" lon="5.19476">
        <ele>565</ele>
        <time>2022-03-17T14:47:51.826Z</time>
      </trkpt>
      <trkpt lat="44.15262" lon="5.19477">
        <ele>565</ele>
        <time>2022-03-17T14:47:52.827Z</time>
      </trkpt>
      <trkpt lat="44.15263" lon="5.19477">
        <ele>566</ele>
        <time>2022-03-17T14:47:53.826Z</time>
      </trkpt>
      <trkpt lat="44.15264" lon="5.19478">
        <ele>566</ele>
        <time>2022-03-17T14:47:54.827Z</time>
      </trkpt>
      <trkpt lat="44.15265" lon="5.19479">
        <ele>567</ele>
        <time>2022-03-17T14:47:55.826Z</time>
      </trkpt>
      <trkpt lat="44.15265" lon="5.19481">
        <ele>567</ele>
        <time>2022-03-17T14:47:56.826Z</time>
      </trkpt>
      <trkpt lat="44.15266" lon="5.19483">
        <ele>567</ele>
        <time>2022-03-17T14:47:57.827Z</time>
      </trkpt>
      <trkpt lat="44.15266" lon="5.19484">
        <ele>568</ele>
        <time>2022-03-17T14:47:58.827Z</time>
      </trkpt>
      <trkpt lat="44.15267" lon="5.19484">
        <ele>568</ele>
        <time>2022-03-17T14:47:59.827Z</time>
      </trkpt>
      <trkpt lat="44.15268" lon="5.19484">
        <ele>568</ele>
        <time>2022-03-17T14:48:00.827Z</time>
      </trkpt>
      <trkpt lat="44.15269" lon="5.19484">
        <ele>569</ele>
        <time>2022-03-17T14:48:01.827Z</time>
      </trkpt>
      <trkpt lat="44.1527" lon="5.19485">
        <ele>569</ele>
        <time>2022-03-17T14:48:02.826Z</time>
      </trkpt>
      <trkpt lat="44.15272" lon="5.19485">
        <ele>569</ele>
        <time>2022-03-17T14:48:03.827Z</time>
      </trkpt>
      <trkpt lat="44.15273" lon="5.19485">
        <ele>570</ele>
        <time>2022-03-17T14:48:04.826Z</time>
      </trkpt>
      <trkpt lat="44.15274" lon="5.19485">
        <ele>570</ele>
        <time>2022-03-17T14:48:05.827Z</time>
      </trkpt>
      <trkpt lat="44.15275" lon="5.19486">
        <ele>570</ele>
        <time>2022-03-17T14:48:06.826Z</time>
      </trkpt>
      <trkpt lat="44.15276" lon="5.19485">
        <ele>571</ele>
        <time>2022-03-17T14:48:08.827Z</time>
      </trkpt>
      <trkpt lat="44.15278" lon="5.19484">
        <ele>571</ele>
        <time>2022-03-17T14:48:09.826Z</time>
      </trkpt>
      <trkpt lat="44.15279" lon="5.19483">
        <ele>570</ele>
        <time>2022-03-17T14:48:10.827Z</time>
      </trkpt>
      <trkpt lat="44.15281" lon="5.19482">
        <ele>570</ele>
        <time>2022-03-17T14:48:11.827Z</time>
      </trkpt>
      <trkpt lat="44.15283" lon="5.19481">
        <ele>570</ele>
        <time>2022-03-17T14:48:12.827Z</time>
      </trkpt>
      <trkpt lat="44.15285" lon="5.19481">
        <ele>570</ele>
        <time>2022-03-17T14:48:13.827Z</time>
      </trkpt>
      <trkpt lat="44.15287" lon="5.19481">
        <ele>570</ele>
        <time>2022-03-17T14:48:14.827Z</time>
      </trkpt>
      <trkpt lat="44.15289" lon="5.19482">
        <ele>570</ele>
        <time>2022-03-17T14:48:16.827Z</time>
      </trkpt>
      <trkpt lat="44.15291" lon="5.19482">
        <ele>571</ele>
        <time>2022-03-17T14:48:18.827Z</time>
      </trkpt>
      <trkpt lat="44.15296" lon="5.19479">
        <ele>571</ele>
        <time>2022-03-17T14:48:22.827Z</time>
      </trkpt>
      <trkpt lat="44.15299" lon="5.19475">
        <ele>573</ele>
        <time>2022-03-17T14:48:26.826Z</time>
      </trkpt>
      <trkpt lat="44.15304" lon="5.1947">
        <ele>574</ele>
        <time>2022-03-17T14:48:30.826Z</time>
      </trkpt>
      <trkpt lat="44.15307" lon="5.19466">
        <ele>577</ele>
        <time>2022-03-17T14:48:34.827Z</time>
      </trkpt>
      <trkpt lat="44.15304" lon="5.19465">
        <ele>579</ele>
        <time>2022-03-17T14:48:41.826Z</time>
      </trkpt>
      <trkpt lat="44.15302" lon="5.19468">
        <ele>580</ele>
        <time>2022-03-17T14:48:45.827Z</time>
      </trkpt>
      <trkpt lat="44.15386" lon="5.19495">
        <ele>600</ele>
        <time>2022-03-17T14:53:52.826Z</time>
      </trkpt>
      <trkpt lat="44.15388" lon="5.19498">
        <ele>601</ele>
        <time>2022-03-17T14:53:55.827Z</time>
      </trkpt>
      <trkpt lat="44.15389" lon="5.19499">
        <ele>602</ele>
        <time>2022-03-17T14:53:56.827Z</time>
      </trkpt>
      <trkpt lat="44.1539" lon="5.195">
        <ele>602</ele>
        <time>2022-03-17T14:53:57.827Z</time>
      </trkpt>
      <trkpt lat="44.1539" lon="5.19502">
        <ele>602</ele>
        <time>2022-03-17T14:53:58.827Z</time>
      </trkpt>
      <trkpt lat="44.15391" lon="5.19502">
        <ele>603</ele>
        <time>2022-03-17T14:53:59.827Z</time>
      </trkpt>
      <trkpt lat="44.15393" lon="5.19503">
        <ele>603</ele>
        <time>2022-03-17T14:54:00.827Z</time>
      </trkpt>
      <trkpt lat="44.15393" lon="5.19502">
        <ele>603</ele>
        <time>2022-03-17T14:54:01.827Z</time>
      </trkpt>
      <trkpt lat="44.15394" lon="5.19502">
        <ele>603</ele>
        <time>2022-03-17T14:54:02.827Z</time>
      </trkpt>
      <trkpt lat="44.15395" lon="5.195">
        <ele>604</ele>
        <time>2022-03-17T14:54:05.826Z</time>
      </trkpt>
      <trkpt lat="44.15395" lon="5.19499">
        <ele>604</ele>
        <time>2022-03-17T14:54:06.827Z</time>
      </trkpt>
      <trkpt lat="44.15396" lon="5.19498">
        <ele>604</ele>
        <time>2022-03-17T14:54:07.826Z</time>
      </trkpt>
      <trkpt lat="44.15398" lon="5.19497">
        <ele>604</ele>
        <time>2022-03-17T14:54:08.826Z</time>
      </trkpt>
      <trkpt lat="44.154" lon="5.19497">
        <ele>604</ele>
        <time>2022-03-17T14:54:09.827Z</time>
      </trkpt>
      <trkpt lat="44.15402" lon="5.19496">
        <ele>604</ele>
        <time>2022-03-17T14:54:10.826Z</time>
      </trkpt>
      <trkpt lat="44.15404" lon="5.19496">
        <ele>604</ele>
        <time>2022-03-17T14:54:11.826Z</time>
      </trkpt>
      <trkpt lat="44.15405" lon="5.19496">
        <ele>604</ele>
        <time>2022-03-17T14:54:12.826Z</time>
      </trkpt>
      <trkpt lat="44.15404" lon="5.19497">
        <ele>604</ele>
        <time>2022-03-17T14:54:14.827Z</time>
      </trkpt>
      <trkpt lat="44.15404" lon="5.19495">
        <ele>604</ele>
        <time>2022-03-17T14:54:15.827Z</time>
      </trkpt>
      <trkpt lat="44.15405" lon="5.19494">
        <ele>604</ele>
        <time>2022-03-17T14:54:16.827Z</time>
      </trkpt>
      <trkpt lat="44.15407" lon="5.19493">
        <ele>604</ele>
        <time>2022-03-17T14:54:17.827Z</time>
      </trkpt>
      <trkpt lat="44.15409" lon="5.19492">
        <ele>604</ele>
        <time>2022-03-17T14:54:18.826Z</time>
      </trkpt>
      <trkpt lat="44.1541" lon="5.1949">
        <ele>604</ele>
        <time>2022-03-17T14:54:19.827Z</time>
      </trkpt>
      <trkpt lat="44.15411" lon="5.19489">
        <ele>603</ele>
        <time>2022-03-17T14:54:20.827Z</time>
      </trkpt>
      <trkpt lat="44.15412" lon="5.19489">
        <ele>603</ele>
        <time>2022-03-17T14:54:22.827Z</time>
      </trkpt>
      <trkpt lat="44.15411" lon="5.19487">
        <ele>603</ele>
        <time>2022-03-17T14:54:23.826Z</time>
      </trkpt>
      <trkpt lat="44.15411" lon="5.19486">
        <ele>603</ele>
        <time>2022-03-17T14:54:24.827Z</time>
      </trkpt>
      <trkpt lat="44.15412" lon="5.19486">
        <ele>603</ele>
        <time>2022-03-17T14:54:25.826Z</time>
      </trkpt>
      <trkpt lat="44.15413" lon="5.19485">
        <ele>603</ele>
        <time>2022-03-17T14:54:26.826Z</time>
      </trkpt>
      <trkpt lat="44.15414" lon="5.19485">
        <ele>603</ele>
        <time>2022-03-17T14:54:27.826Z</time>
      </trkpt>
      <trkpt lat="44.15414" lon="5.19486">
        <ele>603</ele>
        <time>2022-03-17T14:54:28.827Z</time>
      </trkpt>
      <trkpt lat="44.15413" lon="5.19485">
        <ele>603</ele>
        <time>2022-03-17T14:54:29.827Z</time>
      </trkpt>
      <trkpt lat="44.15412" lon="5.19484">
        <ele>603</ele>
        <time>2022-03-17T14:54:30.827Z</time>
      </trkpt>
      <trkpt lat="44.15411" lon="5.19483">
        <ele>603</ele>
        <time>2022-03-17T14:54:31.827Z</time>
      </trkpt>
      <trkpt lat="44.1541" lon="5.19482">
        <ele>603</ele>
        <time>2022-03-17T14:54:32.827Z</time>
      </trkpt>
      <trkpt lat="44.15411" lon="5.19481">
        <ele>603</ele>
        <time>2022-03-17T14:54:33.826Z</time>
      </trkpt>
      <trkpt lat="44.15412" lon="5.19481">
        <ele>603</ele>
        <time>2022-03-17T14:54:34.827Z</time>
      </trkpt>
      <trkpt lat="44.15412" lon="5.1948">
        <ele>603</ele>
        <time>2022-03-17T14:54:36.827Z</time>
      </trkpt>
      <trkpt lat="44.15414" lon="5.1948">
        <ele>603</ele>
        <time>2022-03-17T14:54:37.826Z</time>
      </trkpt>
      <trkpt lat="44.15415" lon="5.19479">
        <ele>602</ele>
        <time>2022-03-17T14:54:38.826Z</time>
      </trkpt>
      <trkpt lat="44.15416" lon="5.19478">
        <ele>602</ele>
        <time>2022-03-17T14:54:39.827Z</time>
      </trkpt>
      <trkpt lat="44.15416" lon="5.19477">
        <ele>602</ele>
        <time>2022-03-17T14:54:40.827Z</time>
      </trkpt>
      <trkpt lat="44.15417" lon="5.19476">
        <ele>602</ele>
        <time>2022-03-17T14:54:41.827Z</time>
      </trkpt>
      <trkpt lat="44.15418" lon="5.19474">
        <ele>602</ele>
        <time>2022-03-17T14:54:42.826Z</time>
      </trkpt>
      <trkpt lat="44.1542" lon="5.19473">
        <ele>601</ele>
        <time>2022-03-17T14:54:43.826Z</time>
      </trkpt>
      <trkpt lat="44.15422" lon="5.19471">
        <ele>601</ele>
        <time>2022-03-17T14:54:44.826Z</time>
      </trkpt>
      <trkpt lat="44.15423" lon="5.1947">
        <ele>601</ele>
        <time>2022-03-17T14:54:45.827Z</time>
      </trkpt>
      <trkpt lat="44.15425" lon="5.1947">
        <ele>601</ele>
        <time>2022-03-17T14:54:46.827Z</time>
      </trkpt>
      <trkpt lat="44.15427" lon="5.19469">
        <ele>601</ele>
        <time>2022-03-17T14:54:47.827Z</time>
      </trkpt>
      <trkpt lat="44.15429" lon="5.19469">
        <ele>601</ele>
        <time>2022-03-17T14:54:48.827Z</time>
      </trkpt>
      <trkpt lat="44.15432" lon="5.19469">
        <ele>602</ele>
        <time>2022-03-17T14:54:49.827Z</time>
      </trkpt>
      <trkpt lat="44.15433" lon="5.19469">
        <ele>602</ele>
        <time>2022-03-17T14:54:50.827Z</time>
      </trkpt>
      <trkpt lat="44.15434" lon="5.1947">
        <ele>602</ele>
        <time>2022-03-17T14:54:51.827Z</time>
      </trkpt>
      <trkpt lat="44.15436" lon="5.1947">
        <ele>602</ele>
        <time>2022-03-17T14:54:52.826Z</time>
      </trkpt>
      <trkpt lat="44.15437" lon="5.1947">
        <ele>603</ele>
        <time>2022-03-17T14:54:53.826Z</time>
      </trkpt>
      <trkpt lat="44.15439" lon="5.1947">
        <ele>603</ele>
        <time>2022-03-17T14:54:54.827Z</time>
      </trkpt>
      <trkpt lat="44.1544" lon="5.1947">
        <ele>603</ele>
        <time>2022-03-17T14:54:55.827Z</time>
      </trkpt>
      <trkpt lat="44.15441" lon="5.19469">
        <ele>603</ele>
        <time>2022-03-17T14:54:56.826Z</time>
      </trkpt>
      <trkpt lat="44.15443" lon="5.19468">
        <ele>603</ele>
        <time>2022-03-17T14:54:57.827Z</time>
      </trkpt>
      <trkpt lat="44.15444" lon="5.19467">
        <ele>603</ele>
        <time>2022-03-17T14:54:58.826Z</time>
      </trkpt>
      <trkpt lat="44.15445" lon="5.19466">
        <ele>603</ele>
        <time>2022-03-17T14:54:59.827Z</time>
      </trkpt>
      <trkpt lat="44.15446" lon="5.19465">
        <ele>604</ele>
        <time>2022-03-17T14:55:00.827Z</time>
      </trkpt>
      <trkpt lat="44.15447" lon="5.19466">
        <ele>604</ele>
        <time>2022-03-17T14:55:02.826Z</time>
      </trkpt>
      <trkpt lat="44.15449" lon="5.19465">
        <ele>604</ele>
        <time>2022-03-17T14:55:03.826Z</time>
      </trkpt>
      <trkpt lat="44.1545" lon="5.19465">
        <ele>604</ele>
        <time>2022-03-17T14:55:04.827Z</time>
      </trkpt>
      <trkpt lat="44.15451" lon="5.19464">
        <ele>604</ele>
        <time>2022-03-17T14:55:05.827Z</time>
      </trkpt>
      <trkpt lat="44.15453" lon="5.19463">
        <ele>604</ele>
        <time>2022-03-17T14:55:06.826Z</time>
      </trkpt>
      <trkpt lat="44.15454" lon="5.19462">
        <ele>604</ele>
        <time>2022-03-17T14:55:07.826Z</time>
      </trkpt>
      <trkpt lat="44.15455" lon="5.19462">
        <ele>605</ele>
        <time>2022-03-17T14:55:08.826Z</time>
      </trkpt>
      <trkpt lat="44.15456" lon="5.19461">
        <ele>605</ele>
        <time>2022-03-17T14:55:09.827Z</time>
      </trkpt>
      <trkpt lat="44.15457" lon="5.1946">
        <ele>606</ele>
        <time>2022-03-17T14:55:10.827Z</time>
      </trkpt>
      <trkpt lat="44.15459" lon="5.19461">
        <ele>606</ele>
        <time>2022-03-17T14:55:11.827Z</time>
      </trkpt>
      <trkpt lat="44.1546" lon="5.19461">
        <ele>607</ele>
        <time>2022-03-17T14:55:12.826Z</time>
      </trkpt>
      <trkpt lat="44.15461" lon="5.19461">
        <ele>607</ele>
        <time>2022-03-17T14:55:13.826Z</time>
      </trkpt>
      <trkpt lat="44.15462" lon="5.1946">
        <ele>607</ele>
        <time>2022-03-17T14:55:14.826Z</time>
      </trkpt>
      <trkpt lat="44.15462" lon="5.19458">
        <ele>608</ele>
        <time>2022-03-17T14:55:16.826Z</time>
      </trkpt>
      <trkpt lat="44.15462" lon="5.19457">
        <ele>609</ele>
        <time>2022-03-17T14:55:17.826Z</time>
      </trkpt>
      <trkpt lat="44.15462" lon="5.19456">
        <ele>609</ele>
        <time>2022-03-17T14:55:18.826Z</time>
      </trkpt>
      <trkpt lat="44.15462" lon="5.19455">
        <ele>610</ele>
        <time>2022-03-17T14:55:19.827Z</time>
      </trkpt>
      <trkpt lat="44.15462" lon="5.19454">
        <ele>610</ele>
        <time>2022-03-17T14:55:20.827Z</time>
      </trkpt>
      <trkpt lat="44.15463" lon="5.19453">
        <ele>611</ele>
        <time>2022-03-17T14:55:21.826Z</time>
      </trkpt>
      <trkpt lat="44.15464" lon="5.19452">
        <ele>611</ele>
        <time>2022-03-17T14:55:22.826Z</time>
      </trkpt>
      <trkpt lat="44.15465" lon="5.19452">
        <ele>612</ele>
        <time>2022-03-17T14:55:23.826Z</time>
      </trkpt>
      <trkpt lat="44.15467" lon="5.19452">
        <ele>612</ele>
        <time>2022-03-17T14:55:25.827Z</time>
      </trkpt>
      <trkpt lat="44.15468" lon="5.19451">
        <ele>612</ele>
        <time>2022-03-17T14:55:27.826Z</time>
      </trkpt>
      <trkpt lat="44.15469" lon="5.19451">
        <ele>612</ele>
        <time>2022-03-17T14:55:28.826Z</time>
      </trkpt>
      <trkpt lat="44.1547" lon="5.19449">
        <ele>612</ele>
        <time>2022-03-17T14:55:29.827Z</time>
      </trkpt>
      <trkpt lat="44.15471" lon="5.19448">
        <ele>612</ele>
        <time>2022-03-17T14:55:30.826Z</time>
      </trkpt>
      <trkpt lat="44.15472" lon="5.19447">
        <ele>612</ele>
        <time>2022-03-17T14:55:31.826Z</time>
      </trkpt>
      <trkpt lat="44.15473" lon="5.19447">
        <ele>612</ele>
        <time>2022-03-17T14:55:32.826Z</time>
      </trkpt>
      <trkpt lat="44.15473" lon="5.19448">
        <ele>612</ele>
        <time>2022-03-17T14:55:33.826Z</time>
      </trkpt>
      <trkpt lat="44.15473" lon="5.19449">
        <ele>612</ele>
        <time>2022-03-17T14:55:34.826Z</time>
      </trkpt>
      <trkpt lat="44.15474" lon="5.19448">
        <ele>612</ele>
        <time>2022-03-17T14:55:36.826Z</time>
      </trkpt>
      <trkpt lat="44.15475" lon="5.19448">
        <ele>612</ele>
        <time>2022-03-17T14:55:37.827Z</time>
      </trkpt>
      <trkpt lat="44.15476" lon="5.19448">
        <ele>613</ele>
        <time>2022-03-17T14:55:39.826Z</time>
      </trkpt>
      <trkpt lat="44.15477" lon="5.19448">
        <ele>613</ele>
        <time>2022-03-17T14:55:40.826Z</time>
      </trkpt>
      <trkpt lat="44.15479" lon="5.19448">
        <ele>613</ele>
        <time>2022-03-17T14:55:41.826Z</time>
      </trkpt>
      <trkpt lat="44.1548" lon="5.19448">
        <ele>613</ele>
        <time>2022-03-17T14:55:42.826Z</time>
      </trkpt>
      <trkpt lat="44.15482" lon="5.19448">
        <ele>613</ele>
        <time>2022-03-17T14:55:44.826Z</time>
      </trkpt>
      <trkpt lat="44.15483" lon="5.19447">
        <ele>613</ele>
        <time>2022-03-17T14:55:45.826Z</time>
      </trkpt>
      <trkpt lat="44.15484" lon="5.19446">
        <ele>613</ele>
        <time>2022-03-17T14:55:46.826Z</time>
      </trkpt>
      <trkpt lat="44.15485" lon="5.19446">
        <ele>613</ele>
        <time>2022-03-17T14:55:47.826Z</time>
      </trkpt>
      <trkpt lat="44.15486" lon="5.19447">
        <ele>613</ele>
        <time>2022-03-17T14:55:48.827Z</time>
      </trkpt>
      <trkpt lat="44.15488" lon="5.19446">
        <ele>614</ele>
        <time>2022-03-17T14:55:49.826Z</time>
      </trkpt>
      <trkpt lat="44.15489" lon="5.19445">
        <ele>614</ele>
        <time>2022-03-17T14:55:50.827Z</time>
      </trkpt>
      <trkpt lat="44.1549" lon="5.19445">
        <ele>614</ele>
        <time>2022-03-17T14:55:51.826Z</time>
      </trkpt>
      <trkpt lat="44.15492" lon="5.19444">
        <ele>614</ele>
        <time>2022-03-17T14:55:52.827Z</time>
      </trkpt>
      <trkpt lat="44.15493" lon="5.19445">
        <ele>614</ele>
        <time>2022-03-17T14:55:53.827Z</time>
      </trkpt>
      <trkpt lat="44.15495" lon="5.19446">
        <ele>614</ele>
        <time>2022-03-17T14:55:54.827Z</time>
      </trkpt>
      <trkpt lat="44.15496" lon="5.19446">
        <ele>615</ele>
        <time>2022-03-17T14:55:55.826Z</time>
      </trkpt>
      <trkpt lat="44.15497" lon="5.19445">
        <ele>615</ele>
        <time>2022-03-17T14:55:56.827Z</time>
      </trkpt>
      <trkpt lat="44.15498" lon="5.19444">
        <ele>615</ele>
        <time>2022-03-17T14:55:57.827Z</time>
      </trkpt>
      <trkpt lat="44.15499" lon="5.19443">
        <ele>615</ele>
        <time>2022-03-17T14:55:58.827Z</time>
      </trkpt>
      <trkpt lat="44.155" lon="5.19444">
        <ele>615</ele>
        <time>2022-03-17T14:55:59.827Z</time>
      </trkpt>
      <trkpt lat="44.15501" lon="5.19445">
        <ele>616</ele>
        <time>2022-03-17T14:56:00.827Z</time>
      </trkpt>
      <trkpt lat="44.15502" lon="5.19445">
        <ele>616</ele>
        <time>2022-03-17T14:56:01.827Z</time>
      </trkpt>
      <trkpt lat="44.15504" lon="5.19443">
        <ele>617</ele>
        <time>2022-03-17T14:56:02.827Z</time>
      </trkpt>
      <trkpt lat="44.15506" lon="5.19443">
        <ele>617</ele>
        <time>2022-03-17T14:56:03.827Z</time>
      </trkpt>
      <trkpt lat="44.15507" lon="5.19442">
        <ele>617</ele>
        <time>2022-03-17T14:56:04.826Z</time>
      </trkpt>
      <trkpt lat="44.15508" lon="5.19441">
        <ele>617</ele>
        <time>2022-03-17T14:56:05.827Z</time>
      </trkpt>
      <trkpt lat="44.1551" lon="5.1944">
        <ele>618</ele>
        <time>2022-03-17T14:56:06.827Z</time>
      </trkpt>
      <trkpt lat="44.15511" lon="5.19439">
        <ele>618</ele>
        <time>2022-03-17T14:56:07.827Z</time>
      </trkpt>
      <trkpt lat="44.15512" lon="5.19439">
        <ele>618</ele>
        <time>2022-03-17T14:56:08.827Z</time>
      </trkpt>
      <trkpt lat="44.15513" lon="5.19438">
        <ele>618</ele>
        <time>2022-03-17T14:56:09.826Z</time>
      </trkpt>
      <trkpt lat="44.15514" lon="5.19437">
        <ele>619</ele>
        <time>2022-03-17T14:56:10.827Z</time>
      </trkpt>
      <trkpt lat="44.15514" lon="5.19436">
        <ele>619</ele>
        <time>2022-03-17T14:56:11.827Z</time>
      </trkpt>
      <trkpt lat="44.15514" lon="5.19434">
        <ele>620</ele>
        <time>2022-03-17T14:56:12.827Z</time>
      </trkpt>
      <trkpt lat="44.15515" lon="5.19433">
        <ele>621</ele>
        <time>2022-03-17T14:56:13.826Z</time>
      </trkpt>
      <trkpt lat="44.15516" lon="5.19433">
        <ele>622</ele>
        <time>2022-03-17T14:56:14.827Z</time>
      </trkpt>
      <trkpt lat="44.15516" lon="5.19432">
        <ele>623</ele>
        <time>2022-03-17T14:56:15.827Z</time>
      </trkpt>
      <trkpt lat="44.15517" lon="5.19432">
        <ele>624</ele>
        <time>2022-03-17T14:56:16.827Z</time>
      </trkpt>
      <trkpt lat="44.15518" lon="5.19431">
        <ele>624</ele>
        <time>2022-03-17T14:56:17.827Z</time>
      </trkpt>
      <trkpt lat="44.1552" lon="5.19431">
        <ele>625</ele>
        <time>2022-03-17T14:56:18.826Z</time>
      </trkpt>
      <trkpt lat="44.15522" lon="5.19432">
        <ele>626</ele>
        <time>2022-03-17T14:56:19.827Z</time>
      </trkpt>
      <trkpt lat="44.15523" lon="5.19431">
        <ele>626</ele>
        <time>2022-03-17T14:56:20.827Z</time>
      </trkpt>
      <trkpt lat="44.15524" lon="5.19431">
        <ele>627</ele>
        <time>2022-03-17T14:56:21.827Z</time>
      </trkpt>
      <trkpt lat="44.15525" lon="5.19431">
        <ele>628</ele>
        <time>2022-03-17T14:56:22.827Z</time>
      </trkpt>
      <trkpt lat="44.15526" lon="5.19432">
        <ele>628</ele>
        <time>2022-03-17T14:56:24.827Z</time>
      </trkpt>
      <trkpt lat="44.15527" lon="5.19433">
        <ele>628</ele>
        <time>2022-03-17T14:56:25.827Z</time>
      </trkpt>
      <trkpt lat="44.15528" lon="5.19434">
        <ele>628</ele>
        <time>2022-03-17T14:56:27.826Z</time>
      </trkpt>
      <trkpt lat="44.15529" lon="5.19434">
        <ele>628</ele>
        <time>2022-03-17T14:56:28.827Z</time>
      </trkpt>
      <trkpt lat="44.1553" lon="5.19434">
        <ele>628</ele>
        <time>2022-03-17T14:56:29.827Z</time>
      </trkpt>
      <trkpt lat="44.1553" lon="5.19435">
        <ele>628</ele>
        <time>2022-03-17T14:56:30.827Z</time>
      </trkpt>
      <trkpt lat="44.15531" lon="5.19436">
        <ele>628</ele>
        <time>2022-03-17T14:56:31.827Z</time>
      </trkpt>
      <trkpt lat="44.15533" lon="5.19436">
        <ele>629</ele>
        <time>2022-03-17T14:56:32.826Z</time>
      </trkpt>
      <trkpt lat="44.15534" lon="5.19436">
        <ele>629</ele>
        <time>2022-03-17T14:56:33.827Z</time>
      </trkpt>
      <trkpt lat="44.15534" lon="5.19435">
        <ele>629</ele>
        <time>2022-03-17T14:56:34.827Z</time>
      </trkpt>
      <trkpt lat="44.15535" lon="5.19436">
        <ele>630</ele>
        <time>2022-03-17T14:56:36.826Z</time>
      </trkpt>
      <trkpt lat="44.15535" lon="5.19437">
        <ele>630</ele>
        <time>2022-03-17T14:56:38.827Z</time>
      </trkpt>
      <trkpt lat="44.15535" lon="5.19438">
        <ele>631</ele>
        <time>2022-03-17T14:56:40.827Z</time>
      </trkpt>
      <trkpt lat="44.15535" lon="5.19439">
        <ele>631</ele>
        <time>2022-03-17T14:56:41.826Z</time>
      </trkpt>
      <trkpt lat="44.15536" lon="5.1944">
        <ele>634</ele>
        <time>2022-03-17T14:56:43.827Z</time>
      </trkpt>
      <trkpt lat="44.15536" lon="5.19441">
        <ele>635</ele>
        <time>2022-03-17T14:56:44.827Z</time>
      </trkpt>
      <trkpt lat="44.15536" lon="5.19442">
        <ele>635</ele>
        <time>2022-03-17T14:56:45.826Z</time>
      </trkpt>
      <trkpt lat="44.15537" lon="5.19443">
        <ele>638</ele>
        <time>2022-03-17T14:56:47.826Z</time>
      </trkpt>
      <trkpt lat="44.15537" lon="5.19444">
        <ele>639</ele>
        <time>2022-03-17T14:56:48.826Z</time>
      </trkpt>
      <trkpt lat="44.15537" lon="5.19445">
        <ele>640</ele>
        <time>2022-03-17T14:56:49.826Z</time>
      </trkpt>
      <trkpt lat="44.15537" lon="5.19446">
        <ele>640</ele>
        <time>2022-03-17T14:56:50.826Z</time>
      </trkpt>
      <trkpt lat="44.15537" lon="5.19447">
        <ele>641</ele>
        <time>2022-03-17T14:56:51.826Z</time>
      </trkpt>
      <trkpt lat="44.15538" lon="5.19447">
        <ele>642</ele>
        <time>2022-03-17T14:56:52.827Z</time>
      </trkpt>
      <trkpt lat="44.15538" lon="5.19448">
        <ele>643</ele>
        <time>2022-03-17T14:56:53.827Z</time>
      </trkpt>
      <trkpt lat="44.15539" lon="5.19448">
        <ele>644</ele>
        <time>2022-03-17T14:56:54.826Z</time>
      </trkpt>
      <trkpt lat="44.1554" lon="5.1945">
        <ele>645</ele>
        <time>2022-03-17T14:56:56.827Z</time>
      </trkpt>
      <trkpt lat="44.15541" lon="5.1945">
        <ele>646</ele>
        <time>2022-03-17T14:56:58.826Z</time>
      </trkpt>
      <trkpt lat="44.15542" lon="5.1945">
        <ele>647</ele>
        <time>2022-03-17T14:56:59.827Z</time>
      </trkpt>
      <trkpt lat="44.15543" lon="5.1945">
        <ele>647</ele>
        <time>2022-03-17T14:57:00.827Z</time>
      </trkpt>
      <trkpt lat="44.15544" lon="5.1945">
        <ele>646</ele>
        <time>2022-03-17T14:57:02.826Z</time>
      </trkpt>
      <trkpt lat="44.15545" lon="5.19449">
        <ele>646</ele>
        <time>2022-03-17T14:57:03.827Z</time>
      </trkpt>
      <trkpt lat="44.15545" lon="5.19448">
        <ele>644</ele>
        <time>2022-03-17T14:57:06.827Z</time>
      </trkpt>
      <trkpt lat="44.15546" lon="5.19448">
        <ele>643</ele>
        <time>2022-03-17T14:57:07.827Z</time>
      </trkpt>
      <trkpt lat="44.15545" lon="5.19448">
        <ele>643</ele>
        <time>2022-03-17T14:57:08.827Z</time>
      </trkpt>
      <trkpt lat="44.15545" lon="5.19449">
        <ele>641</ele>
        <time>2022-03-17T14:57:12.827Z</time>
      </trkpt>
      <trkpt lat="44.15546" lon="5.19447">
        <ele>640</ele>
        <time>2022-03-17T14:57:14.827Z</time>
      </trkpt>
      <trkpt lat="44.15547" lon="5.19447">
        <ele>637</ele>
        <time>2022-03-17T14:57:23.827Z</time>
      </trkpt>
      <trkpt lat="44.15548" lon="5.19447">
        <ele>637</ele>
        <time>2022-03-17T14:57:24.827Z</time>
      </trkpt>
      <trkpt lat="44.15549" lon="5.19448">
        <ele>637</ele>
        <time>2022-03-17T14:57:25.827Z</time>
      </trkpt>
      <trkpt lat="44.15551" lon="5.19448">
        <ele>637</ele>
        <time>2022-03-17T14:57:26.827Z</time>
      </trkpt>
      <trkpt lat="44.15552" lon="5.19448">
        <ele>637</ele>
        <time>2022-03-17T14:57:27.827Z</time>
      </trkpt>
      <trkpt lat="44.15553" lon="5.19448">
        <ele>637</ele>
        <time>2022-03-17T14:57:28.827Z</time>
      </trkpt>
      <trkpt lat="44.15555" lon="5.19448">
        <ele>637</ele>
        <time>2022-03-17T14:57:29.826Z</time>
      </trkpt>
      <trkpt lat="44.15556" lon="5.19449">
        <ele>637</ele>
        <time>2022-03-17T14:57:30.826Z</time>
      </trkpt>
      <trkpt lat="44.15557" lon="5.1945">
        <ele>637</ele>
        <time>2022-03-17T14:57:31.827Z</time>
      </trkpt>
      <trkpt lat="44.15558" lon="5.19452">
        <ele>637</ele>
        <time>2022-03-17T14:57:32.827Z</time>
      </trkpt>
      <trkpt lat="44.15559" lon="5.19453">
        <ele>637</ele>
        <time>2022-03-17T14:57:33.826Z</time>
      </trkpt>
      <trkpt lat="44.1556" lon="5.19454">
        <ele>637</ele>
        <time>2022-03-17T14:57:34.826Z</time>
      </trkpt>
      <trkpt lat="44.15561" lon="5.19454">
        <ele>637</ele>
        <time>2022-03-17T14:57:35.826Z</time>
      </trkpt>
      <trkpt lat="44.15561" lon="5.19455">
        <ele>637</ele>
        <time>2022-03-17T14:57:36.827Z</time>
      </trkpt>
      <trkpt lat="44.15562" lon="5.19455">
        <ele>637</ele>
        <time>2022-03-17T14:57:37.827Z</time>
      </trkpt>
      <trkpt lat="44.15562" lon="5.19454">
        <ele>637</ele>
        <time>2022-03-17T14:57:38.826Z</time>
      </trkpt>
      <trkpt lat="44.15562" lon="5.19455">
        <ele>637</ele>
        <time>2022-03-17T14:57:39.827Z</time>
      </trkpt>
      <trkpt lat="44.15563" lon="5.19455">
        <ele>637</ele>
        <time>2022-03-17T14:57:40.827Z</time>
      </trkpt>
      <trkpt lat="44.15565" lon="5.19455">
        <ele>637</ele>
        <time>2022-03-17T14:57:41.827Z</time>
      </trkpt>
      <trkpt lat="44.15566" lon="5.19455">
        <ele>637</ele>
        <time>2022-03-17T14:57:42.827Z</time>
      </trkpt>
      <trkpt lat="44.15567" lon="5.19455">
        <ele>638</ele>
        <time>2022-03-17T14:57:43.827Z</time>
      </trkpt>
      <trkpt lat="44.15568" lon="5.19455">
        <ele>638</ele>
        <time>2022-03-17T14:57:44.827Z</time>
      </trkpt>
      <trkpt lat="44.15569" lon="5.19455">
        <ele>638</ele>
        <time>2022-03-17T14:57:45.827Z</time>
      </trkpt>
      <trkpt lat="44.1557" lon="5.19454">
        <ele>639</ele>
        <time>2022-03-17T14:57:46.827Z</time>
      </trkpt>
      <trkpt lat="44.15571" lon="5.19454">
        <ele>639</ele>
        <time>2022-03-17T14:57:47.826Z</time>
      </trkpt>
      <trkpt lat="44.15573" lon="5.19454">
        <ele>640</ele>
        <time>2022-03-17T14:57:48.827Z</time>
      </trkpt>
      <trkpt lat="44.15574" lon="5.19454">
        <ele>640</ele>
        <time>2022-03-17T14:57:49.827Z</time>
      </trkpt>
      <trkpt lat="44.15575" lon="5.19454">
        <ele>641</ele>
        <time>2022-03-17T14:57:50.827Z</time>
      </trkpt>
      <trkpt lat="44.15577" lon="5.19454">
        <ele>642</ele>
        <time>2022-03-17T14:57:51.827Z</time>
      </trkpt>
      <trkpt lat="44.15578" lon="5.19455">
        <ele>643</ele>
        <time>2022-03-17T14:57:52.826Z</time>
      </trkpt>
      <trkpt lat="44.1558" lon="5.19454">
        <ele>643</ele>
        <time>2022-03-17T14:57:53.827Z</time>
      </trkpt>
      <trkpt lat="44.15581" lon="5.19454">
        <ele>643</ele>
        <time>2022-03-17T14:57:54.827Z</time>
      </trkpt>
      <trkpt lat="44.15582" lon="5.19454">
        <ele>644</ele>
        <time>2022-03-17T14:57:55.827Z</time>
      </trkpt>
      <trkpt lat="44.15583" lon="5.19453">
        <ele>644</ele>
        <time>2022-03-17T14:57:56.827Z</time>
      </trkpt>
      <trkpt lat="44.15584" lon="5.19453">
        <ele>644</ele>
        <time>2022-03-17T14:57:57.827Z</time>
      </trkpt>
      <trkpt lat="44.15585" lon="5.19452">
        <ele>644</ele>
        <time>2022-03-17T14:57:58.827Z</time>
      </trkpt>
      <trkpt lat="44.15587" lon="5.19451">
        <ele>645</ele>
        <time>2022-03-17T14:57:59.827Z</time>
      </trkpt>
      <trkpt lat="44.15588" lon="5.1945">
        <ele>645</ele>
        <time>2022-03-17T14:58:00.827Z</time>
      </trkpt>
      <trkpt lat="44.15589" lon="5.19449">
        <ele>645</ele>
        <time>2022-03-17T14:58:01.826Z</time>
      </trkpt>
      <trkpt lat="44.15591" lon="5.19448">
        <ele>645</ele>
        <time>2022-03-17T14:58:02.826Z</time>
      </trkpt>
      <trkpt lat="44.15592" lon="5.19448">
        <ele>646</ele>
        <time>2022-03-17T14:58:03.827Z</time>
      </trkpt>
      <trkpt lat="44.15593" lon="5.19447">
        <ele>646</ele>
        <time>2022-03-17T14:58:04.826Z</time>
      </trkpt>
      <trkpt lat="44.15595" lon="5.19446">
        <ele>646</ele>
        <time>2022-03-17T14:58:05.826Z</time>
      </trkpt>
      <trkpt lat="44.15596" lon="5.19445">
        <ele>647</ele>
        <time>2022-03-17T14:58:06.826Z</time>
      </trkpt>
      <trkpt lat="44.15597" lon="5.19445">
        <ele>648</ele>
        <time>2022-03-17T14:58:07.827Z</time>
      </trkpt>
      <trkpt lat="44.15598" lon="5.19443">
        <ele>648</ele>
        <time>2022-03-17T14:58:08.827Z</time>
      </trkpt>
      <trkpt lat="44.156" lon="5.19443">
        <ele>649</ele>
        <time>2022-03-17T14:58:09.827Z</time>
      </trkpt>
      <trkpt lat="44.15601" lon="5.19443">
        <ele>650</ele>
        <time>2022-03-17T14:58:10.826Z</time>
      </trkpt>
      <trkpt lat="44.15603" lon="5.19443">
        <ele>650</ele>
        <time>2022-03-17T14:58:11.827Z</time>
      </trkpt>
      <trkpt lat="44.15603" lon="5.19444">
        <ele>651</ele>
        <time>2022-03-17T14:58:12.827Z</time>
      </trkpt>
      <trkpt lat="44.15605" lon="5.19445">
        <ele>652</ele>
        <time>2022-03-17T14:58:13.827Z</time>
      </trkpt>
      <trkpt lat="44.15607" lon="5.19446">
        <ele>652</ele>
        <time>2022-03-17T14:58:14.827Z</time>
      </trkpt>
      <trkpt lat="44.15608" lon="5.19446">
        <ele>653</ele>
        <time>2022-03-17T14:58:15.826Z</time>
      </trkpt>
      <trkpt lat="44.15609" lon="5.19446">
        <ele>653</ele>
        <time>2022-03-17T14:58:16.827Z</time>
      </trkpt>
      <trkpt lat="44.1561" lon="5.19446">
        <ele>653</ele>
        <time>2022-03-17T14:58:17.827Z</time>
      </trkpt>
      <trkpt lat="44.15611" lon="5.19445">
        <ele>654</ele>
        <time>2022-03-17T14:58:18.827Z</time>
      </trkpt>
      <trkpt lat="44.15613" lon="5.19443">
        <ele>654</ele>
        <time>2022-03-17T14:58:19.826Z</time>
      </trkpt>
      <trkpt lat="44.15613" lon="5.19442">
        <ele>654</ele>
        <time>2022-03-17T14:58:20.827Z</time>
      </trkpt>
      <trkpt lat="44.15614" lon="5.19442">
        <ele>655</ele>
        <time>2022-03-17T14:58:21.827Z</time>
      </trkpt>
      <trkpt lat="44.15615" lon="5.19442">
        <ele>655</ele>
        <time>2022-03-17T14:58:22.827Z</time>
      </trkpt>
      <trkpt lat="44.15617" lon="5.19442">
        <ele>656</ele>
        <time>2022-03-17T14:58:23.826Z</time>
      </trkpt>
      <trkpt lat="44.15618" lon="5.19441">
        <ele>656</ele>
        <time>2022-03-17T14:58:24.827Z</time>
      </trkpt>
      <trkpt lat="44.1562" lon="5.19441">
        <ele>657</ele>
        <time>2022-03-17T14:58:25.826Z</time>
      </trkpt>
      <trkpt lat="44.15621" lon="5.1944">
        <ele>658</ele>
        <time>2022-03-17T14:58:26.827Z</time>
      </trkpt>
      <trkpt lat="44.15623" lon="5.1944">
        <ele>658</ele>
        <time>2022-03-17T14:58:27.827Z</time>
      </trkpt>
      <trkpt lat="44.15624" lon="5.19439">
        <ele>659</ele>
        <time>2022-03-17T14:58:28.826Z</time>
      </trkpt>
      <trkpt lat="44.15625" lon="5.19438">
        <ele>659</ele>
        <time>2022-03-17T14:58:29.827Z</time>
      </trkpt>
      <trkpt lat="44.15626" lon="5.19438">
        <ele>659</ele>
        <time>2022-03-17T14:58:30.827Z</time>
      </trkpt>
      <trkpt lat="44.15628" lon="5.19437">
        <ele>660</ele>
        <time>2022-03-17T14:58:31.827Z</time>
      </trkpt>
      <trkpt lat="44.15629" lon="5.19436">
        <ele>660</ele>
        <time>2022-03-17T14:58:32.827Z</time>
      </trkpt>
      <trkpt lat="44.1563" lon="5.19435">
        <ele>661</ele>
        <time>2022-03-17T14:58:33.826Z</time>
      </trkpt>
      <trkpt lat="44.15631" lon="5.19434">
        <ele>661</ele>
        <time>2022-03-17T14:58:35.827Z</time>
      </trkpt>
      <trkpt lat="44.15632" lon="5.19435">
        <ele>661</ele>
        <time>2022-03-17T14:58:36.827Z</time>
      </trkpt>
      <trkpt lat="44.15633" lon="5.19435">
        <ele>661</ele>
        <time>2022-03-17T14:58:37.827Z</time>
      </trkpt>
      <trkpt lat="44.15634" lon="5.19435">
        <ele>662</ele>
        <time>2022-03-17T14:58:38.827Z</time>
      </trkpt>
      <trkpt lat="44.15635" lon="5.19434">
        <ele>662</ele>
        <time>2022-03-17T14:58:39.826Z</time>
      </trkpt>
      <trkpt lat="44.15636" lon="5.19434">
        <ele>662</ele>
        <time>2022-03-17T14:58:40.827Z</time>
      </trkpt>
      <trkpt lat="44.15637" lon="5.19434">
        <ele>663</ele>
        <time>2022-03-17T14:58:41.826Z</time>
      </trkpt>
      <trkpt lat="44.15638" lon="5.19434">
        <ele>664</ele>
        <time>2022-03-17T14:58:42.827Z</time>
      </trkpt>
      <trkpt lat="44.15639" lon="5.19434">
        <ele>664</ele>
        <time>2022-03-17T14:58:43.827Z</time>
      </trkpt>
      <trkpt lat="44.15641" lon="5.19433">
        <ele>665</ele>
        <time>2022-03-17T14:58:45.827Z</time>
      </trkpt>
      <trkpt lat="44.15642" lon="5.19432">
        <ele>666</ele>
        <time>2022-03-17T14:58:46.827Z</time>
      </trkpt>
      <trkpt lat="44.15644" lon="5.19432">
        <ele>667</ele>
        <time>2022-03-17T14:58:47.827Z</time>
      </trkpt>
      <trkpt lat="44.15645" lon="5.19432">
        <ele>667</ele>
        <time>2022-03-17T14:58:48.827Z</time>
      </trkpt>
      <trkpt lat="44.15646" lon="5.19431">
        <ele>668</ele>
        <time>2022-03-17T14:58:49.827Z</time>
      </trkpt>
      <trkpt lat="44.15647" lon="5.1943">
        <ele>668</ele>
        <time>2022-03-17T14:58:50.826Z</time>
      </trkpt>
      <trkpt lat="44.15649" lon="5.19429">
        <ele>669</ele>
        <time>2022-03-17T14:58:52.826Z</time>
      </trkpt>
      <trkpt lat="44.1565" lon="5.19428">
        <ele>669</ele>
        <time>2022-03-17T14:58:53.827Z</time>
      </trkpt>
      <trkpt lat="44.15651" lon="5.19427">
        <ele>670</ele>
        <time>2022-03-17T14:58:54.826Z</time>
      </trkpt>
      <trkpt lat="44.15652" lon="5.19427">
        <ele>671</ele>
        <time>2022-03-17T14:58:56.827Z</time>
      </trkpt>
      <trkpt lat="44.15653" lon="5.19426">
        <ele>672</ele>
        <time>2022-03-17T14:58:57.826Z</time>
      </trkpt>
      <trkpt lat="44.15654" lon="5.19427">
        <ele>673</ele>
        <time>2022-03-17T14:58:58.827Z</time>
      </trkpt>
      <trkpt lat="44.15655" lon="5.19427">
        <ele>674</ele>
        <time>2022-03-17T14:58:59.827Z</time>
      </trkpt>
      <trkpt lat="44.15656" lon="5.19427">
        <ele>674</ele>
        <time>2022-03-17T14:59:00.827Z</time>
      </trkpt>
      <trkpt lat="44.15657" lon="5.19427">
        <ele>675</ele>
        <time>2022-03-17T14:59:01.827Z</time>
      </trkpt>
      <trkpt lat="44.15658" lon="5.19426">
        <ele>675</ele>
        <time>2022-03-17T14:59:02.827Z</time>
      </trkpt>
      <trkpt lat="44.15659" lon="5.19426">
        <ele>675</ele>
        <time>2022-03-17T14:59:03.827Z</time>
      </trkpt>
      <trkpt lat="44.1566" lon="5.19426">
        <ele>676</ele>
        <time>2022-03-17T14:59:04.827Z</time>
      </trkpt>
      <trkpt lat="44.15661" lon="5.19426">
        <ele>676</ele>
        <time>2022-03-17T14:59:05.827Z</time>
      </trkpt>
      <trkpt lat="44.15662" lon="5.19426">
        <ele>676</ele>
        <time>2022-03-17T14:59:06.827Z</time>
      </trkpt>
      <trkpt lat="44.15663" lon="5.19426">
        <ele>677</ele>
        <time>2022-03-17T14:59:07.827Z</time>
      </trkpt>
      <trkpt lat="44.15664" lon="5.19426">
        <ele>677</ele>
        <time>2022-03-17T14:59:08.827Z</time>
      </trkpt>
      <trkpt lat="44.15666" lon="5.19426">
        <ele>678</ele>
        <time>2022-03-17T14:59:09.826Z</time>
      </trkpt>
      <trkpt lat="44.15667" lon="5.19426">
        <ele>678</ele>
        <time>2022-03-17T14:59:10.827Z</time>
      </trkpt>
      <trkpt lat="44.15668" lon="5.19427">
        <ele>678</ele>
        <time>2022-03-17T14:59:11.827Z</time>
      </trkpt>
      <trkpt lat="44.1567" lon="5.19427">
        <ele>678</ele>
        <time>2022-03-17T14:59:12.827Z</time>
      </trkpt>
      <trkpt lat="44.15671" lon="5.19426">
        <ele>679</ele>
        <time>2022-03-17T14:59:13.827Z</time>
      </trkpt>
      <trkpt lat="44.15673" lon="5.19424">
        <ele>679</ele>
        <time>2022-03-17T14:59:14.827Z</time>
      </trkpt>
      <trkpt lat="44.15675" lon="5.19422">
        <ele>679</ele>
        <time>2022-03-17T14:59:15.826Z</time>
      </trkpt>
      <trkpt lat="44.15675" lon="5.19421">
        <ele>679</ele>
        <time>2022-03-17T14:59:16.826Z</time>
      </trkpt>
      <trkpt lat="44.15676" lon="5.1942">
        <ele>680</ele>
        <time>2022-03-17T14:59:17.827Z</time>
      </trkpt>
      <trkpt lat="44.15677" lon="5.19419">
        <ele>680</ele>
        <time>2022-03-17T14:59:18.827Z</time>
      </trkpt>
      <trkpt lat="44.15679" lon="5.19418">
        <ele>680</ele>
        <time>2022-03-17T14:59:19.827Z</time>
      </trkpt>
      <trkpt lat="44.15681" lon="5.19417">
        <ele>680</ele>
        <time>2022-03-17T14:59:20.827Z</time>
      </trkpt>
      <trkpt lat="44.15682" lon="5.19417">
        <ele>681</ele>
        <time>2022-03-17T14:59:21.827Z</time>
      </trkpt>
      <trkpt lat="44.15683" lon="5.19417">
        <ele>681</ele>
        <time>2022-03-17T14:59:22.826Z</time>
      </trkpt>
      <trkpt lat="44.15684" lon="5.19417">
        <ele>681</ele>
        <time>2022-03-17T14:59:23.827Z</time>
      </trkpt>
      <trkpt lat="44.15685" lon="5.19417">
        <ele>682</ele>
        <time>2022-03-17T14:59:24.826Z</time>
      </trkpt>
      <trkpt lat="44.15687" lon="5.19417">
        <ele>682</ele>
        <time>2022-03-17T14:59:25.827Z</time>
      </trkpt>
      <trkpt lat="44.15688" lon="5.19417">
        <ele>682</ele>
        <time>2022-03-17T14:59:26.827Z</time>
      </trkpt>
      <trkpt lat="44.1569" lon="5.19416">
        <ele>682</ele>
        <time>2022-03-17T14:59:27.827Z</time>
      </trkpt>
      <trkpt lat="44.15691" lon="5.19415">
        <ele>682</ele>
        <time>2022-03-17T14:59:28.827Z</time>
      </trkpt>
      <trkpt lat="44.15692" lon="5.19415">
        <ele>682</ele>
        <time>2022-03-17T14:59:29.827Z</time>
      </trkpt>
      <trkpt lat="44.15719" lon="5.19421">
        <ele>690</ele>
        <time>2022-03-17T15:03:52.827Z</time>
      </trkpt>
      <trkpt lat="44.1572" lon="5.19421">
        <ele>690</ele>
        <time>2022-03-17T15:03:53.827Z</time>
      </trkpt>
      <trkpt lat="44.15721" lon="5.19422">
        <ele>690</ele>
        <time>2022-03-17T15:03:55.826Z</time>
      </trkpt>
      <trkpt lat="44.15723" lon="5.19422">
        <ele>690</ele>
        <time>2022-03-17T15:03:56.826Z</time>
      </trkpt>
      <trkpt lat="44.15724" lon="5.19422">
        <ele>690</ele>
        <time>2022-03-17T15:03:57.827Z</time>
      </trkpt>
      <trkpt lat="44.15725" lon="5.19421">
        <ele>690</ele>
        <time>2022-03-17T15:03:58.827Z</time>
      </trkpt>
      <trkpt lat="44.15727" lon="5.1942">
        <ele>690</ele>
        <time>2022-03-17T15:03:59.827Z</time>
      </trkpt>
      <trkpt lat="44.15728" lon="5.19419">
        <ele>690</ele>
        <time>2022-03-17T15:04:00.826Z</time>
      </trkpt>
      <trkpt lat="44.15729" lon="5.19419">
        <ele>690</ele>
        <time>2022-03-17T15:04:01.827Z</time>
      </trkpt>
      <trkpt lat="44.1573" lon="5.19419">
        <ele>691</ele>
        <time>2022-03-17T15:04:02.827Z</time>
      </trkpt>
      <trkpt lat="44.15732" lon="5.19419">
        <ele>691</ele>
        <time>2022-03-17T15:04:03.826Z</time>
      </trkpt>
      <trkpt lat="44.15734" lon="5.19418">
        <ele>691</ele>
        <time>2022-03-17T15:04:04.826Z</time>
      </trkpt>
      <trkpt lat="44.15736" lon="5.19418">
        <ele>691</ele>
        <time>2022-03-17T15:04:05.827Z</time>
      </trkpt>
      <trkpt lat="44.15737" lon="5.19418">
        <ele>692</ele>
        <time>2022-03-17T15:04:06.826Z</time>
      </trkpt>
      <trkpt lat="44.15738" lon="5.19417">
        <ele>692</ele>
        <time>2022-03-17T15:04:07.826Z</time>
      </trkpt>
      <trkpt lat="44.15739" lon="5.19417">
        <ele>692</ele>
        <time>2022-03-17T15:04:08.826Z</time>
      </trkpt>
      <trkpt lat="44.15741" lon="5.19416">
        <ele>692</ele>
        <time>2022-03-17T15:04:09.826Z</time>
      </trkpt>
      <trkpt lat="44.15742" lon="5.19416">
        <ele>692</ele>
        <time>2022-03-17T15:04:10.826Z</time>
      </trkpt>
      <trkpt lat="44.15744" lon="5.19416">
        <ele>692</ele>
        <time>2022-03-17T15:04:11.826Z</time>
      </trkpt>
      <trkpt lat="44.15745" lon="5.19415">
        <ele>692</ele>
        <time>2022-03-17T15:04:12.827Z</time>
      </trkpt>
      <trkpt lat="44.15746" lon="5.19416">
        <ele>692</ele>
        <time>2022-03-17T15:04:13.827Z</time>
      </trkpt>
      <trkpt lat="44.15747" lon="5.19416">
        <ele>692</ele>
        <time>2022-03-17T15:04:14.827Z</time>
      </trkpt>
      <trkpt lat="44.15749" lon="5.19415">
        <ele>693</ele>
        <time>2022-03-17T15:04:15.826Z</time>
      </trkpt>
      <trkpt lat="44.15751" lon="5.19415">
        <ele>693</ele>
        <time>2022-03-17T15:04:16.827Z</time>
      </trkpt>
      <trkpt lat="44.15752" lon="5.19414">
        <ele>693</ele>
        <time>2022-03-17T15:04:17.827Z</time>
      </trkpt>
      <trkpt lat="44.15754" lon="5.19414">
        <ele>694</ele>
        <time>2022-03-17T15:04:18.827Z</time>
      </trkpt>
      <trkpt lat="44.15755" lon="5.19414">
        <ele>694</ele>
        <time>2022-03-17T15:04:19.826Z</time>
      </trkpt>
      <trkpt lat="44.15757" lon="5.19413">
        <ele>694</ele>
        <time>2022-03-17T15:04:20.826Z</time>
      </trkpt>
      <trkpt lat="44.15758" lon="5.19414">
        <ele>694</ele>
        <time>2022-03-17T15:04:21.827Z</time>
      </trkpt>
      <trkpt lat="44.1576" lon="5.19414">
        <ele>694</ele>
        <time>2022-03-17T15:04:22.827Z</time>
      </trkpt>
      <trkpt lat="44.15761" lon="5.19413">
        <ele>694</ele>
        <time>2022-03-17T15:04:23.827Z</time>
      </trkpt>
      <trkpt lat="44.15762" lon="5.19414">
        <ele>694</ele>
        <time>2022-03-17T15:04:24.826Z</time>
      </trkpt>
      <trkpt lat="44.15762" lon="5.19415">
        <ele>693</ele>
        <time>2022-03-17T15:04:25.827Z</time>
      </trkpt>
      <trkpt lat="44.15763" lon="5.19414">
        <ele>693</ele>
        <time>2022-03-17T15:04:26.827Z</time>
      </trkpt>
      <trkpt lat="44.15764" lon="5.19415">
        <ele>694</ele>
        <time>2022-03-17T15:04:27.827Z</time>
      </trkpt>
      <trkpt lat="44.15765" lon="5.19415">
        <ele>694</ele>
        <time>2022-03-17T15:04:28.826Z</time>
      </trkpt>
      <trkpt lat="44.15767" lon="5.19413">
        <ele>694</ele>
        <time>2022-03-17T15:04:29.826Z</time>
      </trkpt>
      <trkpt lat="44.15768" lon="5.19413">
        <ele>694</ele>
        <time>2022-03-17T15:04:30.827Z</time>
      </trkpt>
      <trkpt lat="44.15769" lon="5.19413">
        <ele>694</ele>
        <time>2022-03-17T15:04:31.827Z</time>
      </trkpt>
      <trkpt lat="44.1577" lon="5.19413">
        <ele>694</ele>
        <time>2022-03-17T15:04:32.827Z</time>
      </trkpt>
      <trkpt lat="44.15771" lon="5.19414">
        <ele>694</ele>
        <time>2022-03-17T15:04:33.826Z</time>
      </trkpt>
      <trkpt lat="44.15772" lon="5.19414">
        <ele>694</ele>
        <time>2022-03-17T15:04:34.827Z</time>
      </trkpt>
      <trkpt lat="44.15774" lon="5.19414">
        <ele>694</ele>
        <time>2022-03-17T15:04:35.827Z</time>
      </trkpt>
      <trkpt lat="44.15775" lon="5.19415">
        <ele>694</ele>
        <time>2022-03-17T15:04:36.827Z</time>
      </trkpt>
      <trkpt lat="44.15776" lon="5.19415">
        <ele>694</ele>
        <time>2022-03-17T15:04:37.826Z</time>
      </trkpt>
      <trkpt lat="44.15778" lon="5.19415">
        <ele>693</ele>
        <time>2022-03-17T15:04:38.827Z</time>
      </trkpt>
      <trkpt lat="44.15779" lon="5.19416">
        <ele>693</ele>
        <time>2022-03-17T15:04:39.827Z</time>
      </trkpt>
      <trkpt lat="44.1578" lon="5.19416">
        <ele>693</ele>
        <time>2022-03-17T15:04:40.827Z</time>
      </trkpt>
      <trkpt lat="44.15782" lon="5.19416">
        <ele>692</ele>
        <time>2022-03-17T15:04:41.827Z</time>
      </trkpt>
      <trkpt lat="44.15784" lon="5.19417">
        <ele>692</ele>
        <time>2022-03-17T15:04:42.826Z</time>
      </trkpt>
      <trkpt lat="44.15785" lon="5.19418">
        <ele>692</ele>
        <time>2022-03-17T15:04:43.827Z</time>
      </trkpt>
      <trkpt lat="44.15787" lon="5.19418">
        <ele>692</ele>
        <time>2022-03-17T15:04:44.827Z</time>
      </trkpt>
      <trkpt lat="44.15788" lon="5.19419">
        <ele>692</ele>
        <time>2022-03-17T15:04:45.827Z</time>
      </trkpt>
      <trkpt lat="44.15789" lon="5.19419">
        <ele>692</ele>
        <time>2022-03-17T15:04:46.826Z</time>
      </trkpt>
      <trkpt lat="44.1579" lon="5.19419">
        <ele>693</ele>
        <time>2022-03-17T15:04:47.827Z</time>
      </trkpt>
      <trkpt lat="44.15791" lon="5.19419">
        <ele>693</ele>
        <time>2022-03-17T15:04:48.826Z</time>
      </trkpt>
      <trkpt lat="44.15792" lon="5.1942">
        <ele>693</ele>
        <time>2022-03-17T15:04:49.826Z</time>
      </trkpt>
      <trkpt lat="44.15793" lon="5.1942">
        <ele>694</ele>
        <time>2022-03-17T15:04:50.827Z</time>
      </trkpt>
      <trkpt lat="44.15795" lon="5.19421">
        <ele>694</ele>
        <time>2022-03-17T15:04:51.826Z</time>
      </trkpt>
      <trkpt lat="44.15796" lon="5.19422">
        <ele>694</ele>
        <time>2022-03-17T15:04:52.826Z</time>
      </trkpt>
      <trkpt lat="44.15797" lon="5.19423">
        <ele>694</ele>
        <time>2022-03-17T15:04:53.827Z</time>
      </trkpt>
      <trkpt lat="44.15799" lon="5.19423">
        <ele>694</ele>
        <time>2022-03-17T15:04:54.827Z</time>
      </trkpt>
      <trkpt lat="44.158" lon="5.19423">
        <ele>693</ele>
        <time>2022-03-17T15:04:55.827Z</time>
      </trkpt>
      <trkpt lat="44.15802" lon="5.19423">
        <ele>693</ele>
        <time>2022-03-17T15:04:56.827Z</time>
      </trkpt>
      <trkpt lat="44.15804" lon="5.19423">
        <ele>693</ele>
        <time>2022-03-17T15:04:57.827Z</time>
      </trkpt>
      <trkpt lat="44.15806" lon="5.19423">
        <ele>693</ele>
        <time>2022-03-17T15:04:58.826Z</time>
      </trkpt>
      <trkpt lat="44.15807" lon="5.19424">
        <ele>693</ele>
        <time>2022-03-17T15:04:59.827Z</time>
      </trkpt>
      <trkpt lat="44.15808" lon="5.19424">
        <ele>693</ele>
        <time>2022-03-17T15:05:00.827Z</time>
      </trkpt>
      <trkpt lat="44.15809" lon="5.19425">
        <ele>694</ele>
        <time>2022-03-17T15:05:01.827Z</time>
      </trkpt>
      <trkpt lat="44.1581" lon="5.19426">
        <ele>694</ele>
        <time>2022-03-17T15:05:02.826Z</time>
      </trkpt>
      <trkpt lat="44.15811" lon="5.19426">
        <ele>694</ele>
        <time>2022-03-17T15:05:03.827Z</time>
      </trkpt>
      <trkpt lat="44.15812" lon="5.19427">
        <ele>694</ele>
        <time>2022-03-17T15:05:04.826Z</time>
      </trkpt>
      <trkpt lat="44.15813" lon="5.19428">
        <ele>694</ele>
        <time>2022-03-17T15:05:05.826Z</time>
      </trkpt>
      <trkpt lat="44.15815" lon="5.19429">
        <ele>694</ele>
        <time>2022-03-17T15:05:06.827Z</time>
      </trkpt>
      <trkpt lat="44.15816" lon="5.1943">
        <ele>694</ele>
        <time>2022-03-17T15:05:07.827Z</time>
      </trkpt>
      <trkpt lat="44.15817" lon="5.19431">
        <ele>694</ele>
        <time>2022-03-17T15:05:08.826Z</time>
      </trkpt>
      <trkpt lat="44.15818" lon="5.19432">
        <ele>694</ele>
        <time>2022-03-17T15:05:09.827Z</time>
      </trkpt>
      <trkpt lat="44.15819" lon="5.19433">
        <ele>694</ele>
        <time>2022-03-17T15:05:10.826Z</time>
      </trkpt>
      <trkpt lat="44.15821" lon="5.19434">
        <ele>694</ele>
        <time>2022-03-17T15:05:11.827Z</time>
      </trkpt>
      <trkpt lat="44.15823" lon="5.19435">
        <ele>694</ele>
        <time>2022-03-17T15:05:12.827Z</time>
      </trkpt>
      <trkpt lat="44.15824" lon="5.19436">
        <ele>694</ele>
        <time>2022-03-17T15:05:13.827Z</time>
      </trkpt>
      <trkpt lat="44.15826" lon="5.19437">
        <ele>694</ele>
        <time>2022-03-17T15:05:14.826Z</time>
      </trkpt>
      <trkpt lat="44.15828" lon="5.19438">
        <ele>694</ele>
        <time>2022-03-17T15:05:15.826Z</time>
      </trkpt>
      <trkpt lat="44.15829" lon="5.19438">
        <ele>694</ele>
        <time>2022-03-17T15:05:16.827Z</time>
      </trkpt>
      <trkpt lat="44.15829" lon="5.1944">
        <ele>694</ele>
        <time>2022-03-17T15:05:17.827Z</time>
      </trkpt>
      <trkpt lat="44.1583" lon="5.19442">
        <ele>694</ele>
        <time>2022-03-17T15:05:18.827Z</time>
      </trkpt>
      <trkpt lat="44.15832" lon="5.19443">
        <ele>694</ele>
        <time>2022-03-17T15:05:19.827Z</time>
      </trkpt>
      <trkpt lat="44.15833" lon="5.19445">
        <ele>694</ele>
        <time>2022-03-17T15:05:20.826Z</time>
      </trkpt>
      <trkpt lat="44.15834" lon="5.19446">
        <ele>695</ele>
        <time>2022-03-17T15:05:21.827Z</time>
      </trkpt>
      <trkpt lat="44.15835" lon="5.19448">
        <ele>695</ele>
        <time>2022-03-17T15:05:22.827Z</time>
      </trkpt>
      <trkpt lat="44.15837" lon="5.19449">
        <ele>695</ele>
        <time>2022-03-17T15:05:23.826Z</time>
      </trkpt>
      <trkpt lat="44.15838" lon="5.1945">
        <ele>695</ele>
        <time>2022-03-17T15:05:24.827Z</time>
      </trkpt>
      <trkpt lat="44.15839" lon="5.19452">
        <ele>695</ele>
        <time>2022-03-17T15:05:25.826Z</time>
      </trkpt>
      <trkpt lat="44.1584" lon="5.19454">
        <ele>695</ele>
        <time>2022-03-17T15:05:26.827Z</time>
      </trkpt>
      <trkpt lat="44.1584" lon="5.19456">
        <ele>695</ele>
        <time>2022-03-17T15:05:27.827Z</time>
      </trkpt>
      <trkpt lat="44.15841" lon="5.19458">
        <ele>695</ele>
        <time>2022-03-17T15:05:28.826Z</time>
      </trkpt>
      <trkpt lat="44.15842" lon="5.1946">
        <ele>695</ele>
        <time>2022-03-17T15:05:29.826Z</time>
      </trkpt>
      <trkpt lat="44.15843" lon="5.19461">
        <ele>695</ele>
        <time>2022-03-17T15:05:30.826Z</time>
      </trkpt>
      <trkpt lat="44.15844" lon="5.19462">
        <ele>696</ele>
        <time>2022-03-17T15:05:31.827Z</time>
      </trkpt>
      <trkpt lat="44.15845" lon="5.19464">
        <ele>696</ele>
        <time>2022-03-17T15:05:32.827Z</time>
      </trkpt>
      <trkpt lat="44.15847" lon="5.19465">
        <ele>696</ele>
        <time>2022-03-17T15:05:33.826Z</time>
      </trkpt>
      <trkpt lat="44.15849" lon="5.19466">
        <ele>696</ele>
        <time>2022-03-17T15:05:34.827Z</time>
      </trkpt>
      <trkpt lat="44.1585" lon="5.19467">
        <ele>696</ele>
        <time>2022-03-17T15:05:35.826Z</time>
      </trkpt>
      <trkpt lat="44.15851" lon="5.19467">
        <ele>697</ele>
        <time>2022-03-17T15:05:37.827Z</time>
      </trkpt>
      <trkpt lat="44.15852" lon="5.19467">
        <ele>697</ele>
        <time>2022-03-17T15:05:38.827Z</time>
      </trkpt>
      <trkpt lat="44.15854" lon="5.19468">
        <ele>697</ele>
        <time>2022-03-17T15:05:39.826Z</time>
      </trkpt>
      <trkpt lat="44.15856" lon="5.1947">
        <ele>698</ele>
        <time>2022-03-17T15:05:40.826Z</time>
      </trkpt>
      <trkpt lat="44.15857" lon="5.19472">
        <ele>698</ele>
        <time>2022-03-17T15:05:41.827Z</time>
      </trkpt>
      <trkpt lat="44.15858" lon="5.19474">
        <ele>698</ele>
        <time>2022-03-17T15:05:42.826Z</time>
      </trkpt>
      <trkpt lat="44.1586" lon="5.19474">
        <ele>698</ele>
        <time>2022-03-17T15:05:43.827Z</time>
      </trkpt>
      <trkpt lat="44.15862" lon="5.19474">
        <ele>698</ele>
        <time>2022-03-17T15:05:44.827Z</time>
      </trkpt>
      <trkpt lat="44.15863" lon="5.19474">
        <ele>698</ele>
        <time>2022-03-17T15:05:45.826Z</time>
      </trkpt>
      <trkpt lat="44.15864" lon="5.19473">
        <ele>698</ele>
        <time>2022-03-17T15:05:46.827Z</time>
      </trkpt>
      <trkpt lat="44.15865" lon="5.19473">
        <ele>698</ele>
        <time>2022-03-17T15:05:47.826Z</time>
      </trkpt>
      <trkpt lat="44.15866" lon="5.19473">
        <ele>699</ele>
        <time>2022-03-17T15:05:48.827Z</time>
      </trkpt>
      <trkpt lat="44.15867" lon="5.19473">
        <ele>699</ele>
        <time>2022-03-17T15:05:49.827Z</time>
      </trkpt>
      <trkpt lat="44.15868" lon="5.19472">
        <ele>699</ele>
        <time>2022-03-17T15:05:51.827Z</time>
      </trkpt>
      <trkpt lat="44.1587" lon="5.19472">
        <ele>700</ele>
        <time>2022-03-17T15:05:52.827Z</time>
      </trkpt>
      <trkpt lat="44.15871" lon="5.19471">
        <ele>700</ele>
        <time>2022-03-17T15:05:53.827Z</time>
      </trkpt>
      <trkpt lat="44.15873" lon="5.19471">
        <ele>700</ele>
        <time>2022-03-17T15:05:54.827Z</time>
      </trkpt>
      <trkpt lat="44.15875" lon="5.19471">
        <ele>701</ele>
        <time>2022-03-17T15:05:55.827Z</time>
      </trkpt>
      <trkpt lat="44.15877" lon="5.19471">
        <ele>701</ele>
        <time>2022-03-17T15:05:56.827Z</time>
      </trkpt>
      <trkpt lat="44.15878" lon="5.19472">
        <ele>701</ele>
        <time>2022-03-17T15:05:57.827Z</time>
      </trkpt>
      <trkpt lat="44.1588" lon="5.19474">
        <ele>701</ele>
        <time>2022-03-17T15:05:58.827Z</time>
      </trkpt>
      <trkpt lat="44.15881" lon="5.19474">
        <ele>702</ele>
        <time>2022-03-17T15:05:59.827Z</time>
      </trkpt>
      <trkpt lat="44.15882" lon="5.19474">
        <ele>702</ele>
        <time>2022-03-17T15:06:00.827Z</time>
      </trkpt>
      <trkpt lat="44.15883" lon="5.19475">
        <ele>703</ele>
        <time>2022-03-17T15:06:01.827Z</time>
      </trkpt>
      <trkpt lat="44.15884" lon="5.19475">
        <ele>703</ele>
        <time>2022-03-17T15:06:02.827Z</time>
      </trkpt>
      <trkpt lat="44.15885" lon="5.19475">
        <ele>703</ele>
        <time>2022-03-17T15:06:03.827Z</time>
      </trkpt>
      <trkpt lat="44.15886" lon="5.19476">
        <ele>704</ele>
        <time>2022-03-17T15:06:04.827Z</time>
      </trkpt>
      <trkpt lat="44.15887" lon="5.19476">
        <ele>704</ele>
        <time>2022-03-17T15:06:05.826Z</time>
      </trkpt>
      <trkpt lat="44.15889" lon="5.19476">
        <ele>704</ele>
        <time>2022-03-17T15:06:06.827Z</time>
      </trkpt>
      <trkpt lat="44.15891" lon="5.19476">
        <ele>704</ele>
        <time>2022-03-17T15:06:07.827Z</time>
      </trkpt>
      <trkpt lat="44.15893" lon="5.19476">
        <ele>704</ele>
        <time>2022-03-17T15:06:08.827Z</time>
      </trkpt>
      <trkpt lat="44.15894" lon="5.19476">
        <ele>704</ele>
        <time>2022-03-17T15:06:09.827Z</time>
      </trkpt>
      <trkpt lat="44.15897" lon="5.19476">
        <ele>704</ele>
        <time>2022-03-17T15:06:10.827Z</time>
      </trkpt>
      <trkpt lat="44.159" lon="5.19475">
        <ele>704</ele>
        <time>2022-03-17T15:06:11.827Z</time>
      </trkpt>
      <trkpt lat="44.15902" lon="5.19475">
        <ele>704</ele>
        <time>2022-03-17T15:06:12.827Z</time>
      </trkpt>
      <trkpt lat="44.15903" lon="5.19476">
        <ele>705</ele>
        <time>2022-03-17T15:06:13.827Z</time>
      </trkpt>
      <trkpt lat="44.15905" lon="5.19476">
        <ele>705</ele>
        <time>2022-03-17T15:06:14.827Z</time>
      </trkpt>
      <trkpt lat="44.15907" lon="5.19476">
        <ele>705</ele>
        <time>2022-03-17T15:06:15.827Z</time>
      </trkpt>
      <trkpt lat="44.15908" lon="5.19476">
        <ele>705</ele>
        <time>2022-03-17T15:06:16.827Z</time>
      </trkpt>
      <trkpt lat="44.15909" lon="5.19476">
        <ele>705</ele>
        <time>2022-03-17T15:06:17.827Z</time>
      </trkpt>
      <trkpt lat="44.15911" lon="5.19476">
        <ele>705</ele>
        <time>2022-03-17T15:06:18.827Z</time>
      </trkpt>
      <trkpt lat="44.15912" lon="5.19476">
        <ele>705</ele>
        <time>2022-03-17T15:06:19.827Z</time>
      </trkpt>
      <trkpt lat="44.15914" lon="5.19476">
        <ele>705</ele>
        <time>2022-03-17T15:06:20.827Z</time>
      </trkpt>
      <trkpt lat="44.15915" lon="5.19475">
        <ele>706</ele>
        <time>2022-03-17T15:06:21.827Z</time>
      </trkpt>
      <trkpt lat="44.15916" lon="5.19475">
        <ele>706</ele>
        <time>2022-03-17T15:06:22.826Z</time>
      </trkpt>
      <trkpt lat="44.15917" lon="5.19475">
        <ele>706</ele>
        <time>2022-03-17T15:06:23.827Z</time>
      </trkpt>
      <trkpt lat="44.15918" lon="5.19475">
        <ele>707</ele>
        <time>2022-03-17T15:06:24.827Z</time>
      </trkpt>
      <trkpt lat="44.1592" lon="5.19475">
        <ele>707</ele>
        <time>2022-03-17T15:06:25.826Z</time>
      </trkpt>
      <trkpt lat="44.15921" lon="5.19475">
        <ele>708</ele>
        <time>2022-03-17T15:06:26.827Z</time>
      </trkpt>
      <trkpt lat="44.15923" lon="5.19475">
        <ele>708</ele>
        <time>2022-03-17T15:06:27.827Z</time>
      </trkpt>
      <trkpt lat="44.15924" lon="5.19476">
        <ele>708</ele>
        <time>2022-03-17T15:06:28.826Z</time>
      </trkpt>
      <trkpt lat="44.15925" lon="5.19477">
        <ele>708</ele>
        <time>2022-03-17T15:06:29.827Z</time>
      </trkpt>
      <trkpt lat="44.15926" lon="5.19477">
        <ele>709</ele>
        <time>2022-03-17T15:06:30.827Z</time>
      </trkpt>
      <trkpt lat="44.15928" lon="5.19477">
        <ele>709</ele>
        <time>2022-03-17T15:06:31.827Z</time>
      </trkpt>
      <trkpt lat="44.1593" lon="5.19477">
        <ele>709</ele>
        <time>2022-03-17T15:06:32.827Z</time>
      </trkpt>
      <trkpt lat="44.15931" lon="5.19477">
        <ele>709</ele>
        <time>2022-03-17T15:06:33.827Z</time>
      </trkpt>
      <trkpt lat="44.15932" lon="5.19478">
        <ele>710</ele>
        <time>2022-03-17T15:06:34.826Z</time>
      </trkpt>
      <trkpt lat="44.15933" lon="5.19478">
        <ele>710</ele>
        <time>2022-03-17T15:06:35.827Z</time>
      </trkpt>
      <trkpt lat="44.15934" lon="5.19478">
        <ele>711</ele>
        <time>2022-03-17T15:06:36.826Z</time>
      </trkpt>
      <trkpt lat="44.15936" lon="5.19478">
        <ele>711</ele>
        <time>2022-03-17T15:06:37.827Z</time>
      </trkpt>
      <trkpt lat="44.15937" lon="5.19478">
        <ele>711</ele>
        <time>2022-03-17T15:06:38.826Z</time>
      </trkpt>
      <trkpt lat="44.15939" lon="5.19478">
        <ele>711</ele>
        <time>2022-03-17T15:06:39.827Z</time>
      </trkpt>
      <trkpt lat="44.1594" lon="5.19478">
        <ele>711</ele>
        <time>2022-03-17T15:06:40.826Z</time>
      </trkpt>
      <trkpt lat="44.15942" lon="5.19477">
        <ele>711</ele>
        <time>2022-03-17T15:06:41.826Z</time>
      </trkpt>
      <trkpt lat="44.15943" lon="5.19477">
        <ele>711</ele>
        <time>2022-03-17T15:06:42.827Z</time>
      </trkpt>
      <trkpt lat="44.15944" lon="5.19477">
        <ele>710</ele>
        <time>2022-03-17T15:06:43.827Z</time>
      </trkpt>
      <trkpt lat="44.15946" lon="5.19478">
        <ele>710</ele>
        <time>2022-03-17T15:06:44.827Z</time>
      </trkpt>
      <trkpt lat="44.15948" lon="5.19479">
        <ele>710</ele>
        <time>2022-03-17T15:06:45.827Z</time>
      </trkpt>
      <trkpt lat="44.15949" lon="5.19481">
        <ele>709</ele>
        <time>2022-03-17T15:06:46.827Z</time>
      </trkpt>
      <trkpt lat="44.1595" lon="5.19482">
        <ele>709</ele>
        <time>2022-03-17T15:06:47.827Z</time>
      </trkpt>
      <trkpt lat="44.15951" lon="5.19482">
        <ele>709</ele>
        <time>2022-03-17T15:06:48.827Z</time>
      </trkpt>
      <trkpt lat="44.15952" lon="5.19482">
        <ele>709</ele>
        <time>2022-03-17T15:06:49.827Z</time>
      </trkpt>
      <trkpt lat="44.15954" lon="5.19482">
        <ele>709</ele>
        <time>2022-03-17T15:06:50.826Z</time>
      </trkpt>
      <trkpt lat="44.15955" lon="5.19481">
        <ele>710</ele>
        <time>2022-03-17T15:06:51.826Z</time>
      </trkpt>
      <trkpt lat="44.15957" lon="5.1948">
        <ele>710</ele>
        <time>2022-03-17T15:06:52.827Z</time>
      </trkpt>
      <trkpt lat="44.15958" lon="5.19479">
        <ele>710</ele>
        <time>2022-03-17T15:06:53.826Z</time>
      </trkpt>
      <trkpt lat="44.1596" lon="5.19478">
        <ele>711</ele>
        <time>2022-03-17T15:06:54.826Z</time>
      </trkpt>
      <trkpt lat="44.15961" lon="5.19477">
        <ele>711</ele>
        <time>2022-03-17T15:06:55.827Z</time>
      </trkpt>
      <trkpt lat="44.15962" lon="5.19476">
        <ele>712</ele>
        <time>2022-03-17T15:06:56.827Z</time>
      </trkpt>
      <trkpt lat="44.15964" lon="5.19476">
        <ele>712</ele>
        <time>2022-03-17T15:06:57.827Z</time>
      </trkpt>
      <trkpt lat="44.15965" lon="5.19476">
        <ele>712</ele>
        <time>2022-03-17T15:06:58.827Z</time>
      </trkpt>
      <trkpt lat="44.15966" lon="5.19476">
        <ele>713</ele>
        <time>2022-03-17T15:06:59.827Z</time>
      </trkpt>
      <trkpt lat="44.15967" lon="5.19476">
        <ele>713</ele>
        <time>2022-03-17T15:07:00.826Z</time>
      </trkpt>
      <trkpt lat="44.15968" lon="5.19478">
        <ele>714</ele>
        <time>2022-03-17T15:07:01.827Z</time>
      </trkpt>
      <trkpt lat="44.1597" lon="5.19479">
        <ele>715</ele>
        <time>2022-03-17T15:07:02.827Z</time>
      </trkpt>
      <trkpt lat="44.15972" lon="5.1948">
        <ele>715</ele>
        <time>2022-03-17T15:07:03.827Z</time>
      </trkpt>
      <trkpt lat="44.15974" lon="5.19481">
        <ele>716</ele>
        <time>2022-03-17T15:07:04.827Z</time>
      </trkpt>
      <trkpt lat="44.15976" lon="5.19482">
        <ele>716</ele>
        <time>2022-03-17T15:07:05.827Z</time>
      </trkpt>
      <trkpt lat="44.15977" lon="5.19482">
        <ele>716</ele>
        <time>2022-03-17T15:07:06.826Z</time>
      </trkpt>
      <trkpt lat="44.15979" lon="5.19483">
        <ele>716</ele>
        <time>2022-03-17T15:07:07.827Z</time>
      </trkpt>
      <trkpt lat="44.1598" lon="5.19485">
        <ele>716</ele>
        <time>2022-03-17T15:07:08.827Z</time>
      </trkpt>
      <trkpt lat="44.15981" lon="5.19487">
        <ele>717</ele>
        <time>2022-03-17T15:07:09.827Z</time>
      </trkpt>
      <trkpt lat="44.15982" lon="5.19488">
        <ele>716</ele>
        <time>2022-03-17T15:07:10.826Z</time>
      </trkpt>
      <trkpt lat="44.15983" lon="5.19489">
        <ele>716</ele>
        <time>2022-03-17T15:07:11.827Z</time>
      </trkpt>
      <trkpt lat="44.15985" lon="5.19489">
        <ele>716</ele>
        <time>2022-03-17T15:07:12.827Z</time>
      </trkpt>
      <trkpt lat="44.15986" lon="5.19489">
        <ele>716</ele>
        <time>2022-03-17T15:07:13.827Z</time>
      </trkpt>
      <trkpt lat="44.15987" lon="5.1949">
        <ele>716</ele>
        <time>2022-03-17T15:07:14.827Z</time>
      </trkpt>
      <trkpt lat="44.15988" lon="5.1949">
        <ele>716</ele>
        <time>2022-03-17T15:07:15.826Z</time>
      </trkpt>
      <trkpt lat="44.1599" lon="5.1949">
        <ele>716</ele>
        <time>2022-03-17T15:07:16.826Z</time>
      </trkpt>
      <trkpt lat="44.15991" lon="5.1949">
        <ele>716</ele>
        <time>2022-03-17T15:07:17.827Z</time>
      </trkpt>
      <trkpt lat="44.15992" lon="5.1949">
        <ele>716</ele>
        <time>2022-03-17T15:07:18.827Z</time>
      </trkpt>
      <trkpt lat="44.15993" lon="5.1949">
        <ele>717</ele>
        <time>2022-03-17T15:07:19.827Z</time>
      </trkpt>
      <trkpt lat="44.15994" lon="5.1949">
        <ele>717</ele>
        <time>2022-03-17T15:07:20.827Z</time>
      </trkpt>
      <trkpt lat="44.15995" lon="5.19491">
        <ele>717</ele>
        <time>2022-03-17T15:07:21.827Z</time>
      </trkpt>
      <trkpt lat="44.15996" lon="5.19491">
        <ele>718</ele>
        <time>2022-03-17T15:07:22.826Z</time>
      </trkpt>
      <trkpt lat="44.15997" lon="5.19491">
        <ele>719</ele>
        <time>2022-03-17T15:07:23.826Z</time>
      </trkpt>
      <trkpt lat="44.15997" lon="5.19492">
        <ele>719</ele>
        <time>2022-03-17T15:07:24.827Z</time>
      </trkpt>
      <trkpt lat="44.15998" lon="5.19492">
        <ele>719</ele>
        <time>2022-03-17T15:07:25.827Z</time>
      </trkpt>
      <trkpt lat="44.16" lon="5.19493">
        <ele>720</ele>
        <time>2022-03-17T15:07:26.827Z</time>
      </trkpt>
      <trkpt lat="44.16001" lon="5.19493">
        <ele>720</ele>
        <time>2022-03-17T15:07:27.827Z</time>
      </trkpt>
      <trkpt lat="44.16002" lon="5.19493">
        <ele>721</ele>
        <time>2022-03-17T15:07:28.826Z</time>
      </trkpt>
      <trkpt lat="44.16003" lon="5.19492">
        <ele>721</ele>
        <time>2022-03-17T15:07:29.826Z</time>
      </trkpt>
      <trkpt lat="44.16005" lon="5.19491">
        <ele>722</ele>
        <time>2022-03-17T15:07:30.827Z</time>
      </trkpt>
      <trkpt lat="44.16006" lon="5.19491">
        <ele>722</ele>
        <time>2022-03-17T15:07:31.827Z</time>
      </trkpt>
      <trkpt lat="44.16008" lon="5.19491">
        <ele>722</ele>
        <time>2022-03-17T15:07:32.827Z</time>
      </trkpt>
      <trkpt lat="44.16009" lon="5.19491">
        <ele>722</ele>
        <time>2022-03-17T15:07:33.827Z</time>
      </trkpt>
      <trkpt lat="44.1601" lon="5.19491">
        <ele>722</ele>
        <time>2022-03-17T15:07:34.827Z</time>
      </trkpt>
      <trkpt lat="44.16011" lon="5.19491">
        <ele>723</ele>
        <time>2022-03-17T15:07:35.827Z</time>
      </trkpt>
      <trkpt lat="44.16012" lon="5.19491">
        <ele>723</ele>
        <time>2022-03-17T15:07:36.826Z</time>
      </trkpt>
      <trkpt lat="44.16013" lon="5.19491">
        <ele>723</ele>
        <time>2022-03-17T15:07:37.826Z</time>
      </trkpt>
      <trkpt lat="44.16015" lon="5.19491">
        <ele>724</ele>
        <time>2022-03-17T15:07:38.827Z</time>
      </trkpt>
      <trkpt lat="44.16016" lon="5.19491">
        <ele>724</ele>
        <time>2022-03-17T15:07:39.827Z</time>
      </trkpt>
      <trkpt lat="44.16018" lon="5.19492">
        <ele>724</ele>
        <time>2022-03-17T15:07:40.827Z</time>
      </trkpt>
      <trkpt lat="44.1602" lon="5.19493">
        <ele>724</ele>
        <time>2022-03-17T15:07:41.827Z</time>
      </trkpt>
      <trkpt lat="44.16022" lon="5.19495">
        <ele>724</ele>
        <time>2022-03-17T15:07:42.827Z</time>
      </trkpt>
      <trkpt lat="44.16023" lon="5.19497">
        <ele>724</ele>
        <time>2022-03-17T15:07:43.826Z</time>
      </trkpt>
      <trkpt lat="44.16025" lon="5.19498">
        <ele>724</ele>
        <time>2022-03-17T15:07:44.827Z</time>
      </trkpt>
      <trkpt lat="44.16026" lon="5.19499">
        <ele>725</ele>
        <time>2022-03-17T15:07:45.827Z</time>
      </trkpt>
      <trkpt lat="44.16027" lon="5.195">
        <ele>725</ele>
        <time>2022-03-17T15:07:46.827Z</time>
      </trkpt>
      <trkpt lat="44.16028" lon="5.19501">
        <ele>725</ele>
        <time>2022-03-17T15:07:47.827Z</time>
      </trkpt>
      <trkpt lat="44.16028" lon="5.19502">
        <ele>725</ele>
        <time>2022-03-17T15:07:48.827Z</time>
      </trkpt>
      <trkpt lat="44.16029" lon="5.19504">
        <ele>726</ele>
        <time>2022-03-17T15:07:49.826Z</time>
      </trkpt>
      <trkpt lat="44.16031" lon="5.19505">
        <ele>726</ele>
        <time>2022-03-17T15:07:50.827Z</time>
      </trkpt>
      <trkpt lat="44.16032" lon="5.19506">
        <ele>726</ele>
        <time>2022-03-17T15:07:51.827Z</time>
      </trkpt>
      <trkpt lat="44.16033" lon="5.19506">
        <ele>726</ele>
        <time>2022-03-17T15:07:52.827Z</time>
      </trkpt>
      <trkpt lat="44.16034" lon="5.19507">
        <ele>726</ele>
        <time>2022-03-17T15:07:53.827Z</time>
      </trkpt>
      <trkpt lat="44.16035" lon="5.19508">
        <ele>727</ele>
        <time>2022-03-17T15:07:54.827Z</time>
      </trkpt>
      <trkpt lat="44.16036" lon="5.19508">
        <ele>727</ele>
        <time>2022-03-17T15:07:55.826Z</time>
      </trkpt>
      <trkpt lat="44.16038" lon="5.19508">
        <ele>727</ele>
        <time>2022-03-17T15:07:56.826Z</time>
      </trkpt>
      <trkpt lat="44.16039" lon="5.19507">
        <ele>727</ele>
        <time>2022-03-17T15:07:57.827Z</time>
      </trkpt>
      <trkpt lat="44.1604" lon="5.19506">
        <ele>727</ele>
        <time>2022-03-17T15:07:58.827Z</time>
      </trkpt>
      <trkpt lat="44.16041" lon="5.19506">
        <ele>727</ele>
        <time>2022-03-17T15:07:59.827Z</time>
      </trkpt>
      <trkpt lat="44.16042" lon="5.19505">
        <ele>728</ele>
        <time>2022-03-17T15:08:00.826Z</time>
      </trkpt>
      <trkpt lat="44.16043" lon="5.19505">
        <ele>728</ele>
        <time>2022-03-17T15:08:01.827Z</time>
      </trkpt>
      <trkpt lat="44.16044" lon="5.19505">
        <ele>729</ele>
        <time>2022-03-17T15:08:02.826Z</time>
      </trkpt>
      <trkpt lat="44.16045" lon="5.19505">
        <ele>730</ele>
        <time>2022-03-17T15:08:03.827Z</time>
      </trkpt>
      <trkpt lat="44.16047" lon="5.19506">
        <ele>731</ele>
        <time>2022-03-17T15:08:04.827Z</time>
      </trkpt>
      <trkpt lat="44.16048" lon="5.19506">
        <ele>732</ele>
        <time>2022-03-17T15:08:05.827Z</time>
      </trkpt>
      <trkpt lat="44.16049" lon="5.19506">
        <ele>733</ele>
        <time>2022-03-17T15:08:06.827Z</time>
      </trkpt>
      <trkpt lat="44.1605" lon="5.19506">
        <ele>733</ele>
        <time>2022-03-17T15:08:07.826Z</time>
      </trkpt>
      <trkpt lat="44.16051" lon="5.19506">
        <ele>734</ele>
        <time>2022-03-17T15:08:08.827Z</time>
      </trkpt>
      <trkpt lat="44.16052" lon="5.19507">
        <ele>735</ele>
        <time>2022-03-17T15:08:09.827Z</time>
      </trkpt>
      <trkpt lat="44.16053" lon="5.19508">
        <ele>735</ele>
        <time>2022-03-17T15:08:10.826Z</time>
      </trkpt>
      <trkpt lat="44.16055" lon="5.19509">
        <ele>736</ele>
        <time>2022-03-17T15:08:11.826Z</time>
      </trkpt>
      <trkpt lat="44.16055" lon="5.1951">
        <ele>736</ele>
        <time>2022-03-17T15:08:12.827Z</time>
      </trkpt>
      <trkpt lat="44.16057" lon="5.19511">
        <ele>737</ele>
        <time>2022-03-17T15:08:13.827Z</time>
      </trkpt>
      <trkpt lat="44.16058" lon="5.19512">
        <ele>737</ele>
        <time>2022-03-17T15:08:14.827Z</time>
      </trkpt>
      <trkpt lat="44.1606" lon="5.19512">
        <ele>738</ele>
        <time>2022-03-17T15:08:15.827Z</time>
      </trkpt>
      <trkpt lat="44.16061" lon="5.19512">
        <ele>738</ele>
        <time>2022-03-17T15:08:16.827Z</time>
      </trkpt>
      <trkpt lat="44.16062" lon="5.19512">
        <ele>739</ele>
        <time>2022-03-17T15:08:17.826Z</time>
      </trkpt>
      <trkpt lat="44.16063" lon="5.19512">
        <ele>740</ele>
        <time>2022-03-17T15:08:18.827Z</time>
      </trkpt>
      <trkpt lat="44.16064" lon="5.19512">
        <ele>740</ele>
        <time>2022-03-17T15:08:19.827Z</time>
      </trkpt>
      <trkpt lat="44.16066" lon="5.19512">
        <ele>741</ele>
        <time>2022-03-17T15:08:20.827Z</time>
      </trkpt>
      <trkpt lat="44.16067" lon="5.19512">
        <ele>741</ele>
        <time>2022-03-17T15:08:21.826Z</time>
      </trkpt>
      <trkpt lat="44.16068" lon="5.19511">
        <ele>741</ele>
        <time>2022-03-17T15:08:22.827Z</time>
      </trkpt>
      <trkpt lat="44.16069" lon="5.19511">
        <ele>742</ele>
        <time>2022-03-17T15:08:23.827Z</time>
      </trkpt>
      <trkpt lat="44.16071" lon="5.19511">
        <ele>742</ele>
        <time>2022-03-17T15:08:24.827Z</time>
      </trkpt>
      <trkpt lat="44.16073" lon="5.19512">
        <ele>742</ele>
        <time>2022-03-17T15:08:25.827Z</time>
      </trkpt>
      <trkpt lat="44.16074" lon="5.19513">
        <ele>742</ele>
        <time>2022-03-17T15:08:26.827Z</time>
      </trkpt>
      <trkpt lat="44.16075" lon="5.19514">
        <ele>742</ele>
        <time>2022-03-17T15:08:27.826Z</time>
      </trkpt>
      <trkpt lat="44.16077" lon="5.19515">
        <ele>742</ele>
        <time>2022-03-17T15:08:28.827Z</time>
      </trkpt>
      <trkpt lat="44.16079" lon="5.19515">
        <ele>742</ele>
        <time>2022-03-17T15:08:29.827Z</time>
      </trkpt>
      <trkpt lat="44.16081" lon="5.19515">
        <ele>742</ele>
        <time>2022-03-17T15:08:30.827Z</time>
      </trkpt>
      <trkpt lat="44.16083" lon="5.19516">
        <ele>742</ele>
        <time>2022-03-17T15:08:31.826Z</time>
      </trkpt>
      <trkpt lat="44.16084" lon="5.19517">
        <ele>741</ele>
        <time>2022-03-17T15:08:32.827Z</time>
      </trkpt>
      <trkpt lat="44.16086" lon="5.19518">
        <ele>741</ele>
        <time>2022-03-17T15:08:33.827Z</time>
      </trkpt>
      <trkpt lat="44.16087" lon="5.19519">
        <ele>741</ele>
        <time>2022-03-17T15:08:34.826Z</time>
      </trkpt>
      <trkpt lat="44.16089" lon="5.1952">
        <ele>741</ele>
        <time>2022-03-17T15:08:35.827Z</time>
      </trkpt>
      <trkpt lat="44.1609" lon="5.19521">
        <ele>741</ele>
        <time>2022-03-17T15:08:36.827Z</time>
      </trkpt>
      <trkpt lat="44.16091" lon="5.19522">
        <ele>741</ele>
        <time>2022-03-17T15:08:37.827Z</time>
      </trkpt>
      <trkpt lat="44.16092" lon="5.19523">
        <ele>741</ele>
        <time>2022-03-17T15:08:38.827Z</time>
      </trkpt>
      <trkpt lat="44.16093" lon="5.19523">
        <ele>742</ele>
        <time>2022-03-17T15:08:39.827Z</time>
      </trkpt>
      <trkpt lat="44.16094" lon="5.19523">
        <ele>742</ele>
        <time>2022-03-17T15:08:40.826Z</time>
      </trkpt>
      <trkpt lat="44.16095" lon="5.19522">
        <ele>742</ele>
        <time>2022-03-17T15:08:41.827Z</time>
      </trkpt>
      <trkpt lat="44.16096" lon="5.19522">
        <ele>742</ele>
        <time>2022-03-17T15:08:42.827Z</time>
      </trkpt>
      <trkpt lat="44.16097" lon="5.19521">
        <ele>743</ele>
        <time>2022-03-17T15:08:44.827Z</time>
      </trkpt>
      <trkpt lat="44.16098" lon="5.19521">
        <ele>743</ele>
        <time>2022-03-17T15:08:45.827Z</time>
      </trkpt>
      <trkpt lat="44.16099" lon="5.1952">
        <ele>743</ele>
        <time>2022-03-17T15:08:46.827Z</time>
      </trkpt>
      <trkpt lat="44.161" lon="5.19521">
        <ele>743</ele>
        <time>2022-03-17T15:08:47.827Z</time>
      </trkpt>
      <trkpt lat="44.16101" lon="5.19521">
        <ele>744</ele>
        <time>2022-03-17T15:08:48.827Z</time>
      </trkpt>
      <trkpt lat="44.16102" lon="5.19521">
        <ele>744</ele>
        <time>2022-03-17T15:08:49.827Z</time>
      </trkpt>
      <trkpt lat="44.16103" lon="5.1952">
        <ele>744</ele>
        <time>2022-03-17T15:08:50.826Z</time>
      </trkpt>
      <trkpt lat="44.16105" lon="5.1952">
        <ele>744</ele>
        <time>2022-03-17T15:08:51.827Z</time>
      </trkpt>
      <trkpt lat="44.16106" lon="5.19521">
        <ele>744</ele>
        <time>2022-03-17T15:08:52.827Z</time>
      </trkpt>
      <trkpt lat="44.16107" lon="5.19521">
        <ele>744</ele>
        <time>2022-03-17T15:08:53.826Z</time>
      </trkpt>
      <trkpt lat="44.16108" lon="5.1952">
        <ele>745</ele>
        <time>2022-03-17T15:08:54.826Z</time>
      </trkpt>
      <trkpt lat="44.16108" lon="5.19521">
        <ele>745</ele>
        <time>2022-03-17T15:08:55.827Z</time>
      </trkpt>
      <trkpt lat="44.1611" lon="5.19522">
        <ele>745</ele>
        <time>2022-03-17T15:08:56.827Z</time>
      </trkpt>
      <trkpt lat="44.16111" lon="5.19523">
        <ele>745</ele>
        <time>2022-03-17T15:08:57.827Z</time>
      </trkpt>
      <trkpt lat="44.16113" lon="5.19524">
        <ele>744</ele>
        <time>2022-03-17T15:08:58.827Z</time>
      </trkpt>
      <trkpt lat="44.16115" lon="5.19526">
        <ele>744</ele>
        <time>2022-03-17T15:08:59.827Z</time>
      </trkpt>
      <trkpt lat="44.16117" lon="5.19527">
        <ele>744</ele>
        <time>2022-03-17T15:09:00.827Z</time>
      </trkpt>
      <trkpt lat="44.16119" lon="5.19527">
        <ele>743</ele>
        <time>2022-03-17T15:09:01.827Z</time>
      </trkpt>
      <trkpt lat="44.1612" lon="5.19528">
        <ele>743</ele>
        <time>2022-03-17T15:09:02.826Z</time>
      </trkpt>
      <trkpt lat="44.16122" lon="5.19528">
        <ele>742</ele>
        <time>2022-03-17T15:09:03.827Z</time>
      </trkpt>
      <trkpt lat="44.16123" lon="5.19529">
        <ele>742</ele>
        <time>2022-03-17T15:09:04.827Z</time>
      </trkpt>
      <trkpt lat="44.16124" lon="5.19529">
        <ele>742</ele>
        <time>2022-03-17T15:09:05.827Z</time>
      </trkpt>
      <trkpt lat="44.16125" lon="5.19529">
        <ele>742</ele>
        <time>2022-03-17T15:09:06.827Z</time>
      </trkpt>
      <trkpt lat="44.16127" lon="5.19529">
        <ele>742</ele>
        <time>2022-03-17T15:09:07.827Z</time>
      </trkpt>
      <trkpt lat="44.16128" lon="5.1953">
        <ele>742</ele>
        <time>2022-03-17T15:09:08.826Z</time>
      </trkpt>
      <trkpt lat="44.16129" lon="5.1953">
        <ele>743</ele>
        <time>2022-03-17T15:09:09.827Z</time>
      </trkpt>
      <trkpt lat="44.1613" lon="5.19531">
        <ele>743</ele>
        <time>2022-03-17T15:09:10.827Z</time>
      </trkpt>
      <trkpt lat="44.16132" lon="5.19532">
        <ele>743</ele>
        <time>2022-03-17T15:09:11.827Z</time>
      </trkpt>
      <trkpt lat="44.16133" lon="5.19533">
        <ele>743</ele>
        <time>2022-03-17T15:09:12.827Z</time>
      </trkpt>
      <trkpt lat="44.16135" lon="5.19535">
        <ele>743</ele>
        <time>2022-03-17T15:09:13.827Z</time>
      </trkpt>
      <trkpt lat="44.16137" lon="5.19536">
        <ele>743</ele>
        <time>2022-03-17T15:09:14.827Z</time>
      </trkpt>
      <trkpt lat="44.16139" lon="5.19538">
        <ele>742</ele>
        <time>2022-03-17T15:09:15.827Z</time>
      </trkpt>
      <trkpt lat="44.1614" lon="5.1954">
        <ele>742</ele>
        <time>2022-03-17T15:09:16.827Z</time>
      </trkpt>
      <trkpt lat="44.16142" lon="5.19542">
        <ele>742</ele>
        <time>2022-03-17T15:09:17.827Z</time>
      </trkpt>
      <trkpt lat="44.16143" lon="5.19543">
        <ele>742</ele>
        <time>2022-03-17T15:09:18.827Z</time>
      </trkpt>
      <trkpt lat="44.16144" lon="5.19544">
        <ele>744</ele>
        <time>2022-03-17T15:09:20.827Z</time>
      </trkpt>
      <trkpt lat="44.16145" lon="5.19545">
        <ele>744</ele>
        <time>2022-03-17T15:09:21.826Z</time>
      </trkpt>
      <trkpt lat="44.16146" lon="5.19547">
        <ele>744</ele>
        <time>2022-03-17T15:09:22.826Z</time>
      </trkpt>
      <trkpt lat="44.16148" lon="5.19549">
        <ele>744</ele>
        <time>2022-03-17T15:09:23.827Z</time>
      </trkpt>
      <trkpt lat="44.1615" lon="5.19551">
        <ele>745</ele>
        <time>2022-03-17T15:09:24.827Z</time>
      </trkpt>
      <trkpt lat="44.16151" lon="5.19551">
        <ele>745</ele>
        <time>2022-03-17T15:09:25.827Z</time>
      </trkpt>
      <trkpt lat="44.16152" lon="5.19552">
        <ele>745</ele>
        <time>2022-03-17T15:09:26.827Z</time>
      </trkpt>
      <trkpt lat="44.16153" lon="5.19554">
        <ele>745</ele>
        <time>2022-03-17T15:09:27.826Z</time>
      </trkpt>
      <trkpt lat="44.16153" lon="5.19555">
        <ele>746</ele>
        <time>2022-03-17T15:09:28.826Z</time>
      </trkpt>
      <trkpt lat="44.16153" lon="5.19556">
        <ele>746</ele>
        <time>2022-03-17T15:09:29.827Z</time>
      </trkpt>
      <trkpt lat="44.16154" lon="5.19557">
        <ele>747</ele>
        <time>2022-03-17T15:09:30.826Z</time>
      </trkpt>
      <trkpt lat="44.16154" lon="5.19558">
        <ele>747</ele>
        <time>2022-03-17T15:09:31.826Z</time>
      </trkpt>
      <trkpt lat="44.16155" lon="5.19558">
        <ele>748</ele>
        <time>2022-03-17T15:09:32.827Z</time>
      </trkpt>
      <trkpt lat="44.16156" lon="5.19559">
        <ele>748</ele>
        <time>2022-03-17T15:09:33.826Z</time>
      </trkpt>
      <trkpt lat="44.16157" lon="5.1956">
        <ele>748</ele>
        <time>2022-03-17T15:09:34.827Z</time>
      </trkpt>
      <trkpt lat="44.16159" lon="5.19561">
        <ele>749</ele>
        <time>2022-03-17T15:09:35.827Z</time>
      </trkpt>
      <trkpt lat="44.1616" lon="5.19562">
        <ele>749</ele>
        <time>2022-03-17T15:09:36.827Z</time>
      </trkpt>
      <trkpt lat="44.16162" lon="5.19564">
        <ele>749</ele>
        <time>2022-03-17T15:09:37.827Z</time>
      </trkpt>
      <trkpt lat="44.16163" lon="5.19566">
        <ele>750</ele>
        <time>2022-03-17T15:09:38.827Z</time>
      </trkpt>
      <trkpt lat="44.16164" lon="5.19568">
        <ele>750</ele>
        <time>2022-03-17T15:09:39.826Z</time>
      </trkpt>
      <trkpt lat="44.16166" lon="5.1957">
        <ele>751</ele>
        <time>2022-03-17T15:09:40.827Z</time>
      </trkpt>
      <trkpt lat="44.16166" lon="5.19571">
        <ele>751</ele>
        <time>2022-03-17T15:09:41.827Z</time>
      </trkpt>
      <trkpt lat="44.16167" lon="5.19572">
        <ele>751</ele>
        <time>2022-03-17T15:09:42.827Z</time>
      </trkpt>
      <trkpt lat="44.16167" lon="5.19571">
        <ele>751</ele>
        <time>2022-03-17T15:09:43.827Z</time>
      </trkpt>
      <trkpt lat="44.16168" lon="5.1957">
        <ele>751</ele>
        <time>2022-03-17T15:09:45.826Z</time>
      </trkpt>
      <trkpt lat="44.16169" lon="5.1957">
        <ele>751</ele>
        <time>2022-03-17T15:09:46.826Z</time>
      </trkpt>
      <trkpt lat="44.1617" lon="5.19571">
        <ele>752</ele>
        <time>2022-03-17T15:09:47.827Z</time>
      </trkpt>
      <trkpt lat="44.16171" lon="5.19572">
        <ele>751</ele>
        <time>2022-03-17T15:09:48.826Z</time>
      </trkpt>
      <trkpt lat="44.16172" lon="5.19572">
        <ele>751</ele>
        <time>2022-03-17T15:09:49.827Z</time>
      </trkpt>
      <trkpt lat="44.16174" lon="5.19571">
        <ele>751</ele>
        <time>2022-03-17T15:09:50.827Z</time>
      </trkpt>
      <trkpt lat="44.16175" lon="5.19571">
        <ele>751</ele>
        <time>2022-03-17T15:09:51.826Z</time>
      </trkpt>
      <trkpt lat="44.16176" lon="5.19571">
        <ele>751</ele>
        <time>2022-03-17T15:09:53.827Z</time>
      </trkpt>
      <trkpt lat="44.16176" lon="5.19572">
        <ele>751</ele>
        <time>2022-03-17T15:09:54.827Z</time>
      </trkpt>
      <trkpt lat="44.16177" lon="5.19573">
        <ele>752</ele>
        <time>2022-03-17T15:09:55.827Z</time>
      </trkpt>
      <trkpt lat="44.16178" lon="5.19574">
        <ele>752</ele>
        <time>2022-03-17T15:09:56.827Z</time>
      </trkpt>
      <trkpt lat="44.16178" lon="5.19575">
        <ele>752</ele>
        <time>2022-03-17T15:09:57.827Z</time>
      </trkpt>
      <trkpt lat="44.16179" lon="5.19576">
        <ele>752</ele>
        <time>2022-03-17T15:09:58.826Z</time>
      </trkpt>
      <trkpt lat="44.1618" lon="5.19577">
        <ele>752</ele>
        <time>2022-03-17T15:09:59.827Z</time>
      </trkpt>
      <trkpt lat="44.16181" lon="5.19578">
        <ele>752</ele>
        <time>2022-03-17T15:10:00.827Z</time>
      </trkpt>
      <trkpt lat="44.16183" lon="5.19579">
        <ele>752</ele>
        <time>2022-03-17T15:10:01.827Z</time>
      </trkpt>
      <trkpt lat="44.16184" lon="5.1958">
        <ele>752</ele>
        <time>2022-03-17T15:10:02.827Z</time>
      </trkpt>
      <trkpt lat="44.16186" lon="5.19581">
        <ele>752</ele>
        <time>2022-03-17T15:10:03.827Z</time>
      </trkpt>
      <trkpt lat="44.16187" lon="5.19581">
        <ele>752</ele>
        <time>2022-03-17T15:10:04.826Z</time>
      </trkpt>
      <trkpt lat="44.16189" lon="5.19582">
        <ele>752</ele>
        <time>2022-03-17T15:10:05.827Z</time>
      </trkpt>
      <trkpt lat="44.1619" lon="5.19582">
        <ele>752</ele>
        <time>2022-03-17T15:10:06.827Z</time>
      </trkpt>
      <trkpt lat="44.16192" lon="5.19583">
        <ele>753</ele>
        <time>2022-03-17T15:10:07.827Z</time>
      </trkpt>
      <trkpt lat="44.16193" lon="5.19584">
        <ele>754</ele>
        <time>2022-03-17T15:10:08.827Z</time>
      </trkpt>
      <trkpt lat="44.16195" lon="5.19585">
        <ele>754</ele>
        <time>2022-03-17T15:10:09.826Z</time>
      </trkpt>
      <trkpt lat="44.16196" lon="5.19587">
        <ele>754</ele>
        <time>2022-03-17T15:10:10.827Z</time>
      </trkpt>
      <trkpt lat="44.16198" lon="5.19587">
        <ele>754</ele>
        <time>2022-03-17T15:10:11.827Z</time>
      </trkpt>
      <trkpt lat="44.16199" lon="5.19589">
        <ele>754</ele>
        <time>2022-03-17T15:10:12.827Z</time>
      </trkpt>
      <trkpt lat="44.16201" lon="5.1959">
        <ele>754</ele>
        <time>2022-03-17T15:10:13.826Z</time>
      </trkpt>
      <trkpt lat="44.16202" lon="5.19592">
        <ele>754</ele>
        <time>2022-03-17T15:10:14.827Z</time>
      </trkpt>
      <trkpt lat="44.16203" lon="5.19593">
        <ele>754</ele>
        <time>2022-03-17T15:10:15.827Z</time>
      </trkpt>
      <trkpt lat="44.16204" lon="5.19594">
        <ele>754</ele>
        <time>2022-03-17T15:10:16.827Z</time>
      </trkpt>
      <trkpt lat="44.16205" lon="5.19594">
        <ele>754</ele>
        <time>2022-03-17T15:10:17.827Z</time>
      </trkpt>
      <trkpt lat="44.16206" lon="5.19595">
        <ele>754</ele>
        <time>2022-03-17T15:10:18.827Z</time>
      </trkpt>
      <trkpt lat="44.16207" lon="5.19596">
        <ele>754</ele>
        <time>2022-03-17T15:10:19.827Z</time>
      </trkpt>
      <trkpt lat="44.16207" lon="5.19597">
        <ele>753</ele>
        <time>2022-03-17T15:10:20.827Z</time>
      </trkpt>
      <trkpt lat="44.16208" lon="5.19598">
        <ele>754</ele>
        <time>2022-03-17T15:10:21.827Z</time>
      </trkpt>
      <trkpt lat="44.1621" lon="5.19599">
        <ele>754</ele>
        <time>2022-03-17T15:10:22.826Z</time>
      </trkpt>
      <trkpt lat="44.16212" lon="5.196">
        <ele>754</ele>
        <time>2022-03-17T15:10:23.827Z</time>
      </trkpt>
      <trkpt lat="44.16213" lon="5.196">
        <ele>754</ele>
        <time>2022-03-17T15:10:24.827Z</time>
      </trkpt>
      <trkpt lat="44.16215" lon="5.196">
        <ele>755</ele>
        <time>2022-03-17T15:10:25.827Z</time>
      </trkpt>
      <trkpt lat="44.16216" lon="5.19603">
        <ele>756</ele>
        <time>2022-03-17T15:10:26.827Z</time>
      </trkpt>
      <trkpt lat="44.16217" lon="5.19605">
        <ele>756</ele>
        <time>2022-03-17T15:10:27.827Z</time>
      </trkpt>
      <trkpt lat="44.16218" lon="5.19607">
        <ele>756</ele>
        <time>2022-03-17T15:10:28.827Z</time>
      </trkpt>
      <trkpt lat="44.16246" lon="5.19609">
        <ele>762</ele>
        <time>2022-03-17T15:17:43.826Z</time>
      </trkpt>
      <trkpt lat="44.16246" lon="5.19601">
        <ele>765</ele>
        <time>2022-03-17T15:17:50.827Z</time>
      </trkpt>
      <trkpt lat="44.16247" lon="5.196">
        <ele>766</ele>
        <time>2022-03-17T15:17:51.827Z</time>
      </trkpt>
      <trkpt lat="44.16249" lon="5.196">
        <ele>766</ele>
        <time>2022-03-17T15:17:52.827Z</time>
      </trkpt>
      <trkpt lat="44.1625" lon="5.196">
        <ele>767</ele>
        <time>2022-03-17T15:17:53.826Z</time>
      </trkpt>
      <trkpt lat="44.1625" lon="5.19599">
        <ele>767</ele>
        <time>2022-03-17T15:17:54.827Z</time>
      </trkpt>
      <trkpt lat="44.16251" lon="5.19599">
        <ele>767</ele>
        <time>2022-03-17T15:17:55.827Z</time>
      </trkpt>
      <trkpt lat="44.16252" lon="5.19599">
        <ele>767</ele>
        <time>2022-03-17T15:17:56.827Z</time>
      </trkpt>
      <trkpt lat="44.16253" lon="5.19599">
        <ele>767</ele>
        <time>2022-03-17T15:17:57.826Z</time>
      </trkpt>
      <trkpt lat="44.16254" lon="5.19599">
        <ele>767</ele>
        <time>2022-03-17T15:17:58.827Z</time>
      </trkpt>
      <trkpt lat="44.16255" lon="5.19599">
        <ele>767</ele>
        <time>2022-03-17T15:17:59.827Z</time>
      </trkpt>
      <trkpt lat="44.16256" lon="5.19598">
        <ele>767</ele>
        <time>2022-03-17T15:18:00.826Z</time>
      </trkpt>
      <trkpt lat="44.16258" lon="5.19597">
        <ele>768</ele>
        <time>2022-03-17T15:18:02.827Z</time>
      </trkpt>
      <trkpt lat="44.16259" lon="5.19596">
        <ele>769</ele>
        <time>2022-03-17T15:18:04.827Z</time>
      </trkpt>
      <trkpt lat="44.1626" lon="5.19595">
        <ele>769</ele>
        <time>2022-03-17T15:18:05.827Z</time>
      </trkpt>
      <trkpt lat="44.1626" lon="5.19594">
        <ele>769</ele>
        <time>2022-03-17T15:18:06.826Z</time>
      </trkpt>
      <trkpt lat="44.1626" lon="5.19593">
        <ele>770</ele>
        <time>2022-03-17T15:18:07.827Z</time>
      </trkpt>
      <trkpt lat="44.1626" lon="5.19592">
        <ele>770</ele>
        <time>2022-03-17T15:18:08.827Z</time>
      </trkpt>
      <trkpt lat="44.1626" lon="5.19591">
        <ele>771</ele>
        <time>2022-03-17T15:18:10.827Z</time>
      </trkpt>
      <trkpt lat="44.16259" lon="5.1959">
        <ele>771</ele>
        <time>2022-03-17T15:18:11.827Z</time>
      </trkpt>
      <trkpt lat="44.16258" lon="5.19589">
        <ele>772</ele>
        <time>2022-03-17T15:18:12.826Z</time>
      </trkpt>
      <trkpt lat="44.16258" lon="5.19587">
        <ele>773</ele>
        <time>2022-03-17T15:18:13.827Z</time>
      </trkpt>
      <trkpt lat="44.16258" lon="5.19585">
        <ele>773</ele>
        <time>2022-03-17T15:18:14.827Z</time>
      </trkpt>
      <trkpt lat="44.16258" lon="5.19584">
        <ele>774</ele>
        <time>2022-03-17T15:18:15.826Z</time>
      </trkpt>
      <trkpt lat="44.16258" lon="5.19583">
        <ele>774</ele>
        <time>2022-03-17T15:18:16.827Z</time>
      </trkpt>
      <trkpt lat="44.16258" lon="5.19581">
        <ele>775</ele>
        <time>2022-03-17T15:18:17.827Z</time>
      </trkpt>
      <trkpt lat="44.16258" lon="5.1958">
        <ele>775</ele>
        <time>2022-03-17T15:18:18.826Z</time>
      </trkpt>
      <trkpt lat="44.16258" lon="5.19579">
        <ele>775</ele>
        <time>2022-03-17T15:18:19.827Z</time>
      </trkpt>
      <trkpt lat="44.16257" lon="5.19577">
        <ele>776</ele>
        <time>2022-03-17T15:18:20.827Z</time>
      </trkpt>
      <trkpt lat="44.16257" lon="5.19575">
        <ele>776</ele>
        <time>2022-03-17T15:18:21.826Z</time>
      </trkpt>
      <trkpt lat="44.16257" lon="5.19573">
        <ele>776</ele>
        <time>2022-03-17T15:18:22.826Z</time>
      </trkpt>
      <trkpt lat="44.16257" lon="5.19572">
        <ele>776</ele>
        <time>2022-03-17T15:18:23.826Z</time>
      </trkpt>
      <trkpt lat="44.16258" lon="5.1957">
        <ele>776</ele>
        <time>2022-03-17T15:18:24.826Z</time>
      </trkpt>
      <trkpt lat="44.16258" lon="5.19569">
        <ele>775</ele>
        <time>2022-03-17T15:18:25.827Z</time>
      </trkpt>
      <trkpt lat="44.16258" lon="5.19567">
        <ele>775</ele>
        <time>2022-03-17T15:18:26.827Z</time>
      </trkpt>
      <trkpt lat="44.16258" lon="5.19565">
        <ele>775</ele>
        <time>2022-03-17T15:18:27.827Z</time>
      </trkpt>
      <trkpt lat="44.16257" lon="5.19564">
        <ele>775</ele>
        <time>2022-03-17T15:18:28.827Z</time>
      </trkpt>
      <trkpt lat="44.16256" lon="5.19562">
        <ele>776</ele>
        <time>2022-03-17T15:18:30.827Z</time>
      </trkpt>
      <trkpt lat="44.16256" lon="5.19561">
        <ele>776</ele>
        <time>2022-03-17T15:18:31.826Z</time>
      </trkpt>
      <trkpt lat="44.16256" lon="5.19559">
        <ele>776</ele>
        <time>2022-03-17T15:18:32.827Z</time>
      </trkpt>
      <trkpt lat="44.16256" lon="5.19558">
        <ele>777</ele>
        <time>2022-03-17T15:18:33.826Z</time>
      </trkpt>
      <trkpt lat="44.16255" lon="5.19556">
        <ele>778</ele>
        <time>2022-03-17T15:18:34.826Z</time>
      </trkpt>
      <trkpt lat="44.16255" lon="5.19554">
        <ele>778</ele>
        <time>2022-03-17T15:18:35.827Z</time>
      </trkpt>
      <trkpt lat="44.16255" lon="5.19553">
        <ele>779</ele>
        <time>2022-03-17T15:18:37.826Z</time>
      </trkpt>
      <trkpt lat="44.16256" lon="5.19552">
        <ele>779</ele>
        <time>2022-03-17T15:18:38.827Z</time>
      </trkpt>
      <trkpt lat="44.16256" lon="5.19551">
        <ele>780</ele>
        <time>2022-03-17T15:18:39.827Z</time>
      </trkpt>
      <trkpt lat="44.16257" lon="5.1955">
        <ele>781</ele>
        <time>2022-03-17T15:18:40.826Z</time>
      </trkpt>
      <trkpt lat="44.16258" lon="5.19549">
        <ele>781</ele>
        <time>2022-03-17T15:18:41.827Z</time>
      </trkpt>
      <trkpt lat="44.16258" lon="5.19548">
        <ele>781</ele>
        <time>2022-03-17T15:18:42.827Z</time>
      </trkpt>
      <trkpt lat="44.1626" lon="5.19545">
        <ele>781</ele>
        <time>2022-03-17T15:18:43.827Z</time>
      </trkpt>
      <trkpt lat="44.1626" lon="5.19543">
        <ele>781</ele>
        <time>2022-03-17T15:18:44.827Z</time>
      </trkpt>
      <trkpt lat="44.16261" lon="5.19543">
        <ele>782</ele>
        <time>2022-03-17T15:18:45.827Z</time>
      </trkpt>
      <trkpt lat="44.16262" lon="5.19543">
        <ele>782</ele>
        <time>2022-03-17T15:18:46.826Z</time>
      </trkpt>
      <trkpt lat="44.16263" lon="5.19543">
        <ele>782</ele>
        <time>2022-03-17T15:18:47.827Z</time>
      </trkpt>
      <trkpt lat="44.16264" lon="5.19543">
        <ele>782</ele>
        <time>2022-03-17T15:18:48.827Z</time>
      </trkpt>
      <trkpt lat="44.16265" lon="5.19542">
        <ele>782</ele>
        <time>2022-03-17T15:18:49.827Z</time>
      </trkpt>
      <trkpt lat="44.16266" lon="5.19542">
        <ele>782</ele>
        <time>2022-03-17T15:18:50.827Z</time>
      </trkpt>
      <trkpt lat="44.16267" lon="5.19542">
        <ele>781</ele>
        <time>2022-03-17T15:18:51.827Z</time>
      </trkpt>
      <trkpt lat="44.16268" lon="5.19541">
        <ele>781</ele>
        <time>2022-03-17T15:18:52.826Z</time>
      </trkpt>
      <trkpt lat="44.16269" lon="5.19541">
        <ele>781</ele>
        <time>2022-03-17T15:18:53.827Z</time>
      </trkpt>
      <trkpt lat="44.1627" lon="5.1954">
        <ele>781</ele>
        <time>2022-03-17T15:18:54.827Z</time>
      </trkpt>
      <trkpt lat="44.16271" lon="5.19538">
        <ele>781</ele>
        <time>2022-03-17T15:18:55.826Z</time>
      </trkpt>
      <trkpt lat="44.16272" lon="5.19538">
        <ele>781</ele>
        <time>2022-03-17T15:18:56.827Z</time>
      </trkpt>
      <trkpt lat="44.16273" lon="5.19538">
        <ele>780</ele>
        <time>2022-03-17T15:18:57.827Z</time>
      </trkpt>
      <trkpt lat="44.16274" lon="5.19538">
        <ele>780</ele>
        <time>2022-03-17T15:18:59.827Z</time>
      </trkpt>
      <trkpt lat="44.16274" lon="5.19539">
        <ele>779</ele>
        <time>2022-03-17T15:19:00.827Z</time>
      </trkpt>
      <trkpt lat="44.16275" lon="5.19538">
        <ele>779</ele>
        <time>2022-03-17T15:19:01.826Z</time>
      </trkpt>
      <trkpt lat="44.16276" lon="5.19537">
        <ele>779</ele>
        <time>2022-03-17T15:19:02.827Z</time>
      </trkpt>
      <trkpt lat="44.16277" lon="5.19536">
        <ele>779</ele>
        <time>2022-03-17T15:19:04.826Z</time>
      </trkpt>
      <trkpt lat="44.16278" lon="5.19535">
        <ele>779</ele>
        <time>2022-03-17T15:19:05.827Z</time>
      </trkpt>
      <trkpt lat="44.16278" lon="5.19534">
        <ele>780</ele>
        <time>2022-03-17T15:19:06.827Z</time>
      </trkpt>
      <trkpt lat="44.16278" lon="5.19533">
        <ele>780</ele>
        <time>2022-03-17T15:19:07.826Z</time>
      </trkpt>
      <trkpt lat="44.16278" lon="5.19532">
        <ele>781</ele>
        <time>2022-03-17T15:19:08.827Z</time>
      </trkpt>
      <trkpt lat="44.16279" lon="5.19531">
        <ele>782</ele>
        <time>2022-03-17T15:19:09.827Z</time>
      </trkpt>
      <trkpt lat="44.16279" lon="5.1953">
        <ele>783</ele>
        <time>2022-03-17T15:19:10.827Z</time>
      </trkpt>
      <trkpt lat="44.16279" lon="5.19529">
        <ele>783</ele>
        <time>2022-03-17T15:19:11.827Z</time>
      </trkpt>
      <trkpt lat="44.16279" lon="5.19528">
        <ele>784</ele>
        <time>2022-03-17T15:19:12.827Z</time>
      </trkpt>
      <trkpt lat="44.16279" lon="5.19527">
        <ele>784</ele>
        <time>2022-03-17T15:19:13.826Z</time>
      </trkpt>
      <trkpt lat="44.1628" lon="5.19526">
        <ele>785</ele>
        <time>2022-03-17T15:19:15.827Z</time>
      </trkpt>
      <trkpt lat="44.16281" lon="5.19526">
        <ele>787</ele>
        <time>2022-03-17T15:19:18.827Z</time>
      </trkpt>
      <trkpt lat="44.16281" lon="5.19525">
        <ele>787</ele>
        <time>2022-03-17T15:19:19.826Z</time>
      </trkpt>
      <trkpt lat="44.16281" lon="5.19524">
        <ele>788</ele>
        <time>2022-03-17T15:19:20.827Z</time>
      </trkpt>
      <trkpt lat="44.16282" lon="5.19524">
        <ele>788</ele>
        <time>2022-03-17T15:19:21.827Z</time>
      </trkpt>
      <trkpt lat="44.16282" lon="5.19523">
        <ele>789</ele>
        <time>2022-03-17T15:19:22.827Z</time>
      </trkpt>
      <trkpt lat="44.16282" lon="5.19524">
        <ele>789</ele>
        <time>2022-03-17T15:19:23.827Z</time>
      </trkpt>
      <trkpt lat="44.16283" lon="5.19524">
        <ele>789</ele>
        <time>2022-03-17T15:19:25.826Z</time>
      </trkpt>
      <trkpt lat="44.16284" lon="5.19523">
        <ele>789</ele>
        <time>2022-03-17T15:19:27.827Z</time>
      </trkpt>
      <trkpt lat="44.16285" lon="5.19523">
        <ele>790</ele>
        <time>2022-03-17T15:19:29.827Z</time>
      </trkpt>
      <trkpt lat="44.16285" lon="5.19522">
        <ele>790</ele>
        <time>2022-03-17T15:19:30.827Z</time>
      </trkpt>
      <trkpt lat="44.16286" lon="5.19521">
        <ele>791</ele>
        <time>2022-03-17T15:19:31.826Z</time>
      </trkpt>
      <trkpt lat="44.16287" lon="5.1952">
        <ele>791</ele>
        <time>2022-03-17T15:19:32.827Z</time>
      </trkpt>
      <trkpt lat="44.16288" lon="5.1952">
        <ele>792</ele>
        <time>2022-03-17T15:19:34.827Z</time>
      </trkpt>
      <trkpt lat="44.16288" lon="5.19518">
        <ele>794</ele>
        <time>2022-03-17T15:19:36.826Z</time>
      </trkpt>
      <trkpt lat="44.16288" lon="5.19517">
        <ele>795</ele>
        <time>2022-03-17T15:19:37.827Z</time>
      </trkpt>
      <trkpt lat="44.16288" lon="5.19515">
        <ele>795</ele>
        <time>2022-03-17T15:19:38.827Z</time>
      </trkpt>
      <trkpt lat="44.16288" lon="5.19514">
        <ele>796</ele>
        <time>2022-03-17T15:19:39.827Z</time>
      </trkpt>
      <trkpt lat="44.16289" lon="5.19514">
        <ele>797</ele>
        <time>2022-03-17T15:19:40.826Z</time>
      </trkpt>
      <trkpt lat="44.1629" lon="5.19514">
        <ele>797</ele>
        <time>2022-03-17T15:19:41.827Z</time>
      </trkpt>
      <trkpt lat="44.1629" lon="5.19513">
        <ele>797</ele>
        <time>2022-03-17T15:19:42.827Z</time>
      </trkpt>
      <trkpt lat="44.16291" lon="5.19513">
        <ele>798</ele>
        <time>2022-03-17T15:19:43.827Z</time>
      </trkpt>
      <trkpt lat="44.16292" lon="5.19512">
        <ele>798</ele>
        <time>2022-03-17T15:19:44.827Z</time>
      </trkpt>
      <trkpt lat="44.16292" lon="5.19511">
        <ele>798</ele>
        <time>2022-03-17T15:19:45.827Z</time>
      </trkpt>
      <trkpt lat="44.16293" lon="5.19511">
        <ele>798</ele>
        <time>2022-03-17T15:19:46.827Z</time>
      </trkpt>
      <trkpt lat="44.16293" lon="5.19509">
        <ele>798</ele>
        <time>2022-03-17T15:19:47.827Z</time>
      </trkpt>
      <trkpt lat="44.16294" lon="5.19509">
        <ele>798</ele>
        <time>2022-03-17T15:19:48.826Z</time>
      </trkpt>
      <trkpt lat="44.16294" lon="5.19508">
        <ele>798</ele>
        <time>2022-03-17T15:19:49.827Z</time>
      </trkpt>
      <trkpt lat="44.16295" lon="5.19506">
        <ele>798</ele>
        <time>2022-03-17T15:19:50.827Z</time>
      </trkpt>
      <trkpt lat="44.16296" lon="5.19504">
        <ele>797</ele>
        <time>2022-03-17T15:19:51.826Z</time>
      </trkpt>
      <trkpt lat="44.16297" lon="5.19502">
        <ele>798</ele>
        <time>2022-03-17T15:19:53.827Z</time>
      </trkpt>
      <trkpt lat="44.16297" lon="5.19501">
        <ele>798</ele>
        <time>2022-03-17T15:19:54.826Z</time>
      </trkpt>
      <trkpt lat="44.16298" lon="5.195">
        <ele>798</ele>
        <time>2022-03-17T15:19:55.827Z</time>
      </trkpt>
      <trkpt lat="44.16299" lon="5.19498">
        <ele>798</ele>
        <time>2022-03-17T15:19:56.827Z</time>
      </trkpt>
      <trkpt lat="44.16299" lon="5.19497">
        <ele>799</ele>
        <time>2022-03-17T15:19:57.827Z</time>
      </trkpt>
      <trkpt lat="44.163" lon="5.19496">
        <ele>799</ele>
        <time>2022-03-17T15:19:58.826Z</time>
      </trkpt>
      <trkpt lat="44.16301" lon="5.19495">
        <ele>801</ele>
        <time>2022-03-17T15:20:00.827Z</time>
      </trkpt>
      <trkpt lat="44.16301" lon="5.19494">
        <ele>802</ele>
        <time>2022-03-17T15:20:02.827Z</time>
      </trkpt>
      <trkpt lat="44.16302" lon="5.19494">
        <ele>803</ele>
        <time>2022-03-17T15:20:03.827Z</time>
      </trkpt>
      <trkpt lat="44.16302" lon="5.19493">
        <ele>803</ele>
        <time>2022-03-17T15:20:04.827Z</time>
      </trkpt>
      <trkpt lat="44.16303" lon="5.19492">
        <ele>803</ele>
        <time>2022-03-17T15:20:05.827Z</time>
      </trkpt>
      <trkpt lat="44.16303" lon="5.19491">
        <ele>803</ele>
        <time>2022-03-17T15:20:06.827Z</time>
      </trkpt>
      <trkpt lat="44.16304" lon="5.1949">
        <ele>803</ele>
        <time>2022-03-17T15:20:07.826Z</time>
      </trkpt>
      <trkpt lat="44.16305" lon="5.19489">
        <ele>803</ele>
        <time>2022-03-17T15:20:09.827Z</time>
      </trkpt>
      <trkpt lat="44.16305" lon="5.19488">
        <ele>803</ele>
        <time>2022-03-17T15:20:10.827Z</time>
      </trkpt>
      <trkpt lat="44.16305" lon="5.19487">
        <ele>804</ele>
        <time>2022-03-17T15:20:11.826Z</time>
      </trkpt>
      <trkpt lat="44.16305" lon="5.19486">
        <ele>804</ele>
        <time>2022-03-17T15:20:12.827Z</time>
      </trkpt>
      <trkpt lat="44.16305" lon="5.19485">
        <ele>804</ele>
        <time>2022-03-17T15:20:13.826Z</time>
      </trkpt>
      <trkpt lat="44.16304" lon="5.19484">
        <ele>804</ele>
        <time>2022-03-17T15:20:14.827Z</time>
      </trkpt>
      <trkpt lat="44.16303" lon="5.19482">
        <ele>804</ele>
        <time>2022-03-17T15:20:15.826Z</time>
      </trkpt>
      <trkpt lat="44.16303" lon="5.19481">
        <ele>805</ele>
        <time>2022-03-17T15:20:16.827Z</time>
      </trkpt>
      <trkpt lat="44.16304" lon="5.19479">
        <ele>805</ele>
        <time>2022-03-17T15:20:17.827Z</time>
      </trkpt>
      <trkpt lat="44.16304" lon="5.19477">
        <ele>806</ele>
        <time>2022-03-17T15:20:18.826Z</time>
      </trkpt>
      <trkpt lat="44.16304" lon="5.19476">
        <ele>806</ele>
        <time>2022-03-17T15:20:19.827Z</time>
      </trkpt>
      <trkpt lat="44.16305" lon="5.19473">
        <ele>806</ele>
        <time>2022-03-17T15:20:20.827Z</time>
      </trkpt>
      <trkpt lat="44.16305" lon="5.19471">
        <ele>806</ele>
        <time>2022-03-17T15:20:21.827Z</time>
      </trkpt>
      <trkpt lat="44.16304" lon="5.1947">
        <ele>807</ele>
        <time>2022-03-17T15:20:22.827Z</time>
      </trkpt>
      <trkpt lat="44.16304" lon="5.19469">
        <ele>807</ele>
        <time>2022-03-17T15:20:23.827Z</time>
      </trkpt>
      <trkpt lat="44.16305" lon="5.19467">
        <ele>807</ele>
        <time>2022-03-17T15:20:24.826Z</time>
      </trkpt>
      <trkpt lat="44.16305" lon="5.19465">
        <ele>807</ele>
        <time>2022-03-17T15:20:25.827Z</time>
      </trkpt>
      <trkpt lat="44.16306" lon="5.19463">
        <ele>807</ele>
        <time>2022-03-17T15:20:26.827Z</time>
      </trkpt>
      <trkpt lat="44.16306" lon="5.19461">
        <ele>807</ele>
        <time>2022-03-17T15:20:27.826Z</time>
      </trkpt>
      <trkpt lat="44.16306" lon="5.1946">
        <ele>808</ele>
        <time>2022-03-17T15:20:28.827Z</time>
      </trkpt>
      <trkpt lat="44.16307" lon="5.19459">
        <ele>808</ele>
        <time>2022-03-17T15:20:29.826Z</time>
      </trkpt>
      <trkpt lat="44.16308" lon="5.19458">
        <ele>809</ele>
        <time>2022-03-17T15:20:30.827Z</time>
      </trkpt>
      <trkpt lat="44.16309" lon="5.19457">
        <ele>809</ele>
        <time>2022-03-17T15:20:31.827Z</time>
      </trkpt>
      <trkpt lat="44.16309" lon="5.19456">
        <ele>810</ele>
        <time>2022-03-17T15:20:33.827Z</time>
      </trkpt>
      <trkpt lat="44.16309" lon="5.19455">
        <ele>810</ele>
        <time>2022-03-17T15:20:34.827Z</time>
      </trkpt>
      <trkpt lat="44.16309" lon="5.19454">
        <ele>810</ele>
        <time>2022-03-17T15:20:35.827Z</time>
      </trkpt>
      <trkpt lat="44.16309" lon="5.19453">
        <ele>810</ele>
        <time>2022-03-17T15:20:36.827Z</time>
      </trkpt>
      <trkpt lat="44.16309" lon="5.19452">
        <ele>810</ele>
        <time>2022-03-17T15:20:37.827Z</time>
      </trkpt>
      <trkpt lat="44.16309" lon="5.1945">
        <ele>811</ele>
        <time>2022-03-17T15:20:38.826Z</time>
      </trkpt>
      <trkpt lat="44.16309" lon="5.19449">
        <ele>811</ele>
        <time>2022-03-17T15:20:39.827Z</time>
      </trkpt>
      <trkpt lat="44.1631" lon="5.19448">
        <ele>812</ele>
        <time>2022-03-17T15:20:40.827Z</time>
      </trkpt>
      <trkpt lat="44.1631" lon="5.19447">
        <ele>812</ele>
        <time>2022-03-17T15:20:42.827Z</time>
      </trkpt>
      <trkpt lat="44.16311" lon="5.19446">
        <ele>812</ele>
        <time>2022-03-17T15:20:43.827Z</time>
      </trkpt>
      <trkpt lat="44.16312" lon="5.19447">
        <ele>811</ele>
        <time>2022-03-17T15:20:44.826Z</time>
      </trkpt>
      <trkpt lat="44.16313" lon="5.19447">
        <ele>812</ele>
        <time>2022-03-17T15:20:46.827Z</time>
      </trkpt>
      <trkpt lat="44.16314" lon="5.19447">
        <ele>812</ele>
        <time>2022-03-17T15:20:47.827Z</time>
      </trkpt>
      <trkpt lat="44.16315" lon="5.19447">
        <ele>812</ele>
        <time>2022-03-17T15:20:48.827Z</time>
      </trkpt>
      <trkpt lat="44.16316" lon="5.19447">
        <ele>812</ele>
        <time>2022-03-17T15:20:49.827Z</time>
      </trkpt>
      <trkpt lat="44.16317" lon="5.19447">
        <ele>812</ele>
        <time>2022-03-17T15:20:50.827Z</time>
      </trkpt>
      <trkpt lat="44.16318" lon="5.19446">
        <ele>812</ele>
        <time>2022-03-17T15:20:52.827Z</time>
      </trkpt>
      <trkpt lat="44.16319" lon="5.19446">
        <ele>812</ele>
        <time>2022-03-17T15:20:53.827Z</time>
      </trkpt>
      <trkpt lat="44.1632" lon="5.19445">
        <ele>812</ele>
        <time>2022-03-17T15:20:54.827Z</time>
      </trkpt>
      <trkpt lat="44.16321" lon="5.19445">
        <ele>811</ele>
        <time>2022-03-17T15:20:56.826Z</time>
      </trkpt>
      <trkpt lat="44.16321" lon="5.19444">
        <ele>811</ele>
        <time>2022-03-17T15:20:57.827Z</time>
      </trkpt>
      <trkpt lat="44.16321" lon="5.19443">
        <ele>812</ele>
        <time>2022-03-17T15:20:58.827Z</time>
      </trkpt>
      <trkpt lat="44.16321" lon="5.19442">
        <ele>812</ele>
        <time>2022-03-17T15:20:59.827Z</time>
      </trkpt>
      <trkpt lat="44.16321" lon="5.19441">
        <ele>813</ele>
        <time>2022-03-17T15:21:00.826Z</time>
      </trkpt>
      <trkpt lat="44.16321" lon="5.1944">
        <ele>813</ele>
        <time>2022-03-17T15:21:01.827Z</time>
      </trkpt>
      <trkpt lat="44.16321" lon="5.19438">
        <ele>814</ele>
        <time>2022-03-17T15:21:02.827Z</time>
      </trkpt>
      <trkpt lat="44.16321" lon="5.19437">
        <ele>815</ele>
        <time>2022-03-17T15:21:03.826Z</time>
      </trkpt>
      <trkpt lat="44.16321" lon="5.19436">
        <ele>815</ele>
        <time>2022-03-17T15:21:04.826Z</time>
      </trkpt>
      <trkpt lat="44.16321" lon="5.19435">
        <ele>815</ele>
        <time>2022-03-17T15:21:05.827Z</time>
      </trkpt>
      <trkpt lat="44.16321" lon="5.19434">
        <ele>815</ele>
        <time>2022-03-17T15:21:06.827Z</time>
      </trkpt>
      <trkpt lat="44.1632" lon="5.19432">
        <ele>815</ele>
        <time>2022-03-17T15:21:07.827Z</time>
      </trkpt>
      <trkpt lat="44.1632" lon="5.1943">
        <ele>816</ele>
        <time>2022-03-17T15:21:08.827Z</time>
      </trkpt>
      <trkpt lat="44.16321" lon="5.19428">
        <ele>816</ele>
        <time>2022-03-17T15:21:09.826Z</time>
      </trkpt>
      <trkpt lat="44.16321" lon="5.19427">
        <ele>817</ele>
        <time>2022-03-17T15:21:10.827Z</time>
      </trkpt>
      <trkpt lat="44.16321" lon="5.19426">
        <ele>817</ele>
        <time>2022-03-17T15:21:11.827Z</time>
      </trkpt>
      <trkpt lat="44.16322" lon="5.19425">
        <ele>817</ele>
        <time>2022-03-17T15:21:12.827Z</time>
      </trkpt>
      <trkpt lat="44.16322" lon="5.19423">
        <ele>817</ele>
        <time>2022-03-17T15:21:13.827Z</time>
      </trkpt>
      <trkpt lat="44.16323" lon="5.19422">
        <ele>818</ele>
        <time>2022-03-17T15:21:14.827Z</time>
      </trkpt>
      <trkpt lat="44.16324" lon="5.19421">
        <ele>818</ele>
        <time>2022-03-17T15:21:15.827Z</time>
      </trkpt>
      <trkpt lat="44.16324" lon="5.1942">
        <ele>818</ele>
        <time>2022-03-17T15:21:16.827Z</time>
      </trkpt>
      <trkpt lat="44.16325" lon="5.19419">
        <ele>818</ele>
        <time>2022-03-17T15:21:17.827Z</time>
      </trkpt>
      <trkpt lat="44.16325" lon="5.19418">
        <ele>818</ele>
        <time>2022-03-17T15:21:18.827Z</time>
      </trkpt>
      <trkpt lat="44.16325" lon="5.19416">
        <ele>819</ele>
        <time>2022-03-17T15:21:19.827Z</time>
      </trkpt>
      <trkpt lat="44.16326" lon="5.19415">
        <ele>819</ele>
        <time>2022-03-17T15:21:20.827Z</time>
      </trkpt>
      <trkpt lat="44.16326" lon="5.19414">
        <ele>820</ele>
        <time>2022-03-17T15:21:21.827Z</time>
      </trkpt>
      <trkpt lat="44.16326" lon="5.19413">
        <ele>820</ele>
        <time>2022-03-17T15:21:22.827Z</time>
      </trkpt>
      <trkpt lat="44.16327" lon="5.19412">
        <ele>821</ele>
        <time>2022-03-17T15:21:23.826Z</time>
      </trkpt>
      <trkpt lat="44.16327" lon="5.19411">
        <ele>821</ele>
        <time>2022-03-17T15:21:24.827Z</time>
      </trkpt>
      <trkpt lat="44.16327" lon="5.1941">
        <ele>822</ele>
        <time>2022-03-17T15:21:25.827Z</time>
      </trkpt>
      <trkpt lat="44.16327" lon="5.19408">
        <ele>822</ele>
        <time>2022-03-17T15:21:26.827Z</time>
      </trkpt>
      <trkpt lat="44.16327" lon="5.19407">
        <ele>822</ele>
        <time>2022-03-17T15:21:27.827Z</time>
      </trkpt>
      <trkpt lat="44.16327" lon="5.19406">
        <ele>822</ele>
        <time>2022-03-17T15:21:28.826Z</time>
      </trkpt>
      <trkpt lat="44.16327" lon="5.19405">
        <ele>823</ele>
        <time>2022-03-17T15:21:29.827Z</time>
      </trkpt>
      <trkpt lat="44.16328" lon="5.19403">
        <ele>823</ele>
        <time>2022-03-17T15:21:30.827Z</time>
      </trkpt>
      <trkpt lat="44.16328" lon="5.19401">
        <ele>823</ele>
        <time>2022-03-17T15:21:31.827Z</time>
      </trkpt>
      <trkpt lat="44.16327" lon="5.194">
        <ele>823</ele>
        <time>2022-03-17T15:21:32.827Z</time>
      </trkpt>
      <trkpt lat="44.16327" lon="5.19398">
        <ele>823</ele>
        <time>2022-03-17T15:21:33.827Z</time>
      </trkpt>
      <trkpt lat="44.16327" lon="5.19396">
        <ele>823</ele>
        <time>2022-03-17T15:21:34.827Z</time>
      </trkpt>
      <trkpt lat="44.16326" lon="5.19395">
        <ele>824</ele>
        <time>2022-03-17T15:21:35.827Z</time>
      </trkpt>
      <trkpt lat="44.16326" lon="5.19393">
        <ele>824</ele>
        <time>2022-03-17T15:21:36.826Z</time>
      </trkpt>
      <trkpt lat="44.16326" lon="5.19391">
        <ele>824</ele>
        <time>2022-03-17T15:21:37.826Z</time>
      </trkpt>
      <trkpt lat="44.16325" lon="5.1939">
        <ele>824</ele>
        <time>2022-03-17T15:21:38.827Z</time>
      </trkpt>
      <trkpt lat="44.16324" lon="5.19389">
        <ele>825</ele>
        <time>2022-03-17T15:21:39.826Z</time>
      </trkpt>
      <trkpt lat="44.16324" lon="5.19388">
        <ele>826</ele>
        <time>2022-03-17T15:21:40.826Z</time>
      </trkpt>
      <trkpt lat="44.16323" lon="5.19386">
        <ele>826</ele>
        <time>2022-03-17T15:21:41.826Z</time>
      </trkpt>
      <trkpt lat="44.16323" lon="5.19384">
        <ele>827</ele>
        <time>2022-03-17T15:21:42.827Z</time>
      </trkpt>
      <trkpt lat="44.16322" lon="5.19382">
        <ele>827</ele>
        <time>2022-03-17T15:21:43.827Z</time>
      </trkpt>
      <trkpt lat="44.16322" lon="5.1938">
        <ele>827</ele>
        <time>2022-03-17T15:21:44.826Z</time>
      </trkpt>
      <trkpt lat="44.16323" lon="5.19378">
        <ele>827</ele>
        <time>2022-03-17T15:21:45.826Z</time>
      </trkpt>
      <trkpt lat="44.16323" lon="5.19377">
        <ele>828</ele>
        <time>2022-03-17T15:21:46.827Z</time>
      </trkpt>
      <trkpt lat="44.16324" lon="5.19376">
        <ele>828</ele>
        <time>2022-03-17T15:21:47.827Z</time>
      </trkpt>
      <trkpt lat="44.16324" lon="5.19375">
        <ele>828</ele>
        <time>2022-03-17T15:21:48.826Z</time>
      </trkpt>
      <trkpt lat="44.16325" lon="5.19373">
        <ele>828</ele>
        <time>2022-03-17T15:21:49.827Z</time>
      </trkpt>
      <trkpt lat="44.16325" lon="5.19371">
        <ele>827</ele>
        <time>2022-03-17T15:21:50.827Z</time>
      </trkpt>
      <trkpt lat="44.16326" lon="5.19369">
        <ele>827</ele>
        <time>2022-03-17T15:21:51.827Z</time>
      </trkpt>
      <trkpt lat="44.16326" lon="5.19367">
        <ele>827</ele>
        <time>2022-03-17T15:21:52.826Z</time>
      </trkpt>
      <trkpt lat="44.16326" lon="5.19365">
        <ele>827</ele>
        <time>2022-03-17T15:21:53.826Z</time>
      </trkpt>
      <trkpt lat="44.16326" lon="5.19363">
        <ele>827</ele>
        <time>2022-03-17T15:21:54.827Z</time>
      </trkpt>
      <trkpt lat="44.16326" lon="5.19361">
        <ele>827</ele>
        <time>2022-03-17T15:21:55.826Z</time>
      </trkpt>
      <trkpt lat="44.16326" lon="5.19359">
        <ele>827</ele>
        <time>2022-03-17T15:21:56.827Z</time>
      </trkpt>
      <trkpt lat="44.16326" lon="5.19357">
        <ele>827</ele>
        <time>2022-03-17T15:21:57.826Z</time>
      </trkpt>
      <trkpt lat="44.16326" lon="5.19355">
        <ele>828</ele>
        <time>2022-03-17T15:21:58.827Z</time>
      </trkpt>
      <trkpt lat="44.16326" lon="5.19354">
        <ele>828</ele>
        <time>2022-03-17T15:21:59.827Z</time>
      </trkpt>
      <trkpt lat="44.16326" lon="5.19352">
        <ele>828</ele>
        <time>2022-03-17T15:22:00.826Z</time>
      </trkpt>
      <trkpt lat="44.16326" lon="5.19351">
        <ele>828</ele>
        <time>2022-03-17T15:22:01.827Z</time>
      </trkpt>
      <trkpt lat="44.16326" lon="5.19349">
        <ele>828</ele>
        <time>2022-03-17T15:22:02.827Z</time>
      </trkpt>
      <trkpt lat="44.16327" lon="5.19348">
        <ele>828</ele>
        <time>2022-03-17T15:22:03.827Z</time>
      </trkpt>
      <trkpt lat="44.16328" lon="5.19347">
        <ele>828</ele>
        <time>2022-03-17T15:22:04.826Z</time>
      </trkpt>
      <trkpt lat="44.16329" lon="5.19346">
        <ele>828</ele>
        <time>2022-03-17T15:22:05.827Z</time>
      </trkpt>
      <trkpt lat="44.1633" lon="5.19345">
        <ele>828</ele>
        <time>2022-03-17T15:22:06.827Z</time>
      </trkpt>
      <trkpt lat="44.16331" lon="5.19345">
        <ele>828</ele>
        <time>2022-03-17T15:22:07.826Z</time>
      </trkpt>
      <trkpt lat="44.16332" lon="5.19344">
        <ele>828</ele>
        <time>2022-03-17T15:22:08.826Z</time>
      </trkpt>
      <trkpt lat="44.16333" lon="5.19342">
        <ele>828</ele>
        <time>2022-03-17T15:22:09.827Z</time>
      </trkpt>
      <trkpt lat="44.16334" lon="5.1934">
        <ele>829</ele>
        <time>2022-03-17T15:22:10.827Z</time>
      </trkpt>
      <trkpt lat="44.16335" lon="5.19337">
        <ele>829</ele>
        <time>2022-03-17T15:22:11.827Z</time>
      </trkpt>
      <trkpt lat="44.16336" lon="5.19335">
        <ele>829</ele>
        <time>2022-03-17T15:22:12.827Z</time>
      </trkpt>
      <trkpt lat="44.16336" lon="5.19334">
        <ele>829</ele>
        <time>2022-03-17T15:22:13.827Z</time>
      </trkpt>
      <trkpt lat="44.16337" lon="5.19333">
        <ele>830</ele>
        <time>2022-03-17T15:22:14.827Z</time>
      </trkpt>
      <trkpt lat="44.16338" lon="5.19331">
        <ele>830</ele>
        <time>2022-03-17T15:22:15.827Z</time>
      </trkpt>
      <trkpt lat="44.16339" lon="5.1933">
        <ele>830</ele>
        <time>2022-03-17T15:22:16.826Z</time>
      </trkpt>
      <trkpt lat="44.1634" lon="5.19329">
        <ele>830</ele>
        <time>2022-03-17T15:22:17.827Z</time>
      </trkpt>
      <trkpt lat="44.1634" lon="5.19327">
        <ele>829</ele>
        <time>2022-03-17T15:22:18.826Z</time>
      </trkpt>
      <trkpt lat="44.16341" lon="5.19326">
        <ele>829</ele>
        <time>2022-03-17T15:22:19.826Z</time>
      </trkpt>
      <trkpt lat="44.16342" lon="5.19325">
        <ele>830</ele>
        <time>2022-03-17T15:22:20.826Z</time>
      </trkpt>
      <trkpt lat="44.16342" lon="5.19323">
        <ele>830</ele>
        <time>2022-03-17T15:22:21.827Z</time>
      </trkpt>
      <trkpt lat="44.16342" lon="5.19322">
        <ele>830</ele>
        <time>2022-03-17T15:22:22.827Z</time>
      </trkpt>
      <trkpt lat="44.16343" lon="5.19321">
        <ele>831</ele>
        <time>2022-03-17T15:22:23.826Z</time>
      </trkpt>
      <trkpt lat="44.16343" lon="5.1932">
        <ele>831</ele>
        <time>2022-03-17T15:22:24.826Z</time>
      </trkpt>
      <trkpt lat="44.16343" lon="5.19319">
        <ele>831</ele>
        <time>2022-03-17T15:22:25.827Z</time>
      </trkpt>
      <trkpt lat="44.16343" lon="5.1932">
        <ele>832</ele>
        <time>2022-03-17T15:22:26.826Z</time>
      </trkpt>
      <trkpt lat="44.16343" lon="5.19319">
        <ele>832</ele>
        <time>2022-03-17T15:22:27.827Z</time>
      </trkpt>
      <trkpt lat="44.16343" lon="5.19318">
        <ele>832</ele>
        <time>2022-03-17T15:22:29.827Z</time>
      </trkpt>
      <trkpt lat="44.16344" lon="5.19318">
        <ele>833</ele>
        <time>2022-03-17T15:22:35.827Z</time>
      </trkpt>
      <trkpt lat="44.16342" lon="5.19319">
        <ele>833</ele>
        <time>2022-03-17T15:22:38.827Z</time>
      </trkpt>
      <trkpt lat="44.16343" lon="5.1932">
        <ele>833</ele>
        <time>2022-03-17T15:22:40.827Z</time>
      </trkpt>
      <trkpt lat="44.16344" lon="5.1932">
        <ele>833</ele>
        <time>2022-03-17T15:22:41.827Z</time>
      </trkpt>
      <trkpt lat="44.16345" lon="5.1932">
        <ele>833</ele>
        <time>2022-03-17T15:22:42.826Z</time>
      </trkpt>
      <trkpt lat="44.16345" lon="5.19319">
        <ele>833</ele>
        <time>2022-03-17T15:22:44.826Z</time>
      </trkpt>
      <trkpt lat="44.16345" lon="5.19318">
        <ele>833</ele>
        <time>2022-03-17T15:22:45.827Z</time>
      </trkpt>
      <trkpt lat="44.16344" lon="5.19317">
        <ele>833</ele>
        <time>2022-03-17T15:22:46.827Z</time>
      </trkpt>
      <trkpt lat="44.16345" lon="5.19317">
        <ele>833</ele>
        <time>2022-03-17T15:22:47.827Z</time>
      </trkpt>
      <trkpt lat="44.16345" lon="5.19318">
        <ele>833</ele>
        <time>2022-03-17T15:22:48.827Z</time>
      </trkpt>
      <trkpt lat="44.16346" lon="5.19319">
        <ele>833</ele>
        <time>2022-03-17T15:22:49.826Z</time>
      </trkpt>
      <trkpt lat="44.16346" lon="5.19318">
        <ele>832</ele>
        <time>2022-03-17T15:22:56.827Z</time>
      </trkpt>
      <trkpt lat="44.16345" lon="5.19319">
        <ele>832</ele>
        <time>2022-03-17T15:22:57.827Z</time>
      </trkpt>
      <trkpt lat="44.16344" lon="5.19319">
        <ele>834</ele>
        <time>2022-03-17T15:23:14.827Z</time>
      </trkpt>
      <trkpt lat="44.16344" lon="5.1932">
        <ele>834</ele>
        <time>2022-03-17T15:23:19.826Z</time>
      </trkpt>
      <trkpt lat="44.16343" lon="5.1932">
        <ele>834</ele>
        <time>2022-03-17T15:23:21.827Z</time>
      </trkpt>
      <trkpt lat="44.16342" lon="5.1932">
        <ele>834</ele>
        <time>2022-03-17T15:23:23.827Z</time>
      </trkpt>
      <trkpt lat="44.16341" lon="5.1932">
        <ele>834</ele>
        <time>2022-03-17T15:23:24.827Z</time>
      </trkpt>
      <trkpt lat="44.16341" lon="5.19321">
        <ele>835</ele>
        <time>2022-03-17T15:23:30.827Z</time>
      </trkpt>
      <trkpt lat="44.16342" lon="5.19321">
        <ele>834</ele>
        <time>2022-03-17T15:23:41.826Z</time>
      </trkpt>
      <trkpt lat="44.16343" lon="5.19321">
        <ele>834</ele>
        <time>2022-03-17T15:23:46.827Z</time>
      </trkpt>
      <trkpt lat="44.16344" lon="5.19321">
        <ele>834</ele>
        <time>2022-03-17T15:23:50.827Z</time>
      </trkpt>
      <trkpt lat="44.16344" lon="5.1932">
        <ele>834</ele>
        <time>2022-03-17T15:23:51.827Z</time>
      </trkpt>
      <trkpt lat="44.16344" lon="5.19319">
        <ele>834</ele>
        <time>2022-03-17T15:23:54.826Z</time>
      </trkpt>
      <trkpt lat="44.16344" lon="5.19318">
        <ele>834</ele>
        <time>2022-03-17T15:23:55.827Z</time>
      </trkpt>
      <trkpt lat="44.16343" lon="5.19318">
        <ele>834</ele>
        <time>2022-03-17T15:24:13.826Z</time>
      </trkpt>
      <trkpt lat="44.16343" lon="5.19318">
        <ele>834</ele>
        <time>2022-03-17T15:24:17.826Z</time>
      </trkpt>
      <trkpt lat="44.16343" lon="5.19319">
        <ele>834</ele>
        <time>2022-03-17T15:24:21.827Z</time>
      </trkpt>
      <trkpt lat="44.16342" lon="5.19319">
        <ele>834</ele>
        <time>2022-03-17T15:24:26.827Z</time>
      </trkpt>
      <trkpt lat="44.16342" lon="5.1932">
        <ele>834</ele>
        <time>2022-03-17T15:24:34.827Z</time>
      </trkpt>
      <trkpt lat="44.16342" lon="5.1932">
        <ele>834</ele>
        <time>2022-03-17T15:24:36.826Z</time>
      </trkpt>
      <trkpt lat="44.16342" lon="5.19321">
        <ele>834</ele>
        <time>2022-03-17T15:24:37.827Z</time>
      </trkpt>
      <trkpt lat="44.16341" lon="5.19321">
        <ele>834</ele>
        <time>2022-03-17T15:24:38.827Z</time>
      </trkpt>
      <trkpt lat="44.16342" lon="5.19321">
        <ele>833</ele>
        <time>2022-03-17T15:24:53.826Z</time>
      </trkpt>
      <trkpt lat="44.16342" lon="5.1932">
        <ele>833</ele>
        <time>2022-03-17T15:25:01.826Z</time>
      </trkpt>
      <trkpt lat="44.16342" lon="5.1932">
        <ele>833</ele>
        <time>2022-03-17T15:25:10.827Z</time>
      </trkpt>
      <trkpt lat="44.16342" lon="5.19319">
        <ele>833</ele>
        <time>2022-03-17T15:25:16.827Z</time>
      </trkpt>
      <trkpt lat="44.16341" lon="5.19318">
        <ele>833</ele>
        <time>2022-03-17T15:25:17.827Z</time>
      </trkpt>
      <trkpt lat="44.16339" lon="5.19315">
        <ele>833</ele>
        <time>2022-03-17T15:25:18.826Z</time>
      </trkpt>
      <trkpt lat="44.16338" lon="5.19313">
        <ele>832</ele>
        <time>2022-03-17T15:25:19.827Z</time>
      </trkpt>
      <trkpt lat="44.16336" lon="5.19311">
        <ele>832</ele>
        <time>2022-03-17T15:25:20.827Z</time>
      </trkpt>
      <trkpt lat="44.16335" lon="5.1931">
        <ele>832</ele>
        <time>2022-03-17T15:25:21.827Z</time>
      </trkpt>
      <trkpt lat="44.16333" lon="5.19308">
        <ele>832</ele>
        <time>2022-03-17T15:25:22.826Z</time>
      </trkpt>
      <trkpt lat="44.16332" lon="5.19307">
        <ele>832</ele>
        <time>2022-03-17T15:25:23.827Z</time>
      </trkpt>
      <trkpt lat="44.16331" lon="5.19306">
        <ele>832</ele>
        <time>2022-03-17T15:25:24.827Z</time>
      </trkpt>
      <trkpt lat="44.1633" lon="5.19305">
        <ele>832</ele>
        <time>2022-03-17T15:25:25.827Z</time>
      </trkpt>
      <trkpt lat="44.16328" lon="5.19305">
        <ele>832</ele>
        <time>2022-03-17T15:25:26.827Z</time>
      </trkpt>
      <trkpt lat="44.16327" lon="5.19304">
        <ele>832</ele>
        <time>2022-03-17T15:25:27.826Z</time>
      </trkpt>
      <trkpt lat="44.16327" lon="5.19303">
        <ele>832</ele>
        <time>2022-03-17T15:25:28.827Z</time>
      </trkpt>
      <trkpt lat="44.16326" lon="5.19302">
        <ele>832</ele>
        <time>2022-03-17T15:25:29.827Z</time>
      </trkpt>
      <trkpt lat="44.16326" lon="5.19301">
        <ele>832</ele>
        <time>2022-03-17T15:25:31.826Z</time>
      </trkpt>
      <trkpt lat="44.16326" lon="5.193">
        <ele>832</ele>
        <time>2022-03-17T15:25:32.827Z</time>
      </trkpt>
      <trkpt lat="44.16325" lon="5.193">
        <ele>832</ele>
        <time>2022-03-17T15:25:36.826Z</time>
      </trkpt>
      <trkpt lat="44.16324" lon="5.193">
        <ele>831</ele>
        <time>2022-03-17T15:25:38.827Z</time>
      </trkpt>
      <trkpt lat="44.16325" lon="5.19299">
        <ele>831</ele>
        <time>2022-03-17T15:25:40.827Z</time>
      </trkpt>
      <trkpt lat="44.16326" lon="5.19298">
        <ele>831</ele>
        <time>2022-03-17T15:25:42.827Z</time>
      </trkpt>
      <trkpt lat="44.16326" lon="5.19299">
        <ele>828</ele>
        <time>2022-03-17T15:26:04.827Z</time>
      </trkpt>
      <trkpt lat="44.16327" lon="5.19299">
        <ele>828</ele>
        <time>2022-03-17T15:26:18.827Z</time>
      </trkpt>
      <trkpt lat="44.16327" lon="5.193">
        <ele>828</ele>
        <time>2022-03-17T15:26:21.826Z</time>
      </trkpt>
      <trkpt lat="44.16328" lon="5.193">
        <ele>828</ele>
        <time>2022-03-17T15:26:25.827Z</time>
      </trkpt>
      <trkpt lat="44.16328" lon="5.193">
        <ele>828</ele>
        <time>2022-03-17T15:26:37.826Z</time>
      </trkpt>
      <trkpt lat="44.16328" lon="5.19299">
        <ele>828</ele>
        <time>2022-03-17T15:26:50.826Z</time>
      </trkpt>
      <trkpt lat="44.16328" lon="5.19299">
        <ele>828</ele>
        <time>2022-03-17T15:27:02.826Z</time>
      </trkpt>
      <trkpt lat="44.16327" lon="5.19299">
        <ele>828</ele>
        <time>2022-03-17T15:27:03.827Z</time>
      </trkpt>
      <trkpt lat="44.16328" lon="5.19299">
        <ele>827</ele>
        <time>2022-03-17T15:27:07.827Z</time>
      </trkpt>
      <trkpt lat="44.16328" lon="5.19299">
        <ele>827</ele>
        <time>2022-03-17T15:27:38.827Z</time>
      </trkpt>
      <trkpt lat="44.16327" lon="5.19299">
        <ele>827</ele>
        <time>2022-03-17T15:27:51.827Z</time>
      </trkpt>
      <trkpt lat="44.16327" lon="5.193">
        <ele>827</ele>
        <time>2022-03-17T15:28:04.827Z</time>
      </trkpt>
      <trkpt lat="44.16327" lon="5.193">
        <ele>827</ele>
        <time>2022-03-17T15:28:08.827Z</time>
      </trkpt>
      <trkpt lat="44.16327" lon="5.19301">
        <ele>827</ele>
        <time>2022-03-17T15:28:09.826Z</time>
      </trkpt>
      <trkpt lat="44.16328" lon="5.19301">
        <ele>827</ele>
        <time>2022-03-17T15:28:13.827Z</time>
      </trkpt>
      <trkpt lat="44.16328" lon="5.19301">
        <ele>827</ele>
        <time>2022-03-17T15:28:20.827Z</time>
      </trkpt>
      <trkpt lat="44.16329" lon="5.19301">
        <ele>827</ele>
        <time>2022-03-17T15:28:23.827Z</time>
      </trkpt>
      <trkpt lat="44.16329" lon="5.193">
        <ele>827</ele>
        <time>2022-03-17T15:28:30.827Z</time>
      </trkpt>
      <trkpt lat="44.16329" lon="5.193">
        <ele>827</ele>
        <time>2022-03-17T15:28:39.827Z</time>
      </trkpt>
      <trkpt lat="44.16329" lon="5.19299">
        <ele>827</ele>
        <time>2022-03-17T15:28:43.826Z</time>
      </trkpt>
      <trkpt lat="44.16329" lon="5.19298">
        <ele>827</ele>
        <time>2022-03-17T15:28:54.826Z</time>
      </trkpt>
      <trkpt lat="44.16329" lon="5.19298">
        <ele>827</ele>
        <time>2022-03-17T15:28:57.827Z</time>
      </trkpt>
      <trkpt lat="44.16328" lon="5.19298">
        <ele>827</ele>
        <time>2022-03-17T15:29:11.826Z</time>
      </trkpt>
      <trkpt lat="44.16327" lon="5.19296">
        <ele>827</ele>
        <time>2022-03-17T15:29:12.826Z</time>
      </trkpt>
      <trkpt lat="44.16324" lon="5.19293">
        <ele>827</ele>
        <time>2022-03-17T15:29:13.827Z</time>
      </trkpt>
      <trkpt lat="44.16321" lon="5.19291">
        <ele>827</ele>
        <time>2022-03-17T15:29:14.827Z</time>
      </trkpt>
      <trkpt lat="44.16318" lon="5.19288">
        <ele>828</ele>
        <time>2022-03-17T15:29:15.827Z</time>
      </trkpt>
      <trkpt lat="44.16315" lon="5.19285">
        <ele>827</ele>
        <time>2022-03-17T15:29:16.827Z</time>
      </trkpt>
      <trkpt lat="44.16312" lon="5.19282">
        <ele>827</ele>
        <time>2022-03-17T15:29:17.827Z</time>
      </trkpt>
      <trkpt lat="44.16309" lon="5.19279">
        <ele>827</ele>
        <time>2022-03-17T15:29:18.827Z</time>
      </trkpt>
      <trkpt lat="44.16307" lon="5.19276">
        <ele>827</ele>
        <time>2022-03-17T15:29:19.827Z</time>
      </trkpt>
      <trkpt lat="44.16305" lon="5.19272">
        <ele>827</ele>
        <time>2022-03-17T15:29:20.826Z</time>
      </trkpt>
      <trkpt lat="44.16303" lon="5.1927">
        <ele>828</ele>
        <time>2022-03-17T15:29:21.827Z</time>
      </trkpt>
      <trkpt lat="44.16301" lon="5.19267">
        <ele>828</ele>
        <time>2022-03-17T15:29:22.827Z</time>
      </trkpt>
      <trkpt lat="44.16299" lon="5.19264">
        <ele>828</ele>
        <time>2022-03-17T15:29:23.827Z</time>
      </trkpt>
      <trkpt lat="44.16298" lon="5.19262">
        <ele>828</ele>
        <time>2022-03-17T15:29:24.827Z</time>
      </trkpt>
      <trkpt lat="44.16297" lon="5.19259">
        <ele>828</ele>
        <time>2022-03-17T15:29:25.827Z</time>
      </trkpt>
      <trkpt lat="44.16297" lon="5.19257">
        <ele>828</ele>
        <time>2022-03-17T15:29:26.826Z</time>
      </trkpt>
      <trkpt lat="44.16296" lon="5.19256">
        <ele>828</ele>
        <time>2022-03-17T15:29:27.827Z</time>
      </trkpt>
      <trkpt lat="44.16295" lon="5.19254">
        <ele>828</ele>
        <time>2022-03-17T15:29:28.827Z</time>
      </trkpt>
      <trkpt lat="44.16294" lon="5.19254">
        <ele>828</ele>
        <time>2022-03-17T15:29:29.826Z</time>
      </trkpt>
      <trkpt lat="44.16293" lon="5.19254">
        <ele>826</ele>
        <time>2022-03-17T15:29:32.826Z</time>
      </trkpt>
      <trkpt lat="44.16293" lon="5.19253">
        <ele>826</ele>
        <time>2022-03-17T15:29:33.827Z</time>
      </trkpt>
      <trkpt lat="44.16293" lon="5.19254">
        <ele>822</ele>
        <time>2022-03-17T15:29:40.827Z</time>
      </trkpt>
      <trkpt lat="44.16292" lon="5.19254">
        <ele>823</ele>
        <time>2022-03-17T15:29:43.826Z</time>
      </trkpt>
      <trkpt lat="44.16293" lon="5.19255">
        <ele>823</ele>
        <time>2022-03-17T15:29:45.827Z</time>
      </trkpt>
      <trkpt lat="44.16294" lon="5.19255">
        <ele>824</ele>
        <time>2022-03-17T15:30:09.826Z</time>
      </trkpt>
      <trkpt lat="44.16294" lon="5.19255">
        <ele>824</ele>
        <time>2022-03-17T15:30:11.826Z</time>
      </trkpt>
      <trkpt lat="44.16294" lon="5.19256">
        <ele>824</ele>
        <time>2022-03-17T15:30:12.827Z</time>
      </trkpt>
      <trkpt lat="44.16294" lon="5.19255">
        <ele>823</ele>
        <time>2022-03-17T15:30:35.827Z</time>
      </trkpt>
      <trkpt lat="44.16294" lon="5.19255">
        <ele>823</ele>
        <time>2022-03-17T15:30:38.826Z</time>
      </trkpt>
      <trkpt lat="44.16294" lon="5.19254">
        <ele>823</ele>
        <time>2022-03-17T15:30:40.827Z</time>
      </trkpt>
      <trkpt lat="44.16294" lon="5.19253">
        <ele>823</ele>
        <time>2022-03-17T15:30:42.827Z</time>
      </trkpt>
      <trkpt lat="44.16294" lon="5.19252">
        <ele>823</ele>
        <time>2022-03-17T15:30:48.827Z</time>
      </trkpt>
      <trkpt lat="44.16294" lon="5.19252">
        <ele>823</ele>
        <time>2022-03-17T15:30:50.827Z</time>
      </trkpt>
      <trkpt lat="44.16293" lon="5.19252">
        <ele>823</ele>
        <time>2022-03-17T15:30:55.827Z</time>
      </trkpt>
      <trkpt lat="44.16293" lon="5.19253">
        <ele>823</ele>
        <time>2022-03-17T15:31:09.827Z</time>
      </trkpt>
      <trkpt lat="44.16293" lon="5.19253">
        <ele>823</ele>
        <time>2022-03-17T15:31:12.827Z</time>
      </trkpt>
      <trkpt lat="44.16293" lon="5.19254">
        <ele>823</ele>
        <time>2022-03-17T15:31:23.826Z</time>
      </trkpt>
      <trkpt lat="44.16292" lon="5.19254">
        <ele>823</ele>
        <time>2022-03-17T15:31:26.827Z</time>
      </trkpt>
      <trkpt lat="44.16292" lon="5.19255">
        <ele>823</ele>
        <time>2022-03-17T15:31:36.827Z</time>
      </trkpt>
      <trkpt lat="44.16292" lon="5.19256">
        <ele>823</ele>
        <time>2022-03-17T15:31:40.826Z</time>
      </trkpt>
      <trkpt lat="44.16292" lon="5.19256">
        <ele>824</ele>
        <time>2022-03-17T15:31:42.827Z</time>
      </trkpt>
      <trkpt lat="44.16292" lon="5.19257">
        <ele>824</ele>
        <time>2022-03-17T15:31:47.827Z</time>
      </trkpt>
      <trkpt lat="44.16292" lon="5.19256">
        <ele>824</ele>
        <time>2022-03-17T15:32:00.827Z</time>
      </trkpt>
      <trkpt lat="44.16293" lon="5.19256">
        <ele>824</ele>
        <time>2022-03-17T15:32:07.827Z</time>
      </trkpt>
      <trkpt lat="44.16293" lon="5.19255">
        <ele>824</ele>
        <time>2022-03-17T15:32:15.827Z</time>
      </trkpt>
      <trkpt lat="44.16292" lon="5.19253">
        <ele>824</ele>
        <time>2022-03-17T15:32:16.826Z</time>
      </trkpt>
      <trkpt lat="44.16291" lon="5.19251">
        <ele>824</ele>
        <time>2022-03-17T15:32:17.827Z</time>
      </trkpt>
      <trkpt lat="44.1629" lon="5.19249">
        <ele>824</ele>
        <time>2022-03-17T15:32:18.826Z</time>
      </trkpt>
      <trkpt lat="44.16289" lon="5.19247">
        <ele>824</ele>
        <time>2022-03-17T15:32:19.826Z</time>
      </trkpt>
      <trkpt lat="44.16289" lon="5.19245">
        <ele>824</ele>
        <time>2022-03-17T15:32:20.827Z</time>
      </trkpt>
      <trkpt lat="44.16288" lon="5.19243">
        <ele>824</ele>
        <time>2022-03-17T15:32:21.827Z</time>
      </trkpt>
      <trkpt lat="44.16288" lon="5.19241">
        <ele>824</ele>
        <time>2022-03-17T15:32:22.827Z</time>
      </trkpt>
      <trkpt lat="44.16287" lon="5.19239">
        <ele>824</ele>
        <time>2022-03-17T15:32:23.827Z</time>
      </trkpt>
      <trkpt lat="44.16287" lon="5.19237">
        <ele>824</ele>
        <time>2022-03-17T15:32:24.826Z</time>
      </trkpt>
      <trkpt lat="44.16286" lon="5.19235">
        <ele>825</ele>
        <time>2022-03-17T15:32:25.827Z</time>
      </trkpt>
      <trkpt lat="44.16285" lon="5.19234">
        <ele>825</ele>
        <time>2022-03-17T15:32:26.826Z</time>
      </trkpt>
      <trkpt lat="44.16284" lon="5.19232">
        <ele>825</ele>
        <time>2022-03-17T15:32:27.827Z</time>
      </trkpt>
      <trkpt lat="44.16284" lon="5.19231">
        <ele>825</ele>
        <time>2022-03-17T15:32:28.826Z</time>
      </trkpt>
      <trkpt lat="44.16283" lon="5.1923">
        <ele>825</ele>
        <time>2022-03-17T15:32:29.827Z</time>
      </trkpt>
      <trkpt lat="44.16283" lon="5.19228">
        <ele>825</ele>
        <time>2022-03-17T15:32:30.827Z</time>
      </trkpt>
      <trkpt lat="44.16282" lon="5.19227">
        <ele>825</ele>
        <time>2022-03-17T15:32:31.827Z</time>
      </trkpt>
      <trkpt lat="44.16281" lon="5.19225">
        <ele>824</ele>
        <time>2022-03-17T15:32:32.827Z</time>
      </trkpt>
      <trkpt lat="44.1628" lon="5.19223">
        <ele>824</ele>
        <time>2022-03-17T15:32:33.827Z</time>
      </trkpt>
      <trkpt lat="44.16279" lon="5.1922">
        <ele>823</ele>
        <time>2022-03-17T15:32:34.826Z</time>
      </trkpt>
      <trkpt lat="44.16277" lon="5.19216">
        <ele>823</ele>
        <time>2022-03-17T15:32:35.827Z</time>
      </trkpt>
      <trkpt lat="44.16276" lon="5.19213">
        <ele>822</ele>
        <time>2022-03-17T15:32:36.827Z</time>
      </trkpt>
      <trkpt lat="44.16274" lon="5.19209">
        <ele>822</ele>
        <time>2022-03-17T15:32:37.826Z</time>
      </trkpt>
      <trkpt lat="44.16272" lon="5.19205">
        <ele>822</ele>
        <time>2022-03-17T15:32:38.827Z</time>
      </trkpt>
      <trkpt lat="44.16271" lon="5.19202">
        <ele>822</ele>
        <time>2022-03-17T15:32:39.827Z</time>
      </trkpt>
      <trkpt lat="44.16269" lon="5.19198">
        <ele>822</ele>
        <time>2022-03-17T15:32:40.826Z</time>
      </trkpt>
      <trkpt lat="44.16267" lon="5.19194">
        <ele>822</ele>
        <time>2022-03-17T15:32:41.827Z</time>
      </trkpt>
      <trkpt lat="44.16265" lon="5.1919">
        <ele>822</ele>
        <time>2022-03-17T15:32:42.827Z</time>
      </trkpt>
      <trkpt lat="44.16264" lon="5.19187">
        <ele>822</ele>
        <time>2022-03-17T15:32:43.827Z</time>
      </trkpt>
      <trkpt lat="44.16262" lon="5.19183">
        <ele>823</ele>
        <time>2022-03-17T15:32:44.827Z</time>
      </trkpt>
      <trkpt lat="44.16261" lon="5.1918">
        <ele>823</ele>
        <time>2022-03-17T15:32:45.826Z</time>
      </trkpt>
      <trkpt lat="44.16259" lon="5.19177">
        <ele>823</ele>
        <time>2022-03-17T15:32:46.827Z</time>
      </trkpt>
      <trkpt lat="44.16258" lon="5.19174">
        <ele>823</ele>
        <time>2022-03-17T15:32:47.827Z</time>
      </trkpt>
      <trkpt lat="44.16256" lon="5.1917">
        <ele>822</ele>
        <time>2022-03-17T15:32:48.827Z</time>
      </trkpt>
      <trkpt lat="44.16255" lon="5.19168">
        <ele>822</ele>
        <time>2022-03-17T15:32:49.827Z</time>
      </trkpt>
      <trkpt lat="44.16253" lon="5.19164">
        <ele>822</ele>
        <time>2022-03-17T15:32:50.826Z</time>
      </trkpt>
      <trkpt lat="44.16251" lon="5.19161">
        <ele>821</ele>
        <time>2022-03-17T15:32:51.827Z</time>
      </trkpt>
      <trkpt lat="44.1625" lon="5.19158">
        <ele>821</ele>
        <time>2022-03-17T15:32:52.827Z</time>
      </trkpt>
      <trkpt lat="44.16249" lon="5.19155">
        <ele>821</ele>
        <time>2022-03-17T15:32:53.826Z</time>
      </trkpt>
      <trkpt lat="44.16247" lon="5.19152">
        <ele>821</ele>
        <time>2022-03-17T15:32:54.827Z</time>
      </trkpt>
      <trkpt lat="44.16246" lon="5.1915">
        <ele>821</ele>
        <time>2022-03-17T15:32:55.826Z</time>
      </trkpt>
      <trkpt lat="44.16244" lon="5.19148">
        <ele>821</ele>
        <time>2022-03-17T15:32:56.827Z</time>
      </trkpt>
      <trkpt lat="44.16243" lon="5.19144">
        <ele>821</ele>
        <time>2022-03-17T15:32:57.826Z</time>
      </trkpt>
      <trkpt lat="44.16242" lon="5.19142">
        <ele>822</ele>
        <time>2022-03-17T15:32:58.827Z</time>
      </trkpt>
      <trkpt lat="44.16242" lon="5.19138">
        <ele>822</ele>
        <time>2022-03-17T15:32:59.827Z</time>
      </trkpt>
      <trkpt lat="44.16241" lon="5.19135">
        <ele>822</ele>
        <time>2022-03-17T15:33:00.826Z</time>
      </trkpt>
      <trkpt lat="44.16239" lon="5.19132">
        <ele>822</ele>
        <time>2022-03-17T15:33:01.827Z</time>
      </trkpt>
      <trkpt lat="44.16237" lon="5.19129">
        <ele>822</ele>
        <time>2022-03-17T15:33:02.827Z</time>
      </trkpt>
      <trkpt lat="44.16235" lon="5.19126">
        <ele>823</ele>
        <time>2022-03-17T15:33:03.827Z</time>
      </trkpt>
      <trkpt lat="44.16234" lon="5.19125">
        <ele>823</ele>
        <time>2022-03-17T15:33:04.827Z</time>
      </trkpt>
      <trkpt lat="44.16231" lon="5.19124">
        <ele>823</ele>
        <time>2022-03-17T15:33:05.827Z</time>
      </trkpt>
      <trkpt lat="44.16229" lon="5.19122">
        <ele>823</ele>
        <time>2022-03-17T15:33:06.827Z</time>
      </trkpt>
      <trkpt lat="44.16227" lon="5.19121">
        <ele>824</ele>
        <time>2022-03-17T15:33:07.827Z</time>
      </trkpt>
      <trkpt lat="44.16223" lon="5.19117">
        <ele>824</ele>
        <time>2022-03-17T15:33:09.827Z</time>
      </trkpt>
      <trkpt lat="44.16222" lon="5.19114">
        <ele>824</ele>
        <time>2022-03-17T15:33:10.827Z</time>
      </trkpt>
      <trkpt lat="44.16221" lon="5.1911">
        <ele>823</ele>
        <time>2022-03-17T15:33:11.827Z</time>
      </trkpt>
      <trkpt lat="44.1622" lon="5.19108">
        <ele>823</ele>
        <time>2022-03-17T15:33:12.827Z</time>
      </trkpt>
      <trkpt lat="44.16219" lon="5.19105">
        <ele>823</ele>
        <time>2022-03-17T15:33:13.827Z</time>
      </trkpt>
      <trkpt lat="44.16217" lon="5.19102">
        <ele>823</ele>
        <time>2022-03-17T15:33:14.826Z</time>
      </trkpt>
      <trkpt lat="44.16215" lon="5.191">
        <ele>823</ele>
        <time>2022-03-17T15:33:15.827Z</time>
      </trkpt>
      <trkpt lat="44.16213" lon="5.19098">
        <ele>824</ele>
        <time>2022-03-17T15:33:16.827Z</time>
      </trkpt>
      <trkpt lat="44.16213" lon="5.19096">
        <ele>824</ele>
        <time>2022-03-17T15:33:17.826Z</time>
      </trkpt>
      <trkpt lat="44.16211" lon="5.19094">
        <ele>824</ele>
        <time>2022-03-17T15:33:18.827Z</time>
      </trkpt>
      <trkpt lat="44.1621" lon="5.19092">
        <ele>824</ele>
        <time>2022-03-17T15:33:19.827Z</time>
      </trkpt>
      <trkpt lat="44.16209" lon="5.19091">
        <ele>824</ele>
        <time>2022-03-17T15:33:20.826Z</time>
      </trkpt>
      <trkpt lat="44.16208" lon="5.19089">
        <ele>824</ele>
        <time>2022-03-17T15:33:21.827Z</time>
      </trkpt>
      <trkpt lat="44.16208" lon="5.19087">
        <ele>824</ele>
        <time>2022-03-17T15:33:22.827Z</time>
      </trkpt>
      <trkpt lat="44.16207" lon="5.19086">
        <ele>825</ele>
        <time>2022-03-17T15:33:23.827Z</time>
      </trkpt>
      <trkpt lat="44.16206" lon="5.19084">
        <ele>825</ele>
        <time>2022-03-17T15:33:24.827Z</time>
      </trkpt>
      <trkpt lat="44.16205" lon="5.19083">
        <ele>825</ele>
        <time>2022-03-17T15:33:25.826Z</time>
      </trkpt>
      <trkpt lat="44.16204" lon="5.19081">
        <ele>825</ele>
        <time>2022-03-17T15:33:26.827Z</time>
      </trkpt>
      <trkpt lat="44.16203" lon="5.19079">
        <ele>825</ele>
        <time>2022-03-17T15:33:27.827Z</time>
      </trkpt>
      <trkpt lat="44.16202" lon="5.19078">
        <ele>825</ele>
        <time>2022-03-17T15:33:28.826Z</time>
      </trkpt>
      <trkpt lat="44.16201" lon="5.19076">
        <ele>826</ele>
        <time>2022-03-17T15:33:29.827Z</time>
      </trkpt>
      <trkpt lat="44.16199" lon="5.19075">
        <ele>826</ele>
        <time>2022-03-17T15:33:30.826Z</time>
      </trkpt>
      <trkpt lat="44.16198" lon="5.19073">
        <ele>826</ele>
        <time>2022-03-17T15:33:31.827Z</time>
      </trkpt>
      <trkpt lat="44.16197" lon="5.19072">
        <ele>826</ele>
        <time>2022-03-17T15:33:32.826Z</time>
      </trkpt>
      <trkpt lat="44.16196" lon="5.1907">
        <ele>826</ele>
        <time>2022-03-17T15:33:33.827Z</time>
      </trkpt>
      <trkpt lat="44.16195" lon="5.19068">
        <ele>826</ele>
        <time>2022-03-17T15:33:34.827Z</time>
      </trkpt>
      <trkpt lat="44.16194" lon="5.19067">
        <ele>826</ele>
        <time>2022-03-17T15:33:35.827Z</time>
      </trkpt>
      <trkpt lat="44.16193" lon="5.19065">
        <ele>826</ele>
        <time>2022-03-17T15:33:36.827Z</time>
      </trkpt>
      <trkpt lat="44.16192" lon="5.19064">
        <ele>827</ele>
        <time>2022-03-17T15:33:37.826Z</time>
      </trkpt>
      <trkpt lat="44.1619" lon="5.19063">
        <ele>827</ele>
        <time>2022-03-17T15:33:38.827Z</time>
      </trkpt>
      <trkpt lat="44.16189" lon="5.19062">
        <ele>827</ele>
        <time>2022-03-17T15:33:39.827Z</time>
      </trkpt>
      <trkpt lat="44.16188" lon="5.1906">
        <ele>827</ele>
        <time>2022-03-17T15:33:40.827Z</time>
      </trkpt>
      <trkpt lat="44.16187" lon="5.19059">
        <ele>827</ele>
        <time>2022-03-17T15:33:41.827Z</time>
      </trkpt>
      <trkpt lat="44.16186" lon="5.19057">
        <ele>826</ele>
        <time>2022-03-17T15:33:42.826Z</time>
      </trkpt>
      <trkpt lat="44.16185" lon="5.19057">
        <ele>826</ele>
        <time>2022-03-17T15:33:43.827Z</time>
      </trkpt>
      <trkpt lat="44.16185" lon="5.19056">
        <ele>826</ele>
        <time>2022-03-17T15:33:44.827Z</time>
      </trkpt>
      <trkpt lat="44.16184" lon="5.19054">
        <ele>825</ele>
        <time>2022-03-17T15:33:45.827Z</time>
      </trkpt>
      <trkpt lat="44.16183" lon="5.19053">
        <ele>826</ele>
        <time>2022-03-17T15:33:46.827Z</time>
      </trkpt>
      <trkpt lat="44.16183" lon="5.19052">
        <ele>826</ele>
        <time>2022-03-17T15:33:47.827Z</time>
      </trkpt>
      <trkpt lat="44.16182" lon="5.19051">
        <ele>826</ele>
        <time>2022-03-17T15:33:48.827Z</time>
      </trkpt>
      <trkpt lat="44.16181" lon="5.19049">
        <ele>826</ele>
        <time>2022-03-17T15:33:49.827Z</time>
      </trkpt>
      <trkpt lat="44.1618" lon="5.19048">
        <ele>826</ele>
        <time>2022-03-17T15:33:50.827Z</time>
      </trkpt>
      <trkpt lat="44.16179" lon="5.19046">
        <ele>825</ele>
        <time>2022-03-17T15:33:51.827Z</time>
      </trkpt>
      <trkpt lat="44.16178" lon="5.19045">
        <ele>825</ele>
        <time>2022-03-17T15:33:52.827Z</time>
      </trkpt>
      <trkpt lat="44.16177" lon="5.19044">
        <ele>825</ele>
        <time>2022-03-17T15:33:53.827Z</time>
      </trkpt>
      <trkpt lat="44.16175" lon="5.19043">
        <ele>826</ele>
        <time>2022-03-17T15:33:54.827Z</time>
      </trkpt>
      <trkpt lat="44.16173" lon="5.19042">
        <ele>826</ele>
        <time>2022-03-17T15:33:55.826Z</time>
      </trkpt>
      <trkpt lat="44.16172" lon="5.1904">
        <ele>826</ele>
        <time>2022-03-17T15:33:56.827Z</time>
      </trkpt>
      <trkpt lat="44.16171" lon="5.1904">
        <ele>826</ele>
        <time>2022-03-17T15:33:57.826Z</time>
      </trkpt>
      <trkpt lat="44.16169" lon="5.19038">
        <ele>826</ele>
        <time>2022-03-17T15:33:58.826Z</time>
      </trkpt>
      <trkpt lat="44.16167" lon="5.19037">
        <ele>826</ele>
        <time>2022-03-17T15:33:59.827Z</time>
      </trkpt>
      <trkpt lat="44.16166" lon="5.19036">
        <ele>826</ele>
        <time>2022-03-17T15:34:00.827Z</time>
      </trkpt>
      <trkpt lat="44.16165" lon="5.19035">
        <ele>826</ele>
        <time>2022-03-17T15:34:01.827Z</time>
      </trkpt>
      <trkpt lat="44.16164" lon="5.19033">
        <ele>826</ele>
        <time>2022-03-17T15:34:02.826Z</time>
      </trkpt>
      <trkpt lat="44.16162" lon="5.19031">
        <ele>826</ele>
        <time>2022-03-17T15:34:03.826Z</time>
      </trkpt>
      <trkpt lat="44.16159" lon="5.1903">
        <ele>825</ele>
        <time>2022-03-17T15:34:04.826Z</time>
      </trkpt>
      <trkpt lat="44.16157" lon="5.19029">
        <ele>825</ele>
        <time>2022-03-17T15:34:05.826Z</time>
      </trkpt>
      <trkpt lat="44.16154" lon="5.19028">
        <ele>825</ele>
        <time>2022-03-17T15:34:06.827Z</time>
      </trkpt>
      <trkpt lat="44.16152" lon="5.19027">
        <ele>825</ele>
        <time>2022-03-17T15:34:07.827Z</time>
      </trkpt>
      <trkpt lat="44.1615" lon="5.19026">
        <ele>825</ele>
        <time>2022-03-17T15:34:08.827Z</time>
      </trkpt>
      <trkpt lat="44.16149" lon="5.19025">
        <ele>825</ele>
        <time>2022-03-17T15:34:09.827Z</time>
      </trkpt>
      <trkpt lat="44.16146" lon="5.19024">
        <ele>825</ele>
        <time>2022-03-17T15:34:10.827Z</time>
      </trkpt>
      <trkpt lat="44.16144" lon="5.19023">
        <ele>825</ele>
        <time>2022-03-17T15:34:11.827Z</time>
      </trkpt>
      <trkpt lat="44.16142" lon="5.19022">
        <ele>825</ele>
        <time>2022-03-17T15:34:12.827Z</time>
      </trkpt>
      <trkpt lat="44.16141" lon="5.19022">
        <ele>825</ele>
        <time>2022-03-17T15:34:13.826Z</time>
      </trkpt>
      <trkpt lat="44.16139" lon="5.19021">
        <ele>825</ele>
        <time>2022-03-17T15:34:14.827Z</time>
      </trkpt>
      <trkpt lat="44.16138" lon="5.19021">
        <ele>826</ele>
        <time>2022-03-17T15:34:15.827Z</time>
      </trkpt>
      <trkpt lat="44.16135" lon="5.19022">
        <ele>826</ele>
        <time>2022-03-17T15:34:16.826Z</time>
      </trkpt>
      <trkpt lat="44.16132" lon="5.19022">
        <ele>826</ele>
        <time>2022-03-17T15:34:17.827Z</time>
      </trkpt>
      <trkpt lat="44.1613" lon="5.19021">
        <ele>826</ele>
        <time>2022-03-17T15:34:18.827Z</time>
      </trkpt>
      <trkpt lat="44.16128" lon="5.1902">
        <ele>826</ele>
        <time>2022-03-17T15:34:19.826Z</time>
      </trkpt>
      <trkpt lat="44.16127" lon="5.19019">
        <ele>826</ele>
        <time>2022-03-17T15:34:20.827Z</time>
      </trkpt>
      <trkpt lat="44.16125" lon="5.19018">
        <ele>826</ele>
        <time>2022-03-17T15:34:21.827Z</time>
      </trkpt>
      <trkpt lat="44.16123" lon="5.19017">
        <ele>826</ele>
        <time>2022-03-17T15:34:22.827Z</time>
      </trkpt>
      <trkpt lat="44.16122" lon="5.19017">
        <ele>826</ele>
        <time>2022-03-17T15:34:23.826Z</time>
      </trkpt>
      <trkpt lat="44.16119" lon="5.19018">
        <ele>826</ele>
        <time>2022-03-17T15:34:24.827Z</time>
      </trkpt>
      <trkpt lat="44.16118" lon="5.19019">
        <ele>826</ele>
        <time>2022-03-17T15:34:25.827Z</time>
      </trkpt>
      <trkpt lat="44.16116" lon="5.1902">
        <ele>826</ele>
        <time>2022-03-17T15:34:26.827Z</time>
      </trkpt>
      <trkpt lat="44.16114" lon="5.1902">
        <ele>826</ele>
        <time>2022-03-17T15:34:27.827Z</time>
      </trkpt>
      <trkpt lat="44.16113" lon="5.19021">
        <ele>827</ele>
        <time>2022-03-17T15:34:28.827Z</time>
      </trkpt>
      <trkpt lat="44.16111" lon="5.19022">
        <ele>827</ele>
        <time>2022-03-17T15:34:29.827Z</time>
      </trkpt>
      <trkpt lat="44.16109" lon="5.19023">
        <ele>827</ele>
        <time>2022-03-17T15:34:30.827Z</time>
      </trkpt>
      <trkpt lat="44.16108" lon="5.19024">
        <ele>827</ele>
        <time>2022-03-17T15:34:31.827Z</time>
      </trkpt>
      <trkpt lat="44.16106" lon="5.19024">
        <ele>828</ele>
        <time>2022-03-17T15:34:32.826Z</time>
      </trkpt>
      <trkpt lat="44.16104" lon="5.19023">
        <ele>828</ele>
        <time>2022-03-17T15:34:33.827Z</time>
      </trkpt>
      <trkpt lat="44.16103" lon="5.19023">
        <ele>828</ele>
        <time>2022-03-17T15:34:34.827Z</time>
      </trkpt>
      <trkpt lat="44.16101" lon="5.19023">
        <ele>828</ele>
        <time>2022-03-17T15:34:35.827Z</time>
      </trkpt>
      <trkpt lat="44.161" lon="5.19023">
        <ele>828</ele>
        <time>2022-03-17T15:34:36.827Z</time>
      </trkpt>
      <trkpt lat="44.16098" lon="5.19024">
        <ele>828</ele>
        <time>2022-03-17T15:34:37.827Z</time>
      </trkpt>
      <trkpt lat="44.16097" lon="5.19025">
        <ele>828</ele>
        <time>2022-03-17T15:34:38.827Z</time>
      </trkpt>
      <trkpt lat="44.16095" lon="5.19026">
        <ele>828</ele>
        <time>2022-03-17T15:34:39.826Z</time>
      </trkpt>
      <trkpt lat="44.16094" lon="5.19026">
        <ele>828</ele>
        <time>2022-03-17T15:34:40.827Z</time>
      </trkpt>
      <trkpt lat="44.16093" lon="5.19026">
        <ele>827</ele>
        <time>2022-03-17T15:34:41.826Z</time>
      </trkpt>
      <trkpt lat="44.16091" lon="5.19026">
        <ele>827</ele>
        <time>2022-03-17T15:34:42.827Z</time>
      </trkpt>
      <trkpt lat="44.16089" lon="5.19026">
        <ele>827</ele>
        <time>2022-03-17T15:34:43.827Z</time>
      </trkpt>
      <trkpt lat="44.16087" lon="5.19026">
        <ele>827</ele>
        <time>2022-03-17T15:34:44.827Z</time>
      </trkpt>
      <trkpt lat="44.16086" lon="5.19026">
        <ele>827</ele>
        <time>2022-03-17T15:34:45.827Z</time>
      </trkpt>
      <trkpt lat="44.16085" lon="5.19027">
        <ele>827</ele>
        <time>2022-03-17T15:34:46.827Z</time>
      </trkpt>
      <trkpt lat="44.16083" lon="5.19028">
        <ele>827</ele>
        <time>2022-03-17T15:34:47.826Z</time>
      </trkpt>
      <trkpt lat="44.16082" lon="5.19029">
        <ele>826</ele>
        <time>2022-03-17T15:34:48.826Z</time>
      </trkpt>
      <trkpt lat="44.1608" lon="5.1903">
        <ele>826</ele>
        <time>2022-03-17T15:34:49.827Z</time>
      </trkpt>
      <trkpt lat="44.16078" lon="5.1903">
        <ele>825</ele>
        <time>2022-03-17T15:34:50.827Z</time>
      </trkpt>
      <trkpt lat="44.16077" lon="5.19031">
        <ele>825</ele>
        <time>2022-03-17T15:34:51.827Z</time>
      </trkpt>
      <trkpt lat="44.16075" lon="5.19032">
        <ele>824</ele>
        <time>2022-03-17T15:34:52.827Z</time>
      </trkpt>
      <trkpt lat="44.16073" lon="5.19034">
        <ele>824</ele>
        <time>2022-03-17T15:34:53.827Z</time>
      </trkpt>
      <trkpt lat="44.16072" lon="5.19035">
        <ele>824</ele>
        <time>2022-03-17T15:34:54.827Z</time>
      </trkpt>
      <trkpt lat="44.1607" lon="5.19036">
        <ele>824</ele>
        <time>2022-03-17T15:34:55.826Z</time>
      </trkpt>
      <trkpt lat="44.16069" lon="5.19037">
        <ele>824</ele>
        <time>2022-03-17T15:34:56.827Z</time>
      </trkpt>
      <trkpt lat="44.16067" lon="5.19038">
        <ele>823</ele>
        <time>2022-03-17T15:34:57.827Z</time>
      </trkpt>
      <trkpt lat="44.16065" lon="5.19039">
        <ele>823</ele>
        <time>2022-03-17T15:34:58.827Z</time>
      </trkpt>
      <trkpt lat="44.16063" lon="5.19039">
        <ele>823</ele>
        <time>2022-03-17T15:34:59.827Z</time>
      </trkpt>
      <trkpt lat="44.16062" lon="5.1904">
        <ele>823</ele>
        <time>2022-03-17T15:35:00.827Z</time>
      </trkpt>
      <trkpt lat="44.1606" lon="5.19041">
        <ele>822</ele>
        <time>2022-03-17T15:35:01.826Z</time>
      </trkpt>
      <trkpt lat="44.16058" lon="5.19042">
        <ele>822</ele>
        <time>2022-03-17T15:35:02.827Z</time>
      </trkpt>
      <trkpt lat="44.16057" lon="5.19041">
        <ele>822</ele>
        <time>2022-03-17T15:35:03.826Z</time>
      </trkpt>
      <trkpt lat="44.16055" lon="5.1904">
        <ele>822</ele>
        <time>2022-03-17T15:35:04.826Z</time>
      </trkpt>
      <trkpt lat="44.16054" lon="5.19039">
        <ele>821</ele>
        <time>2022-03-17T15:35:05.827Z</time>
      </trkpt>
      <trkpt lat="44.16052" lon="5.19038">
        <ele>821</ele>
        <time>2022-03-17T15:35:06.827Z</time>
      </trkpt>
      <trkpt lat="44.1605" lon="5.19038">
        <ele>821</ele>
        <time>2022-03-17T15:35:07.827Z</time>
      </trkpt>
      <trkpt lat="44.16048" lon="5.19038">
        <ele>820</ele>
        <time>2022-03-17T15:35:08.827Z</time>
      </trkpt>
      <trkpt lat="44.16047" lon="5.19038">
        <ele>820</ele>
        <time>2022-03-17T15:35:09.826Z</time>
      </trkpt>
      <trkpt lat="44.16045" lon="5.19038">
        <ele>820</ele>
        <time>2022-03-17T15:35:10.827Z</time>
      </trkpt>
      <trkpt lat="44.16043" lon="5.19039">
        <ele>820</ele>
        <time>2022-03-17T15:35:11.827Z</time>
      </trkpt>
      <trkpt lat="44.16042" lon="5.19039">
        <ele>819</ele>
        <time>2022-03-17T15:35:12.827Z</time>
      </trkpt>
      <trkpt lat="44.1604" lon="5.19039">
        <ele>819</ele>
        <time>2022-03-17T15:35:13.827Z</time>
      </trkpt>
      <trkpt lat="44.16039" lon="5.19039">
        <ele>818</ele>
        <time>2022-03-17T15:35:14.827Z</time>
      </trkpt>
      <trkpt lat="44.16037" lon="5.19039">
        <ele>817</ele>
        <time>2022-03-17T15:35:15.826Z</time>
      </trkpt>
      <trkpt lat="44.16036" lon="5.19039">
        <ele>817</ele>
        <time>2022-03-17T15:35:16.827Z</time>
      </trkpt>
      <trkpt lat="44.16034" lon="5.19038">
        <ele>816</ele>
        <time>2022-03-17T15:35:17.827Z</time>
      </trkpt>
      <trkpt lat="44.16033" lon="5.19037">
        <ele>815</ele>
        <time>2022-03-17T15:35:18.827Z</time>
      </trkpt>
      <trkpt lat="44.16032" lon="5.19036">
        <ele>815</ele>
        <time>2022-03-17T15:35:19.827Z</time>
      </trkpt>
      <trkpt lat="44.16031" lon="5.19035">
        <ele>814</ele>
        <time>2022-03-17T15:35:20.827Z</time>
      </trkpt>
      <trkpt lat="44.1603" lon="5.19034">
        <ele>813</ele>
        <time>2022-03-17T15:35:21.827Z</time>
      </trkpt>
      <trkpt lat="44.16029" lon="5.19033">
        <ele>812</ele>
        <time>2022-03-17T15:35:22.826Z</time>
      </trkpt>
      <trkpt lat="44.16028" lon="5.19033">
        <ele>811</ele>
        <time>2022-03-17T15:35:23.827Z</time>
      </trkpt>
      <trkpt lat="44.16027" lon="5.19034">
        <ele>811</ele>
        <time>2022-03-17T15:35:24.826Z</time>
      </trkpt>
      <trkpt lat="44.16026" lon="5.19035">
        <ele>810</ele>
        <time>2022-03-17T15:35:25.827Z</time>
      </trkpt>
      <trkpt lat="44.16024" lon="5.19036">
        <ele>809</ele>
        <time>2022-03-17T15:35:26.827Z</time>
      </trkpt>
      <trkpt lat="44.16023" lon="5.19037">
        <ele>809</ele>
        <time>2022-03-17T15:35:27.826Z</time>
      </trkpt>
      <trkpt lat="44.16021" lon="5.19038">
        <ele>808</ele>
        <time>2022-03-17T15:35:28.827Z</time>
      </trkpt>
      <trkpt lat="44.1602" lon="5.19038">
        <ele>808</ele>
        <time>2022-03-17T15:35:29.827Z</time>
      </trkpt>
      <trkpt lat="44.16019" lon="5.1904">
        <ele>807</ele>
        <time>2022-03-17T15:35:30.826Z</time>
      </trkpt>
      <trkpt lat="44.16017" lon="5.19041">
        <ele>807</ele>
        <time>2022-03-17T15:35:31.826Z</time>
      </trkpt>
      <trkpt lat="44.16016" lon="5.19042">
        <ele>806</ele>
        <time>2022-03-17T15:35:32.826Z</time>
      </trkpt>
      <trkpt lat="44.16015" lon="5.19043">
        <ele>806</ele>
        <time>2022-03-17T15:35:33.826Z</time>
      </trkpt>
      <trkpt lat="44.16013" lon="5.19044">
        <ele>806</ele>
        <time>2022-03-17T15:35:34.827Z</time>
      </trkpt>
      <trkpt lat="44.16012" lon="5.19044">
        <ele>806</ele>
        <time>2022-03-17T15:35:35.827Z</time>
      </trkpt>
      <trkpt lat="44.1601" lon="5.19044">
        <ele>806</ele>
        <time>2022-03-17T15:35:36.827Z</time>
      </trkpt>
      <trkpt lat="44.16008" lon="5.19043">
        <ele>806</ele>
        <time>2022-03-17T15:35:37.827Z</time>
      </trkpt>
      <trkpt lat="44.16007" lon="5.19043">
        <ele>806</ele>
        <time>2022-03-17T15:35:38.827Z</time>
      </trkpt>
      <trkpt lat="44.16005" lon="5.19043">
        <ele>806</ele>
        <time>2022-03-17T15:35:39.827Z</time>
      </trkpt>
      <trkpt lat="44.16003" lon="5.19043">
        <ele>805</ele>
        <time>2022-03-17T15:35:40.826Z</time>
      </trkpt>
      <trkpt lat="44.16002" lon="5.19044">
        <ele>805</ele>
        <time>2022-03-17T15:35:41.827Z</time>
      </trkpt>
      <trkpt lat="44.16001" lon="5.19045">
        <ele>805</ele>
        <time>2022-03-17T15:35:42.827Z</time>
      </trkpt>
      <trkpt lat="44.16" lon="5.19047">
        <ele>804</ele>
        <time>2022-03-17T15:35:43.827Z</time>
      </trkpt>
      <trkpt lat="44.15999" lon="5.19047">
        <ele>804</ele>
        <time>2022-03-17T15:35:44.827Z</time>
      </trkpt>
      <trkpt lat="44.15997" lon="5.19048">
        <ele>803</ele>
        <time>2022-03-17T15:35:45.827Z</time>
      </trkpt>
      <trkpt lat="44.15996" lon="5.19048">
        <ele>802</ele>
        <time>2022-03-17T15:35:46.827Z</time>
      </trkpt>
      <trkpt lat="44.15996" lon="5.19046">
        <ele>802</ele>
        <time>2022-03-17T15:35:47.826Z</time>
      </trkpt>
      <trkpt lat="44.15996" lon="5.19045">
        <ele>801</ele>
        <time>2022-03-17T15:35:48.827Z</time>
      </trkpt>
      <trkpt lat="44.15996" lon="5.19043">
        <ele>801</ele>
        <time>2022-03-17T15:35:49.826Z</time>
      </trkpt>
      <trkpt lat="44.15995" lon="5.19041">
        <ele>801</ele>
        <time>2022-03-17T15:35:50.827Z</time>
      </trkpt>
      <trkpt lat="44.15995" lon="5.1904">
        <ele>800</ele>
        <time>2022-03-17T15:35:51.827Z</time>
      </trkpt>
      <trkpt lat="44.15994" lon="5.19038">
        <ele>800</ele>
        <time>2022-03-17T15:35:52.827Z</time>
      </trkpt>
      <trkpt lat="44.15994" lon="5.19036">
        <ele>800</ele>
        <time>2022-03-17T15:35:53.827Z</time>
      </trkpt>
      <trkpt lat="44.15993" lon="5.19034">
        <ele>799</ele>
        <time>2022-03-17T15:35:54.827Z</time>
      </trkpt>
      <trkpt lat="44.15993" lon="5.19032">
        <ele>799</ele>
        <time>2022-03-17T15:35:55.827Z</time>
      </trkpt>
      <trkpt lat="44.15992" lon="5.1903">
        <ele>799</ele>
        <time>2022-03-17T15:35:56.826Z</time>
      </trkpt>
      <trkpt lat="44.15991" lon="5.19029">
        <ele>798</ele>
        <time>2022-03-17T15:35:57.827Z</time>
      </trkpt>
      <trkpt lat="44.1599" lon="5.19028">
        <ele>798</ele>
        <time>2022-03-17T15:35:58.827Z</time>
      </trkpt>
      <trkpt lat="44.15989" lon="5.19028">
        <ele>797</ele>
        <time>2022-03-17T15:35:59.826Z</time>
      </trkpt>
      <trkpt lat="44.15988" lon="5.19028">
        <ele>797</ele>
        <time>2022-03-17T15:36:00.827Z</time>
      </trkpt>
      <trkpt lat="44.15987" lon="5.19029">
        <ele>796</ele>
        <time>2022-03-17T15:36:01.827Z</time>
      </trkpt>
      <trkpt lat="44.15986" lon="5.19029">
        <ele>796</ele>
        <time>2022-03-17T15:36:02.827Z</time>
      </trkpt>
      <trkpt lat="44.15986" lon="5.1903">
        <ele>795</ele>
        <time>2022-03-17T15:36:06.827Z</time>
      </trkpt>
      <trkpt lat="44.15987" lon="5.1903">
        <ele>795</ele>
        <time>2022-03-17T15:36:08.827Z</time>
      </trkpt>
      <trkpt lat="44.15987" lon="5.19029">
        <ele>795</ele>
        <time>2022-03-17T15:36:10.827Z</time>
      </trkpt>
      <trkpt lat="44.15986" lon="5.19029">
        <ele>795</ele>
        <time>2022-03-17T15:36:11.826Z</time>
      </trkpt>
      <trkpt lat="44.15986" lon="5.19028">
        <ele>795</ele>
        <time>2022-03-17T15:36:12.827Z</time>
      </trkpt>
      <trkpt lat="44.15986" lon="5.19029">
        <ele>796</ele>
        <time>2022-03-17T15:36:25.827Z</time>
      </trkpt>
      <trkpt lat="44.15986" lon="5.1903">
        <ele>796</ele>
        <time>2022-03-17T15:36:30.827Z</time>
      </trkpt>
      <trkpt lat="44.15985" lon="5.1903">
        <ele>796</ele>
        <time>2022-03-17T15:36:34.827Z</time>
      </trkpt>
      <trkpt lat="44.15984" lon="5.1903">
        <ele>796</ele>
        <time>2022-03-17T15:36:35.826Z</time>
      </trkpt>
      <trkpt lat="44.15984" lon="5.19031">
        <ele>796</ele>
        <time>2022-03-17T15:36:39.827Z</time>
      </trkpt>
      <trkpt lat="44.15983" lon="5.19031">
        <ele>796</ele>
        <time>2022-03-17T15:36:44.827Z</time>
      </trkpt>
      <trkpt lat="44.15983" lon="5.19032">
        <ele>796</ele>
        <time>2022-03-17T15:36:51.827Z</time>
      </trkpt>
      <trkpt lat="44.15983" lon="5.19033">
        <ele>796</ele>
        <time>2022-03-17T15:36:53.827Z</time>
      </trkpt>
      <trkpt lat="44.15982" lon="5.19033">
        <ele>797</ele>
        <time>2022-03-17T15:37:08.826Z</time>
      </trkpt>
      <trkpt lat="44.15982" lon="5.19033">
        <ele>797</ele>
        <time>2022-03-17T15:37:09.827Z</time>
      </trkpt>
      <trkpt lat="44.15981" lon="5.19033">
        <ele>797</ele>
        <time>2022-03-17T15:37:10.827Z</time>
      </trkpt>
      <trkpt lat="44.1598" lon="5.19032">
        <ele>797</ele>
        <time>2022-03-17T15:37:12.827Z</time>
      </trkpt>
      <trkpt lat="44.1598" lon="5.19031">
        <ele>797</ele>
        <time>2022-03-17T15:37:23.826Z</time>
      </trkpt>
      <trkpt lat="44.1598" lon="5.19031">
        <ele>797</ele>
        <time>2022-03-17T15:37:44.827Z</time>
      </trkpt>
      <trkpt lat="44.15979" lon="5.1903">
        <ele>797</ele>
        <time>2022-03-17T15:37:47.827Z</time>
      </trkpt>
      <trkpt lat="44.15979" lon="5.19029">
        <ele>797</ele>
        <time>2022-03-17T15:37:52.827Z</time>
      </trkpt>
      <trkpt lat="44.15978" lon="5.19031">
        <ele>797</ele>
        <time>2022-03-17T15:37:58.827Z</time>
      </trkpt>
      <trkpt lat="44.15977" lon="5.19032">
        <ele>797</ele>
        <time>2022-03-17T15:37:59.826Z</time>
      </trkpt>
      <trkpt lat="44.15975" lon="5.19033">
        <ele>797</ele>
        <time>2022-03-17T15:38:00.827Z</time>
      </trkpt>
      <trkpt lat="44.15974" lon="5.19034">
        <ele>796</ele>
        <time>2022-03-17T15:38:01.827Z</time>
      </trkpt>
      <trkpt lat="44.15973" lon="5.19036">
        <ele>796</ele>
        <time>2022-03-17T15:38:02.827Z</time>
      </trkpt>
      <trkpt lat="44.15972" lon="5.19037">
        <ele>795</ele>
        <time>2022-03-17T15:38:03.826Z</time>
      </trkpt>
      <trkpt lat="44.15971" lon="5.19038">
        <ele>795</ele>
        <time>2022-03-17T15:38:04.826Z</time>
      </trkpt>
      <trkpt lat="44.15971" lon="5.1904">
        <ele>794</ele>
        <time>2022-03-17T15:38:05.827Z</time>
      </trkpt>
      <trkpt lat="44.1597" lon="5.19041">
        <ele>794</ele>
        <time>2022-03-17T15:38:06.827Z</time>
      </trkpt>
      <trkpt lat="44.15969" lon="5.19041">
        <ele>792</ele>
        <time>2022-03-17T15:38:08.826Z</time>
      </trkpt>
      <trkpt lat="44.15968" lon="5.19041">
        <ele>791</ele>
        <time>2022-03-17T15:38:09.827Z</time>
      </trkpt>
      <trkpt lat="44.15967" lon="5.19042">
        <ele>790</ele>
        <time>2022-03-17T15:38:10.827Z</time>
      </trkpt>
      <trkpt lat="44.15966" lon="5.19043">
        <ele>790</ele>
        <time>2022-03-17T15:38:11.827Z</time>
      </trkpt>
      <trkpt lat="44.15965" lon="5.19043">
        <ele>789</ele>
        <time>2022-03-17T15:38:12.827Z</time>
      </trkpt>
      <trkpt lat="44.15963" lon="5.19043">
        <ele>789</ele>
        <time>2022-03-17T15:38:13.826Z</time>
      </trkpt>
      <trkpt lat="44.1596" lon="5.19044">
        <ele>789</ele>
        <time>2022-03-17T15:38:14.827Z</time>
      </trkpt>
      <trkpt lat="44.15958" lon="5.19046">
        <ele>789</ele>
        <time>2022-03-17T15:38:15.827Z</time>
      </trkpt>
      <trkpt lat="44.15956" lon="5.19048">
        <ele>788</ele>
        <time>2022-03-17T15:38:16.827Z</time>
      </trkpt>
      <trkpt lat="44.15955" lon="5.19049">
        <ele>788</ele>
        <time>2022-03-17T15:38:17.827Z</time>
      </trkpt>
      <trkpt lat="44.15953" lon="5.19052">
        <ele>788</ele>
        <time>2022-03-17T15:38:18.827Z</time>
      </trkpt>
      <trkpt lat="44.1595" lon="5.19054">
        <ele>787</ele>
        <time>2022-03-17T15:38:19.827Z</time>
      </trkpt>
      <trkpt lat="44.15948" lon="5.19056">
        <ele>787</ele>
        <time>2022-03-17T15:38:20.826Z</time>
      </trkpt>
      <trkpt lat="44.15947" lon="5.19058">
        <ele>787</ele>
        <time>2022-03-17T15:38:21.827Z</time>
      </trkpt>
      <trkpt lat="44.15946" lon="5.19059">
        <ele>787</ele>
        <time>2022-03-17T15:38:22.826Z</time>
      </trkpt>
      <trkpt lat="44.15944" lon="5.19061">
        <ele>786</ele>
        <time>2022-03-17T15:38:23.827Z</time>
      </trkpt>
      <trkpt lat="44.15942" lon="5.19062">
        <ele>786</ele>
        <time>2022-03-17T15:38:24.827Z</time>
      </trkpt>
      <trkpt lat="44.1594" lon="5.19064">
        <ele>786</ele>
        <time>2022-03-17T15:38:25.827Z</time>
      </trkpt>
      <trkpt lat="44.15938" lon="5.19066">
        <ele>785</ele>
        <time>2022-03-17T15:38:26.827Z</time>
      </trkpt>
      <trkpt lat="44.15937" lon="5.19067">
        <ele>785</ele>
        <time>2022-03-17T15:38:27.826Z</time>
      </trkpt>
      <trkpt lat="44.15935" lon="5.19069">
        <ele>784</ele>
        <time>2022-03-17T15:38:28.827Z</time>
      </trkpt>
      <trkpt lat="44.15933" lon="5.1907">
        <ele>784</ele>
        <time>2022-03-17T15:38:29.827Z</time>
      </trkpt>
      <trkpt lat="44.15931" lon="5.19071">
        <ele>784</ele>
        <time>2022-03-17T15:38:30.827Z</time>
      </trkpt>
      <trkpt lat="44.1593" lon="5.19072">
        <ele>784</ele>
        <time>2022-03-17T15:38:31.826Z</time>
      </trkpt>
      <trkpt lat="44.15929" lon="5.19072">
        <ele>784</ele>
        <time>2022-03-17T15:38:32.827Z</time>
      </trkpt>
      <trkpt lat="44.15928" lon="5.19073">
        <ele>783</ele>
        <time>2022-03-17T15:38:33.826Z</time>
      </trkpt>
      <trkpt lat="44.15927" lon="5.19074">
        <ele>783</ele>
        <time>2022-03-17T15:38:34.827Z</time>
      </trkpt>
      <trkpt lat="44.15926" lon="5.19074">
        <ele>783</ele>
        <time>2022-03-17T15:38:35.827Z</time>
      </trkpt>
      <trkpt lat="44.15926" lon="5.19075">
        <ele>783</ele>
        <time>2022-03-17T15:38:36.826Z</time>
      </trkpt>
      <trkpt lat="44.15925" lon="5.19076">
        <ele>783</ele>
        <time>2022-03-17T15:38:37.827Z</time>
      </trkpt>
      <trkpt lat="44.15924" lon="5.19078">
        <ele>783</ele>
        <time>2022-03-17T15:38:38.827Z</time>
      </trkpt>
      <trkpt lat="44.15923" lon="5.19079">
        <ele>782</ele>
        <time>2022-03-17T15:38:39.827Z</time>
      </trkpt>
      <trkpt lat="44.15921" lon="5.1908">
        <ele>782</ele>
        <time>2022-03-17T15:38:40.826Z</time>
      </trkpt>
      <trkpt lat="44.1592" lon="5.19081">
        <ele>781</ele>
        <time>2022-03-17T15:38:41.827Z</time>
      </trkpt>
      <trkpt lat="44.15918" lon="5.19082">
        <ele>780</ele>
        <time>2022-03-17T15:38:42.827Z</time>
      </trkpt>
      <trkpt lat="44.15915" lon="5.19083">
        <ele>780</ele>
        <time>2022-03-17T15:38:43.827Z</time>
      </trkpt>
      <trkpt lat="44.15914" lon="5.19084">
        <ele>780</ele>
        <time>2022-03-17T15:38:44.827Z</time>
      </trkpt>
      <trkpt lat="44.15911" lon="5.19085">
        <ele>779</ele>
        <time>2022-03-17T15:38:45.826Z</time>
      </trkpt>
      <trkpt lat="44.15909" lon="5.19087">
        <ele>779</ele>
        <time>2022-03-17T15:38:46.826Z</time>
      </trkpt>
      <trkpt lat="44.15907" lon="5.19088">
        <ele>778</ele>
        <time>2022-03-17T15:38:47.826Z</time>
      </trkpt>
      <trkpt lat="44.15905" lon="5.19088">
        <ele>778</ele>
        <time>2022-03-17T15:38:48.826Z</time>
      </trkpt>
      <trkpt lat="44.15902" lon="5.19089">
        <ele>778</ele>
        <time>2022-03-17T15:38:49.826Z</time>
      </trkpt>
      <trkpt lat="44.159" lon="5.19089">
        <ele>777</ele>
        <time>2022-03-17T15:38:50.826Z</time>
      </trkpt>
      <trkpt lat="44.15898" lon="5.1909">
        <ele>777</ele>
        <time>2022-03-17T15:38:51.826Z</time>
      </trkpt>
      <trkpt lat="44.15897" lon="5.19091">
        <ele>776</ele>
        <time>2022-03-17T15:38:52.827Z</time>
      </trkpt>
      <trkpt lat="44.15893" lon="5.19094">
        <ele>776</ele>
        <time>2022-03-17T15:38:53.827Z</time>
      </trkpt>
      <trkpt lat="44.1589" lon="5.19098">
        <ele>775</ele>
        <time>2022-03-17T15:38:54.827Z</time>
      </trkpt>
      <trkpt lat="44.15888" lon="5.19102">
        <ele>775</ele>
        <time>2022-03-17T15:38:55.826Z</time>
      </trkpt>
      <trkpt lat="44.15886" lon="5.19105">
        <ele>775</ele>
        <time>2022-03-17T15:38:56.827Z</time>
      </trkpt>
      <trkpt lat="44.15883" lon="5.19108">
        <ele>775</ele>
        <time>2022-03-17T15:38:57.827Z</time>
      </trkpt>
      <trkpt lat="44.15881" lon="5.19111">
        <ele>774</ele>
        <time>2022-03-17T15:38:58.826Z</time>
      </trkpt>
      <trkpt lat="44.15879" lon="5.19114">
        <ele>774</ele>
        <time>2022-03-17T15:38:59.827Z</time>
      </trkpt>
      <trkpt lat="44.15876" lon="5.19116">
        <ele>774</ele>
        <time>2022-03-17T15:39:00.827Z</time>
      </trkpt>
      <trkpt lat="44.15875" lon="5.19118">
        <ele>774</ele>
        <time>2022-03-17T15:39:01.827Z</time>
      </trkpt>
      <trkpt lat="44.15873" lon="5.1912">
        <ele>774</ele>
        <time>2022-03-17T15:39:02.827Z</time>
      </trkpt>
      <trkpt lat="44.15871" lon="5.19122">
        <ele>773</ele>
        <time>2022-03-17T15:39:03.826Z</time>
      </trkpt>
      <trkpt lat="44.15869" lon="5.19124">
        <ele>773</ele>
        <time>2022-03-17T15:39:04.827Z</time>
      </trkpt>
      <trkpt lat="44.15867" lon="5.19127">
        <ele>773</ele>
        <time>2022-03-17T15:39:05.827Z</time>
      </trkpt>
      <trkpt lat="44.15865" lon="5.19128">
        <ele>772</ele>
        <time>2022-03-17T15:39:06.826Z</time>
      </trkpt>
      <trkpt lat="44.15863" lon="5.19131">
        <ele>772</ele>
        <time>2022-03-17T15:39:07.827Z</time>
      </trkpt>
      <trkpt lat="44.15862" lon="5.19134">
        <ele>772</ele>
        <time>2022-03-17T15:39:08.826Z</time>
      </trkpt>
      <trkpt lat="44.1586" lon="5.19136">
        <ele>772</ele>
        <time>2022-03-17T15:39:09.827Z</time>
      </trkpt>
      <trkpt lat="44.15858" lon="5.19139">
        <ele>772</ele>
        <time>2022-03-17T15:39:10.826Z</time>
      </trkpt>
      <trkpt lat="44.15857" lon="5.19141">
        <ele>772</ele>
        <time>2022-03-17T15:39:11.827Z</time>
      </trkpt>
      <trkpt lat="44.15855" lon="5.19143">
        <ele>772</ele>
        <time>2022-03-17T15:39:12.827Z</time>
      </trkpt>
      <trkpt lat="44.15854" lon="5.19144">
        <ele>772</ele>
        <time>2022-03-17T15:39:13.826Z</time>
      </trkpt>
      <trkpt lat="44.15852" lon="5.19145">
        <ele>772</ele>
        <time>2022-03-17T15:39:14.827Z</time>
      </trkpt>
      <trkpt lat="44.1585" lon="5.19147">
        <ele>771</ele>
        <time>2022-03-17T15:39:15.827Z</time>
      </trkpt>
      <trkpt lat="44.15849" lon="5.19149">
        <ele>771</ele>
        <time>2022-03-17T15:39:16.827Z</time>
      </trkpt>
      <trkpt lat="44.15847" lon="5.1915">
        <ele>770</ele>
        <time>2022-03-17T15:39:17.827Z</time>
      </trkpt>
      <trkpt lat="44.15846" lon="5.19151">
        <ele>770</ele>
        <time>2022-03-17T15:39:18.827Z</time>
      </trkpt>
      <trkpt lat="44.15845" lon="5.19153">
        <ele>770</ele>
        <time>2022-03-17T15:39:19.826Z</time>
      </trkpt>
      <trkpt lat="44.15844" lon="5.19154">
        <ele>770</ele>
        <time>2022-03-17T15:39:20.826Z</time>
      </trkpt>
      <trkpt lat="44.15843" lon="5.19155">
        <ele>770</ele>
        <time>2022-03-17T15:39:21.827Z</time>
      </trkpt>
      <trkpt lat="44.15842" lon="5.19157">
        <ele>770</ele>
        <time>2022-03-17T15:39:22.826Z</time>
      </trkpt>
      <trkpt lat="44.15841" lon="5.19158">
        <ele>770</ele>
        <time>2022-03-17T15:39:23.826Z</time>
      </trkpt>
      <trkpt lat="44.15839" lon="5.19159">
        <ele>769</ele>
        <time>2022-03-17T15:39:24.827Z</time>
      </trkpt>
      <trkpt lat="44.15837" lon="5.1916">
        <ele>769</ele>
        <time>2022-03-17T15:39:25.827Z</time>
      </trkpt>
      <trkpt lat="44.15835" lon="5.19162">
        <ele>769</ele>
        <time>2022-03-17T15:39:26.827Z</time>
      </trkpt>
      <trkpt lat="44.15834" lon="5.19163">
        <ele>769</ele>
        <time>2022-03-17T15:39:27.827Z</time>
      </trkpt>
      <trkpt lat="44.15833" lon="5.19165">
        <ele>770</ele>
        <time>2022-03-17T15:39:28.827Z</time>
      </trkpt>
      <trkpt lat="44.15832" lon="5.19166">
        <ele>770</ele>
        <time>2022-03-17T15:39:29.827Z</time>
      </trkpt>
      <trkpt lat="44.1583" lon="5.19168">
        <ele>771</ele>
        <time>2022-03-17T15:39:30.827Z</time>
      </trkpt>
      <trkpt lat="44.15829" lon="5.1917">
        <ele>771</ele>
        <time>2022-03-17T15:39:31.827Z</time>
      </trkpt>
      <trkpt lat="44.15828" lon="5.19172">
        <ele>771</ele>
        <time>2022-03-17T15:39:32.827Z</time>
      </trkpt>
      <trkpt lat="44.15827" lon="5.19174">
        <ele>772</ele>
        <time>2022-03-17T15:39:33.827Z</time>
      </trkpt>
      <trkpt lat="44.15826" lon="5.19176">
        <ele>772</ele>
        <time>2022-03-17T15:39:34.827Z</time>
      </trkpt>
      <trkpt lat="44.15825" lon="5.19179">
        <ele>772</ele>
        <time>2022-03-17T15:39:35.827Z</time>
      </trkpt>
      <trkpt lat="44.15824" lon="5.19181">
        <ele>772</ele>
        <time>2022-03-17T15:39:36.826Z</time>
      </trkpt>
      <trkpt lat="44.15822" lon="5.19182">
        <ele>772</ele>
        <time>2022-03-17T15:39:37.827Z</time>
      </trkpt>
      <trkpt lat="44.15821" lon="5.19182">
        <ele>772</ele>
        <time>2022-03-17T15:39:38.826Z</time>
      </trkpt>
      <trkpt lat="44.15819" lon="5.19182">
        <ele>771</ele>
        <time>2022-03-17T15:39:39.827Z</time>
      </trkpt>
      <trkpt lat="44.15818" lon="5.19182">
        <ele>771</ele>
        <time>2022-03-17T15:39:40.827Z</time>
      </trkpt>
      <trkpt lat="44.15817" lon="5.19183">
        <ele>771</ele>
        <time>2022-03-17T15:39:41.827Z</time>
      </trkpt>
      <trkpt lat="44.15816" lon="5.19184">
        <ele>771</ele>
        <time>2022-03-17T15:39:42.827Z</time>
      </trkpt>
      <trkpt lat="44.15815" lon="5.19185">
        <ele>771</ele>
        <time>2022-03-17T15:39:43.827Z</time>
      </trkpt>
      <trkpt lat="44.15814" lon="5.19186">
        <ele>771</ele>
        <time>2022-03-17T15:39:44.827Z</time>
      </trkpt>
      <trkpt lat="44.15813" lon="5.19187">
        <ele>771</ele>
        <time>2022-03-17T15:39:45.827Z</time>
      </trkpt>
      <trkpt lat="44.15811" lon="5.19188">
        <ele>770</ele>
        <time>2022-03-17T15:39:46.827Z</time>
      </trkpt>
      <trkpt lat="44.15809" lon="5.19189">
        <ele>770</ele>
        <time>2022-03-17T15:39:47.826Z</time>
      </trkpt>
      <trkpt lat="44.15808" lon="5.1919">
        <ele>770</ele>
        <time>2022-03-17T15:39:48.826Z</time>
      </trkpt>
      <trkpt lat="44.15806" lon="5.19193">
        <ele>770</ele>
        <time>2022-03-17T15:39:49.827Z</time>
      </trkpt>
      <trkpt lat="44.15805" lon="5.19193">
        <ele>769</ele>
        <time>2022-03-17T15:39:50.827Z</time>
      </trkpt>
      <trkpt lat="44.15804" lon="5.19194">
        <ele>769</ele>
        <time>2022-03-17T15:39:51.827Z</time>
      </trkpt>
      <trkpt lat="44.15803" lon="5.19195">
        <ele>769</ele>
        <time>2022-03-17T15:39:52.827Z</time>
      </trkpt>
      <trkpt lat="44.158" lon="5.19195">
        <ele>769</ele>
        <time>2022-03-17T15:39:53.827Z</time>
      </trkpt>
      <trkpt lat="44.15799" lon="5.19196">
        <ele>770</ele>
        <time>2022-03-17T15:39:54.826Z</time>
      </trkpt>
      <trkpt lat="44.15796" lon="5.19197">
        <ele>770</ele>
        <time>2022-03-17T15:39:55.827Z</time>
      </trkpt>
      <trkpt lat="44.15794" lon="5.19198">
        <ele>770</ele>
        <time>2022-03-17T15:39:56.826Z</time>
      </trkpt>
      <trkpt lat="44.15792" lon="5.19199">
        <ele>769</ele>
        <time>2022-03-17T15:39:57.827Z</time>
      </trkpt>
      <trkpt lat="44.15789" lon="5.192">
        <ele>769</ele>
        <time>2022-03-17T15:39:58.826Z</time>
      </trkpt>
      <trkpt lat="44.15786" lon="5.192">
        <ele>769</ele>
        <time>2022-03-17T15:39:59.826Z</time>
      </trkpt>
      <trkpt lat="44.15784" lon="5.192">
        <ele>769</ele>
        <time>2022-03-17T15:40:00.826Z</time>
      </trkpt>
      <trkpt lat="44.15782" lon="5.19199">
        <ele>768</ele>
        <time>2022-03-17T15:40:01.827Z</time>
      </trkpt>
      <trkpt lat="44.1578" lon="5.19198">
        <ele>768</ele>
        <time>2022-03-17T15:40:02.826Z</time>
      </trkpt>
      <trkpt lat="44.15777" lon="5.19197">
        <ele>768</ele>
        <time>2022-03-17T15:40:03.826Z</time>
      </trkpt>
      <trkpt lat="44.15775" lon="5.19196">
        <ele>768</ele>
        <time>2022-03-17T15:40:04.827Z</time>
      </trkpt>
      <trkpt lat="44.15772" lon="5.19196">
        <ele>767</ele>
        <time>2022-03-17T15:40:05.827Z</time>
      </trkpt>
      <trkpt lat="44.1577" lon="5.19196">
        <ele>767</ele>
        <time>2022-03-17T15:40:06.827Z</time>
      </trkpt>
      <trkpt lat="44.15767" lon="5.19196">
        <ele>767</ele>
        <time>2022-03-17T15:40:07.826Z</time>
      </trkpt>
      <trkpt lat="44.15765" lon="5.19195">
        <ele>766</ele>
        <time>2022-03-17T15:40:08.826Z</time>
      </trkpt>
      <trkpt lat="44.15762" lon="5.19195">
        <ele>766</ele>
        <time>2022-03-17T15:40:09.826Z</time>
      </trkpt>
      <trkpt lat="44.1576" lon="5.19196">
        <ele>766</ele>
        <time>2022-03-17T15:40:10.827Z</time>
      </trkpt>
      <trkpt lat="44.15758" lon="5.19196">
        <ele>765</ele>
        <time>2022-03-17T15:40:11.827Z</time>
      </trkpt>
      <trkpt lat="44.15756" lon="5.19196">
        <ele>765</ele>
        <time>2022-03-17T15:40:12.827Z</time>
      </trkpt>
      <trkpt lat="44.15754" lon="5.19194">
        <ele>764</ele>
        <time>2022-03-17T15:40:13.827Z</time>
      </trkpt>
      <trkpt lat="44.15752" lon="5.19194">
        <ele>764</ele>
        <time>2022-03-17T15:40:14.827Z</time>
      </trkpt>
      <trkpt lat="44.15749" lon="5.19193">
        <ele>763</ele>
        <time>2022-03-17T15:40:15.827Z</time>
      </trkpt>
      <trkpt lat="44.15746" lon="5.19193">
        <ele>763</ele>
        <time>2022-03-17T15:40:16.826Z</time>
      </trkpt>
      <trkpt lat="44.15743" lon="5.19193">
        <ele>762</ele>
        <time>2022-03-17T15:40:17.827Z</time>
      </trkpt>
      <trkpt lat="44.15741" lon="5.19194">
        <ele>762</ele>
        <time>2022-03-17T15:40:18.826Z</time>
      </trkpt>
      <trkpt lat="44.15738" lon="5.19194">
        <ele>762</ele>
        <time>2022-03-17T15:40:19.826Z</time>
      </trkpt>
      <trkpt lat="44.15737" lon="5.19195">
        <ele>762</ele>
        <time>2022-03-17T15:40:20.826Z</time>
      </trkpt>
      <trkpt lat="44.15735" lon="5.19195">
        <ele>763</ele>
        <time>2022-03-17T15:40:21.826Z</time>
      </trkpt>
      <trkpt lat="44.15733" lon="5.19195">
        <ele>763</ele>
        <time>2022-03-17T15:40:22.827Z</time>
      </trkpt>
      <trkpt lat="44.15731" lon="5.19193">
        <ele>763</ele>
        <time>2022-03-17T15:40:23.826Z</time>
      </trkpt>
      <trkpt lat="44.1573" lon="5.19192">
        <ele>763</ele>
        <time>2022-03-17T15:40:24.826Z</time>
      </trkpt>
      <trkpt lat="44.1573" lon="5.1919">
        <ele>762</ele>
        <time>2022-03-17T15:40:25.826Z</time>
      </trkpt>
      <trkpt lat="44.15728" lon="5.19188">
        <ele>762</ele>
        <time>2022-03-17T15:40:26.827Z</time>
      </trkpt>
      <trkpt lat="44.15727" lon="5.19186">
        <ele>762</ele>
        <time>2022-03-17T15:40:27.827Z</time>
      </trkpt>
      <trkpt lat="44.15725" lon="5.19184">
        <ele>761</ele>
        <time>2022-03-17T15:40:28.827Z</time>
      </trkpt>
      <trkpt lat="44.15723" lon="5.19184">
        <ele>761</ele>
        <time>2022-03-17T15:40:29.827Z</time>
      </trkpt>
      <trkpt lat="44.15721" lon="5.19184">
        <ele>761</ele>
        <time>2022-03-17T15:40:30.827Z</time>
      </trkpt>
      <trkpt lat="44.15717" lon="5.19183">
        <ele>761</ele>
        <time>2022-03-17T15:40:31.827Z</time>
      </trkpt>
      <trkpt lat="44.15715" lon="5.19182">
        <ele>760</ele>
        <time>2022-03-17T15:40:32.827Z</time>
      </trkpt>
      <trkpt lat="44.15713" lon="5.1918">
        <ele>761</ele>
        <time>2022-03-17T15:40:33.827Z</time>
      </trkpt>
      <trkpt lat="44.15711" lon="5.19179">
        <ele>761</ele>
        <time>2022-03-17T15:40:34.827Z</time>
      </trkpt>
      <trkpt lat="44.15708" lon="5.1918">
        <ele>760</ele>
        <time>2022-03-17T15:40:35.826Z</time>
      </trkpt>
      <trkpt lat="44.15706" lon="5.1918">
        <ele>760</ele>
        <time>2022-03-17T15:40:36.827Z</time>
      </trkpt>
      <trkpt lat="44.15704" lon="5.19181">
        <ele>760</ele>
        <time>2022-03-17T15:40:37.827Z</time>
      </trkpt>
      <trkpt lat="44.15702" lon="5.19181">
        <ele>760</ele>
        <time>2022-03-17T15:40:38.827Z</time>
      </trkpt>
      <trkpt lat="44.157" lon="5.19181">
        <ele>759</ele>
        <time>2022-03-17T15:40:39.827Z</time>
      </trkpt>
      <trkpt lat="44.15698" lon="5.19182">
        <ele>759</ele>
        <time>2022-03-17T15:40:40.826Z</time>
      </trkpt>
      <trkpt lat="44.15695" lon="5.19182">
        <ele>759</ele>
        <time>2022-03-17T15:40:41.827Z</time>
      </trkpt>
      <trkpt lat="44.15692" lon="5.19183">
        <ele>759</ele>
        <time>2022-03-17T15:40:42.827Z</time>
      </trkpt>
      <trkpt lat="44.1569" lon="5.19182">
        <ele>759</ele>
        <time>2022-03-17T15:40:43.827Z</time>
      </trkpt>
      <trkpt lat="44.15688" lon="5.19182">
        <ele>759</ele>
        <time>2022-03-17T15:40:44.827Z</time>
      </trkpt>
      <trkpt lat="44.15686" lon="5.19181">
        <ele>758</ele>
        <time>2022-03-17T15:40:45.827Z</time>
      </trkpt>
      <trkpt lat="44.15684" lon="5.19179">
        <ele>758</ele>
        <time>2022-03-17T15:40:46.827Z</time>
      </trkpt>
      <trkpt lat="44.15683" lon="5.19177">
        <ele>757</ele>
        <time>2022-03-17T15:40:47.827Z</time>
      </trkpt>
      <trkpt lat="44.15681" lon="5.19176">
        <ele>757</ele>
        <time>2022-03-17T15:40:48.827Z</time>
      </trkpt>
      <trkpt lat="44.1568" lon="5.19176">
        <ele>757</ele>
        <time>2022-03-17T15:40:49.827Z</time>
      </trkpt>
      <trkpt lat="44.15679" lon="5.19176">
        <ele>757</ele>
        <time>2022-03-17T15:40:50.827Z</time>
      </trkpt>
      <trkpt lat="44.15678" lon="5.19177">
        <ele>757</ele>
        <time>2022-03-17T15:40:51.827Z</time>
      </trkpt>
      <trkpt lat="44.15677" lon="5.19179">
        <ele>758</ele>
        <time>2022-03-17T15:40:52.827Z</time>
      </trkpt>
      <trkpt lat="44.15676" lon="5.19181">
        <ele>758</ele>
        <time>2022-03-17T15:40:53.826Z</time>
      </trkpt>
      <trkpt lat="44.15675" lon="5.19183">
        <ele>758</ele>
        <time>2022-03-17T15:40:54.827Z</time>
      </trkpt>
      <trkpt lat="44.15674" lon="5.19185">
        <ele>758</ele>
        <time>2022-03-17T15:40:55.827Z</time>
      </trkpt>
      <trkpt lat="44.15673" lon="5.19186">
        <ele>758</ele>
        <time>2022-03-17T15:40:56.827Z</time>
      </trkpt>
      <trkpt lat="44.15671" lon="5.19187">
        <ele>758</ele>
        <time>2022-03-17T15:40:57.827Z</time>
      </trkpt>
      <trkpt lat="44.1567" lon="5.19187">
        <ele>758</ele>
        <time>2022-03-17T15:40:58.827Z</time>
      </trkpt>
      <trkpt lat="44.15668" lon="5.19188">
        <ele>758</ele>
        <time>2022-03-17T15:40:59.826Z</time>
      </trkpt>
      <trkpt lat="44.15667" lon="5.19188">
        <ele>757</ele>
        <time>2022-03-17T15:41:00.826Z</time>
      </trkpt>
      <trkpt lat="44.15665" lon="5.19188">
        <ele>757</ele>
        <time>2022-03-17T15:41:01.827Z</time>
      </trkpt>
      <trkpt lat="44.15663" lon="5.19188">
        <ele>757</ele>
        <time>2022-03-17T15:41:02.826Z</time>
      </trkpt>
      <trkpt lat="44.15661" lon="5.19187">
        <ele>757</ele>
        <time>2022-03-17T15:41:03.827Z</time>
      </trkpt>
      <trkpt lat="44.1566" lon="5.19186">
        <ele>756</ele>
        <time>2022-03-17T15:41:04.827Z</time>
      </trkpt>
      <trkpt lat="44.15658" lon="5.19184">
        <ele>756</ele>
        <time>2022-03-17T15:41:05.826Z</time>
      </trkpt>
      <trkpt lat="44.15657" lon="5.19183">
        <ele>756</ele>
        <time>2022-03-17T15:41:06.827Z</time>
      </trkpt>
      <trkpt lat="44.15655" lon="5.19181">
        <ele>756</ele>
        <time>2022-03-17T15:41:07.827Z</time>
      </trkpt>
      <trkpt lat="44.15654" lon="5.1918">
        <ele>755</ele>
        <time>2022-03-17T15:41:08.826Z</time>
      </trkpt>
      <trkpt lat="44.15652" lon="5.19179">
        <ele>755</ele>
        <time>2022-03-17T15:41:09.827Z</time>
      </trkpt>
      <trkpt lat="44.15651" lon="5.19177">
        <ele>755</ele>
        <time>2022-03-17T15:41:10.827Z</time>
      </trkpt>
      <trkpt lat="44.1565" lon="5.19176">
        <ele>755</ele>
        <time>2022-03-17T15:41:11.827Z</time>
      </trkpt>
      <trkpt lat="44.15649" lon="5.19175">
        <ele>754</ele>
        <time>2022-03-17T15:41:12.827Z</time>
      </trkpt>
      <trkpt lat="44.15648" lon="5.19174">
        <ele>754</ele>
        <time>2022-03-17T15:41:14.827Z</time>
      </trkpt>
      <trkpt lat="44.15647" lon="5.19174">
        <ele>754</ele>
        <time>2022-03-17T15:41:15.826Z</time>
      </trkpt>
      <trkpt lat="44.15646" lon="5.19174">
        <ele>753</ele>
        <time>2022-03-17T15:41:21.827Z</time>
      </trkpt>
      <trkpt lat="44.15646" lon="5.19175">
        <ele>753</ele>
        <time>2022-03-17T15:41:22.827Z</time>
      </trkpt>
      <trkpt lat="44.15647" lon="5.19176">
        <ele>753</ele>
        <time>2022-03-17T15:41:24.826Z</time>
      </trkpt>
      <trkpt lat="44.15647" lon="5.19175">
        <ele>752</ele>
        <time>2022-03-17T15:41:25.827Z</time>
      </trkpt>
      <trkpt lat="44.15648" lon="5.19176">
        <ele>752</ele>
        <time>2022-03-17T15:41:27.827Z</time>
      </trkpt>
      <trkpt lat="44.15647" lon="5.19177">
        <ele>752</ele>
        <time>2022-03-17T15:41:29.827Z</time>
      </trkpt>
      <trkpt lat="44.15647" lon="5.19178">
        <ele>752</ele>
        <time>2022-03-17T15:41:30.827Z</time>
      </trkpt>
      <trkpt lat="44.15646" lon="5.19178">
        <ele>752</ele>
        <time>2022-03-17T15:41:32.827Z</time>
      </trkpt>
      <trkpt lat="44.15646" lon="5.19178">
        <ele>751</ele>
        <time>2022-03-17T15:41:55.827Z</time>
      </trkpt>
      <trkpt lat="44.15646" lon="5.19179">
        <ele>751</ele>
        <time>2022-03-17T15:41:56.827Z</time>
      </trkpt>
      <trkpt lat="44.15645" lon="5.19179">
        <ele>751</ele>
        <time>2022-03-17T15:42:06.827Z</time>
      </trkpt>
      <trkpt lat="44.15645" lon="5.19179">
        <ele>750</ele>
        <time>2022-03-17T15:42:10.827Z</time>
      </trkpt>
      <trkpt lat="44.15644" lon="5.19179">
        <ele>750</ele>
        <time>2022-03-17T15:42:24.826Z</time>
      </trkpt>
      <trkpt lat="44.15644" lon="5.19179">
        <ele>750</ele>
        <time>2022-03-17T15:42:34.827Z</time>
      </trkpt>
      <trkpt lat="44.15643" lon="5.19179">
        <ele>750</ele>
        <time>2022-03-17T15:42:41.827Z</time>
      </trkpt>
      <trkpt lat="44.15643" lon="5.19178">
        <ele>750</ele>
        <time>2022-03-17T15:42:45.827Z</time>
      </trkpt>
      <trkpt lat="44.15644" lon="5.19178">
        <ele>750</ele>
        <time>2022-03-17T15:42:55.827Z</time>
      </trkpt>
      <trkpt lat="44.15644" lon="5.19177">
        <ele>750</ele>
        <time>2022-03-17T15:42:58.827Z</time>
      </trkpt>
      <trkpt lat="44.15644" lon="5.19177">
        <ele>750</ele>
        <time>2022-03-17T15:43:01.827Z</time>
      </trkpt>
      <trkpt lat="44.15645" lon="5.19177">
        <ele>750</ele>
        <time>2022-03-17T15:43:04.827Z</time>
      </trkpt>
      <trkpt lat="44.15645" lon="5.19176">
        <ele>750</ele>
        <time>2022-03-17T15:43:20.826Z</time>
      </trkpt>
      <trkpt lat="44.15646" lon="5.19176">
        <ele>750</ele>
        <time>2022-03-17T15:43:24.827Z</time>
      </trkpt>
      <trkpt lat="44.15644" lon="5.19174">
        <ele>750</ele>
        <time>2022-03-17T15:43:27.827Z</time>
      </trkpt>
      <trkpt lat="44.15643" lon="5.19172">
        <ele>750</ele>
        <time>2022-03-17T15:43:28.827Z</time>
      </trkpt>
      <trkpt lat="44.15643" lon="5.19171">
        <ele>750</ele>
        <time>2022-03-17T15:43:29.827Z</time>
      </trkpt>
      <trkpt lat="44.15642" lon="5.19169">
        <ele>750</ele>
        <time>2022-03-17T15:43:30.827Z</time>
      </trkpt>
      <trkpt lat="44.15641" lon="5.19168">
        <ele>749</ele>
        <time>2022-03-17T15:43:31.827Z</time>
      </trkpt>
      <trkpt lat="44.15641" lon="5.19167">
        <ele>749</ele>
        <time>2022-03-17T15:43:32.826Z</time>
      </trkpt>
      <trkpt lat="44.15639" lon="5.19166">
        <ele>748</ele>
        <time>2022-03-17T15:43:33.827Z</time>
      </trkpt>
      <trkpt lat="44.15638" lon="5.19165">
        <ele>748</ele>
        <time>2022-03-17T15:43:34.827Z</time>
      </trkpt>
      <trkpt lat="44.15637" lon="5.19164">
        <ele>748</ele>
        <time>2022-03-17T15:43:35.827Z</time>
      </trkpt>
      <trkpt lat="44.15636" lon="5.19164">
        <ele>748</ele>
        <time>2022-03-17T15:43:36.827Z</time>
      </trkpt>
      <trkpt lat="44.15634" lon="5.19163">
        <ele>748</ele>
        <time>2022-03-17T15:43:37.827Z</time>
      </trkpt>
      <trkpt lat="44.15633" lon="5.19162">
        <ele>748</ele>
        <time>2022-03-17T15:43:38.827Z</time>
      </trkpt>
      <trkpt lat="44.15631" lon="5.19162">
        <ele>748</ele>
        <time>2022-03-17T15:43:39.826Z</time>
      </trkpt>
      <trkpt lat="44.15629" lon="5.1916">
        <ele>748</ele>
        <time>2022-03-17T15:43:40.827Z</time>
      </trkpt>
      <trkpt lat="44.15628" lon="5.1916">
        <ele>748</ele>
        <time>2022-03-17T15:43:41.827Z</time>
      </trkpt>
      <trkpt lat="44.15626" lon="5.19159">
        <ele>748</ele>
        <time>2022-03-17T15:43:42.827Z</time>
      </trkpt>
      <trkpt lat="44.15624" lon="5.19158">
        <ele>747</ele>
        <time>2022-03-17T15:43:43.826Z</time>
      </trkpt>
      <trkpt lat="44.15623" lon="5.19157">
        <ele>747</ele>
        <time>2022-03-17T15:43:44.827Z</time>
      </trkpt>
      <trkpt lat="44.1562" lon="5.19155">
        <ele>746</ele>
        <time>2022-03-17T15:43:45.827Z</time>
      </trkpt>
      <trkpt lat="44.15618" lon="5.19154">
        <ele>746</ele>
        <time>2022-03-17T15:43:46.827Z</time>
      </trkpt>
      <trkpt lat="44.15615" lon="5.19153">
        <ele>746</ele>
        <time>2022-03-17T15:43:47.827Z</time>
      </trkpt>
      <trkpt lat="44.15613" lon="5.19151">
        <ele>746</ele>
        <time>2022-03-17T15:43:48.827Z</time>
      </trkpt>
      <trkpt lat="44.15611" lon="5.19149">
        <ele>746</ele>
        <time>2022-03-17T15:43:49.826Z</time>
      </trkpt>
      <trkpt lat="44.15609" lon="5.19146">
        <ele>746</ele>
        <time>2022-03-17T15:43:50.827Z</time>
      </trkpt>
      <trkpt lat="44.15607" lon="5.19144">
        <ele>746</ele>
        <time>2022-03-17T15:43:51.827Z</time>
      </trkpt>
      <trkpt lat="44.15605" lon="5.19143">
        <ele>745</ele>
        <time>2022-03-17T15:43:52.827Z</time>
      </trkpt>
      <trkpt lat="44.15603" lon="5.19142">
        <ele>745</ele>
        <time>2022-03-17T15:43:53.826Z</time>
      </trkpt>
      <trkpt lat="44.15601" lon="5.19143">
        <ele>745</ele>
        <time>2022-03-17T15:43:54.826Z</time>
      </trkpt>
      <trkpt lat="44.15599" lon="5.19143">
        <ele>745</ele>
        <time>2022-03-17T15:43:55.826Z</time>
      </trkpt>
      <trkpt lat="44.15597" lon="5.19144">
        <ele>744</ele>
        <time>2022-03-17T15:43:56.827Z</time>
      </trkpt>
      <trkpt lat="44.15595" lon="5.19144">
        <ele>744</ele>
        <time>2022-03-17T15:43:57.827Z</time>
      </trkpt>
      <trkpt lat="44.15593" lon="5.19144">
        <ele>744</ele>
        <time>2022-03-17T15:43:58.827Z</time>
      </trkpt>
      <trkpt lat="44.15591" lon="5.19143">
        <ele>744</ele>
        <time>2022-03-17T15:43:59.827Z</time>
      </trkpt>
      <trkpt lat="44.15589" lon="5.19142">
        <ele>743</ele>
        <time>2022-03-17T15:44:00.827Z</time>
      </trkpt>
      <trkpt lat="44.15587" lon="5.19141">
        <ele>743</ele>
        <time>2022-03-17T15:44:01.826Z</time>
      </trkpt>
      <trkpt lat="44.15585" lon="5.19142">
        <ele>743</ele>
        <time>2022-03-17T15:44:02.827Z</time>
      </trkpt>
      <trkpt lat="44.15583" lon="5.19142">
        <ele>742</ele>
        <time>2022-03-17T15:44:03.827Z</time>
      </trkpt>
      <trkpt lat="44.15581" lon="5.19143">
        <ele>741</ele>
        <time>2022-03-17T15:44:04.827Z</time>
      </trkpt>
      <trkpt lat="44.15579" lon="5.19145">
        <ele>741</ele>
        <time>2022-03-17T15:44:05.827Z</time>
      </trkpt>
      <trkpt lat="44.15577" lon="5.19146">
        <ele>740</ele>
        <time>2022-03-17T15:44:06.826Z</time>
      </trkpt>
      <trkpt lat="44.15574" lon="5.19147">
        <ele>740</ele>
        <time>2022-03-17T15:44:07.827Z</time>
      </trkpt>
      <trkpt lat="44.15572" lon="5.19149">
        <ele>740</ele>
        <time>2022-03-17T15:44:08.827Z</time>
      </trkpt>
      <trkpt lat="44.1557" lon="5.1915">
        <ele>739</ele>
        <time>2022-03-17T15:44:09.827Z</time>
      </trkpt>
      <trkpt lat="44.15568" lon="5.19152">
        <ele>739</ele>
        <time>2022-03-17T15:44:10.827Z</time>
      </trkpt>
      <trkpt lat="44.15565" lon="5.19153">
        <ele>738</ele>
        <time>2022-03-17T15:44:11.827Z</time>
      </trkpt>
      <trkpt lat="44.15563" lon="5.19155">
        <ele>738</ele>
        <time>2022-03-17T15:44:12.826Z</time>
      </trkpt>
      <trkpt lat="44.1556" lon="5.19157">
        <ele>737</ele>
        <time>2022-03-17T15:44:13.826Z</time>
      </trkpt>
      <trkpt lat="44.15557" lon="5.19158">
        <ele>737</ele>
        <time>2022-03-17T15:44:14.827Z</time>
      </trkpt>
      <trkpt lat="44.15554" lon="5.19159">
        <ele>736</ele>
        <time>2022-03-17T15:44:15.827Z</time>
      </trkpt>
      <trkpt lat="44.15552" lon="5.19161">
        <ele>735</ele>
        <time>2022-03-17T15:44:16.827Z</time>
      </trkpt>
      <trkpt lat="44.15549" lon="5.19162">
        <ele>735</ele>
        <time>2022-03-17T15:44:17.827Z</time>
      </trkpt>
      <trkpt lat="44.15547" lon="5.19163">
        <ele>734</ele>
        <time>2022-03-17T15:44:18.827Z</time>
      </trkpt>
      <trkpt lat="44.15545" lon="5.19163">
        <ele>734</ele>
        <time>2022-03-17T15:44:19.826Z</time>
      </trkpt>
      <trkpt lat="44.15543" lon="5.19164">
        <ele>733</ele>
        <time>2022-03-17T15:44:20.827Z</time>
      </trkpt>
      <trkpt lat="44.15541" lon="5.19164">
        <ele>733</ele>
        <time>2022-03-17T15:44:21.826Z</time>
      </trkpt>
      <trkpt lat="44.15539" lon="5.19165">
        <ele>732</ele>
        <time>2022-03-17T15:44:22.827Z</time>
      </trkpt>
      <trkpt lat="44.15536" lon="5.19165">
        <ele>732</ele>
        <time>2022-03-17T15:44:23.827Z</time>
      </trkpt>
      <trkpt lat="44.15534" lon="5.19166">
        <ele>731</ele>
        <time>2022-03-17T15:44:24.827Z</time>
      </trkpt>
      <trkpt lat="44.15531" lon="5.19166">
        <ele>731</ele>
        <time>2022-03-17T15:44:25.827Z</time>
      </trkpt>
      <trkpt lat="44.15529" lon="5.19166">
        <ele>731</ele>
        <time>2022-03-17T15:44:26.827Z</time>
      </trkpt>
      <trkpt lat="44.15526" lon="5.19166">
        <ele>731</ele>
        <time>2022-03-17T15:44:27.827Z</time>
      </trkpt>
      <trkpt lat="44.15523" lon="5.19166">
        <ele>731</ele>
        <time>2022-03-17T15:44:28.826Z</time>
      </trkpt>
      <trkpt lat="44.15519" lon="5.19166">
        <ele>730</ele>
        <time>2022-03-17T15:44:29.827Z</time>
      </trkpt>
      <trkpt lat="44.15517" lon="5.19166">
        <ele>730</ele>
        <time>2022-03-17T15:44:30.827Z</time>
      </trkpt>
      <trkpt lat="44.15514" lon="5.19166">
        <ele>729</ele>
        <time>2022-03-17T15:44:31.827Z</time>
      </trkpt>
      <trkpt lat="44.15511" lon="5.19167">
        <ele>729</ele>
        <time>2022-03-17T15:44:32.827Z</time>
      </trkpt>
      <trkpt lat="44.15507" lon="5.19167">
        <ele>728</ele>
        <time>2022-03-17T15:44:33.827Z</time>
      </trkpt>
      <trkpt lat="44.15504" lon="5.19168">
        <ele>727</ele>
        <time>2022-03-17T15:44:34.827Z</time>
      </trkpt>
      <trkpt lat="44.15501" lon="5.1917">
        <ele>727</ele>
        <time>2022-03-17T15:44:35.827Z</time>
      </trkpt>
      <trkpt lat="44.15498" lon="5.19172">
        <ele>726</ele>
        <time>2022-03-17T15:44:36.827Z</time>
      </trkpt>
      <trkpt lat="44.15496" lon="5.19173">
        <ele>726</ele>
        <time>2022-03-17T15:44:37.827Z</time>
      </trkpt>
      <trkpt lat="44.15494" lon="5.19175">
        <ele>725</ele>
        <time>2022-03-17T15:44:38.826Z</time>
      </trkpt>
      <trkpt lat="44.15491" lon="5.19176">
        <ele>725</ele>
        <time>2022-03-17T15:44:39.827Z</time>
      </trkpt>
      <trkpt lat="44.15489" lon="5.19178">
        <ele>725</ele>
        <time>2022-03-17T15:44:40.826Z</time>
      </trkpt>
      <trkpt lat="44.15487" lon="5.19179">
        <ele>725</ele>
        <time>2022-03-17T15:44:41.826Z</time>
      </trkpt>
      <trkpt lat="44.15485" lon="5.1918">
        <ele>724</ele>
        <time>2022-03-17T15:44:42.827Z</time>
      </trkpt>
      <trkpt lat="44.15482" lon="5.1918">
        <ele>724</ele>
        <time>2022-03-17T15:44:43.827Z</time>
      </trkpt>
      <trkpt lat="44.15479" lon="5.19181">
        <ele>723</ele>
        <time>2022-03-17T15:44:44.827Z</time>
      </trkpt>
      <trkpt lat="44.15477" lon="5.19183">
        <ele>723</ele>
        <time>2022-03-17T15:44:45.827Z</time>
      </trkpt>
      <trkpt lat="44.15475" lon="5.19184">
        <ele>723</ele>
        <time>2022-03-17T15:44:46.827Z</time>
      </trkpt>
      <trkpt lat="44.15472" lon="5.19184">
        <ele>723</ele>
        <time>2022-03-17T15:44:47.826Z</time>
      </trkpt>
      <trkpt lat="44.15469" lon="5.19185">
        <ele>723</ele>
        <time>2022-03-17T15:44:48.827Z</time>
      </trkpt>
      <trkpt lat="44.15467" lon="5.19185">
        <ele>722</ele>
        <time>2022-03-17T15:44:49.827Z</time>
      </trkpt>
      <trkpt lat="44.15464" lon="5.19186">
        <ele>722</ele>
        <time>2022-03-17T15:44:50.827Z</time>
      </trkpt>
      <trkpt lat="44.1546" lon="5.19187">
        <ele>721</ele>
        <time>2022-03-17T15:44:51.827Z</time>
      </trkpt>
      <trkpt lat="44.15457" lon="5.19189">
        <ele>721</ele>
        <time>2022-03-17T15:44:52.827Z</time>
      </trkpt>
      <trkpt lat="44.15454" lon="5.19191">
        <ele>720</ele>
        <time>2022-03-17T15:44:53.826Z</time>
      </trkpt>
      <trkpt lat="44.15451" lon="5.19191">
        <ele>720</ele>
        <time>2022-03-17T15:44:54.827Z</time>
      </trkpt>
      <trkpt lat="44.15447" lon="5.19191">
        <ele>720</ele>
        <time>2022-03-17T15:44:55.827Z</time>
      </trkpt>
      <trkpt lat="44.15443" lon="5.19191">
        <ele>720</ele>
        <time>2022-03-17T15:44:56.827Z</time>
      </trkpt>
      <trkpt lat="44.15441" lon="5.19191">
        <ele>720</ele>
        <time>2022-03-17T15:44:57.827Z</time>
      </trkpt>
      <trkpt lat="44.15437" lon="5.1919">
        <ele>720</ele>
        <time>2022-03-17T15:44:58.826Z</time>
      </trkpt>
      <trkpt lat="44.15434" lon="5.1919">
        <ele>720</ele>
        <time>2022-03-17T15:44:59.827Z</time>
      </trkpt>
      <trkpt lat="44.15431" lon="5.1919">
        <ele>720</ele>
        <time>2022-03-17T15:45:00.827Z</time>
      </trkpt>
      <trkpt lat="44.15428" lon="5.19189">
        <ele>719</ele>
        <time>2022-03-17T15:45:01.827Z</time>
      </trkpt>
      <trkpt lat="44.15425" lon="5.19189">
        <ele>719</ele>
        <time>2022-03-17T15:45:02.826Z</time>
      </trkpt>
      <trkpt lat="44.15422" lon="5.19188">
        <ele>719</ele>
        <time>2022-03-17T15:45:03.827Z</time>
      </trkpt>
      <trkpt lat="44.1542" lon="5.19186">
        <ele>719</ele>
        <time>2022-03-17T15:45:04.826Z</time>
      </trkpt>
      <trkpt lat="44.15418" lon="5.19184">
        <ele>719</ele>
        <time>2022-03-17T15:45:05.827Z</time>
      </trkpt>
      <trkpt lat="44.15417" lon="5.19182">
        <ele>719</ele>
        <time>2022-03-17T15:45:06.827Z</time>
      </trkpt>
      <trkpt lat="44.15417" lon="5.19179">
        <ele>718</ele>
        <time>2022-03-17T15:45:07.827Z</time>
      </trkpt>
      <trkpt lat="44.15417" lon="5.19177">
        <ele>718</ele>
        <time>2022-03-17T15:45:08.827Z</time>
      </trkpt>
      <trkpt lat="44.15416" lon="5.19174">
        <ele>717</ele>
        <time>2022-03-17T15:45:09.827Z</time>
      </trkpt>
      <trkpt lat="44.15415" lon="5.19172">
        <ele>717</ele>
        <time>2022-03-17T15:45:10.827Z</time>
      </trkpt>
      <trkpt lat="44.15413" lon="5.1917">
        <ele>716</ele>
        <time>2022-03-17T15:45:11.826Z</time>
      </trkpt>
      <trkpt lat="44.15411" lon="5.19168">
        <ele>716</ele>
        <time>2022-03-17T15:45:12.827Z</time>
      </trkpt>
      <trkpt lat="44.15409" lon="5.19166">
        <ele>715</ele>
        <time>2022-03-17T15:45:13.827Z</time>
      </trkpt>
      <trkpt lat="44.15407" lon="5.19164">
        <ele>715</ele>
        <time>2022-03-17T15:45:14.827Z</time>
      </trkpt>
      <trkpt lat="44.15404" lon="5.19163">
        <ele>715</ele>
        <time>2022-03-17T15:45:15.827Z</time>
      </trkpt>
      <trkpt lat="44.15402" lon="5.19161">
        <ele>715</ele>
        <time>2022-03-17T15:45:16.827Z</time>
      </trkpt>
      <trkpt lat="44.154" lon="5.19159">
        <ele>715</ele>
        <time>2022-03-17T15:45:17.827Z</time>
      </trkpt>
      <trkpt lat="44.15398" lon="5.19157">
        <ele>715</ele>
        <time>2022-03-17T15:45:18.827Z</time>
      </trkpt>
      <trkpt lat="44.15397" lon="5.19155">
        <ele>714</ele>
        <time>2022-03-17T15:45:19.826Z</time>
      </trkpt>
      <trkpt lat="44.15395" lon="5.19153">
        <ele>714</ele>
        <time>2022-03-17T15:45:20.827Z</time>
      </trkpt>
      <trkpt lat="44.15393" lon="5.19152">
        <ele>714</ele>
        <time>2022-03-17T15:45:21.827Z</time>
      </trkpt>
      <trkpt lat="44.15391" lon="5.1915">
        <ele>714</ele>
        <time>2022-03-17T15:45:22.827Z</time>
      </trkpt>
      <trkpt lat="44.15389" lon="5.19148">
        <ele>713</ele>
        <time>2022-03-17T15:45:23.827Z</time>
      </trkpt>
      <trkpt lat="44.15386" lon="5.19147">
        <ele>713</ele>
        <time>2022-03-17T15:45:24.827Z</time>
      </trkpt>
      <trkpt lat="44.15384" lon="5.19145">
        <ele>713</ele>
        <time>2022-03-17T15:45:25.826Z</time>
      </trkpt>
      <trkpt lat="44.15381" lon="5.19145">
        <ele>713</ele>
        <time>2022-03-17T15:45:26.826Z</time>
      </trkpt>
      <trkpt lat="44.15378" lon="5.19144">
        <ele>713</ele>
        <time>2022-03-17T15:45:27.827Z</time>
      </trkpt>
      <trkpt lat="44.15376" lon="5.19144">
        <ele>712</ele>
        <time>2022-03-17T15:45:28.827Z</time>
      </trkpt>
      <trkpt lat="44.15373" lon="5.19145">
        <ele>712</ele>
        <time>2022-03-17T15:45:29.827Z</time>
      </trkpt>
      <trkpt lat="44.15369" lon="5.19146">
        <ele>711</ele>
        <time>2022-03-17T15:45:30.827Z</time>
      </trkpt>
      <trkpt lat="44.15366" lon="5.19146">
        <ele>711</ele>
        <time>2022-03-17T15:45:31.826Z</time>
      </trkpt>
      <trkpt lat="44.15364" lon="5.19146">
        <ele>710</ele>
        <time>2022-03-17T15:45:32.827Z</time>
      </trkpt>
      <trkpt lat="44.15361" lon="5.19145">
        <ele>709</ele>
        <time>2022-03-17T15:45:33.827Z</time>
      </trkpt>
      <trkpt lat="44.15359" lon="5.19144">
        <ele>709</ele>
        <time>2022-03-17T15:45:34.827Z</time>
      </trkpt>
      <trkpt lat="44.15357" lon="5.19143">
        <ele>708</ele>
        <time>2022-03-17T15:45:35.827Z</time>
      </trkpt>
      <trkpt lat="44.15354" lon="5.19142">
        <ele>708</ele>
        <time>2022-03-17T15:45:36.827Z</time>
      </trkpt>
      <trkpt lat="44.15351" lon="5.19141">
        <ele>707</ele>
        <time>2022-03-17T15:45:37.826Z</time>
      </trkpt>
      <trkpt lat="44.15348" lon="5.1914">
        <ele>707</ele>
        <time>2022-03-17T15:45:38.826Z</time>
      </trkpt>
      <trkpt lat="44.15346" lon="5.19139">
        <ele>707</ele>
        <time>2022-03-17T15:45:39.826Z</time>
      </trkpt>
      <trkpt lat="44.15344" lon="5.19137">
        <ele>707</ele>
        <time>2022-03-17T15:45:40.827Z</time>
      </trkpt>
      <trkpt lat="44.15341" lon="5.19136">
        <ele>707</ele>
        <time>2022-03-17T15:45:41.827Z</time>
      </trkpt>
      <trkpt lat="44.15339" lon="5.19135">
        <ele>707</ele>
        <time>2022-03-17T15:45:42.827Z</time>
      </trkpt>
      <trkpt lat="44.15336" lon="5.19134">
        <ele>706</ele>
        <time>2022-03-17T15:45:43.827Z</time>
      </trkpt>
      <trkpt lat="44.15334" lon="5.19133">
        <ele>706</ele>
        <time>2022-03-17T15:45:44.827Z</time>
      </trkpt>
      <trkpt lat="44.15332" lon="5.19131">
        <ele>705</ele>
        <time>2022-03-17T15:45:45.827Z</time>
      </trkpt>
      <trkpt lat="44.15329" lon="5.19131">
        <ele>704</ele>
        <time>2022-03-17T15:45:46.827Z</time>
      </trkpt>
      <trkpt lat="44.15326" lon="5.1913">
        <ele>704</ele>
        <time>2022-03-17T15:45:47.827Z</time>
      </trkpt>
      <trkpt lat="44.15324" lon="5.19128">
        <ele>703</ele>
        <time>2022-03-17T15:45:48.826Z</time>
      </trkpt>
      <trkpt lat="44.15321" lon="5.19127">
        <ele>702</ele>
        <time>2022-03-17T15:45:49.827Z</time>
      </trkpt>
      <trkpt lat="44.15318" lon="5.19126">
        <ele>702</ele>
        <time>2022-03-17T15:45:50.827Z</time>
      </trkpt>
      <trkpt lat="44.15315" lon="5.19125">
        <ele>701</ele>
        <time>2022-03-17T15:45:51.827Z</time>
      </trkpt>
      <trkpt lat="44.15312" lon="5.19124">
        <ele>700</ele>
        <time>2022-03-17T15:45:52.827Z</time>
      </trkpt>
      <trkpt lat="44.1531" lon="5.19123">
        <ele>700</ele>
        <time>2022-03-17T15:45:53.827Z</time>
      </trkpt>
      <trkpt lat="44.15307" lon="5.19121">
        <ele>699</ele>
        <time>2022-03-17T15:45:54.827Z</time>
      </trkpt>
      <trkpt lat="44.15304" lon="5.1912">
        <ele>698</ele>
        <time>2022-03-17T15:45:55.826Z</time>
      </trkpt>
      <trkpt lat="44.15302" lon="5.19119">
        <ele>698</ele>
        <time>2022-03-17T15:45:56.827Z</time>
      </trkpt>
      <trkpt lat="44.15299" lon="5.19118">
        <ele>697</ele>
        <time>2022-03-17T15:45:57.827Z</time>
      </trkpt>
      <trkpt lat="44.15296" lon="5.19117">
        <ele>697</ele>
        <time>2022-03-17T15:45:58.827Z</time>
      </trkpt>
      <trkpt lat="44.15294" lon="5.19117">
        <ele>697</ele>
        <time>2022-03-17T15:45:59.826Z</time>
      </trkpt>
      <trkpt lat="44.15292" lon="5.19116">
        <ele>696</ele>
        <time>2022-03-17T15:46:00.827Z</time>
      </trkpt>
      <trkpt lat="44.1529" lon="5.19116">
        <ele>696</ele>
        <time>2022-03-17T15:46:01.827Z</time>
      </trkpt>
      <trkpt lat="44.15289" lon="5.19116">
        <ele>695</ele>
        <time>2022-03-17T15:46:03.827Z</time>
      </trkpt>
      <trkpt lat="44.15288" lon="5.19116">
        <ele>694</ele>
        <time>2022-03-17T15:46:04.827Z</time>
      </trkpt>
      <trkpt lat="44.15286" lon="5.19115">
        <ele>693</ele>
        <time>2022-03-17T15:46:05.826Z</time>
      </trkpt>
      <trkpt lat="44.15283" lon="5.19114">
        <ele>692</ele>
        <time>2022-03-17T15:46:06.827Z</time>
      </trkpt>
      <trkpt lat="44.15281" lon="5.19113">
        <ele>692</ele>
        <time>2022-03-17T15:46:07.826Z</time>
      </trkpt>
      <trkpt lat="44.15278" lon="5.19112">
        <ele>691</ele>
        <time>2022-03-17T15:46:08.827Z</time>
      </trkpt>
      <trkpt lat="44.15276" lon="5.19111">
        <ele>690</ele>
        <time>2022-03-17T15:46:09.827Z</time>
      </trkpt>
      <trkpt lat="44.15273" lon="5.19111">
        <ele>690</ele>
        <time>2022-03-17T15:46:10.826Z</time>
      </trkpt>
      <trkpt lat="44.15271" lon="5.1911">
        <ele>689</ele>
        <time>2022-03-17T15:46:11.827Z</time>
      </trkpt>
      <trkpt lat="44.15268" lon="5.1911">
        <ele>688</ele>
        <time>2022-03-17T15:46:12.827Z</time>
      </trkpt>
      <trkpt lat="44.15266" lon="5.19109">
        <ele>688</ele>
        <time>2022-03-17T15:46:13.827Z</time>
      </trkpt>
      <trkpt lat="44.15263" lon="5.19109">
        <ele>687</ele>
        <time>2022-03-17T15:46:14.827Z</time>
      </trkpt>
      <trkpt lat="44.1526" lon="5.19109">
        <ele>686</ele>
        <time>2022-03-17T15:46:15.827Z</time>
      </trkpt>
      <trkpt lat="44.15257" lon="5.19109">
        <ele>685</ele>
        <time>2022-03-17T15:46:16.827Z</time>
      </trkpt>
      <trkpt lat="44.15254" lon="5.19109">
        <ele>684</ele>
        <time>2022-03-17T15:46:17.827Z</time>
      </trkpt>
      <trkpt lat="44.15251" lon="5.19109">
        <ele>684</ele>
        <time>2022-03-17T15:46:18.827Z</time>
      </trkpt>
      <trkpt lat="44.15248" lon="5.19109">
        <ele>683</ele>
        <time>2022-03-17T15:46:19.827Z</time>
      </trkpt>
      <trkpt lat="44.15245" lon="5.19109">
        <ele>683</ele>
        <time>2022-03-17T15:46:20.826Z</time>
      </trkpt>
      <trkpt lat="44.15243" lon="5.19108">
        <ele>683</ele>
        <time>2022-03-17T15:46:21.826Z</time>
      </trkpt>
      <trkpt lat="44.1524" lon="5.19107">
        <ele>682</ele>
        <time>2022-03-17T15:46:22.827Z</time>
      </trkpt>
      <trkpt lat="44.15239" lon="5.19104">
        <ele>682</ele>
        <time>2022-03-17T15:46:23.827Z</time>
      </trkpt>
      <trkpt lat="44.15236" lon="5.19102">
        <ele>681</ele>
        <time>2022-03-17T15:46:24.826Z</time>
      </trkpt>
      <trkpt lat="44.15234" lon="5.191">
        <ele>680</ele>
        <time>2022-03-17T15:46:25.827Z</time>
      </trkpt>
      <trkpt lat="44.15232" lon="5.19099">
        <ele>679</ele>
        <time>2022-03-17T15:46:26.827Z</time>
      </trkpt>
      <trkpt lat="44.1523" lon="5.19098">
        <ele>678</ele>
        <time>2022-03-17T15:46:27.827Z</time>
      </trkpt>
      <trkpt lat="44.15228" lon="5.19097">
        <ele>677</ele>
        <time>2022-03-17T15:46:28.827Z</time>
      </trkpt>
      <trkpt lat="44.15226" lon="5.19096">
        <ele>676</ele>
        <time>2022-03-17T15:46:29.826Z</time>
      </trkpt>
      <trkpt lat="44.15225" lon="5.19096">
        <ele>676</ele>
        <time>2022-03-17T15:46:30.827Z</time>
      </trkpt>
      <trkpt lat="44.15224" lon="5.19096">
        <ele>675</ele>
        <time>2022-03-17T15:46:31.827Z</time>
      </trkpt>
      <trkpt lat="44.15223" lon="5.19096">
        <ele>674</ele>
        <time>2022-03-17T15:46:32.827Z</time>
      </trkpt>
      <trkpt lat="44.15223" lon="5.19095">
        <ele>674</ele>
        <time>2022-03-17T15:46:33.826Z</time>
      </trkpt>
      <trkpt lat="44.15224" lon="5.19095">
        <ele>674</ele>
        <time>2022-03-17T15:46:34.827Z</time>
      </trkpt>
      <trkpt lat="44.15223" lon="5.19095">
        <ele>674</ele>
        <time>2022-03-17T15:46:36.826Z</time>
      </trkpt>
      <trkpt lat="44.15223" lon="5.19094">
        <ele>673</ele>
        <time>2022-03-17T15:46:38.827Z</time>
      </trkpt>
      <trkpt lat="44.15222" lon="5.19094">
        <ele>673</ele>
        <time>2022-03-17T15:46:39.827Z</time>
      </trkpt>
      <trkpt lat="44.15221" lon="5.19095">
        <ele>674</ele>
        <time>2022-03-17T15:46:43.827Z</time>
      </trkpt>
      <trkpt lat="44.15221" lon="5.19094">
        <ele>674</ele>
        <time>2022-03-17T15:46:45.827Z</time>
      </trkpt>
      <trkpt lat="44.1522" lon="5.19095">
        <ele>674</ele>
        <time>2022-03-17T15:46:47.827Z</time>
      </trkpt>
      <trkpt lat="44.15221" lon="5.19095">
        <ele>675</ele>
        <time>2022-03-17T15:46:49.827Z</time>
      </trkpt>
      <trkpt lat="44.1522" lon="5.19095">
        <ele>674</ele>
        <time>2022-03-17T15:46:51.826Z</time>
      </trkpt>
      <trkpt lat="44.1522" lon="5.19094">
        <ele>673</ele>
        <time>2022-03-17T15:47:17.827Z</time>
      </trkpt>
      <trkpt lat="44.15221" lon="5.19094">
        <ele>673</ele>
        <time>2022-03-17T15:47:23.827Z</time>
      </trkpt>
      <trkpt lat="44.1522" lon="5.19094">
        <ele>673</ele>
        <time>2022-03-17T15:47:37.827Z</time>
      </trkpt>
      <trkpt lat="44.15221" lon="5.19094">
        <ele>673</ele>
        <time>2022-03-17T15:47:57.827Z</time>
      </trkpt>
      <trkpt lat="44.15221" lon="5.19095">
        <ele>673</ele>
        <time>2022-03-17T15:47:58.827Z</time>
      </trkpt>
      <trkpt lat="44.15222" lon="5.19095">
        <ele>673</ele>
        <time>2022-03-17T15:48:00.827Z</time>
      </trkpt>
      <trkpt lat="44.15222" lon="5.19096">
        <ele>673</ele>
        <time>2022-03-17T15:48:08.827Z</time>
      </trkpt>
      <trkpt lat="44.15222" lon="5.19097">
        <ele>673</ele>
        <time>2022-03-17T15:48:11.826Z</time>
      </trkpt>
      <trkpt lat="44.15222" lon="5.19097">
        <ele>673</ele>
        <time>2022-03-17T15:48:29.826Z</time>
      </trkpt>
      <trkpt lat="44.15221" lon="5.19096">
        <ele>673</ele>
        <time>2022-03-17T15:48:33.827Z</time>
      </trkpt>
      <trkpt lat="44.1522" lon="5.19095">
        <ele>673</ele>
        <time>2022-03-17T15:48:34.826Z</time>
      </trkpt>
      <trkpt lat="44.15219" lon="5.19094">
        <ele>673</ele>
        <time>2022-03-17T15:48:35.826Z</time>
      </trkpt>
      <trkpt lat="44.15217" lon="5.19093">
        <ele>673</ele>
        <time>2022-03-17T15:48:36.827Z</time>
      </trkpt>
      <trkpt lat="44.15215" lon="5.19093">
        <ele>672</ele>
        <time>2022-03-17T15:48:37.827Z</time>
      </trkpt>
      <trkpt lat="44.15213" lon="5.19093">
        <ele>672</ele>
        <time>2022-03-17T15:48:38.827Z</time>
      </trkpt>
      <trkpt lat="44.1521" lon="5.19092">
        <ele>671</ele>
        <time>2022-03-17T15:48:39.826Z</time>
      </trkpt>
      <trkpt lat="44.15207" lon="5.19091">
        <ele>671</ele>
        <time>2022-03-17T15:48:40.827Z</time>
      </trkpt>
      <trkpt lat="44.15204" lon="5.19091">
        <ele>670</ele>
        <time>2022-03-17T15:48:41.827Z</time>
      </trkpt>
      <trkpt lat="44.15201" lon="5.19091">
        <ele>670</ele>
        <time>2022-03-17T15:48:42.827Z</time>
      </trkpt>
      <trkpt lat="44.15198" lon="5.19092">
        <ele>669</ele>
        <time>2022-03-17T15:48:43.827Z</time>
      </trkpt>
      <trkpt lat="44.15196" lon="5.19092">
        <ele>669</ele>
        <time>2022-03-17T15:48:44.826Z</time>
      </trkpt>
      <trkpt lat="44.15193" lon="5.19093">
        <ele>668</ele>
        <time>2022-03-17T15:48:45.826Z</time>
      </trkpt>
      <trkpt lat="44.15191" lon="5.19092">
        <ele>667</ele>
        <time>2022-03-17T15:48:46.826Z</time>
      </trkpt>
      <trkpt lat="44.15188" lon="5.19091">
        <ele>667</ele>
        <time>2022-03-17T15:48:47.827Z</time>
      </trkpt>
      <trkpt lat="44.15185" lon="5.1909">
        <ele>666</ele>
        <time>2022-03-17T15:48:48.826Z</time>
      </trkpt>
      <trkpt lat="44.15183" lon="5.19089">
        <ele>666</ele>
        <time>2022-03-17T15:48:49.826Z</time>
      </trkpt>
      <trkpt lat="44.1518" lon="5.19088">
        <ele>666</ele>
        <time>2022-03-17T15:48:50.826Z</time>
      </trkpt>
      <trkpt lat="44.15177" lon="5.19087">
        <ele>665</ele>
        <time>2022-03-17T15:48:51.826Z</time>
      </trkpt>
      <trkpt lat="44.15174" lon="5.19086">
        <ele>665</ele>
        <time>2022-03-17T15:48:52.826Z</time>
      </trkpt>
      <trkpt lat="44.15172" lon="5.19084">
        <ele>665</ele>
        <time>2022-03-17T15:48:53.827Z</time>
      </trkpt>
      <trkpt lat="44.1517" lon="5.19082">
        <ele>665</ele>
        <time>2022-03-17T15:48:54.826Z</time>
      </trkpt>
      <trkpt lat="44.15168" lon="5.1908">
        <ele>664</ele>
        <time>2022-03-17T15:48:55.826Z</time>
      </trkpt>
      <trkpt lat="44.15165" lon="5.19078">
        <ele>664</ele>
        <time>2022-03-17T15:48:56.827Z</time>
      </trkpt>
      <trkpt lat="44.15162" lon="5.19076">
        <ele>664</ele>
        <time>2022-03-17T15:48:57.827Z</time>
      </trkpt>
      <trkpt lat="44.1516" lon="5.19076">
        <ele>663</ele>
        <time>2022-03-17T15:48:58.827Z</time>
      </trkpt>
      <trkpt lat="44.15157" lon="5.19076">
        <ele>663</ele>
        <time>2022-03-17T15:48:59.826Z</time>
      </trkpt>
      <trkpt lat="44.15154" lon="5.19077">
        <ele>663</ele>
        <time>2022-03-17T15:49:00.826Z</time>
      </trkpt>
      <trkpt lat="44.15151" lon="5.19078">
        <ele>662</ele>
        <time>2022-03-17T15:49:01.826Z</time>
      </trkpt>
      <trkpt lat="44.15149" lon="5.1908">
        <ele>661</ele>
        <time>2022-03-17T15:49:02.827Z</time>
      </trkpt>
      <trkpt lat="44.15146" lon="5.19082">
        <ele>661</ele>
        <time>2022-03-17T15:49:03.827Z</time>
      </trkpt>
      <trkpt lat="44.15143" lon="5.19084">
        <ele>660</ele>
        <time>2022-03-17T15:49:04.826Z</time>
      </trkpt>
      <trkpt lat="44.1514" lon="5.19086">
        <ele>659</ele>
        <time>2022-03-17T15:49:05.826Z</time>
      </trkpt>
      <trkpt lat="44.15136" lon="5.19087">
        <ele>659</ele>
        <time>2022-03-17T15:49:06.827Z</time>
      </trkpt>
      <trkpt lat="44.15132" lon="5.19088">
        <ele>658</ele>
        <time>2022-03-17T15:49:07.826Z</time>
      </trkpt>
      <trkpt lat="44.15129" lon="5.19088">
        <ele>657</ele>
        <time>2022-03-17T15:49:08.826Z</time>
      </trkpt>
      <trkpt lat="44.15126" lon="5.19087">
        <ele>656</ele>
        <time>2022-03-17T15:49:09.827Z</time>
      </trkpt>
      <trkpt lat="44.15123" lon="5.19085">
        <ele>655</ele>
        <time>2022-03-17T15:49:10.826Z</time>
      </trkpt>
      <trkpt lat="44.1512" lon="5.19084">
        <ele>655</ele>
        <time>2022-03-17T15:49:11.826Z</time>
      </trkpt>
      <trkpt lat="44.15117" lon="5.19083">
        <ele>654</ele>
        <time>2022-03-17T15:49:12.827Z</time>
      </trkpt>
      <trkpt lat="44.15113" lon="5.19081">
        <ele>653</ele>
        <time>2022-03-17T15:49:13.827Z</time>
      </trkpt>
      <trkpt lat="44.1511" lon="5.1908">
        <ele>653</ele>
        <time>2022-03-17T15:49:14.826Z</time>
      </trkpt>
      <trkpt lat="44.15107" lon="5.19079">
        <ele>653</ele>
        <time>2022-03-17T15:49:15.827Z</time>
      </trkpt>
      <trkpt lat="44.15104" lon="5.19078">
        <ele>652</ele>
        <time>2022-03-17T15:49:16.826Z</time>
      </trkpt>
      <trkpt lat="44.15101" lon="5.19076">
        <ele>652</ele>
        <time>2022-03-17T15:49:17.826Z</time>
      </trkpt>
      <trkpt lat="44.15098" lon="5.19075">
        <ele>651</ele>
        <time>2022-03-17T15:49:18.827Z</time>
      </trkpt>
      <trkpt lat="44.15095" lon="5.19073">
        <ele>650</ele>
        <time>2022-03-17T15:49:19.826Z</time>
      </trkpt>
      <trkpt lat="44.15093" lon="5.19071">
        <ele>650</ele>
        <time>2022-03-17T15:49:20.826Z</time>
      </trkpt>
      <trkpt lat="44.1509" lon="5.19069">
        <ele>650</ele>
        <time>2022-03-17T15:49:21.827Z</time>
      </trkpt>
      <trkpt lat="44.15088" lon="5.19067">
        <ele>649</ele>
        <time>2022-03-17T15:49:22.827Z</time>
      </trkpt>
      <trkpt lat="44.15085" lon="5.19065">
        <ele>649</ele>
        <time>2022-03-17T15:49:23.827Z</time>
      </trkpt>
      <trkpt lat="44.15082" lon="5.19063">
        <ele>649</ele>
        <time>2022-03-17T15:49:24.827Z</time>
      </trkpt>
      <trkpt lat="44.15079" lon="5.19062">
        <ele>648</ele>
        <time>2022-03-17T15:49:25.826Z</time>
      </trkpt>
      <trkpt lat="44.15076" lon="5.1906">
        <ele>648</ele>
        <time>2022-03-17T15:49:26.826Z</time>
      </trkpt>
      <trkpt lat="44.15074" lon="5.19058">
        <ele>647</ele>
        <time>2022-03-17T15:49:27.827Z</time>
      </trkpt>
      <trkpt lat="44.15071" lon="5.19056">
        <ele>647</ele>
        <time>2022-03-17T15:49:28.827Z</time>
      </trkpt>
      <trkpt lat="44.15068" lon="5.19055">
        <ele>647</ele>
        <time>2022-03-17T15:49:29.826Z</time>
      </trkpt>
      <trkpt lat="44.15065" lon="5.19054">
        <ele>647</ele>
        <time>2022-03-17T15:49:30.827Z</time>
      </trkpt>
      <trkpt lat="44.15061" lon="5.19052">
        <ele>646</ele>
        <time>2022-03-17T15:49:31.827Z</time>
      </trkpt>
      <trkpt lat="44.15058" lon="5.19051">
        <ele>646</ele>
        <time>2022-03-17T15:49:32.827Z</time>
      </trkpt>
      <trkpt lat="44.15055" lon="5.1905">
        <ele>646</ele>
        <time>2022-03-17T15:49:33.827Z</time>
      </trkpt>
      <trkpt lat="44.15052" lon="5.19049">
        <ele>646</ele>
        <time>2022-03-17T15:49:34.827Z</time>
      </trkpt>
      <trkpt lat="44.15049" lon="5.19048">
        <ele>645</ele>
        <time>2022-03-17T15:49:35.826Z</time>
      </trkpt>
      <trkpt lat="44.15046" lon="5.19047">
        <ele>645</ele>
        <time>2022-03-17T15:49:36.826Z</time>
      </trkpt>
      <trkpt lat="44.15043" lon="5.19046">
        <ele>645</ele>
        <time>2022-03-17T15:49:37.827Z</time>
      </trkpt>
      <trkpt lat="44.1504" lon="5.19044">
        <ele>644</ele>
        <time>2022-03-17T15:49:38.826Z</time>
      </trkpt>
      <trkpt lat="44.15037" lon="5.19042">
        <ele>644</ele>
        <time>2022-03-17T15:49:39.826Z</time>
      </trkpt>
      <trkpt lat="44.15034" lon="5.1904">
        <ele>644</ele>
        <time>2022-03-17T15:49:40.826Z</time>
      </trkpt>
      <trkpt lat="44.15031" lon="5.19038">
        <ele>644</ele>
        <time>2022-03-17T15:49:41.826Z</time>
      </trkpt>
      <trkpt lat="44.15028" lon="5.19036">
        <ele>643</ele>
        <time>2022-03-17T15:49:42.827Z</time>
      </trkpt>
      <trkpt lat="44.15025" lon="5.19034">
        <ele>643</ele>
        <time>2022-03-17T15:49:43.826Z</time>
      </trkpt>
      <trkpt lat="44.15022" lon="5.19033">
        <ele>642</ele>
        <time>2022-03-17T15:49:44.826Z</time>
      </trkpt>
      <trkpt lat="44.15019" lon="5.19032">
        <ele>642</ele>
        <time>2022-03-17T15:49:45.826Z</time>
      </trkpt>
      <trkpt lat="44.15016" lon="5.19032">
        <ele>642</ele>
        <time>2022-03-17T15:49:46.826Z</time>
      </trkpt>
      <trkpt lat="44.15013" lon="5.19031">
        <ele>642</ele>
        <time>2022-03-17T15:49:47.827Z</time>
      </trkpt>
      <trkpt lat="44.1501" lon="5.19031">
        <ele>642</ele>
        <time>2022-03-17T15:49:48.827Z</time>
      </trkpt>
      <trkpt lat="44.15007" lon="5.1903">
        <ele>642</ele>
        <time>2022-03-17T15:49:49.826Z</time>
      </trkpt>
      <trkpt lat="44.15005" lon="5.19028">
        <ele>642</ele>
        <time>2022-03-17T15:49:50.826Z</time>
      </trkpt>
      <trkpt lat="44.15002" lon="5.19027">
        <ele>641</ele>
        <time>2022-03-17T15:49:51.827Z</time>
      </trkpt>
      <trkpt lat="44.15001" lon="5.19026">
        <ele>641</ele>
        <time>2022-03-17T15:49:52.827Z</time>
      </trkpt>
      <trkpt lat="44.14999" lon="5.19026">
        <ele>640</ele>
        <time>2022-03-17T15:49:53.827Z</time>
      </trkpt>
      <trkpt lat="44.14998" lon="5.19025">
        <ele>640</ele>
        <time>2022-03-17T15:49:54.826Z</time>
      </trkpt>
      <trkpt lat="44.14997" lon="5.19025">
        <ele>639</ele>
        <time>2022-03-17T15:49:55.827Z</time>
      </trkpt>
      <trkpt lat="44.14996" lon="5.19025">
        <ele>638</ele>
        <time>2022-03-17T15:49:56.827Z</time>
      </trkpt>
      <trkpt lat="44.14995" lon="5.19025">
        <ele>637</ele>
        <time>2022-03-17T15:49:58.827Z</time>
      </trkpt>
      <trkpt lat="44.14995" lon="5.19024">
        <ele>636</ele>
        <time>2022-03-17T15:50:02.827Z</time>
      </trkpt>
      <trkpt lat="44.14995" lon="5.19024">
        <ele>633</ele>
        <time>2022-03-17T15:50:06.826Z</time>
      </trkpt>
      <trkpt lat="44.14996" lon="5.19023">
        <ele>633</ele>
        <time>2022-03-17T15:50:07.826Z</time>
      </trkpt>
      <trkpt lat="44.14995" lon="5.19022">
        <ele>631</ele>
        <time>2022-03-17T15:50:11.826Z</time>
      </trkpt>
      <trkpt lat="44.14995" lon="5.19021">
        <ele>631</ele>
        <time>2022-03-17T15:50:12.827Z</time>
      </trkpt>
      <trkpt lat="44.14996" lon="5.19021">
        <ele>630</ele>
        <time>2022-03-17T15:50:13.826Z</time>
      </trkpt>
      <trkpt lat="44.14996" lon="5.19022">
        <ele>630</ele>
        <time>2022-03-17T15:50:14.827Z</time>
      </trkpt>
      <trkpt lat="44.14997" lon="5.19023">
        <ele>630</ele>
        <time>2022-03-17T15:50:15.826Z</time>
      </trkpt>
      <trkpt lat="44.14996" lon="5.19023">
        <ele>631</ele>
        <time>2022-03-17T15:50:16.826Z</time>
      </trkpt>
      <trkpt lat="44.14995" lon="5.19023">
        <ele>635</ele>
        <time>2022-03-17T15:50:37.827Z</time>
      </trkpt>
      <trkpt lat="44.14995" lon="5.19024">
        <ele>635</ele>
        <time>2022-03-17T15:50:38.826Z</time>
      </trkpt>
      <trkpt lat="44.14994" lon="5.19024">
        <ele>636</ele>
        <time>2022-03-17T15:50:52.827Z</time>
      </trkpt>
      <trkpt lat="44.14994" lon="5.19024">
        <ele>636</ele>
        <time>2022-03-17T15:50:56.827Z</time>
      </trkpt>
      <trkpt lat="44.14995" lon="5.19024">
        <ele>636</ele>
        <time>2022-03-17T15:51:11.827Z</time>
      </trkpt>
      <trkpt lat="44.14996" lon="5.19024">
        <ele>636</ele>
        <time>2022-03-17T15:51:17.826Z</time>
      </trkpt>
      <trkpt lat="44.14996" lon="5.19024">
        <ele>636</ele>
        <time>2022-03-17T15:51:19.826Z</time>
      </trkpt>
      <trkpt lat="44.14997" lon="5.19024">
        <ele>636</ele>
        <time>2022-03-17T15:51:20.826Z</time>
      </trkpt>
      <trkpt lat="44.14996" lon="5.19025">
        <ele>636</ele>
        <time>2022-03-17T15:51:30.826Z</time>
      </trkpt>
      <trkpt lat="44.14996" lon="5.19025">
        <ele>636</ele>
        <time>2022-03-17T15:51:32.826Z</time>
      </trkpt>
      <trkpt lat="44.14995" lon="5.19025">
        <ele>639</ele>
        <time>2022-03-17T15:52:12.827Z</time>
      </trkpt>
      <trkpt lat="44.14995" lon="5.19025">
        <ele>639</ele>
        <time>2022-03-17T15:52:14.827Z</time>
      </trkpt>
      <trkpt lat="44.14995" lon="5.19024">
        <ele>638</ele>
        <time>2022-03-17T15:52:16.827Z</time>
      </trkpt>
      <trkpt lat="44.14994" lon="5.19023">
        <ele>638</ele>
        <time>2022-03-17T15:52:23.827Z</time>
      </trkpt>
      <trkpt lat="44.14993" lon="5.19022">
        <ele>638</ele>
        <time>2022-03-17T15:52:26.826Z</time>
      </trkpt>
      <trkpt lat="44.14993" lon="5.19021">
        <ele>638</ele>
        <time>2022-03-17T15:52:33.826Z</time>
      </trkpt>
      <trkpt lat="44.14993" lon="5.19021">
        <ele>638</ele>
        <time>2022-03-17T15:52:35.827Z</time>
      </trkpt>
      <trkpt lat="44.14993" lon="5.19022">
        <ele>638</ele>
        <time>2022-03-17T15:52:48.827Z</time>
      </trkpt>
      <trkpt lat="44.14993" lon="5.19023">
        <ele>638</ele>
        <time>2022-03-17T15:52:51.826Z</time>
      </trkpt>
      <trkpt lat="44.14993" lon="5.19024">
        <ele>638</ele>
        <time>2022-03-17T15:52:54.827Z</time>
      </trkpt>
      <trkpt lat="44.14994" lon="5.19024">
        <ele>638</ele>
        <time>2022-03-17T15:52:59.827Z</time>
      </trkpt>
      <trkpt lat="44.14993" lon="5.19023">
        <ele>638</ele>
        <time>2022-03-17T15:53:07.827Z</time>
      </trkpt>
      <trkpt lat="44.14992" lon="5.19022">
        <ele>638</ele>
        <time>2022-03-17T15:53:08.827Z</time>
      </trkpt>
      <trkpt lat="44.14991" lon="5.19022">
        <ele>638</ele>
        <time>2022-03-17T15:53:09.827Z</time>
      </trkpt>
      <trkpt lat="44.14989" lon="5.19021">
        <ele>638</ele>
        <time>2022-03-17T15:53:10.827Z</time>
      </trkpt>
      <trkpt lat="44.14988" lon="5.1902">
        <ele>637</ele>
        <time>2022-03-17T15:53:11.826Z</time>
      </trkpt>
      <trkpt lat="44.14987" lon="5.19019">
        <ele>637</ele>
        <time>2022-03-17T15:53:12.827Z</time>
      </trkpt>
      <trkpt lat="44.14985" lon="5.19018">
        <ele>637</ele>
        <time>2022-03-17T15:53:13.827Z</time>
      </trkpt>
      <trkpt lat="44.14984" lon="5.19017">
        <ele>636</ele>
        <time>2022-03-17T15:53:14.827Z</time>
      </trkpt>
      <trkpt lat="44.14983" lon="5.19016">
        <ele>636</ele>
        <time>2022-03-17T15:53:15.827Z</time>
      </trkpt>
      <trkpt lat="44.14982" lon="5.19016">
        <ele>636</ele>
        <time>2022-03-17T15:53:16.827Z</time>
      </trkpt>
      <trkpt lat="44.1498" lon="5.19016">
        <ele>635</ele>
        <time>2022-03-17T15:53:17.827Z</time>
      </trkpt>
      <trkpt lat="44.14979" lon="5.19015">
        <ele>635</ele>
        <time>2022-03-17T15:53:18.827Z</time>
      </trkpt>
      <trkpt lat="44.14977" lon="5.19014">
        <ele>635</ele>
        <time>2022-03-17T15:53:19.826Z</time>
      </trkpt>
      <trkpt lat="44.14976" lon="5.19013">
        <ele>634</ele>
        <time>2022-03-17T15:53:20.827Z</time>
      </trkpt>
      <trkpt lat="44.14974" lon="5.19012">
        <ele>634</ele>
        <time>2022-03-17T15:53:21.827Z</time>
      </trkpt>
      <trkpt lat="44.14973" lon="5.19011">
        <ele>634</ele>
        <time>2022-03-17T15:53:22.827Z</time>
      </trkpt>
      <trkpt lat="44.14972" lon="5.1901">
        <ele>634</ele>
        <time>2022-03-17T15:53:23.827Z</time>
      </trkpt>
      <trkpt lat="44.14971" lon="5.19008">
        <ele>634</ele>
        <time>2022-03-17T15:53:24.827Z</time>
      </trkpt>
      <trkpt lat="44.14969" lon="5.19006">
        <ele>634</ele>
        <time>2022-03-17T15:53:25.827Z</time>
      </trkpt>
      <trkpt lat="44.14966" lon="5.19003">
        <ele>635</ele>
        <time>2022-03-17T15:53:26.827Z</time>
      </trkpt>
      <trkpt lat="44.14964" lon="5.19001">
        <ele>635</ele>
        <time>2022-03-17T15:53:27.827Z</time>
      </trkpt>
      <trkpt lat="44.14961" lon="5.18999">
        <ele>635</ele>
        <time>2022-03-17T15:53:28.826Z</time>
      </trkpt>
      <trkpt lat="44.14959" lon="5.18998">
        <ele>635</ele>
        <time>2022-03-17T15:53:29.827Z</time>
      </trkpt>
      <trkpt lat="44.14956" lon="5.18996">
        <ele>635</ele>
        <time>2022-03-17T15:53:30.827Z</time>
      </trkpt>
      <trkpt lat="44.14953" lon="5.18994">
        <ele>634</ele>
        <time>2022-03-17T15:53:31.827Z</time>
      </trkpt>
      <trkpt lat="44.14951" lon="5.18991">
        <ele>634</ele>
        <time>2022-03-17T15:53:32.827Z</time>
      </trkpt>
      <trkpt lat="44.14948" lon="5.18988">
        <ele>633</ele>
        <time>2022-03-17T15:53:33.827Z</time>
      </trkpt>
      <trkpt lat="44.14946" lon="5.18986">
        <ele>632</ele>
        <time>2022-03-17T15:53:34.827Z</time>
      </trkpt>
      <trkpt lat="44.14944" lon="5.18984">
        <ele>632</ele>
        <time>2022-03-17T15:53:35.826Z</time>
      </trkpt>
      <trkpt lat="44.14942" lon="5.18981">
        <ele>631</ele>
        <time>2022-03-17T15:53:36.827Z</time>
      </trkpt>
      <trkpt lat="44.14939" lon="5.1898">
        <ele>630</ele>
        <time>2022-03-17T15:53:37.826Z</time>
      </trkpt>
      <trkpt lat="44.14936" lon="5.18978">
        <ele>630</ele>
        <time>2022-03-17T15:53:38.827Z</time>
      </trkpt>
      <trkpt lat="44.14933" lon="5.18977">
        <ele>629</ele>
        <time>2022-03-17T15:53:39.826Z</time>
      </trkpt>
      <trkpt lat="44.1493" lon="5.18975">
        <ele>629</ele>
        <time>2022-03-17T15:53:40.827Z</time>
      </trkpt>
      <trkpt lat="44.14928" lon="5.18974">
        <ele>628</ele>
        <time>2022-03-17T15:53:41.827Z</time>
      </trkpt>
      <trkpt lat="44.14926" lon="5.18972">
        <ele>627</ele>
        <time>2022-03-17T15:53:42.827Z</time>
      </trkpt>
      <trkpt lat="44.14923" lon="5.18969">
        <ele>627</ele>
        <time>2022-03-17T15:53:43.827Z</time>
      </trkpt>
      <trkpt lat="44.14921" lon="5.18965">
        <ele>627</ele>
        <time>2022-03-17T15:53:44.826Z</time>
      </trkpt>
      <trkpt lat="44.1492" lon="5.18962">
        <ele>626</ele>
        <time>2022-03-17T15:53:45.826Z</time>
      </trkpt>
      <trkpt lat="44.14919" lon="5.18959">
        <ele>626</ele>
        <time>2022-03-17T15:53:46.827Z</time>
      </trkpt>
      <trkpt lat="44.14917" lon="5.18957">
        <ele>626</ele>
        <time>2022-03-17T15:53:47.827Z</time>
      </trkpt>
      <trkpt lat="44.14915" lon="5.18953">
        <ele>625</ele>
        <time>2022-03-17T15:53:48.826Z</time>
      </trkpt>
      <trkpt lat="44.14913" lon="5.18952">
        <ele>625</ele>
        <time>2022-03-17T15:53:49.827Z</time>
      </trkpt>
      <trkpt lat="44.1491" lon="5.18949">
        <ele>625</ele>
        <time>2022-03-17T15:53:50.827Z</time>
      </trkpt>
      <trkpt lat="44.14908" lon="5.18947">
        <ele>625</ele>
        <time>2022-03-17T15:53:51.827Z</time>
      </trkpt>
      <trkpt lat="44.14906" lon="5.18945">
        <ele>625</ele>
        <time>2022-03-17T15:53:52.827Z</time>
      </trkpt>
      <trkpt lat="44.14904" lon="5.18944">
        <ele>624</ele>
        <time>2022-03-17T15:53:53.827Z</time>
      </trkpt>
      <trkpt lat="44.14902" lon="5.18942">
        <ele>623</ele>
        <time>2022-03-17T15:53:54.827Z</time>
      </trkpt>
      <trkpt lat="44.149" lon="5.18941">
        <ele>623</ele>
        <time>2022-03-17T15:53:55.827Z</time>
      </trkpt>
      <trkpt lat="44.14898" lon="5.1894">
        <ele>623</ele>
        <time>2022-03-17T15:53:56.827Z</time>
      </trkpt>
      <trkpt lat="44.14895" lon="5.18939">
        <ele>622</ele>
        <time>2022-03-17T15:53:57.827Z</time>
      </trkpt>
      <trkpt lat="44.14892" lon="5.18939">
        <ele>622</ele>
        <time>2022-03-17T15:53:58.827Z</time>
      </trkpt>
      <trkpt lat="44.14889" lon="5.18939">
        <ele>621</ele>
        <time>2022-03-17T15:53:59.826Z</time>
      </trkpt>
      <trkpt lat="44.14886" lon="5.18939">
        <ele>620</ele>
        <time>2022-03-17T15:54:00.827Z</time>
      </trkpt>
      <trkpt lat="44.14883" lon="5.18938">
        <ele>620</ele>
        <time>2022-03-17T15:54:01.826Z</time>
      </trkpt>
      <trkpt lat="44.14881" lon="5.18936">
        <ele>619</ele>
        <time>2022-03-17T15:54:02.827Z</time>
      </trkpt>
      <trkpt lat="44.14878" lon="5.18934">
        <ele>619</ele>
        <time>2022-03-17T15:54:03.827Z</time>
      </trkpt>
      <trkpt lat="44.14874" lon="5.18933">
        <ele>618</ele>
        <time>2022-03-17T15:54:04.827Z</time>
      </trkpt>
      <trkpt lat="44.1487" lon="5.18932">
        <ele>617</ele>
        <time>2022-03-17T15:54:05.827Z</time>
      </trkpt>
      <trkpt lat="44.14868" lon="5.18932">
        <ele>617</ele>
        <time>2022-03-17T15:54:06.827Z</time>
      </trkpt>
      <trkpt lat="44.14865" lon="5.18931">
        <ele>616</ele>
        <time>2022-03-17T15:54:07.827Z</time>
      </trkpt>
      <trkpt lat="44.14861" lon="5.18931">
        <ele>616</ele>
        <time>2022-03-17T15:54:08.827Z</time>
      </trkpt>
      <trkpt lat="44.14858" lon="5.18931">
        <ele>616</ele>
        <time>2022-03-17T15:54:09.826Z</time>
      </trkpt>
      <trkpt lat="44.14854" lon="5.18931">
        <ele>615</ele>
        <time>2022-03-17T15:54:10.826Z</time>
      </trkpt>
      <trkpt lat="44.14851" lon="5.18932">
        <ele>614</ele>
        <time>2022-03-17T15:54:11.826Z</time>
      </trkpt>
      <trkpt lat="44.14848" lon="5.18932">
        <ele>613</ele>
        <time>2022-03-17T15:54:12.827Z</time>
      </trkpt>
      <trkpt lat="44.14845" lon="5.18934">
        <ele>613</ele>
        <time>2022-03-17T15:54:13.827Z</time>
      </trkpt>
      <trkpt lat="44.14842" lon="5.18935">
        <ele>612</ele>
        <time>2022-03-17T15:54:14.827Z</time>
      </trkpt>
      <trkpt lat="44.14839" lon="5.18936">
        <ele>611</ele>
        <time>2022-03-17T15:54:15.827Z</time>
      </trkpt>
      <trkpt lat="44.14836" lon="5.18937">
        <ele>610</ele>
        <time>2022-03-17T15:54:16.827Z</time>
      </trkpt>
      <trkpt lat="44.14833" lon="5.18938">
        <ele>610</ele>
        <time>2022-03-17T15:54:17.827Z</time>
      </trkpt>
      <trkpt lat="44.1483" lon="5.18939">
        <ele>609</ele>
        <time>2022-03-17T15:54:18.827Z</time>
      </trkpt>
      <trkpt lat="44.14827" lon="5.18938">
        <ele>608</ele>
        <time>2022-03-17T15:54:19.827Z</time>
      </trkpt>
      <trkpt lat="44.14825" lon="5.18938">
        <ele>607</ele>
        <time>2022-03-17T15:54:20.827Z</time>
      </trkpt>
      <trkpt lat="44.14822" lon="5.18937">
        <ele>606</ele>
        <time>2022-03-17T15:54:21.826Z</time>
      </trkpt>
      <trkpt lat="44.14819" lon="5.18937">
        <ele>605</ele>
        <time>2022-03-17T15:54:22.827Z</time>
      </trkpt>
      <trkpt lat="44.14816" lon="5.18938">
        <ele>605</ele>
        <time>2022-03-17T15:54:23.826Z</time>
      </trkpt>
      <trkpt lat="44.14813" lon="5.18939">
        <ele>604</ele>
        <time>2022-03-17T15:54:24.827Z</time>
      </trkpt>
      <trkpt lat="44.14811" lon="5.18939">
        <ele>603</ele>
        <time>2022-03-17T15:54:25.827Z</time>
      </trkpt>
      <trkpt lat="44.14808" lon="5.1894">
        <ele>602</ele>
        <time>2022-03-17T15:54:26.827Z</time>
      </trkpt>
      <trkpt lat="44.14805" lon="5.1894">
        <ele>601</ele>
        <time>2022-03-17T15:54:27.827Z</time>
      </trkpt>
      <trkpt lat="44.14803" lon="5.18941">
        <ele>600</ele>
        <time>2022-03-17T15:54:28.827Z</time>
      </trkpt>
      <trkpt lat="44.14799" lon="5.18942">
        <ele>599</ele>
        <time>2022-03-17T15:54:29.827Z</time>
      </trkpt>
      <trkpt lat="44.14796" lon="5.18943">
        <ele>598</ele>
        <time>2022-03-17T15:54:30.826Z</time>
      </trkpt>
      <trkpt lat="44.14793" lon="5.18944">
        <ele>598</ele>
        <time>2022-03-17T15:54:31.827Z</time>
      </trkpt>
      <trkpt lat="44.1479" lon="5.18944">
        <ele>597</ele>
        <time>2022-03-17T15:54:32.827Z</time>
      </trkpt>
      <trkpt lat="44.14787" lon="5.18944">
        <ele>597</ele>
        <time>2022-03-17T15:54:33.827Z</time>
      </trkpt>
      <trkpt lat="44.14785" lon="5.18944">
        <ele>596</ele>
        <time>2022-03-17T15:54:34.827Z</time>
      </trkpt>
      <trkpt lat="44.14783" lon="5.18943">
        <ele>595</ele>
        <time>2022-03-17T15:54:35.827Z</time>
      </trkpt>
      <trkpt lat="44.1478" lon="5.18942">
        <ele>595</ele>
        <time>2022-03-17T15:54:36.827Z</time>
      </trkpt>
      <trkpt lat="44.14778" lon="5.18941">
        <ele>594</ele>
        <time>2022-03-17T15:54:37.827Z</time>
      </trkpt>
      <trkpt lat="44.14775" lon="5.1894">
        <ele>593</ele>
        <time>2022-03-17T15:54:38.827Z</time>
      </trkpt>
      <trkpt lat="44.14773" lon="5.18939">
        <ele>593</ele>
        <time>2022-03-17T15:54:39.827Z</time>
      </trkpt>
      <trkpt lat="44.1477" lon="5.18938">
        <ele>592</ele>
        <time>2022-03-17T15:54:40.826Z</time>
      </trkpt>
      <trkpt lat="44.14768" lon="5.18937">
        <ele>592</ele>
        <time>2022-03-17T15:54:41.827Z</time>
      </trkpt>
      <trkpt lat="44.14765" lon="5.18937">
        <ele>591</ele>
        <time>2022-03-17T15:54:42.827Z</time>
      </trkpt>
      <trkpt lat="44.14762" lon="5.18937">
        <ele>591</ele>
        <time>2022-03-17T15:54:43.827Z</time>
      </trkpt>
      <trkpt lat="44.1476" lon="5.18938">
        <ele>590</ele>
        <time>2022-03-17T15:54:44.827Z</time>
      </trkpt>
      <trkpt lat="44.14757" lon="5.18938">
        <ele>590</ele>
        <time>2022-03-17T15:54:45.826Z</time>
      </trkpt>
      <trkpt lat="44.14754" lon="5.18939">
        <ele>589</ele>
        <time>2022-03-17T15:54:46.827Z</time>
      </trkpt>
      <trkpt lat="44.14751" lon="5.18939">
        <ele>589</ele>
        <time>2022-03-17T15:54:47.826Z</time>
      </trkpt>
      <trkpt lat="44.14749" lon="5.18939">
        <ele>588</ele>
        <time>2022-03-17T15:54:48.827Z</time>
      </trkpt>
      <trkpt lat="44.14746" lon="5.18939">
        <ele>588</ele>
        <time>2022-03-17T15:54:49.827Z</time>
      </trkpt>
      <trkpt lat="44.14743" lon="5.18939">
        <ele>587</ele>
        <time>2022-03-17T15:54:50.827Z</time>
      </trkpt>
      <trkpt lat="44.1474" lon="5.18939">
        <ele>587</ele>
        <time>2022-03-17T15:54:51.827Z</time>
      </trkpt>
      <trkpt lat="44.14737" lon="5.18939">
        <ele>586</ele>
        <time>2022-03-17T15:54:52.827Z</time>
      </trkpt>
      <trkpt lat="44.14735" lon="5.18939">
        <ele>586</ele>
        <time>2022-03-17T15:54:53.826Z</time>
      </trkpt>
      <trkpt lat="44.14733" lon="5.18939">
        <ele>585</ele>
        <time>2022-03-17T15:54:54.826Z</time>
      </trkpt>
      <trkpt lat="44.1473" lon="5.18938">
        <ele>585</ele>
        <time>2022-03-17T15:54:55.826Z</time>
      </trkpt>
      <trkpt lat="44.14728" lon="5.18937">
        <ele>584</ele>
        <time>2022-03-17T15:54:56.826Z</time>
      </trkpt>
      <trkpt lat="44.14726" lon="5.18937">
        <ele>584</ele>
        <time>2022-03-17T15:54:57.827Z</time>
      </trkpt>
      <trkpt lat="44.14723" lon="5.18937">
        <ele>583</ele>
        <time>2022-03-17T15:54:58.827Z</time>
      </trkpt>
      <trkpt lat="44.1472" lon="5.18937">
        <ele>583</ele>
        <time>2022-03-17T15:54:59.826Z</time>
      </trkpt>
      <trkpt lat="44.14717" lon="5.18937">
        <ele>582</ele>
        <time>2022-03-17T15:55:00.827Z</time>
      </trkpt>
      <trkpt lat="44.14714" lon="5.18938">
        <ele>581</ele>
        <time>2022-03-17T15:55:01.827Z</time>
      </trkpt>
      <trkpt lat="44.14711" lon="5.18939">
        <ele>581</ele>
        <time>2022-03-17T15:55:02.827Z</time>
      </trkpt>
      <trkpt lat="44.14709" lon="5.18939">
        <ele>580</ele>
        <time>2022-03-17T15:55:03.827Z</time>
      </trkpt>
      <trkpt lat="44.14706" lon="5.1894">
        <ele>579</ele>
        <time>2022-03-17T15:55:04.827Z</time>
      </trkpt>
      <trkpt lat="44.14702" lon="5.18939">
        <ele>578</ele>
        <time>2022-03-17T15:55:05.827Z</time>
      </trkpt>
      <trkpt lat="44.147" lon="5.18939">
        <ele>577</ele>
        <time>2022-03-17T15:55:06.827Z</time>
      </trkpt>
      <trkpt lat="44.14697" lon="5.18937">
        <ele>576</ele>
        <time>2022-03-17T15:55:07.827Z</time>
      </trkpt>
      <trkpt lat="44.14695" lon="5.18936">
        <ele>576</ele>
        <time>2022-03-17T15:55:08.827Z</time>
      </trkpt>
      <trkpt lat="44.14692" lon="5.18935">
        <ele>575</ele>
        <time>2022-03-17T15:55:09.827Z</time>
      </trkpt>
      <trkpt lat="44.1469" lon="5.18933">
        <ele>575</ele>
        <time>2022-03-17T15:55:10.827Z</time>
      </trkpt>
      <trkpt lat="44.14688" lon="5.18932">
        <ele>574</ele>
        <time>2022-03-17T15:55:11.827Z</time>
      </trkpt>
      <trkpt lat="44.14686" lon="5.1893">
        <ele>574</ele>
        <time>2022-03-17T15:55:12.826Z</time>
      </trkpt>
      <trkpt lat="44.14683" lon="5.18927">
        <ele>573</ele>
        <time>2022-03-17T15:55:13.826Z</time>
      </trkpt>
      <trkpt lat="44.14681" lon="5.18925">
        <ele>573</ele>
        <time>2022-03-17T15:55:14.827Z</time>
      </trkpt>
      <trkpt lat="44.14679" lon="5.18923">
        <ele>572</ele>
        <time>2022-03-17T15:55:15.827Z</time>
      </trkpt>
      <trkpt lat="44.14677" lon="5.18921">
        <ele>572</ele>
        <time>2022-03-17T15:55:16.827Z</time>
      </trkpt>
      <trkpt lat="44.14674" lon="5.18919">
        <ele>571</ele>
        <time>2022-03-17T15:55:17.827Z</time>
      </trkpt>
      <trkpt lat="44.14672" lon="5.18917">
        <ele>571</ele>
        <time>2022-03-17T15:55:18.827Z</time>
      </trkpt>
      <trkpt lat="44.1467" lon="5.18914">
        <ele>570</ele>
        <time>2022-03-17T15:55:19.826Z</time>
      </trkpt>
      <trkpt lat="44.14666" lon="5.18909">
        <ele>570</ele>
        <time>2022-03-17T15:55:20.827Z</time>
      </trkpt>
      <trkpt lat="44.14664" lon="5.18907">
        <ele>569</ele>
        <time>2022-03-17T15:55:21.827Z</time>
      </trkpt>
      <trkpt lat="44.14663" lon="5.18904">
        <ele>568</ele>
        <time>2022-03-17T15:55:22.827Z</time>
      </trkpt>
      <trkpt lat="44.14662" lon="5.189">
        <ele>568</ele>
        <time>2022-03-17T15:55:23.827Z</time>
      </trkpt>
      <trkpt lat="44.1466" lon="5.18897">
        <ele>567</ele>
        <time>2022-03-17T15:55:24.827Z</time>
      </trkpt>
      <trkpt lat="44.14659" lon="5.18895">
        <ele>567</ele>
        <time>2022-03-17T15:55:25.827Z</time>
      </trkpt>
      <trkpt lat="44.14657" lon="5.18892">
        <ele>566</ele>
        <time>2022-03-17T15:55:26.827Z</time>
      </trkpt>
      <trkpt lat="44.14655" lon="5.18891">
        <ele>565</ele>
        <time>2022-03-17T15:55:27.827Z</time>
      </trkpt>
      <trkpt lat="44.14652" lon="5.18889">
        <ele>565</ele>
        <time>2022-03-17T15:55:28.827Z</time>
      </trkpt>
      <trkpt lat="44.1465" lon="5.18887">
        <ele>565</ele>
        <time>2022-03-17T15:55:29.827Z</time>
      </trkpt>
      <trkpt lat="44.14647" lon="5.18884">
        <ele>564</ele>
        <time>2022-03-17T15:55:30.826Z</time>
      </trkpt>
      <trkpt lat="44.14646" lon="5.18882">
        <ele>563</ele>
        <time>2022-03-17T15:55:31.827Z</time>
      </trkpt>
      <trkpt lat="44.14644" lon="5.18879">
        <ele>563</ele>
        <time>2022-03-17T15:55:32.827Z</time>
      </trkpt>
      <trkpt lat="44.14642" lon="5.18877">
        <ele>562</ele>
        <time>2022-03-17T15:55:33.827Z</time>
      </trkpt>
      <trkpt lat="44.14639" lon="5.18875">
        <ele>561</ele>
        <time>2022-03-17T15:55:34.826Z</time>
      </trkpt>
      <trkpt lat="44.14637" lon="5.18875">
        <ele>561</ele>
        <time>2022-03-17T15:55:35.827Z</time>
      </trkpt>
      <trkpt lat="44.14635" lon="5.18874">
        <ele>560</ele>
        <time>2022-03-17T15:55:36.827Z</time>
      </trkpt>
      <trkpt lat="44.14631" lon="5.18874">
        <ele>559</ele>
        <time>2022-03-17T15:55:37.826Z</time>
      </trkpt>
      <trkpt lat="44.14628" lon="5.18873">
        <ele>558</ele>
        <time>2022-03-17T15:55:38.827Z</time>
      </trkpt>
      <trkpt lat="44.14626" lon="5.1887">
        <ele>557</ele>
        <time>2022-03-17T15:55:39.827Z</time>
      </trkpt>
      <trkpt lat="44.14623" lon="5.18868">
        <ele>556</ele>
        <time>2022-03-17T15:55:40.827Z</time>
      </trkpt>
      <trkpt lat="44.14622" lon="5.18865">
        <ele>555</ele>
        <time>2022-03-17T15:55:41.827Z</time>
      </trkpt>
      <trkpt lat="44.14621" lon="5.18862">
        <ele>554</ele>
        <time>2022-03-17T15:55:42.827Z</time>
      </trkpt>
      <trkpt lat="44.1462" lon="5.18858">
        <ele>554</ele>
        <time>2022-03-17T15:55:43.827Z</time>
      </trkpt>
      <trkpt lat="44.14619" lon="5.18855">
        <ele>553</ele>
        <time>2022-03-17T15:55:44.826Z</time>
      </trkpt>
      <trkpt lat="44.14618" lon="5.18851">
        <ele>552</ele>
        <time>2022-03-17T15:55:45.827Z</time>
      </trkpt>
      <trkpt lat="44.14617" lon="5.18848">
        <ele>551</ele>
        <time>2022-03-17T15:55:46.826Z</time>
      </trkpt>
      <trkpt lat="44.14616" lon="5.18845">
        <ele>550</ele>
        <time>2022-03-17T15:55:47.827Z</time>
      </trkpt>
      <trkpt lat="44.14615" lon="5.18841">
        <ele>550</ele>
        <time>2022-03-17T15:55:48.827Z</time>
      </trkpt>
      <trkpt lat="44.14614" lon="5.18838">
        <ele>549</ele>
        <time>2022-03-17T15:55:49.827Z</time>
      </trkpt>
      <trkpt lat="44.14612" lon="5.18835">
        <ele>549</ele>
        <time>2022-03-17T15:55:50.827Z</time>
      </trkpt>
      <trkpt lat="44.14609" lon="5.18832">
        <ele>548</ele>
        <time>2022-03-17T15:55:51.827Z</time>
      </trkpt>
      <trkpt lat="44.14607" lon="5.18828">
        <ele>548</ele>
        <time>2022-03-17T15:55:52.826Z</time>
      </trkpt>
      <trkpt lat="44.14607" lon="5.18826">
        <ele>547</ele>
        <time>2022-03-17T15:55:53.827Z</time>
      </trkpt>
      <trkpt lat="44.14606" lon="5.18824">
        <ele>546</ele>
        <time>2022-03-17T15:55:54.827Z</time>
      </trkpt>
      <trkpt lat="44.14605" lon="5.18823">
        <ele>546</ele>
        <time>2022-03-17T15:55:55.827Z</time>
      </trkpt>
      <trkpt lat="44.14605" lon="5.18822">
        <ele>545</ele>
        <time>2022-03-17T15:55:56.827Z</time>
      </trkpt>
      <trkpt lat="44.14605" lon="5.18821">
        <ele>544</ele>
        <time>2022-03-17T15:55:57.827Z</time>
      </trkpt>
      <trkpt lat="44.14605" lon="5.1882">
        <ele>542</ele>
        <time>2022-03-17T15:55:59.827Z</time>
      </trkpt>
      <trkpt lat="44.14606" lon="5.1882">
        <ele>541</ele>
        <time>2022-03-17T15:56:01.827Z</time>
      </trkpt>
      <trkpt lat="44.14606" lon="5.18821">
        <ele>540</ele>
        <time>2022-03-17T15:56:02.827Z</time>
      </trkpt>
      <trkpt lat="44.14607" lon="5.18821">
        <ele>538</ele>
        <time>2022-03-17T15:56:07.826Z</time>
      </trkpt>
      <trkpt lat="44.14608" lon="5.18821">
        <ele>538</ele>
        <time>2022-03-17T15:56:09.827Z</time>
      </trkpt>
      <trkpt lat="44.14608" lon="5.18822">
        <ele>538</ele>
        <time>2022-03-17T15:56:12.826Z</time>
      </trkpt>
      <trkpt lat="44.14608" lon="5.18821">
        <ele>538</ele>
        <time>2022-03-17T15:56:14.827Z</time>
      </trkpt>
      <trkpt lat="44.14607" lon="5.18821">
        <ele>538</ele>
        <time>2022-03-17T15:56:17.827Z</time>
      </trkpt>
      <trkpt lat="44.14607" lon="5.18821">
        <ele>539</ele>
        <time>2022-03-17T15:56:38.827Z</time>
      </trkpt>
      <trkpt lat="44.14606" lon="5.18821">
        <ele>539</ele>
        <time>2022-03-17T15:56:41.827Z</time>
      </trkpt>
      <trkpt lat="44.14605" lon="5.18821">
        <ele>538</ele>
        <time>2022-03-17T15:56:44.826Z</time>
      </trkpt>
      <trkpt lat="44.14604" lon="5.18821">
        <ele>538</ele>
        <time>2022-03-17T15:56:48.826Z</time>
      </trkpt>
      <trkpt lat="44.14603" lon="5.18821">
        <ele>538</ele>
        <time>2022-03-17T15:56:51.827Z</time>
      </trkpt>
      <trkpt lat="44.14603" lon="5.18821">
        <ele>539</ele>
        <time>2022-03-17T15:56:58.827Z</time>
      </trkpt>
      <trkpt lat="44.14603" lon="5.18822">
        <ele>539</ele>
        <time>2022-03-17T15:57:04.827Z</time>
      </trkpt>
      <trkpt lat="44.14604" lon="5.18822">
        <ele>539</ele>
        <time>2022-03-17T15:57:19.826Z</time>
      </trkpt>
      <trkpt lat="44.14604" lon="5.18822">
        <ele>539</ele>
        <time>2022-03-17T15:57:23.827Z</time>
      </trkpt>
      <trkpt lat="44.14604" lon="5.18821">
        <ele>539</ele>
        <time>2022-03-17T15:57:26.827Z</time>
      </trkpt>
      <trkpt lat="44.14604" lon="5.18821">
        <ele>539</ele>
        <time>2022-03-17T15:57:42.826Z</time>
      </trkpt>
      <trkpt lat="44.14603" lon="5.18821">
        <ele>539</ele>
        <time>2022-03-17T15:57:57.827Z</time>
      </trkpt>
      <trkpt lat="44.14603" lon="5.1882">
        <ele>539</ele>
        <time>2022-03-17T15:58:22.827Z</time>
      </trkpt>
      <trkpt lat="44.14602" lon="5.18819">
        <ele>539</ele>
        <time>2022-03-17T15:58:25.827Z</time>
      </trkpt>
      <trkpt lat="44.14602" lon="5.18817">
        <ele>539</ele>
        <time>2022-03-17T15:58:26.826Z</time>
      </trkpt>
      <trkpt lat="44.14601" lon="5.18816">
        <ele>539</ele>
        <time>2022-03-17T15:58:27.827Z</time>
      </trkpt>
      <trkpt lat="44.146" lon="5.18814">
        <ele>539</ele>
        <time>2022-03-17T15:58:28.827Z</time>
      </trkpt>
      <trkpt lat="44.14599" lon="5.18813">
        <ele>539</ele>
        <time>2022-03-17T15:58:29.827Z</time>
      </trkpt>
      <trkpt lat="44.14598" lon="5.18812">
        <ele>539</ele>
        <time>2022-03-17T15:58:30.827Z</time>
      </trkpt>
      <trkpt lat="44.14597" lon="5.18811">
        <ele>539</ele>
        <time>2022-03-17T15:58:31.827Z</time>
      </trkpt>
      <trkpt lat="44.14596" lon="5.1881">
        <ele>538</ele>
        <time>2022-03-17T15:58:32.827Z</time>
      </trkpt>
      <trkpt lat="44.14594" lon="5.1881">
        <ele>538</ele>
        <time>2022-03-17T15:58:33.827Z</time>
      </trkpt>
      <trkpt lat="44.14594" lon="5.18809">
        <ele>538</ele>
        <time>2022-03-17T15:58:34.827Z</time>
      </trkpt>
      <trkpt lat="44.14592" lon="5.18809">
        <ele>539</ele>
        <time>2022-03-17T15:58:35.827Z</time>
      </trkpt>
      <trkpt lat="44.14589" lon="5.18808">
        <ele>539</ele>
        <time>2022-03-17T15:58:36.826Z</time>
      </trkpt>
      <trkpt lat="44.14586" lon="5.18808">
        <ele>539</ele>
        <time>2022-03-17T15:58:37.827Z</time>
      </trkpt>
      <trkpt lat="44.14583" lon="5.18806">
        <ele>539</ele>
        <time>2022-03-17T15:58:38.826Z</time>
      </trkpt>
      <trkpt lat="44.14581" lon="5.18805">
        <ele>539</ele>
        <time>2022-03-17T15:58:39.826Z</time>
      </trkpt>
      <trkpt lat="44.14578" lon="5.18804">
        <ele>539</ele>
        <time>2022-03-17T15:58:40.827Z</time>
      </trkpt>
      <trkpt lat="44.14574" lon="5.18801">
        <ele>539</ele>
        <time>2022-03-17T15:58:41.826Z</time>
      </trkpt>
      <trkpt lat="44.1457" lon="5.188">
        <ele>539</ele>
        <time>2022-03-17T15:58:42.827Z</time>
      </trkpt>
      <trkpt lat="44.14567" lon="5.18799">
        <ele>538</ele>
        <time>2022-03-17T15:58:43.827Z</time>
      </trkpt>
      <trkpt lat="44.14564" lon="5.18798">
        <ele>538</ele>
        <time>2022-03-17T15:58:44.827Z</time>
      </trkpt>
      <trkpt lat="44.14561" lon="5.18798">
        <ele>538</ele>
        <time>2022-03-17T15:58:45.827Z</time>
      </trkpt>
      <trkpt lat="44.14558" lon="5.18797">
        <ele>537</ele>
        <time>2022-03-17T15:58:46.827Z</time>
      </trkpt>
      <trkpt lat="44.14555" lon="5.18796">
        <ele>537</ele>
        <time>2022-03-17T15:58:47.827Z</time>
      </trkpt>
      <trkpt lat="44.14552" lon="5.18795">
        <ele>536</ele>
        <time>2022-03-17T15:58:48.826Z</time>
      </trkpt>
      <trkpt lat="44.14549" lon="5.18794">
        <ele>535</ele>
        <time>2022-03-17T15:58:49.826Z</time>
      </trkpt>
      <trkpt lat="44.14547" lon="5.18793">
        <ele>534</ele>
        <time>2022-03-17T15:58:50.827Z</time>
      </trkpt>
      <trkpt lat="44.14545" lon="5.18792">
        <ele>533</ele>
        <time>2022-03-17T15:58:51.827Z</time>
      </trkpt>
      <trkpt lat="44.14542" lon="5.18791">
        <ele>533</ele>
        <time>2022-03-17T15:58:52.826Z</time>
      </trkpt>
      <trkpt lat="44.1454" lon="5.1879">
        <ele>532</ele>
        <time>2022-03-17T15:58:53.827Z</time>
      </trkpt>
      <trkpt lat="44.14537" lon="5.1879">
        <ele>531</ele>
        <time>2022-03-17T15:58:54.827Z</time>
      </trkpt>
      <trkpt lat="44.14534" lon="5.18789">
        <ele>531</ele>
        <time>2022-03-17T15:58:55.827Z</time>
      </trkpt>
      <trkpt lat="44.14531" lon="5.18789">
        <ele>530</ele>
        <time>2022-03-17T15:58:56.827Z</time>
      </trkpt>
      <trkpt lat="44.14528" lon="5.18787">
        <ele>530</ele>
        <time>2022-03-17T15:58:57.827Z</time>
      </trkpt>
      <trkpt lat="44.14526" lon="5.18785">
        <ele>530</ele>
        <time>2022-03-17T15:58:58.827Z</time>
      </trkpt>
      <trkpt lat="44.14524" lon="5.18782">
        <ele>529</ele>
        <time>2022-03-17T15:58:59.826Z</time>
      </trkpt>
      <trkpt lat="44.14522" lon="5.1878">
        <ele>529</ele>
        <time>2022-03-17T15:59:00.827Z</time>
      </trkpt>
      <trkpt lat="44.1452" lon="5.18777">
        <ele>528</ele>
        <time>2022-03-17T15:59:01.827Z</time>
      </trkpt>
      <trkpt lat="44.14518" lon="5.18776">
        <ele>528</ele>
        <time>2022-03-17T15:59:02.826Z</time>
      </trkpt>
      <trkpt lat="44.14515" lon="5.18774">
        <ele>527</ele>
        <time>2022-03-17T15:59:03.826Z</time>
      </trkpt>
      <trkpt lat="44.14511" lon="5.18773">
        <ele>527</ele>
        <time>2022-03-17T15:59:04.827Z</time>
      </trkpt>
      <trkpt lat="44.14508" lon="5.18773">
        <ele>526</ele>
        <time>2022-03-17T15:59:05.827Z</time>
      </trkpt>
      <trkpt lat="44.14506" lon="5.18772">
        <ele>525</ele>
        <time>2022-03-17T15:59:06.827Z</time>
      </trkpt>
      <trkpt lat="44.14503" lon="5.18771">
        <ele>525</ele>
        <time>2022-03-17T15:59:07.826Z</time>
      </trkpt>
      <trkpt lat="44.14501" lon="5.1877">
        <ele>524</ele>
        <time>2022-03-17T15:59:08.827Z</time>
      </trkpt>
      <trkpt lat="44.14498" lon="5.18769">
        <ele>523</ele>
        <time>2022-03-17T15:59:09.827Z</time>
      </trkpt>
      <trkpt lat="44.14495" lon="5.18768">
        <ele>522</ele>
        <time>2022-03-17T15:59:10.827Z</time>
      </trkpt>
      <trkpt lat="44.14493" lon="5.18767">
        <ele>521</ele>
        <time>2022-03-17T15:59:11.827Z</time>
      </trkpt>
      <trkpt lat="44.1449" lon="5.18767">
        <ele>521</ele>
        <time>2022-03-17T15:59:12.827Z</time>
      </trkpt>
      <trkpt lat="44.14487" lon="5.18767">
        <ele>520</ele>
        <time>2022-03-17T15:59:13.826Z</time>
      </trkpt>
      <trkpt lat="44.14484" lon="5.18767">
        <ele>519</ele>
        <time>2022-03-17T15:59:14.827Z</time>
      </trkpt>
      <trkpt lat="44.14481" lon="5.18768">
        <ele>519</ele>
        <time>2022-03-17T15:59:15.827Z</time>
      </trkpt>
      <trkpt lat="44.14479" lon="5.1877">
        <ele>518</ele>
        <time>2022-03-17T15:59:16.827Z</time>
      </trkpt>
      <trkpt lat="44.14476" lon="5.18771">
        <ele>518</ele>
        <time>2022-03-17T15:59:17.827Z</time>
      </trkpt>
      <trkpt lat="44.14473" lon="5.18774">
        <ele>517</ele>
        <time>2022-03-17T15:59:18.827Z</time>
      </trkpt>
      <trkpt lat="44.14471" lon="5.18776">
        <ele>516</ele>
        <time>2022-03-17T15:59:19.827Z</time>
      </trkpt>
      <trkpt lat="44.14468" lon="5.18778">
        <ele>516</ele>
        <time>2022-03-17T15:59:20.827Z</time>
      </trkpt>
      <trkpt lat="44.14466" lon="5.18781">
        <ele>515</ele>
        <time>2022-03-17T15:59:21.827Z</time>
      </trkpt>
      <trkpt lat="44.14463" lon="5.18783">
        <ele>514</ele>
        <time>2022-03-17T15:59:22.827Z</time>
      </trkpt>
      <trkpt lat="44.14461" lon="5.18785">
        <ele>513</ele>
        <time>2022-03-17T15:59:23.827Z</time>
      </trkpt>
      <trkpt lat="44.14459" lon="5.18788">
        <ele>512</ele>
        <time>2022-03-17T15:59:24.827Z</time>
      </trkpt>
      <trkpt lat="44.14457" lon="5.18791">
        <ele>511</ele>
        <time>2022-03-17T15:59:25.827Z</time>
      </trkpt>
      <trkpt lat="44.14456" lon="5.18794">
        <ele>509</ele>
        <time>2022-03-17T15:59:26.826Z</time>
      </trkpt>
      <trkpt lat="44.14454" lon="5.18796">
        <ele>508</ele>
        <time>2022-03-17T15:59:27.827Z</time>
      </trkpt>
      <trkpt lat="44.14451" lon="5.18798">
        <ele>507</ele>
        <time>2022-03-17T15:59:28.827Z</time>
      </trkpt>
      <trkpt lat="44.14448" lon="5.188">
        <ele>506</ele>
        <time>2022-03-17T15:59:29.827Z</time>
      </trkpt>
      <trkpt lat="44.14445" lon="5.18802">
        <ele>505</ele>
        <time>2022-03-17T15:59:30.827Z</time>
      </trkpt>
      <trkpt lat="44.14442" lon="5.18804">
        <ele>504</ele>
        <time>2022-03-17T15:59:31.827Z</time>
      </trkpt>
      <trkpt lat="44.1444" lon="5.18806">
        <ele>503</ele>
        <time>2022-03-17T15:59:32.827Z</time>
      </trkpt>
      <trkpt lat="44.14437" lon="5.18808">
        <ele>502</ele>
        <time>2022-03-17T15:59:33.827Z</time>
      </trkpt>
      <trkpt lat="44.14434" lon="5.1881">
        <ele>501</ele>
        <time>2022-03-17T15:59:34.827Z</time>
      </trkpt>
      <trkpt lat="44.14432" lon="5.18813">
        <ele>500</ele>
        <time>2022-03-17T15:59:35.826Z</time>
      </trkpt>
      <trkpt lat="44.14429" lon="5.18815">
        <ele>500</ele>
        <time>2022-03-17T15:59:36.826Z</time>
      </trkpt>
      <trkpt lat="44.14427" lon="5.18817">
        <ele>499</ele>
        <time>2022-03-17T15:59:37.827Z</time>
      </trkpt>
      <trkpt lat="44.14424" lon="5.18819">
        <ele>499</ele>
        <time>2022-03-17T15:59:38.827Z</time>
      </trkpt>
      <trkpt lat="44.14421" lon="5.18821">
        <ele>498</ele>
        <time>2022-03-17T15:59:39.827Z</time>
      </trkpt>
      <trkpt lat="44.14419" lon="5.18822">
        <ele>498</ele>
        <time>2022-03-17T15:59:40.827Z</time>
      </trkpt>
      <trkpt lat="44.14416" lon="5.18823">
        <ele>497</ele>
        <time>2022-03-17T15:59:41.826Z</time>
      </trkpt>
      <trkpt lat="44.14414" lon="5.18824">
        <ele>496</ele>
        <time>2022-03-17T15:59:42.826Z</time>
      </trkpt>
      <trkpt lat="44.14412" lon="5.18826">
        <ele>496</ele>
        <time>2022-03-17T15:59:43.826Z</time>
      </trkpt>
      <trkpt lat="44.1441" lon="5.18829">
        <ele>495</ele>
        <time>2022-03-17T15:59:44.827Z</time>
      </trkpt>
      <trkpt lat="44.14408" lon="5.18831">
        <ele>494</ele>
        <time>2022-03-17T15:59:45.827Z</time>
      </trkpt>
      <trkpt lat="44.14406" lon="5.18833">
        <ele>493</ele>
        <time>2022-03-17T15:59:46.826Z</time>
      </trkpt>
      <trkpt lat="44.14404" lon="5.18835">
        <ele>493</ele>
        <time>2022-03-17T15:59:47.827Z</time>
      </trkpt>
      <trkpt lat="44.14401" lon="5.18837">
        <ele>492</ele>
        <time>2022-03-17T15:59:48.827Z</time>
      </trkpt>
      <trkpt lat="44.14399" lon="5.18839">
        <ele>492</ele>
        <time>2022-03-17T15:59:49.827Z</time>
      </trkpt>
      <trkpt lat="44.14396" lon="5.18841">
        <ele>491</ele>
        <time>2022-03-17T15:59:50.826Z</time>
      </trkpt>
      <trkpt lat="44.14394" lon="5.18843">
        <ele>490</ele>
        <time>2022-03-17T15:59:51.827Z</time>
      </trkpt>
      <trkpt lat="44.14391" lon="5.18845">
        <ele>490</ele>
        <time>2022-03-17T15:59:52.827Z</time>
      </trkpt>
      <trkpt lat="44.14389" lon="5.18847">
        <ele>489</ele>
        <time>2022-03-17T15:59:53.827Z</time>
      </trkpt>
      <trkpt lat="44.14387" lon="5.18849">
        <ele>488</ele>
        <time>2022-03-17T15:59:54.827Z</time>
      </trkpt>
      <trkpt lat="44.14385" lon="5.18851">
        <ele>488</ele>
        <time>2022-03-17T15:59:55.827Z</time>
      </trkpt>
      <trkpt lat="44.14383" lon="5.18853">
        <ele>487</ele>
        <time>2022-03-17T15:59:56.826Z</time>
      </trkpt>
      <trkpt lat="44.1438" lon="5.18854">
        <ele>486</ele>
        <time>2022-03-17T15:59:57.827Z</time>
      </trkpt>
      <trkpt lat="44.14378" lon="5.18855">
        <ele>485</ele>
        <time>2022-03-17T15:59:58.827Z</time>
      </trkpt>
      <trkpt lat="44.14375" lon="5.18857">
        <ele>484</ele>
        <time>2022-03-17T15:59:59.827Z</time>
      </trkpt>
      <trkpt lat="44.14373" lon="5.18858">
        <ele>483</ele>
        <time>2022-03-17T16:00:00.827Z</time>
      </trkpt>
      <trkpt lat="44.14372" lon="5.18861">
        <ele>482</ele>
        <time>2022-03-17T16:00:01.826Z</time>
      </trkpt>
      <trkpt lat="44.1437" lon="5.18863">
        <ele>481</ele>
        <time>2022-03-17T16:00:02.827Z</time>
      </trkpt>
      <trkpt lat="44.14368" lon="5.18866">
        <ele>480</ele>
        <time>2022-03-17T16:00:03.826Z</time>
      </trkpt>
      <trkpt lat="44.14366" lon="5.18868">
        <ele>479</ele>
        <time>2022-03-17T16:00:04.826Z</time>
      </trkpt>
      <trkpt lat="44.14364" lon="5.18868">
        <ele>479</ele>
        <time>2022-03-17T16:00:05.826Z</time>
      </trkpt>
      <trkpt lat="44.14362" lon="5.18869">
        <ele>478</ele>
        <time>2022-03-17T16:00:06.826Z</time>
      </trkpt>
      <trkpt lat="44.1436" lon="5.18869">
        <ele>478</ele>
        <time>2022-03-17T16:00:07.826Z</time>
      </trkpt>
      <trkpt lat="44.14359" lon="5.18868">
        <ele>478</ele>
        <time>2022-03-17T16:00:08.827Z</time>
      </trkpt>
      <trkpt lat="44.14357" lon="5.18868">
        <ele>477</ele>
        <time>2022-03-17T16:00:09.826Z</time>
      </trkpt>
      <trkpt lat="44.14354" lon="5.18867">
        <ele>477</ele>
        <time>2022-03-17T16:00:10.826Z</time>
      </trkpt>
      <trkpt lat="44.14351" lon="5.18866">
        <ele>477</ele>
        <time>2022-03-17T16:00:11.826Z</time>
      </trkpt>
      <trkpt lat="44.14348" lon="5.18864">
        <ele>477</ele>
        <time>2022-03-17T16:00:12.826Z</time>
      </trkpt>
      <trkpt lat="44.14346" lon="5.18862">
        <ele>476</ele>
        <time>2022-03-17T16:00:13.827Z</time>
      </trkpt>
      <trkpt lat="44.14344" lon="5.18859">
        <ele>476</ele>
        <time>2022-03-17T16:00:14.826Z</time>
      </trkpt>
      <trkpt lat="44.14342" lon="5.18857">
        <ele>476</ele>
        <time>2022-03-17T16:00:15.826Z</time>
      </trkpt>
      <trkpt lat="44.14339" lon="5.18855">
        <ele>475</ele>
        <time>2022-03-17T16:00:16.827Z</time>
      </trkpt>
      <trkpt lat="44.14337" lon="5.18854">
        <ele>475</ele>
        <time>2022-03-17T16:00:17.826Z</time>
      </trkpt>
      <trkpt lat="44.14335" lon="5.18855">
        <ele>474</ele>
        <time>2022-03-17T16:00:18.827Z</time>
      </trkpt>
      <trkpt lat="44.14332" lon="5.18856">
        <ele>473</ele>
        <time>2022-03-17T16:00:19.827Z</time>
      </trkpt>
      <trkpt lat="44.1433" lon="5.18858">
        <ele>472</ele>
        <time>2022-03-17T16:00:20.826Z</time>
      </trkpt>
      <trkpt lat="44.14327" lon="5.18859">
        <ele>471</ele>
        <time>2022-03-17T16:00:21.826Z</time>
      </trkpt>
      <trkpt lat="44.14325" lon="5.1886">
        <ele>471</ele>
        <time>2022-03-17T16:00:22.826Z</time>
      </trkpt>
      <trkpt lat="44.14322" lon="5.1886">
        <ele>470</ele>
        <time>2022-03-17T16:00:23.826Z</time>
      </trkpt>
      <trkpt lat="44.14319" lon="5.18861">
        <ele>469</ele>
        <time>2022-03-17T16:00:24.827Z</time>
      </trkpt>
      <trkpt lat="44.14317" lon="5.18862">
        <ele>468</ele>
        <time>2022-03-17T16:00:25.827Z</time>
      </trkpt>
      <trkpt lat="44.14314" lon="5.18862">
        <ele>468</ele>
        <time>2022-03-17T16:00:26.827Z</time>
      </trkpt>
      <trkpt lat="44.14311" lon="5.18863">
        <ele>468</ele>
        <time>2022-03-17T16:00:27.827Z</time>
      </trkpt>
      <trkpt lat="44.14309" lon="5.18863">
        <ele>468</ele>
        <time>2022-03-17T16:00:28.826Z</time>
      </trkpt>
      <trkpt lat="44.14306" lon="5.18863">
        <ele>467</ele>
        <time>2022-03-17T16:00:29.827Z</time>
      </trkpt>
      <trkpt lat="44.14304" lon="5.18863">
        <ele>467</ele>
        <time>2022-03-17T16:00:30.827Z</time>
      </trkpt>
      <trkpt lat="44.14302" lon="5.18863">
        <ele>466</ele>
        <time>2022-03-17T16:00:31.827Z</time>
      </trkpt>
      <trkpt lat="44.14301" lon="5.18863">
        <ele>465</ele>
        <time>2022-03-17T16:00:32.826Z</time>
      </trkpt>
      <trkpt lat="44.14298" lon="5.18863">
        <ele>464</ele>
        <time>2022-03-17T16:00:33.826Z</time>
      </trkpt>
      <trkpt lat="44.14297" lon="5.18863">
        <ele>463</ele>
        <time>2022-03-17T16:00:34.827Z</time>
      </trkpt>
      <trkpt lat="44.14294" lon="5.18863">
        <ele>462</ele>
        <time>2022-03-17T16:00:35.827Z</time>
      </trkpt>
      <trkpt lat="44.14292" lon="5.18863">
        <ele>461</ele>
        <time>2022-03-17T16:00:36.827Z</time>
      </trkpt>
      <trkpt lat="44.1429" lon="5.18863">
        <ele>460</ele>
        <time>2022-03-17T16:00:37.827Z</time>
      </trkpt>
      <trkpt lat="44.14288" lon="5.18862">
        <ele>459</ele>
        <time>2022-03-17T16:00:38.826Z</time>
      </trkpt>
      <trkpt lat="44.1428" lon="5.18862">
        <ele>457</ele>
        <time>2022-03-17T16:00:42.827Z</time>
      </trkpt>
      <trkpt lat="44.14273" lon="5.18864">
        <ele>453</ele>
        <time>2022-03-17T16:00:46.827Z</time>
      </trkpt>
      <trkpt lat="44.14268" lon="5.18862">
        <ele>450</ele>
        <time>2022-03-17T16:00:50.826Z</time>
      </trkpt>
      <trkpt lat="44.14266" lon="5.18862">
        <ele>447</ele>
        <time>2022-03-17T16:00:54.827Z</time>
      </trkpt>
      <trkpt lat="44.14267" lon="5.18861">
        <ele>443</ele>
        <time>2022-03-17T16:00:58.827Z</time>
      </trkpt>
      <trkpt lat="44.14268" lon="5.1886">
        <ele>439</ele>
        <time>2022-03-17T16:01:26.827Z</time>
      </trkpt>
      <trkpt lat="44.14269" lon="5.18859">
        <ele>438</ele>
        <time>2022-03-17T16:01:40.827Z</time>
      </trkpt>
      <trkpt lat="44.14269" lon="5.1886">
        <ele>437</ele>
        <time>2022-03-17T16:01:52.827Z</time>
      </trkpt>
      <trkpt lat="44.1427" lon="5.18859">
        <ele>437</ele>
        <time>2022-03-17T16:02:04.827Z</time>
      </trkpt>
      <trkpt lat="44.1427" lon="5.18858">
        <ele>437</ele>
        <time>2022-03-17T16:02:24.826Z</time>
      </trkpt>
      <trkpt lat="44.14271" lon="5.18858">
        <ele>437</ele>
        <time>2022-03-17T16:02:28.827Z</time>
      </trkpt>
      <trkpt lat="44.14273" lon="5.1886">
        <ele>437</ele>
        <time>2022-03-17T16:02:32.827Z</time>
      </trkpt>
      <trkpt lat="44.14275" lon="5.18861">
        <ele>437</ele>
        <time>2022-03-17T16:02:36.826Z</time>
      </trkpt>
      <trkpt lat="44.14274" lon="5.18861">
        <ele>436</ele>
        <time>2022-03-17T16:03:00.826Z</time>
      </trkpt>
      <trkpt lat="44.14274" lon="5.18862">
        <ele>436</ele>
        <time>2022-03-17T16:03:10.827Z</time>
      </trkpt>
      <trkpt lat="44.14273" lon="5.18861">
        <ele>435</ele>
        <time>2022-03-17T16:03:20.826Z</time>
      </trkpt>
      <trkpt lat="44.14272" lon="5.18861">
        <ele>435</ele>
        <time>2022-03-17T16:03:24.827Z</time>
      </trkpt>
      <trkpt lat="44.14271" lon="5.1886">
        <ele>435</ele>
        <time>2022-03-17T16:03:30.827Z</time>
      </trkpt>
      <trkpt lat="44.14268" lon="5.18861">
        <ele>436</ele>
        <time>2022-03-17T16:03:36.826Z</time>
      </trkpt>
      <trkpt lat="44.14263" lon="5.18866">
        <ele>436</ele>
        <time>2022-03-17T16:03:40.827Z</time>
      </trkpt>
      <trkpt lat="44.14266" lon="5.18873">
        <ele>437</ele>
        <time>2022-03-17T16:03:44.827Z</time>
      </trkpt>
      <trkpt lat="44.14273" lon="5.18879">
        <ele>437</ele>
        <time>2022-03-17T16:03:48.826Z</time>
      </trkpt>
      <trkpt lat="44.14274" lon="5.18882">
        <ele>437</ele>
        <time>2022-03-17T16:03:50.826Z</time>
      </trkpt>
      <trkpt lat="44.14275" lon="5.18882">
        <ele>438</ele>
        <time>2022-03-17T16:03:53.827Z</time>
      </trkpt>
      <trkpt lat="44.14274" lon="5.18882">
        <ele>438</ele>
        <time>2022-03-17T16:03:57.826Z</time>
      </trkpt>
      <trkpt lat="44.14274" lon="5.18883">
        <ele>438</ele>
        <time>2022-03-17T16:03:58.827Z</time>
      </trkpt>
      <trkpt lat="44.14273" lon="5.18884">
        <ele>438</ele>
        <time>2022-03-17T16:04:01.827Z</time>
      </trkpt>
      <trkpt lat="44.14273" lon="5.18883">
        <ele>438</ele>
        <time>2022-03-17T16:04:02.827Z</time>
      </trkpt>
      <trkpt lat="44.14273" lon="5.18884">
        <ele>438</ele>
        <time>2022-03-17T16:04:03.826Z</time>
      </trkpt>
      <trkpt lat="44.14273" lon="5.18883">
        <ele>435</ele>
        <time>2022-03-17T16:04:21.826Z</time>
      </trkpt>
      <trkpt lat="44.14272" lon="5.18883">
        <ele>435</ele>
        <time>2022-03-17T16:04:28.826Z</time>
      </trkpt>
      <trkpt lat="44.14271" lon="5.18882">
        <ele>435</ele>
        <time>2022-03-17T16:04:29.826Z</time>
      </trkpt>
      <trkpt lat="44.14271" lon="5.18881">
        <ele>435</ele>
        <time>2022-03-17T16:04:33.826Z</time>
      </trkpt>
      <trkpt lat="44.14271" lon="5.18882">
        <ele>434</ele>
        <time>2022-03-17T16:04:55.827Z</time>
      </trkpt>
      <trkpt lat="44.14272" lon="5.18882">
        <ele>434</ele>
        <time>2022-03-17T16:04:57.827Z</time>
      </trkpt>
      <trkpt lat="44.14272" lon="5.18883">
        <ele>434</ele>
        <time>2022-03-17T16:04:58.827Z</time>
      </trkpt>
      <trkpt lat="44.14273" lon="5.18883">
        <ele>435</ele>
        <time>2022-03-17T16:05:06.827Z</time>
      </trkpt>
      <trkpt lat="44.14273" lon="5.18883">
        <ele>435</ele>
        <time>2022-03-17T16:05:12.827Z</time>
      </trkpt>
      <trkpt lat="44.14274" lon="5.18883">
        <ele>435</ele>
        <time>2022-03-17T16:05:14.827Z</time>
      </trkpt>
      <trkpt lat="44.14274" lon="5.18882">
        <ele>435</ele>
        <time>2022-03-17T16:05:25.827Z</time>
      </trkpt>
      <trkpt lat="44.14274" lon="5.18882">
        <ele>435</ele>
        <time>2022-03-17T16:05:35.827Z</time>
      </trkpt>
      <trkpt lat="44.14274" lon="5.18883">
        <ele>435</ele>
        <time>2022-03-17T16:05:46.827Z</time>
      </trkpt>
      <trkpt lat="44.14274" lon="5.18884">
        <ele>435</ele>
        <time>2022-03-17T16:05:48.827Z</time>
      </trkpt>
      <trkpt lat="44.14274" lon="5.18885">
        <ele>435</ele>
        <time>2022-03-17T16:05:50.826Z</time>
      </trkpt>
      <trkpt lat="44.14275" lon="5.18887">
        <ele>435</ele>
        <time>2022-03-17T16:05:51.827Z</time>
      </trkpt>
      <trkpt lat="44.14275" lon="5.18889">
        <ele>435</ele>
        <time>2022-03-17T16:05:52.827Z</time>
      </trkpt>
      <trkpt lat="44.14276" lon="5.18891">
        <ele>435</ele>
        <time>2022-03-17T16:05:53.827Z</time>
      </trkpt>
      <trkpt lat="44.14277" lon="5.18893">
        <ele>434</ele>
        <time>2022-03-17T16:05:54.826Z</time>
      </trkpt>
      <trkpt lat="44.14279" lon="5.18897">
        <ele>434</ele>
        <time>2022-03-17T16:05:55.827Z</time>
      </trkpt>
      <trkpt lat="44.1428" lon="5.189">
        <ele>434</ele>
        <time>2022-03-17T16:05:56.827Z</time>
      </trkpt>
      <trkpt lat="44.14282" lon="5.18904">
        <ele>434</ele>
        <time>2022-03-17T16:05:57.826Z</time>
      </trkpt>
      <trkpt lat="44.14284" lon="5.18908">
        <ele>434</ele>
        <time>2022-03-17T16:05:58.827Z</time>
      </trkpt>
      <trkpt lat="44.14286" lon="5.18911">
        <ele>434</ele>
        <time>2022-03-17T16:05:59.826Z</time>
      </trkpt>
      <trkpt lat="44.14287" lon="5.18915">
        <ele>435</ele>
        <time>2022-03-17T16:06:00.826Z</time>
      </trkpt>
      <trkpt lat="44.14287" lon="5.18917">
        <ele>435</ele>
        <time>2022-03-17T16:06:01.827Z</time>
      </trkpt>
      <trkpt lat="44.14287" lon="5.1892">
        <ele>435</ele>
        <time>2022-03-17T16:06:02.827Z</time>
      </trkpt>
      <trkpt lat="44.14286" lon="5.18923">
        <ele>435</ele>
        <time>2022-03-17T16:06:03.827Z</time>
      </trkpt>
      <trkpt lat="44.14286" lon="5.18926">
        <ele>434</ele>
        <time>2022-03-17T16:06:04.826Z</time>
      </trkpt>
      <trkpt lat="44.14286" lon="5.1893">
        <ele>434</ele>
        <time>2022-03-17T16:06:05.827Z</time>
      </trkpt>
      <trkpt lat="44.14286" lon="5.18934">
        <ele>433</ele>
        <time>2022-03-17T16:06:06.827Z</time>
      </trkpt>
      <trkpt lat="44.14286" lon="5.18938">
        <ele>433</ele>
        <time>2022-03-17T16:06:07.827Z</time>
      </trkpt>
      <trkpt lat="44.14285" lon="5.18941">
        <ele>433</ele>
        <time>2022-03-17T16:06:08.826Z</time>
      </trkpt>
      <trkpt lat="44.14286" lon="5.18945">
        <ele>433</ele>
        <time>2022-03-17T16:06:09.826Z</time>
      </trkpt>
      <trkpt lat="44.14286" lon="5.18949">
        <ele>433</ele>
        <time>2022-03-17T16:06:10.827Z</time>
      </trkpt>
      <trkpt lat="44.14286" lon="5.18952">
        <ele>432</ele>
        <time>2022-03-17T16:06:11.827Z</time>
      </trkpt>
      <trkpt lat="44.14286" lon="5.18954">
        <ele>432</ele>
        <time>2022-03-17T16:06:12.826Z</time>
      </trkpt>
      <trkpt lat="44.14285" lon="5.18957">
        <ele>431</ele>
        <time>2022-03-17T16:06:13.826Z</time>
      </trkpt>
      <trkpt lat="44.14284" lon="5.18959">
        <ele>431</ele>
        <time>2022-03-17T16:06:14.827Z</time>
      </trkpt>
      <trkpt lat="44.14254" lon="5.18972">
        <ele>431</ele>
        <time>2022-03-17T16:06:33.826Z</time>
      </trkpt>
      <trkpt lat="44.14251" lon="5.1897">
        <ele>431</ele>
        <time>2022-03-17T16:06:34.827Z</time>
      </trkpt>
      <trkpt lat="44.14249" lon="5.18967">
        <ele>431</ele>
        <time>2022-03-17T16:06:35.826Z</time>
      </trkpt>
      <trkpt lat="44.14246" lon="5.18965">
        <ele>431</ele>
        <time>2022-03-17T16:06:36.826Z</time>
      </trkpt>
      <trkpt lat="44.14244" lon="5.18962">
        <ele>431</ele>
        <time>2022-03-17T16:06:37.827Z</time>
      </trkpt>
      <trkpt lat="44.14241" lon="5.18959">
        <ele>430</ele>
        <time>2022-03-17T16:06:38.827Z</time>
      </trkpt>
      <trkpt lat="44.14239" lon="5.18957">
        <ele>430</ele>
        <time>2022-03-17T16:06:39.827Z</time>
      </trkpt>
      <trkpt lat="44.14236" lon="5.18954">
        <ele>429</ele>
        <time>2022-03-17T16:06:40.826Z</time>
      </trkpt>
      <trkpt lat="44.14234" lon="5.18952">
        <ele>429</ele>
        <time>2022-03-17T16:06:41.826Z</time>
      </trkpt>
      <trkpt lat="44.14202" lon="5.1892">
        <ele>422</ele>
        <time>2022-03-17T16:06:58.827Z</time>
      </trkpt>
      <trkpt lat="44.14204" lon="5.18921">
        <ele>414</ele>
        <time>2022-03-17T16:07:20.826Z</time>
      </trkpt>
      <trkpt lat="44.14202" lon="5.18921">
        <ele>415</ele>
        <time>2022-03-17T16:07:58.827Z</time>
      </trkpt>
      <trkpt lat="44.14202" lon="5.1892">
        <ele>415</ele>
        <time>2022-03-17T16:08:03.826Z</time>
      </trkpt>
      <trkpt lat="44.14201" lon="5.18918">
        <ele>415</ele>
        <time>2022-03-17T16:08:07.826Z</time>
      </trkpt>
      <trkpt lat="44.142" lon="5.18917">
        <ele>415</ele>
        <time>2022-03-17T16:08:14.827Z</time>
      </trkpt>
      <trkpt lat="44.14201" lon="5.18916">
        <ele>414</ele>
        <time>2022-03-17T16:08:58.826Z</time>
      </trkpt>
      <trkpt lat="44.14202" lon="5.18916">
        <ele>414</ele>
        <time>2022-03-17T16:09:04.827Z</time>
      </trkpt>
      <trkpt lat="44.14202" lon="5.18917">
        <ele>414</ele>
        <time>2022-03-17T16:09:21.827Z</time>
      </trkpt>
      <trkpt lat="44.14201" lon="5.18917">
        <ele>414</ele>
        <time>2022-03-17T16:09:27.827Z</time>
      </trkpt>
      <trkpt lat="44.14201" lon="5.18918">
        <ele>414</ele>
        <time>2022-03-17T16:09:32.827Z</time>
      </trkpt>
      <trkpt lat="44.14197" lon="5.18916">
        <ele>414</ele>
        <time>2022-03-17T16:09:40.826Z</time>
      </trkpt>
      <trkpt lat="44.14192" lon="5.18909">
        <ele>413</ele>
        <time>2022-03-17T16:09:48.826Z</time>
      </trkpt>
      <trkpt lat="44.14193" lon="5.18908">
        <ele>410</ele>
        <time>2022-03-17T16:10:04.827Z</time>
      </trkpt>
      <trkpt lat="44.14192" lon="5.18908">
        <ele>419</ele>
        <time>2022-03-17T16:10:24.826Z</time>
      </trkpt>
      <trkpt lat="44.14191" lon="5.18907">
        <ele>420</ele>
        <time>2022-03-17T16:11:16.827Z</time>
      </trkpt>
      <trkpt lat="44.14193" lon="5.18908">
        <ele>420</ele>
        <time>2022-03-17T16:11:27.827Z</time>
      </trkpt>
      <trkpt lat="44.14194" lon="5.18908">
        <ele>420</ele>
        <time>2022-03-17T16:11:51.827Z</time>
      </trkpt>
      <trkpt lat="44.14193" lon="5.18908">
        <ele>420</ele>
        <time>2022-03-17T16:12:03.827Z</time>
      </trkpt>
      <trkpt lat="44.14192" lon="5.18907">
        <ele>419</ele>
        <time>2022-03-17T16:12:14.827Z</time>
      </trkpt>
      <trkpt lat="44.14192" lon="5.18906">
        <ele>419</ele>
        <time>2022-03-17T16:12:34.826Z</time>
      </trkpt>
      <trkpt lat="44.14189" lon="5.18901">
        <ele>419</ele>
        <time>2022-03-17T16:12:45.827Z</time>
      </trkpt>
      <trkpt lat="44.14187" lon="5.18896">
        <ele>415</ele>
        <time>2022-03-17T16:12:53.827Z</time>
      </trkpt>
      <trkpt lat="44.14185" lon="5.18897">
        <ele>409</ele>
        <time>2022-03-17T16:13:02.826Z</time>
      </trkpt>
      <trkpt lat="44.14186" lon="5.18895">
        <ele>404</ele>
        <time>2022-03-17T16:13:19.826Z</time>
      </trkpt>
      <trkpt lat="44.14187" lon="5.18896">
        <ele>408</ele>
        <time>2022-03-17T16:13:39.827Z</time>
      </trkpt>
      <trkpt lat="44.14186" lon="5.18897">
        <ele>409</ele>
        <time>2022-03-17T16:13:59.827Z</time>
      </trkpt>
      <trkpt lat="44.14187" lon="5.18896">
        <ele>409</ele>
        <time>2022-03-17T16:14:16.827Z</time>
      </trkpt>
      <trkpt lat="44.14187" lon="5.18895">
        <ele>409</ele>
        <time>2022-03-17T16:14:25.826Z</time>
      </trkpt>
      <trkpt lat="44.14187" lon="5.18894">
        <ele>409</ele>
        <time>2022-03-17T16:14:47.826Z</time>
      </trkpt>
      <trkpt lat="44.14186" lon="5.18896">
        <ele>409</ele>
        <time>2022-03-17T16:14:55.826Z</time>
      </trkpt>
      <trkpt lat="44.14186" lon="5.18899">
        <ele>409</ele>
        <time>2022-03-17T16:15:03.827Z</time>
      </trkpt>
      <trkpt lat="44.14185" lon="5.18899">
        <ele>410</ele>
        <time>2022-03-17T16:15:21.827Z</time>
      </trkpt>
      <trkpt lat="44.14184" lon="5.18898">
        <ele>410</ele>
        <time>2022-03-17T16:15:30.827Z</time>
      </trkpt>
      <trkpt lat="44.14183" lon="5.18897">
        <ele>410</ele>
        <time>2022-03-17T16:15:47.826Z</time>
      </trkpt>
      <trkpt lat="44.14189" lon="5.18902">
        <ele>410</ele>
        <time>2022-03-17T16:16:06.826Z</time>
      </trkpt>
      <trkpt lat="44.14193" lon="5.18902">
        <ele>413</ele>
        <time>2022-03-17T16:16:14.826Z</time>
      </trkpt>
      <trkpt lat="44.14191" lon="5.18901">
        <ele>412</ele>
        <time>2022-03-17T16:16:40.826Z</time>
      </trkpt>
      <trkpt lat="44.14188" lon="5.18901">
        <ele>412</ele>
        <time>2022-03-17T16:16:49.827Z</time>
      </trkpt>
      <trkpt lat="44.14187" lon="5.189">
        <ele>412</ele>
        <time>2022-03-17T16:16:58.826Z</time>
      </trkpt>
      <trkpt lat="44.14186" lon="5.18898">
        <ele>412</ele>
        <time>2022-03-17T16:17:09.827Z</time>
      </trkpt>
      <trkpt lat="44.14184" lon="5.18896">
        <ele>412</ele>
        <time>2022-03-17T16:17:17.827Z</time>
      </trkpt>
      <trkpt lat="44.14184" lon="5.18893">
        <ele>412</ele>
        <time>2022-03-17T16:17:26.827Z</time>
      </trkpt>
      <trkpt lat="44.14179" lon="5.18885">
        <ele>413</ele>
        <time>2022-03-17T16:17:44.827Z</time>
      </trkpt>
      <trkpt lat="44.14177" lon="5.18881">
        <ele>413</ele>
        <time>2022-03-17T16:17:46.826Z</time>
      </trkpt>
      <trkpt lat="44.14176" lon="5.18878">
        <ele>413</ele>
        <time>2022-03-17T16:17:48.826Z</time>
      </trkpt>
      <trkpt lat="44.14175" lon="5.18875">
        <ele>413</ele>
        <time>2022-03-17T16:17:50.826Z</time>
      </trkpt>
      <trkpt lat="44.14175" lon="5.18873">
        <ele>414</ele>
        <time>2022-03-17T16:17:51.826Z</time>
      </trkpt>
      <trkpt lat="44.14174" lon="5.18872">
        <ele>414</ele>
        <time>2022-03-17T16:17:52.826Z</time>
      </trkpt>
      <trkpt lat="44.14173" lon="5.1887">
        <ele>414</ele>
        <time>2022-03-17T16:17:53.827Z</time>
      </trkpt>
      <trkpt lat="44.14173" lon="5.18868">
        <ele>414</ele>
        <time>2022-03-17T16:17:54.826Z</time>
      </trkpt>
      <trkpt lat="44.14172" lon="5.18865">
        <ele>414</ele>
        <time>2022-03-17T16:17:55.826Z</time>
      </trkpt>
      <trkpt lat="44.14172" lon="5.18863">
        <ele>414</ele>
        <time>2022-03-17T16:17:56.826Z</time>
      </trkpt>
      <trkpt lat="44.14171" lon="5.18861">
        <ele>413</ele>
        <time>2022-03-17T16:17:57.827Z</time>
      </trkpt>
      <trkpt lat="44.1417" lon="5.18858">
        <ele>414</ele>
        <time>2022-03-17T16:17:58.826Z</time>
      </trkpt>
      <trkpt lat="44.1417" lon="5.18856">
        <ele>414</ele>
        <time>2022-03-17T16:17:59.826Z</time>
      </trkpt>
      <trkpt lat="44.14169" lon="5.18853">
        <ele>414</ele>
        <time>2022-03-17T16:18:00.826Z</time>
      </trkpt>
      <trkpt lat="44.14168" lon="5.18851">
        <ele>414</ele>
        <time>2022-03-17T16:18:01.826Z</time>
      </trkpt>
      <trkpt lat="44.14166" lon="5.18848">
        <ele>414</ele>
        <time>2022-03-17T16:18:02.827Z</time>
      </trkpt>
      <trkpt lat="44.14166" lon="5.18846">
        <ele>414</ele>
        <time>2022-03-17T16:18:03.826Z</time>
      </trkpt>
      <trkpt lat="44.14165" lon="5.18844">
        <ele>414</ele>
        <time>2022-03-17T16:18:04.826Z</time>
      </trkpt>
      <trkpt lat="44.14165" lon="5.18843">
        <ele>413</ele>
        <time>2022-03-17T16:18:05.826Z</time>
      </trkpt>
      <trkpt lat="44.14165" lon="5.18841">
        <ele>413</ele>
        <time>2022-03-17T16:18:06.827Z</time>
      </trkpt>
      <trkpt lat="44.14165" lon="5.18839">
        <ele>413</ele>
        <time>2022-03-17T16:18:07.826Z</time>
      </trkpt>
      <trkpt lat="44.14165" lon="5.18837">
        <ele>413</ele>
        <time>2022-03-17T16:18:08.826Z</time>
      </trkpt>
      <trkpt lat="44.14164" lon="5.18835">
        <ele>413</ele>
        <time>2022-03-17T16:18:09.826Z</time>
      </trkpt>
      <trkpt lat="44.14163" lon="5.18832">
        <ele>413</ele>
        <time>2022-03-17T16:18:10.827Z</time>
      </trkpt>
      <trkpt lat="44.14163" lon="5.1883">
        <ele>413</ele>
        <time>2022-03-17T16:18:11.826Z</time>
      </trkpt>
      <trkpt lat="44.14162" lon="5.18827">
        <ele>413</ele>
        <time>2022-03-17T16:18:12.826Z</time>
      </trkpt>
      <trkpt lat="44.14161" lon="5.18823">
        <ele>413</ele>
        <time>2022-03-17T16:18:13.826Z</time>
      </trkpt>
      <trkpt lat="44.1416" lon="5.1882">
        <ele>413</ele>
        <time>2022-03-17T16:18:14.826Z</time>
      </trkpt>
      <trkpt lat="44.14159" lon="5.18816">
        <ele>413</ele>
        <time>2022-03-17T16:18:15.826Z</time>
      </trkpt>
      <trkpt lat="44.14157" lon="5.18812">
        <ele>412</ele>
        <time>2022-03-17T16:18:16.826Z</time>
      </trkpt>
      <trkpt lat="44.14156" lon="5.18808">
        <ele>412</ele>
        <time>2022-03-17T16:18:17.826Z</time>
      </trkpt>
      <trkpt lat="44.14154" lon="5.18804">
        <ele>412</ele>
        <time>2022-03-17T16:18:18.826Z</time>
      </trkpt>
      <trkpt lat="44.14153" lon="5.18801">
        <ele>412</ele>
        <time>2022-03-17T16:18:19.826Z</time>
      </trkpt>
      <trkpt lat="44.14151" lon="5.18797">
        <ele>413</ele>
        <time>2022-03-17T16:18:20.826Z</time>
      </trkpt>
      <trkpt lat="44.1415" lon="5.18793">
        <ele>413</ele>
        <time>2022-03-17T16:18:21.826Z</time>
      </trkpt>
      <trkpt lat="44.14149" lon="5.18789">
        <ele>413</ele>
        <time>2022-03-17T16:18:22.827Z</time>
      </trkpt>
      <trkpt lat="44.14148" lon="5.18785">
        <ele>413</ele>
        <time>2022-03-17T16:18:23.826Z</time>
      </trkpt>
      <trkpt lat="44.14146" lon="5.18781">
        <ele>413</ele>
        <time>2022-03-17T16:18:24.826Z</time>
      </trkpt>
      <trkpt lat="44.14145" lon="5.18777">
        <ele>413</ele>
        <time>2022-03-17T16:18:25.826Z</time>
      </trkpt>
      <trkpt lat="44.14144" lon="5.18773">
        <ele>413</ele>
        <time>2022-03-17T16:18:26.826Z</time>
      </trkpt>
      <trkpt lat="44.14143" lon="5.18769">
        <ele>413</ele>
        <time>2022-03-17T16:18:27.826Z</time>
      </trkpt>
      <trkpt lat="44.14141" lon="5.18765">
        <ele>413</ele>
        <time>2022-03-17T16:18:28.826Z</time>
      </trkpt>
      <trkpt lat="44.1414" lon="5.18761">
        <ele>413</ele>
        <time>2022-03-17T16:18:29.826Z</time>
      </trkpt>
      <trkpt lat="44.14138" lon="5.18757">
        <ele>413</ele>
        <time>2022-03-17T16:18:30.827Z</time>
      </trkpt>
      <trkpt lat="44.14137" lon="5.18753">
        <ele>413</ele>
        <time>2022-03-17T16:18:31.826Z</time>
      </trkpt>
      <trkpt lat="44.14135" lon="5.18747">
        <ele>413</ele>
        <time>2022-03-17T16:18:32.826Z</time>
      </trkpt>
      <trkpt lat="44.14133" lon="5.18742">
        <ele>413</ele>
        <time>2022-03-17T16:18:33.826Z</time>
      </trkpt>
      <trkpt lat="44.14132" lon="5.18739">
        <ele>413</ele>
        <time>2022-03-17T16:18:34.826Z</time>
      </trkpt>
      <trkpt lat="44.14131" lon="5.18734">
        <ele>412</ele>
        <time>2022-03-17T16:18:35.826Z</time>
      </trkpt>
      <trkpt lat="44.14129" lon="5.1873">
        <ele>412</ele>
        <time>2022-03-17T16:18:36.826Z</time>
      </trkpt>
      <trkpt lat="44.14127" lon="5.18726">
        <ele>413</ele>
        <time>2022-03-17T16:18:37.826Z</time>
      </trkpt>
      <trkpt lat="44.14126" lon="5.18722">
        <ele>412</ele>
        <time>2022-03-17T16:18:38.827Z</time>
      </trkpt>
      <trkpt lat="44.14125" lon="5.18718">
        <ele>413</ele>
        <time>2022-03-17T16:18:39.826Z</time>
      </trkpt>
      <trkpt lat="44.14124" lon="5.18715">
        <ele>413</ele>
        <time>2022-03-17T16:18:40.826Z</time>
      </trkpt>
      <trkpt lat="44.14123" lon="5.18711">
        <ele>413</ele>
        <time>2022-03-17T16:18:41.827Z</time>
      </trkpt>
      <trkpt lat="44.14122" lon="5.18707">
        <ele>414</ele>
        <time>2022-03-17T16:18:42.826Z</time>
      </trkpt>
      <trkpt lat="44.1412" lon="5.18704">
        <ele>414</ele>
        <time>2022-03-17T16:18:43.826Z</time>
      </trkpt>
      <trkpt lat="44.14119" lon="5.187">
        <ele>414</ele>
        <time>2022-03-17T16:18:44.826Z</time>
      </trkpt>
      <trkpt lat="44.14118" lon="5.18697">
        <ele>414</ele>
        <time>2022-03-17T16:18:45.827Z</time>
      </trkpt>
      <trkpt lat="44.14091" lon="5.18667">
        <ele>415</ele>
        <time>2022-03-17T16:19:15.826Z</time>
      </trkpt>
      <trkpt lat="44.1409" lon="5.18667">
        <ele>415</ele>
        <time>2022-03-17T16:19:16.826Z</time>
      </trkpt>
      <trkpt lat="44.1409" lon="5.18666">
        <ele>415</ele>
        <time>2022-03-17T16:19:18.827Z</time>
      </trkpt>
      <trkpt lat="44.14091" lon="5.18666">
        <ele>415</ele>
        <time>2022-03-17T16:19:19.827Z</time>
      </trkpt>
      <trkpt lat="44.1409" lon="5.18667">
        <ele>414</ele>
        <time>2022-03-17T16:19:20.826Z</time>
      </trkpt>
      <trkpt lat="44.1409" lon="5.18666">
        <ele>414</ele>
        <time>2022-03-17T16:19:21.826Z</time>
      </trkpt>
      <trkpt lat="44.14089" lon="5.18667">
        <ele>414</ele>
        <time>2022-03-17T16:19:22.826Z</time>
      </trkpt>
      <trkpt lat="44.14088" lon="5.18666">
        <ele>414</ele>
        <time>2022-03-17T16:19:24.826Z</time>
      </trkpt>
      <trkpt lat="44.14088" lon="5.18667">
        <ele>414</ele>
        <time>2022-03-17T16:19:25.827Z</time>
      </trkpt>
      <trkpt lat="44.14088" lon="5.18668">
        <ele>415</ele>
        <time>2022-03-17T16:19:26.826Z</time>
      </trkpt>
      <trkpt lat="44.14088" lon="5.18669">
        <ele>415</ele>
        <time>2022-03-17T16:19:29.827Z</time>
      </trkpt>
      <trkpt lat="44.14089" lon="5.18669">
        <ele>415</ele>
        <time>2022-03-17T16:19:33.827Z</time>
      </trkpt>
      <trkpt lat="44.14088" lon="5.18668">
        <ele>414</ele>
        <time>2022-03-17T16:19:37.826Z</time>
      </trkpt>
      <trkpt lat="44.14088" lon="5.18667">
        <ele>414</ele>
        <time>2022-03-17T16:19:38.827Z</time>
      </trkpt>
      <trkpt lat="44.14088" lon="5.18668">
        <ele>414</ele>
        <time>2022-03-17T16:19:39.827Z</time>
      </trkpt>
      <trkpt lat="44.14088" lon="5.18669">
        <ele>411</ele>
        <time>2022-03-17T16:19:58.826Z</time>
      </trkpt>
      <trkpt lat="44.14088" lon="5.18669">
        <ele>411</ele>
        <time>2022-03-17T16:20:21.827Z</time>
      </trkpt>
      <trkpt lat="44.14087" lon="5.18669">
        <ele>410</ele>
        <time>2022-03-17T16:20:25.826Z</time>
      </trkpt>
      <trkpt lat="44.14086" lon="5.18669">
        <ele>410</ele>
        <time>2022-03-17T16:20:29.826Z</time>
      </trkpt>
      <trkpt lat="44.14086" lon="5.1867">
        <ele>410</ele>
        <time>2022-03-17T16:20:31.827Z</time>
      </trkpt>
      <trkpt lat="44.14086" lon="5.18671">
        <ele>410</ele>
        <time>2022-03-17T16:20:33.827Z</time>
      </trkpt>
      <trkpt lat="44.14086" lon="5.18672">
        <ele>410</ele>
        <time>2022-03-17T16:20:36.827Z</time>
      </trkpt>
      <trkpt lat="44.14085" lon="5.18672">
        <ele>410</ele>
        <time>2022-03-17T16:20:38.826Z</time>
      </trkpt>
      <trkpt lat="44.14085" lon="5.18672">
        <ele>410</ele>
        <time>2022-03-17T16:20:55.827Z</time>
      </trkpt>
      <trkpt lat="44.14085" lon="5.18671">
        <ele>410</ele>
        <time>2022-03-17T16:21:02.827Z</time>
      </trkpt>
      <trkpt lat="44.14085" lon="5.1867">
        <ele>411</ele>
        <time>2022-03-17T16:21:14.826Z</time>
      </trkpt>
      <trkpt lat="44.14085" lon="5.18667">
        <ele>411</ele>
        <time>2022-03-17T16:21:18.827Z</time>
      </trkpt>
      <trkpt lat="44.14086" lon="5.18667">
        <ele>411</ele>
        <time>2022-03-17T16:21:19.827Z</time>
      </trkpt>
      <trkpt lat="44.14087" lon="5.18667">
        <ele>412</ele>
        <time>2022-03-17T16:21:21.826Z</time>
      </trkpt>
      <trkpt lat="44.14087" lon="5.18666">
        <ele>412</ele>
        <time>2022-03-17T16:21:22.826Z</time>
      </trkpt>
      <trkpt lat="44.14087" lon="5.18665">
        <ele>413</ele>
        <time>2022-03-17T16:21:25.827Z</time>
      </trkpt>
      <trkpt lat="44.14086" lon="5.18665">
        <ele>413</ele>
        <time>2022-03-17T16:21:26.826Z</time>
      </trkpt>
      <trkpt lat="44.14085" lon="5.18665">
        <ele>413</ele>
        <time>2022-03-17T16:21:29.826Z</time>
      </trkpt>
      <trkpt lat="44.14085" lon="5.18664">
        <ele>413</ele>
        <time>2022-03-17T16:21:31.826Z</time>
      </trkpt>
      <trkpt lat="44.14084" lon="5.18663">
        <ele>413</ele>
        <time>2022-03-17T16:21:32.826Z</time>
      </trkpt>
      <trkpt lat="44.14083" lon="5.18662">
        <ele>413</ele>
        <time>2022-03-17T16:21:33.826Z</time>
      </trkpt>
      <trkpt lat="44.14083" lon="5.18661">
        <ele>412</ele>
        <time>2022-03-17T16:21:34.827Z</time>
      </trkpt>
      <trkpt lat="44.14083" lon="5.1866">
        <ele>412</ele>
        <time>2022-03-17T16:21:35.826Z</time>
      </trkpt>
      <trkpt lat="44.14083" lon="5.18659">
        <ele>411</ele>
        <time>2022-03-17T16:21:38.826Z</time>
      </trkpt>
      <trkpt lat="44.14084" lon="5.1866">
        <ele>411</ele>
        <time>2022-03-17T16:21:39.827Z</time>
      </trkpt>
      <trkpt lat="44.14083" lon="5.1866">
        <ele>411</ele>
        <time>2022-03-17T16:21:40.827Z</time>
      </trkpt>
      <trkpt lat="44.14082" lon="5.18659">
        <ele>411</ele>
        <time>2022-03-17T16:21:41.826Z</time>
      </trkpt>
      <trkpt lat="44.14081" lon="5.18659">
        <ele>412</ele>
        <time>2022-03-17T16:21:45.827Z</time>
      </trkpt>
      <trkpt lat="44.14081" lon="5.1866">
        <ele>413</ele>
        <time>2022-03-17T16:21:47.826Z</time>
      </trkpt>
      <trkpt lat="44.14082" lon="5.18661">
        <ele>414</ele>
        <time>2022-03-17T16:21:48.826Z</time>
      </trkpt>
      <trkpt lat="44.14082" lon="5.18662">
        <ele>415</ele>
        <time>2022-03-17T16:21:50.827Z</time>
      </trkpt>
      <trkpt lat="44.14083" lon="5.18663">
        <ele>415</ele>
        <time>2022-03-17T16:21:51.826Z</time>
      </trkpt>
      <trkpt lat="44.14083" lon="5.18664">
        <ele>415</ele>
        <time>2022-03-17T16:21:52.826Z</time>
      </trkpt>
      <trkpt lat="44.14084" lon="5.18664">
        <ele>416</ele>
        <time>2022-03-17T16:21:53.826Z</time>
      </trkpt>
      <trkpt lat="44.14084" lon="5.18665">
        <ele>416</ele>
        <time>2022-03-17T16:21:54.826Z</time>
      </trkpt>
      <trkpt lat="44.14085" lon="5.18665">
        <ele>416</ele>
        <time>2022-03-17T16:21:55.826Z</time>
      </trkpt>
      <trkpt lat="44.14084" lon="5.18664">
        <ele>417</ele>
        <time>2022-03-17T16:21:58.826Z</time>
      </trkpt>
      <trkpt lat="44.14084" lon="5.18663">
        <ele>413</ele>
        <time>2022-03-17T16:22:13.827Z</time>
      </trkpt>
      <trkpt lat="44.14085" lon="5.18663">
        <ele>413</ele>
        <time>2022-03-17T16:22:14.827Z</time>
      </trkpt>
      <trkpt lat="44.14084" lon="5.18662">
        <ele>413</ele>
        <time>2022-03-17T16:22:15.826Z</time>
      </trkpt>
      <trkpt lat="44.14083" lon="5.18662">
        <ele>413</ele>
        <time>2022-03-17T16:22:16.827Z</time>
      </trkpt>
      <trkpt lat="44.14082" lon="5.18661">
        <ele>413</ele>
        <time>2022-03-17T16:22:17.826Z</time>
      </trkpt>
      <trkpt lat="44.14081" lon="5.1866">
        <ele>413</ele>
        <time>2022-03-17T16:22:18.826Z</time>
      </trkpt>
      <trkpt lat="44.1408" lon="5.18659">
        <ele>412</ele>
        <time>2022-03-17T16:22:19.826Z</time>
      </trkpt>
      <trkpt lat="44.14078" lon="5.18657">
        <ele>412</ele>
        <time>2022-03-17T16:22:20.826Z</time>
      </trkpt>
      <trkpt lat="44.14077" lon="5.18657">
        <ele>412</ele>
        <time>2022-03-17T16:22:21.826Z</time>
      </trkpt>
      <trkpt lat="44.14075" lon="5.18656">
        <ele>412</ele>
        <time>2022-03-17T16:22:22.826Z</time>
      </trkpt>
      <trkpt lat="44.14074" lon="5.18655">
        <ele>412</ele>
        <time>2022-03-17T16:22:23.826Z</time>
      </trkpt>
      <trkpt lat="44.14072" lon="5.18655">
        <ele>412</ele>
        <time>2022-03-17T16:22:24.826Z</time>
      </trkpt>
      <trkpt lat="44.1407" lon="5.18654">
        <ele>413</ele>
        <time>2022-03-17T16:22:25.826Z</time>
      </trkpt>
      <trkpt lat="44.14069" lon="5.18653">
        <ele>413</ele>
        <time>2022-03-17T16:22:26.826Z</time>
      </trkpt>
      <trkpt lat="44.14068" lon="5.18652">
        <ele>413</ele>
        <time>2022-03-17T16:22:27.826Z</time>
      </trkpt>
      <trkpt lat="44.14067" lon="5.18651">
        <ele>412</ele>
        <time>2022-03-17T16:22:28.826Z</time>
      </trkpt>
      <trkpt lat="44.14066" lon="5.18651">
        <ele>412</ele>
        <time>2022-03-17T16:22:29.826Z</time>
      </trkpt>
      <trkpt lat="44.14064" lon="5.1865">
        <ele>413</ele>
        <time>2022-03-17T16:22:30.826Z</time>
      </trkpt>
      <trkpt lat="44.14063" lon="5.18649">
        <ele>413</ele>
        <time>2022-03-17T16:22:31.826Z</time>
      </trkpt>
      <trkpt lat="44.14061" lon="5.18649">
        <ele>413</ele>
        <time>2022-03-17T16:22:32.826Z</time>
      </trkpt>
      <trkpt lat="44.1406" lon="5.18649">
        <ele>412</ele>
        <time>2022-03-17T16:22:33.826Z</time>
      </trkpt>
      <trkpt lat="44.14059" lon="5.18648">
        <ele>412</ele>
        <time>2022-03-17T16:22:34.826Z</time>
      </trkpt>
      <trkpt lat="44.14058" lon="5.18648">
        <ele>412</ele>
        <time>2022-03-17T16:22:35.826Z</time>
      </trkpt>
      <trkpt lat="44.14057" lon="5.18647">
        <ele>411</ele>
        <time>2022-03-17T16:22:36.826Z</time>
      </trkpt>
      <trkpt lat="44.14056" lon="5.18647">
        <ele>411</ele>
        <time>2022-03-17T16:22:37.826Z</time>
      </trkpt>
      <trkpt lat="44.14054" lon="5.18646">
        <ele>411</ele>
        <time>2022-03-17T16:22:38.826Z</time>
      </trkpt>
      <trkpt lat="44.14052" lon="5.18645">
        <ele>412</ele>
        <time>2022-03-17T16:22:39.826Z</time>
      </trkpt>
      <trkpt lat="44.14051" lon="5.18644">
        <ele>412</ele>
        <time>2022-03-17T16:22:40.826Z</time>
      </trkpt>
      <trkpt lat="44.1405" lon="5.18643">
        <ele>412</ele>
        <time>2022-03-17T16:22:41.826Z</time>
      </trkpt>
      <trkpt lat="44.14048" lon="5.18642">
        <ele>412</ele>
        <time>2022-03-17T16:22:42.826Z</time>
      </trkpt>
      <trkpt lat="44.14047" lon="5.18642">
        <ele>412</ele>
        <time>2022-03-17T16:22:43.826Z</time>
      </trkpt>
      <trkpt lat="44.14046" lon="5.18642">
        <ele>412</ele>
        <time>2022-03-17T16:22:44.826Z</time>
      </trkpt>
      <trkpt lat="44.14045" lon="5.18642">
        <ele>412</ele>
        <time>2022-03-17T16:22:45.826Z</time>
      </trkpt>
      <trkpt lat="44.14044" lon="5.18641">
        <ele>412</ele>
        <time>2022-03-17T16:22:46.826Z</time>
      </trkpt>
      <trkpt lat="44.14043" lon="5.18641">
        <ele>412</ele>
        <time>2022-03-17T16:22:47.827Z</time>
      </trkpt>
      <trkpt lat="44.14042" lon="5.18641">
        <ele>411</ele>
        <time>2022-03-17T16:22:48.826Z</time>
      </trkpt>
      <trkpt lat="44.14041" lon="5.18639">
        <ele>411</ele>
        <time>2022-03-17T16:22:49.826Z</time>
      </trkpt>
      <trkpt lat="44.1404" lon="5.18637">
        <ele>411</ele>
        <time>2022-03-17T16:22:50.827Z</time>
      </trkpt>
      <trkpt lat="44.14038" lon="5.18635">
        <ele>410</ele>
        <time>2022-03-17T16:22:51.826Z</time>
      </trkpt>
      <trkpt lat="44.14037" lon="5.18633">
        <ele>410</ele>
        <time>2022-03-17T16:22:52.826Z</time>
      </trkpt>
      <trkpt lat="44.14036" lon="5.18631">
        <ele>409</ele>
        <time>2022-03-17T16:22:53.826Z</time>
      </trkpt>
      <trkpt lat="44.14034" lon="5.18629">
        <ele>409</ele>
        <time>2022-03-17T16:22:54.826Z</time>
      </trkpt>
      <trkpt lat="44.14032" lon="5.18627">
        <ele>409</ele>
        <time>2022-03-17T16:22:55.826Z</time>
      </trkpt>
      <trkpt lat="44.14029" lon="5.18625">
        <ele>409</ele>
        <time>2022-03-17T16:22:56.826Z</time>
      </trkpt>
      <trkpt lat="44.14026" lon="5.18623">
        <ele>409</ele>
        <time>2022-03-17T16:22:57.826Z</time>
      </trkpt>
      <trkpt lat="44.14024" lon="5.18621">
        <ele>409</ele>
        <time>2022-03-17T16:22:58.826Z</time>
      </trkpt>
      <trkpt lat="44.14021" lon="5.18618">
        <ele>409</ele>
        <time>2022-03-17T16:22:59.826Z</time>
      </trkpt>
      <trkpt lat="44.14018" lon="5.18615">
        <ele>409</ele>
        <time>2022-03-17T16:23:00.826Z</time>
      </trkpt>
      <trkpt lat="44.14016" lon="5.18613">
        <ele>409</ele>
        <time>2022-03-17T16:23:01.826Z</time>
      </trkpt>
      <trkpt lat="44.14013" lon="5.18612">
        <ele>409</ele>
        <time>2022-03-17T16:23:02.826Z</time>
      </trkpt>
      <trkpt lat="44.14009" lon="5.18609">
        <ele>409</ele>
        <time>2022-03-17T16:23:03.826Z</time>
      </trkpt>
      <trkpt lat="44.14006" lon="5.18606">
        <ele>409</ele>
        <time>2022-03-17T16:23:04.826Z</time>
      </trkpt>
      <trkpt lat="44.14003" lon="5.18603">
        <ele>409</ele>
        <time>2022-03-17T16:23:05.827Z</time>
      </trkpt>
      <trkpt lat="44.13972" lon="5.1857">
        <ele>408</ele>
        <time>2022-03-17T16:23:17.826Z</time>
      </trkpt>
      <trkpt lat="44.13969" lon="5.18567">
        <ele>408</ele>
        <time>2022-03-17T16:23:18.826Z</time>
      </trkpt>
      <trkpt lat="44.13967" lon="5.18564">
        <ele>408</ele>
        <time>2022-03-17T16:23:19.826Z</time>
      </trkpt>
      <trkpt lat="44.13965" lon="5.18561">
        <ele>408</ele>
        <time>2022-03-17T16:23:20.826Z</time>
      </trkpt>
      <trkpt lat="44.13962" lon="5.18558">
        <ele>408</ele>
        <time>2022-03-17T16:23:21.826Z</time>
      </trkpt>
      <trkpt lat="44.13961" lon="5.18555">
        <ele>408</ele>
        <time>2022-03-17T16:23:22.826Z</time>
      </trkpt>
      <trkpt lat="44.13958" lon="5.18551">
        <ele>409</ele>
        <time>2022-03-17T16:23:23.826Z</time>
      </trkpt>
      <trkpt lat="44.13956" lon="5.18547">
        <ele>409</ele>
        <time>2022-03-17T16:23:24.826Z</time>
      </trkpt>
      <trkpt lat="44.13954" lon="5.18543">
        <ele>409</ele>
        <time>2022-03-17T16:23:25.826Z</time>
      </trkpt>
      <trkpt lat="44.13952" lon="5.1854">
        <ele>409</ele>
        <time>2022-03-17T16:23:26.827Z</time>
      </trkpt>
      <trkpt lat="44.1395" lon="5.18537">
        <ele>409</ele>
        <time>2022-03-17T16:23:27.826Z</time>
      </trkpt>
      <trkpt lat="44.13948" lon="5.18534">
        <ele>410</ele>
        <time>2022-03-17T16:23:28.827Z</time>
      </trkpt>
      <trkpt lat="44.13946" lon="5.18531">
        <ele>410</ele>
        <time>2022-03-17T16:23:29.826Z</time>
      </trkpt>
      <trkpt lat="44.13943" lon="5.18528">
        <ele>410</ele>
        <time>2022-03-17T16:23:30.826Z</time>
      </trkpt>
      <trkpt lat="44.13941" lon="5.18526">
        <ele>410</ele>
        <time>2022-03-17T16:23:31.826Z</time>
      </trkpt>
      <trkpt lat="44.13938" lon="5.18523">
        <ele>409</ele>
        <time>2022-03-17T16:23:32.826Z</time>
      </trkpt>
      <trkpt lat="44.13936" lon="5.1852">
        <ele>409</ele>
        <time>2022-03-17T16:23:33.826Z</time>
      </trkpt>
      <trkpt lat="44.13933" lon="5.18518">
        <ele>409</ele>
        <time>2022-03-17T16:23:34.826Z</time>
      </trkpt>
      <trkpt lat="44.1393" lon="5.18515">
        <ele>409</ele>
        <time>2022-03-17T16:23:35.827Z</time>
      </trkpt>
      <trkpt lat="44.13928" lon="5.18512">
        <ele>408</ele>
        <time>2022-03-17T16:23:36.826Z</time>
      </trkpt>
      <trkpt lat="44.13925" lon="5.18509">
        <ele>408</ele>
        <time>2022-03-17T16:23:37.826Z</time>
      </trkpt>
      <trkpt lat="44.13923" lon="5.18506">
        <ele>408</ele>
        <time>2022-03-17T16:23:38.826Z</time>
      </trkpt>
      <trkpt lat="44.13921" lon="5.18502">
        <ele>408</ele>
        <time>2022-03-17T16:23:39.826Z</time>
      </trkpt>
      <trkpt lat="44.13919" lon="5.185">
        <ele>407</ele>
        <time>2022-03-17T16:23:40.826Z</time>
      </trkpt>
      <trkpt lat="44.13916" lon="5.18496">
        <ele>407</ele>
        <time>2022-03-17T16:23:41.827Z</time>
      </trkpt>
      <trkpt lat="44.13913" lon="5.18492">
        <ele>406</ele>
        <time>2022-03-17T16:23:42.826Z</time>
      </trkpt>
      <trkpt lat="44.13911" lon="5.1849">
        <ele>405</ele>
        <time>2022-03-17T16:23:43.826Z</time>
      </trkpt>
      <trkpt lat="44.13909" lon="5.18487">
        <ele>404</ele>
        <time>2022-03-17T16:23:44.826Z</time>
      </trkpt>
      <trkpt lat="44.13906" lon="5.18484">
        <ele>403</ele>
        <time>2022-03-17T16:23:45.826Z</time>
      </trkpt>
      <trkpt lat="44.13903" lon="5.18481">
        <ele>403</ele>
        <time>2022-03-17T16:23:46.827Z</time>
      </trkpt>
      <trkpt lat="44.13901" lon="5.18479">
        <ele>402</ele>
        <time>2022-03-17T16:23:47.826Z</time>
      </trkpt>
      <trkpt lat="44.13897" lon="5.18477">
        <ele>402</ele>
        <time>2022-03-17T16:23:48.826Z</time>
      </trkpt>
      <trkpt lat="44.13894" lon="5.18475">
        <ele>401</ele>
        <time>2022-03-17T16:23:49.826Z</time>
      </trkpt>
      <trkpt lat="44.13892" lon="5.18473">
        <ele>400</ele>
        <time>2022-03-17T16:23:50.826Z</time>
      </trkpt>
      <trkpt lat="44.13889" lon="5.18472">
        <ele>399</ele>
        <time>2022-03-17T16:23:51.826Z</time>
      </trkpt>
      <trkpt lat="44.13886" lon="5.1847">
        <ele>399</ele>
        <time>2022-03-17T16:23:52.826Z</time>
      </trkpt>
      <trkpt lat="44.13884" lon="5.18468">
        <ele>398</ele>
        <time>2022-03-17T16:23:53.826Z</time>
      </trkpt>
      <trkpt lat="44.13881" lon="5.18467">
        <ele>397</ele>
        <time>2022-03-17T16:23:54.826Z</time>
      </trkpt>
      <trkpt lat="44.13878" lon="5.18465">
        <ele>397</ele>
        <time>2022-03-17T16:23:55.826Z</time>
      </trkpt>
      <trkpt lat="44.13875" lon="5.18464">
        <ele>396</ele>
        <time>2022-03-17T16:23:56.826Z</time>
      </trkpt>
      <trkpt lat="44.13872" lon="5.18462">
        <ele>396</ele>
        <time>2022-03-17T16:23:57.826Z</time>
      </trkpt>
      <trkpt lat="44.13869" lon="5.18461">
        <ele>395</ele>
        <time>2022-03-17T16:23:58.826Z</time>
      </trkpt>
      <trkpt lat="44.13867" lon="5.1846">
        <ele>394</ele>
        <time>2022-03-17T16:23:59.826Z</time>
      </trkpt>
      <trkpt lat="44.13865" lon="5.18459">
        <ele>394</ele>
        <time>2022-03-17T16:24:00.826Z</time>
      </trkpt>
      <trkpt lat="44.13861" lon="5.18458">
        <ele>393</ele>
        <time>2022-03-17T16:24:01.826Z</time>
      </trkpt>
      <trkpt lat="44.13859" lon="5.18456">
        <ele>392</ele>
        <time>2022-03-17T16:24:02.826Z</time>
      </trkpt>
      <trkpt lat="44.13834" lon="5.18443">
        <ele>390</ele>
        <time>2022-03-17T16:24:11.826Z</time>
      </trkpt>
      <trkpt lat="44.13828" lon="5.18442">
        <ele>389</ele>
        <time>2022-03-17T16:24:13.826Z</time>
      </trkpt>
      <trkpt lat="44.13825" lon="5.18442">
        <ele>389</ele>
        <time>2022-03-17T16:24:14.826Z</time>
      </trkpt>
      <trkpt lat="44.13823" lon="5.18442">
        <ele>389</ele>
        <time>2022-03-17T16:24:15.827Z</time>
      </trkpt>
      <trkpt lat="44.1382" lon="5.18442">
        <ele>388</ele>
        <time>2022-03-17T16:24:16.827Z</time>
      </trkpt>
      <trkpt lat="44.13818" lon="5.18441">
        <ele>388</ele>
        <time>2022-03-17T16:24:17.826Z</time>
      </trkpt>
      <trkpt lat="44.13816" lon="5.18441">
        <ele>387</ele>
        <time>2022-03-17T16:24:18.827Z</time>
      </trkpt>
      <trkpt lat="44.13814" lon="5.1844">
        <ele>387</ele>
        <time>2022-03-17T16:24:19.826Z</time>
      </trkpt>
      <trkpt lat="44.13812" lon="5.18439">
        <ele>387</ele>
        <time>2022-03-17T16:24:20.826Z</time>
      </trkpt>
      <trkpt lat="44.13811" lon="5.18439">
        <ele>386</ele>
        <time>2022-03-17T16:24:21.826Z</time>
      </trkpt>
      <trkpt lat="44.13809" lon="5.18438">
        <ele>386</ele>
        <time>2022-03-17T16:24:22.827Z</time>
      </trkpt>
      <trkpt lat="44.13808" lon="5.18437">
        <ele>385</ele>
        <time>2022-03-17T16:24:23.826Z</time>
      </trkpt>
      <trkpt lat="44.13796" lon="5.18431">
        <ele>385</ele>
        <time>2022-03-17T16:24:30.826Z</time>
      </trkpt>
      <trkpt lat="44.13787" lon="5.18421">
        <ele>386</ele>
        <time>2022-03-17T16:24:38.826Z</time>
      </trkpt>
      <trkpt lat="44.1378" lon="5.18407">
        <ele>383</ele>
        <time>2022-03-17T16:27:49.910Z</time>
      </trkpt>
      <trkpt lat="44.13781" lon="5.18407">
        <ele>383</ele>
        <time>2022-03-17T16:27:51.909Z</time>
      </trkpt>
      <trkpt lat="44.13781" lon="5.18408">
        <ele>383</ele>
        <time>2022-03-17T16:27:53.910Z</time>
      </trkpt>
      <trkpt lat="44.13781" lon="5.18409">
        <ele>383</ele>
        <time>2022-03-17T16:27:55.910Z</time>
      </trkpt>
      <trkpt lat="44.13781" lon="5.1841">
        <ele>383</ele>
        <time>2022-03-17T16:27:57.909Z</time>
      </trkpt>
      <trkpt lat="44.1378" lon="5.18407">
        <ele>383</ele>
        <time>2022-03-17T16:28:00.910Z</time>
      </trkpt>
      <trkpt lat="44.13777" lon="5.18403">
        <ele>383</ele>
        <time>2022-03-17T16:28:01.909Z</time>
      </trkpt>
      <trkpt lat="44.13774" lon="5.18399">
        <ele>383</ele>
        <time>2022-03-17T16:28:02.910Z</time>
      </trkpt>
      <trkpt lat="44.1377" lon="5.18396">
        <ele>383</ele>
        <time>2022-03-17T16:28:03.909Z</time>
      </trkpt>
      <trkpt lat="44.13765" lon="5.18391">
        <ele>383</ele>
        <time>2022-03-17T16:28:04.910Z</time>
      </trkpt>
      <trkpt lat="44.1376" lon="5.18387">
        <ele>383</ele>
        <time>2022-03-17T16:28:05.909Z</time>
      </trkpt>
      <trkpt lat="44.13756" lon="5.18382">
        <ele>383</ele>
        <time>2022-03-17T16:28:06.910Z</time>
      </trkpt>
      <trkpt lat="44.13751" lon="5.18378">
        <ele>383</ele>
        <time>2022-03-17T16:28:07.910Z</time>
      </trkpt>
      <trkpt lat="44.13746" lon="5.18375">
        <ele>383</ele>
        <time>2022-03-17T16:28:08.909Z</time>
      </trkpt>
      <trkpt lat="44.13743" lon="5.18372">
        <ele>383</ele>
        <time>2022-03-17T16:28:09.910Z</time>
      </trkpt>
      <trkpt lat="44.1374" lon="5.18369">
        <ele>383</ele>
        <time>2022-03-17T16:28:10.910Z</time>
      </trkpt>
      <trkpt lat="44.13737" lon="5.18367">
        <ele>383</ele>
        <time>2022-03-17T16:28:11.909Z</time>
      </trkpt>
      <trkpt lat="44.13736" lon="5.18366">
        <ele>383</ele>
        <time>2022-03-17T16:28:12.910Z</time>
      </trkpt>
      <trkpt lat="44.13734" lon="5.18365">
        <ele>383</ele>
        <time>2022-03-17T16:28:13.909Z</time>
      </trkpt>
      <trkpt lat="44.13734" lon="5.18366">
        <ele>383</ele>
        <time>2022-03-17T16:28:14.910Z</time>
      </trkpt>
      <trkpt lat="44.13734" lon="5.18367">
        <ele>384</ele>
        <time>2022-03-17T16:28:18.909Z</time>
      </trkpt>
      <trkpt lat="44.13734" lon="5.18366">
        <ele>384</ele>
        <time>2022-03-17T16:28:21.910Z</time>
      </trkpt>
      <trkpt lat="44.13734" lon="5.18365">
        <ele>384</ele>
        <time>2022-03-17T16:28:23.910Z</time>
      </trkpt>
      <trkpt lat="44.13735" lon="5.18365">
        <ele>384</ele>
        <time>2022-03-17T16:28:24.909Z</time>
      </trkpt>
      <trkpt lat="44.13735" lon="5.18366">
        <ele>384</ele>
        <time>2022-03-17T16:28:25.909Z</time>
      </trkpt>
      <trkpt lat="44.13734" lon="5.18366">
        <ele>381</ele>
        <time>2022-03-17T16:28:43.909Z</time>
      </trkpt>
      <trkpt lat="44.13734" lon="5.18367">
        <ele>380</ele>
        <time>2022-03-17T16:28:51.910Z</time>
      </trkpt>
      <trkpt lat="44.13734" lon="5.18367">
        <ele>380</ele>
        <time>2022-03-17T16:28:57.910Z</time>
      </trkpt>
      <trkpt lat="44.13734" lon="5.18368">
        <ele>380</ele>
        <time>2022-03-17T16:28:59.910Z</time>
      </trkpt>
      <trkpt lat="44.13734" lon="5.18369">
        <ele>380</ele>
        <time>2022-03-17T16:29:02.910Z</time>
      </trkpt>
      <trkpt lat="44.13735" lon="5.18369">
        <ele>380</ele>
        <time>2022-03-17T16:29:22.909Z</time>
      </trkpt>
      <trkpt lat="44.13735" lon="5.18369">
        <ele>380</ele>
        <time>2022-03-17T16:29:23.910Z</time>
      </trkpt>
      <trkpt lat="44.13736" lon="5.18369">
        <ele>380</ele>
        <time>2022-03-17T16:29:26.910Z</time>
      </trkpt>
      <trkpt lat="44.13736" lon="5.18368">
        <ele>380</ele>
        <time>2022-03-17T16:29:28.910Z</time>
      </trkpt>
      <trkpt lat="44.13736" lon="5.18367">
        <ele>380</ele>
        <time>2022-03-17T16:29:34.910Z</time>
      </trkpt>
      <trkpt lat="44.13736" lon="5.18366">
        <ele>380</ele>
        <time>2022-03-17T16:29:36.910Z</time>
      </trkpt>
      <trkpt lat="44.13736" lon="5.18365">
        <ele>380</ele>
        <time>2022-03-17T16:29:51.909Z</time>
      </trkpt>
      <trkpt lat="44.13735" lon="5.18366">
        <ele>380</ele>
        <time>2022-03-17T16:29:57.909Z</time>
      </trkpt>
      <trkpt lat="44.13735" lon="5.18366">
        <ele>380</ele>
        <time>2022-03-17T16:30:01.910Z</time>
      </trkpt>
      <trkpt lat="44.13735" lon="5.18367">
        <ele>380</ele>
        <time>2022-03-17T16:30:16.910Z</time>
      </trkpt>
      <trkpt lat="44.13735" lon="5.18367">
        <ele>380</ele>
        <time>2022-03-17T16:30:24.910Z</time>
      </trkpt>
      <trkpt lat="44.13735" lon="5.18368">
        <ele>380</ele>
        <time>2022-03-17T16:30:28.910Z</time>
      </trkpt>
      <trkpt lat="44.13735" lon="5.18369">
        <ele>380</ele>
        <time>2022-03-17T16:30:44.910Z</time>
      </trkpt>
      <trkpt lat="44.13735" lon="5.18369">
        <ele>380</ele>
        <time>2022-03-17T16:30:46.910Z</time>
      </trkpt>
      <trkpt lat="44.13736" lon="5.18369">
        <ele>380</ele>
        <time>2022-03-17T16:30:50.909Z</time>
      </trkpt>
      <trkpt lat="44.13736" lon="5.1837">
        <ele>380</ele>
        <time>2022-03-17T16:30:52.909Z</time>
      </trkpt>
      <trkpt lat="44.13736" lon="5.18371">
        <ele>380</ele>
        <time>2022-03-17T16:31:00.910Z</time>
      </trkpt>
      <trkpt lat="44.13737" lon="5.18371">
        <ele>380</ele>
        <time>2022-03-17T16:31:01.910Z</time>
      </trkpt>
      <trkpt lat="44.13738" lon="5.18371">
        <ele>380</ele>
        <time>2022-03-17T16:31:05.909Z</time>
      </trkpt>
      <trkpt lat="44.13738" lon="5.1837">
        <ele>380</ele>
        <time>2022-03-17T16:31:16.910Z</time>
      </trkpt>
      <trkpt lat="44.13738" lon="5.1837">
        <ele>380</ele>
        <time>2022-03-17T16:31:20.910Z</time>
      </trkpt>
      <trkpt lat="44.13737" lon="5.1837">
        <ele>380</ele>
        <time>2022-03-17T16:31:23.909Z</time>
      </trkpt>
      <trkpt lat="44.13737" lon="5.18369">
        <ele>380</ele>
        <time>2022-03-17T16:31:30.909Z</time>
      </trkpt>
      <trkpt lat="44.13736" lon="5.18369">
        <ele>380</ele>
        <time>2022-03-17T16:31:35.910Z</time>
      </trkpt>
      <trkpt lat="44.13736" lon="5.18368">
        <ele>381</ele>
        <time>2022-03-17T16:31:49.909Z</time>
      </trkpt>
      <trkpt lat="44.13735" lon="5.18367">
        <ele>380</ele>
        <time>2022-03-17T16:31:53.910Z</time>
      </trkpt>
      <trkpt lat="44.13734" lon="5.18366">
        <ele>380</ele>
        <time>2022-03-17T16:31:54.910Z</time>
      </trkpt>
      <trkpt lat="44.13732" lon="5.18364">
        <ele>380</ele>
        <time>2022-03-17T16:31:55.909Z</time>
      </trkpt>
      <trkpt lat="44.1373" lon="5.18362">
        <ele>381</ele>
        <time>2022-03-17T16:31:56.909Z</time>
      </trkpt>
      <trkpt lat="44.13728" lon="5.1836">
        <ele>381</ele>
        <time>2022-03-17T16:31:57.910Z</time>
      </trkpt>
      <trkpt lat="44.13725" lon="5.18356">
        <ele>381</ele>
        <time>2022-03-17T16:31:58.910Z</time>
      </trkpt>
      <trkpt lat="44.13722" lon="5.18354">
        <ele>381</ele>
        <time>2022-03-17T16:31:59.909Z</time>
      </trkpt>
      <trkpt lat="44.13718" lon="5.18351">
        <ele>381</ele>
        <time>2022-03-17T16:32:00.910Z</time>
      </trkpt>
      <trkpt lat="44.13715" lon="5.18348">
        <ele>381</ele>
        <time>2022-03-17T16:32:01.910Z</time>
      </trkpt>
      <trkpt lat="44.13711" lon="5.18344">
        <ele>380</ele>
        <time>2022-03-17T16:32:02.910Z</time>
      </trkpt>
      <trkpt lat="44.13706" lon="5.18341">
        <ele>380</ele>
        <time>2022-03-17T16:32:03.910Z</time>
      </trkpt>
      <trkpt lat="44.13702" lon="5.18337">
        <ele>380</ele>
        <time>2022-03-17T16:32:04.910Z</time>
      </trkpt>
      <trkpt lat="44.13697" lon="5.18334">
        <ele>380</ele>
        <time>2022-03-17T16:32:05.909Z</time>
      </trkpt>
      <trkpt lat="44.13692" lon="5.1833">
        <ele>380</ele>
        <time>2022-03-17T16:32:06.909Z</time>
      </trkpt>
      <trkpt lat="44.13686" lon="5.18326">
        <ele>380</ele>
        <time>2022-03-17T16:32:07.909Z</time>
      </trkpt>
      <trkpt lat="44.13681" lon="5.18323">
        <ele>379</ele>
        <time>2022-03-17T16:32:08.910Z</time>
      </trkpt>
      <trkpt lat="44.13675" lon="5.1832">
        <ele>379</ele>
        <time>2022-03-17T16:32:09.910Z</time>
      </trkpt>
      <trkpt lat="44.1367" lon="5.18316">
        <ele>379</ele>
        <time>2022-03-17T16:32:10.910Z</time>
      </trkpt>
      <trkpt lat="44.13664" lon="5.18312">
        <ele>379</ele>
        <time>2022-03-17T16:32:11.910Z</time>
      </trkpt>
      <trkpt lat="44.13658" lon="5.18308">
        <ele>379</ele>
        <time>2022-03-17T16:32:12.909Z</time>
      </trkpt>
      <trkpt lat="44.13652" lon="5.18303">
        <ele>378</ele>
        <time>2022-03-17T16:32:13.909Z</time>
      </trkpt>
      <trkpt lat="44.13646" lon="5.18299">
        <ele>378</ele>
        <time>2022-03-17T16:32:14.909Z</time>
      </trkpt>
      <trkpt lat="44.1364" lon="5.18294">
        <ele>378</ele>
        <time>2022-03-17T16:32:15.909Z</time>
      </trkpt>
      <trkpt lat="44.13634" lon="5.1829">
        <ele>378</ele>
        <time>2022-03-17T16:32:16.910Z</time>
      </trkpt>
      <trkpt lat="44.13627" lon="5.18285">
        <ele>378</ele>
        <time>2022-03-17T16:32:17.910Z</time>
      </trkpt>
      <trkpt lat="44.13621" lon="5.1828">
        <ele>378</ele>
        <time>2022-03-17T16:32:18.910Z</time>
      </trkpt>
      <trkpt lat="44.13614" lon="5.18275">
        <ele>377</ele>
        <time>2022-03-17T16:32:19.910Z</time>
      </trkpt>
      <trkpt lat="44.13608" lon="5.18271">
        <ele>377</ele>
        <time>2022-03-17T16:32:20.910Z</time>
      </trkpt>
      <trkpt lat="44.13601" lon="5.18266">
        <ele>377</ele>
        <time>2022-03-17T16:32:21.909Z</time>
      </trkpt>
      <trkpt lat="44.13593" lon="5.18259">
        <ele>376</ele>
        <time>2022-03-17T16:32:22.910Z</time>
      </trkpt>
      <trkpt lat="44.13586" lon="5.18254">
        <ele>376</ele>
        <time>2022-03-17T16:32:23.910Z</time>
      </trkpt>
      <trkpt lat="44.13579" lon="5.18248">
        <ele>375</ele>
        <time>2022-03-17T16:32:24.910Z</time>
      </trkpt>
      <trkpt lat="44.13574" lon="5.18244">
        <ele>375</ele>
        <time>2022-03-17T16:32:25.910Z</time>
      </trkpt>
      <trkpt lat="44.13566" lon="5.18239">
        <ele>374</ele>
        <time>2022-03-17T16:32:26.910Z</time>
      </trkpt>
      <trkpt lat="44.1356" lon="5.18236">
        <ele>374</ele>
        <time>2022-03-17T16:32:27.910Z</time>
      </trkpt>
      <trkpt lat="44.13555" lon="5.18234">
        <ele>374</ele>
        <time>2022-03-17T16:32:28.910Z</time>
      </trkpt>
      <trkpt lat="44.13535" lon="5.18228">
        <ele>369</ele>
        <time>2022-03-17T16:33:00.910Z</time>
      </trkpt>
      <trkpt lat="44.13532" lon="5.18226">
        <ele>371</ele>
        <time>2022-03-17T16:33:57.910Z</time>
      </trkpt>
      <trkpt lat="44.13538" lon="5.18227">
        <ele>371</ele>
        <time>2022-03-17T16:34:53.910Z</time>
      </trkpt>
      <trkpt lat="44.13541" lon="5.18226">
        <ele>371</ele>
        <time>2022-03-17T16:35:57.910Z</time>
      </trkpt>
      <trkpt lat="44.13533" lon="5.18223">
        <ele>376</ele>
        <time>2022-03-17T16:37:06.909Z</time>
      </trkpt>
      <trkpt lat="44.13531" lon="5.18223">
        <ele>377</ele>
        <time>2022-03-17T16:38:32.910Z</time>
      </trkpt>
      <trkpt lat="44.13518" lon="5.18219">
        <ele>373</ele>
        <time>2022-03-17T16:39:13.910Z</time>
      </trkpt>
      <trkpt lat="44.13513" lon="5.18216">
        <ele>372</ele>
        <time>2022-03-17T16:39:14.910Z</time>
      </trkpt>
      <trkpt lat="44.13509" lon="5.18213">
        <ele>372</ele>
        <time>2022-03-17T16:39:15.910Z</time>
      </trkpt>
      <trkpt lat="44.13504" lon="5.18211">
        <ele>371</ele>
        <time>2022-03-17T16:39:16.910Z</time>
      </trkpt>
      <trkpt lat="44.135" lon="5.18208">
        <ele>371</ele>
        <time>2022-03-17T16:39:17.910Z</time>
      </trkpt>
      <trkpt lat="44.13497" lon="5.18206">
        <ele>370</ele>
        <time>2022-03-17T16:39:18.910Z</time>
      </trkpt>
      <trkpt lat="44.13494" lon="5.18204">
        <ele>370</ele>
        <time>2022-03-17T16:39:19.910Z</time>
      </trkpt>
      <trkpt lat="44.1349" lon="5.182">
        <ele>370</ele>
        <time>2022-03-17T16:39:20.909Z</time>
      </trkpt>
      <trkpt lat="44.13485" lon="5.18196">
        <ele>370</ele>
        <time>2022-03-17T16:39:21.910Z</time>
      </trkpt>
      <trkpt lat="44.1348" lon="5.18192">
        <ele>370</ele>
        <time>2022-03-17T16:39:22.910Z</time>
      </trkpt>
      <trkpt lat="44.13473" lon="5.18187">
        <ele>370</ele>
        <time>2022-03-17T16:39:23.910Z</time>
      </trkpt>
      <trkpt lat="44.13468" lon="5.18182">
        <ele>370</ele>
        <time>2022-03-17T16:39:24.909Z</time>
      </trkpt>
      <trkpt lat="44.13463" lon="5.18178">
        <ele>369</ele>
        <time>2022-03-17T16:39:25.910Z</time>
      </trkpt>
      <trkpt lat="44.13457" lon="5.18173">
        <ele>369</ele>
        <time>2022-03-17T16:39:26.909Z</time>
      </trkpt>
      <trkpt lat="44.13453" lon="5.1817">
        <ele>368</ele>
        <time>2022-03-17T16:39:27.910Z</time>
      </trkpt>
      <trkpt lat="44.13448" lon="5.18167">
        <ele>368</ele>
        <time>2022-03-17T16:39:28.910Z</time>
      </trkpt>
      <trkpt lat="44.13443" lon="5.18165">
        <ele>368</ele>
        <time>2022-03-17T16:39:29.910Z</time>
      </trkpt>
      <trkpt lat="44.13438" lon="5.18165">
        <ele>367</ele>
        <time>2022-03-17T16:39:30.909Z</time>
      </trkpt>
      <trkpt lat="44.13433" lon="5.18164">
        <ele>367</ele>
        <time>2022-03-17T16:39:31.910Z</time>
      </trkpt>
      <trkpt lat="44.13428" lon="5.18162">
        <ele>367</ele>
        <time>2022-03-17T16:39:32.909Z</time>
      </trkpt>
      <trkpt lat="44.13423" lon="5.1816">
        <ele>366</ele>
        <time>2022-03-17T16:39:33.910Z</time>
      </trkpt>
      <trkpt lat="44.13418" lon="5.18158">
        <ele>366</ele>
        <time>2022-03-17T16:39:34.910Z</time>
      </trkpt>
      <trkpt lat="44.13413" lon="5.18155">
        <ele>366</ele>
        <time>2022-03-17T16:39:35.910Z</time>
      </trkpt>
      <trkpt lat="44.13408" lon="5.18152">
        <ele>365</ele>
        <time>2022-03-17T16:39:36.910Z</time>
      </trkpt>
      <trkpt lat="44.13403" lon="5.1815">
        <ele>365</ele>
        <time>2022-03-17T16:39:37.910Z</time>
      </trkpt>
      <trkpt lat="44.13396" lon="5.18148">
        <ele>365</ele>
        <time>2022-03-17T16:39:38.910Z</time>
      </trkpt>
      <trkpt lat="44.13391" lon="5.18148">
        <ele>365</ele>
        <time>2022-03-17T16:39:39.909Z</time>
      </trkpt>
      <trkpt lat="44.13386" lon="5.18146">
        <ele>365</ele>
        <time>2022-03-17T16:39:40.909Z</time>
      </trkpt>
      <trkpt lat="44.13382" lon="5.18146">
        <ele>364</ele>
        <time>2022-03-17T16:39:41.910Z</time>
      </trkpt>
      <trkpt lat="44.1334" lon="5.18158">
        <ele>368</ele>
        <time>2022-03-17T16:45:11.909Z</time>
      </trkpt>
      <trkpt lat="44.13338" lon="5.18158">
        <ele>368</ele>
        <time>2022-03-17T16:45:12.909Z</time>
      </trkpt>
      <trkpt lat="44.13336" lon="5.18159">
        <ele>369</ele>
        <time>2022-03-17T16:45:13.910Z</time>
      </trkpt>
      <trkpt lat="44.13333" lon="5.1816">
        <ele>370</ele>
        <time>2022-03-17T16:45:14.910Z</time>
      </trkpt>
      <trkpt lat="44.1333" lon="5.18161">
        <ele>370</ele>
        <time>2022-03-17T16:45:15.910Z</time>
      </trkpt>
      <trkpt lat="44.13328" lon="5.18162">
        <ele>371</ele>
        <time>2022-03-17T16:45:16.910Z</time>
      </trkpt>
      <trkpt lat="44.13325" lon="5.18162">
        <ele>371</ele>
        <time>2022-03-17T16:45:17.909Z</time>
      </trkpt>
      <trkpt lat="44.13322" lon="5.18163">
        <ele>372</ele>
        <time>2022-03-17T16:45:18.910Z</time>
      </trkpt>
      <trkpt lat="44.1332" lon="5.18163">
        <ele>372</ele>
        <time>2022-03-17T16:45:19.910Z</time>
      </trkpt>
      <trkpt lat="44.13317" lon="5.18163">
        <ele>373</ele>
        <time>2022-03-17T16:45:20.909Z</time>
      </trkpt>
      <trkpt lat="44.13315" lon="5.18163">
        <ele>373</ele>
        <time>2022-03-17T16:45:21.910Z</time>
      </trkpt>
      <trkpt lat="44.13313" lon="5.18164">
        <ele>372</ele>
        <time>2022-03-17T16:45:22.909Z</time>
      </trkpt>
      <trkpt lat="44.13311" lon="5.18164">
        <ele>372</ele>
        <time>2022-03-17T16:45:23.909Z</time>
      </trkpt>
      <trkpt lat="44.13309" lon="5.18165">
        <ele>372</ele>
        <time>2022-03-17T16:45:24.909Z</time>
      </trkpt>
      <trkpt lat="44.13307" lon="5.18166">
        <ele>371</ele>
        <time>2022-03-17T16:45:25.910Z</time>
      </trkpt>
      <trkpt lat="44.13305" lon="5.18168">
        <ele>371</ele>
        <time>2022-03-17T16:45:26.909Z</time>
      </trkpt>
      <trkpt lat="44.13303" lon="5.18169">
        <ele>371</ele>
        <time>2022-03-17T16:45:27.909Z</time>
      </trkpt>
      <trkpt lat="44.13301" lon="5.18171">
        <ele>370</ele>
        <time>2022-03-17T16:45:28.909Z</time>
      </trkpt>
      <trkpt lat="44.13299" lon="5.18173">
        <ele>370</ele>
        <time>2022-03-17T16:45:29.910Z</time>
      </trkpt>
      <trkpt lat="44.13297" lon="5.18174">
        <ele>370</ele>
        <time>2022-03-17T16:45:30.910Z</time>
      </trkpt>
      <trkpt lat="44.13296" lon="5.18175">
        <ele>371</ele>
        <time>2022-03-17T16:45:31.910Z</time>
      </trkpt>
      <trkpt lat="44.13283" lon="5.1819">
        <ele>376</ele>
        <time>2022-03-17T16:46:13.909Z</time>
      </trkpt>
      <trkpt lat="44.1328" lon="5.1819">
        <ele>376</ele>
        <time>2022-03-17T16:47:12.909Z</time>
      </trkpt>
      <trkpt lat="44.13282" lon="5.1819">
        <ele>376</ele>
        <time>2022-03-17T16:48:14.910Z</time>
      </trkpt>
      <trkpt lat="44.1328" lon="5.18191">
        <ele>376</ele>
        <time>2022-03-17T16:48:51.910Z</time>
      </trkpt>
      <trkpt lat="44.13183" lon="5.18129">
        <ele>383</ele>
        <time>2022-03-17T17:02:26.162Z</time>
      </trkpt>
      <trkpt lat="44.13178" lon="5.18129">
        <ele>383</ele>
        <time>2022-03-17T17:02:27.163Z</time>
      </trkpt>
      <trkpt lat="44.13171" lon="5.18129">
        <ele>383</ele>
        <time>2022-03-17T17:02:28.163Z</time>
      </trkpt>
      <trkpt lat="44.13164" lon="5.18129">
        <ele>382</ele>
        <time>2022-03-17T17:02:29.163Z</time>
      </trkpt>
      <trkpt lat="44.13158" lon="5.18128">
        <ele>382</ele>
        <time>2022-03-17T17:02:30.163Z</time>
      </trkpt>
      <trkpt lat="44.13152" lon="5.18127">
        <ele>382</ele>
        <time>2022-03-17T17:02:31.163Z</time>
      </trkpt>
      <trkpt lat="44.13144" lon="5.18126">
        <ele>382</ele>
        <time>2022-03-17T17:02:32.162Z</time>
      </trkpt>
      <trkpt lat="44.13137" lon="5.18126">
        <ele>381</ele>
        <time>2022-03-17T17:02:33.163Z</time>
      </trkpt>
      <trkpt lat="44.13131" lon="5.18126">
        <ele>381</ele>
        <time>2022-03-17T17:02:34.162Z</time>
      </trkpt>
      <trkpt lat="44.13121" lon="5.18125">
        <ele>380</ele>
        <time>2022-03-17T17:02:35.163Z</time>
      </trkpt>
      <trkpt lat="44.13113" lon="5.18125">
        <ele>380</ele>
        <time>2022-03-17T17:02:36.163Z</time>
      </trkpt>
      <trkpt lat="44.13106" lon="5.18126">
        <ele>379</ele>
        <time>2022-03-17T17:02:37.162Z</time>
      </trkpt>
      <trkpt lat="44.13099" lon="5.18128">
        <ele>379</ele>
        <time>2022-03-17T17:02:38.163Z</time>
      </trkpt>
      <trkpt lat="44.13092" lon="5.18129">
        <ele>378</ele>
        <time>2022-03-17T17:02:39.162Z</time>
      </trkpt>
      <trkpt lat="44.13085" lon="5.1813">
        <ele>378</ele>
        <time>2022-03-17T17:02:40.162Z</time>
      </trkpt>
      <trkpt lat="44.1308" lon="5.18131">
        <ele>377</ele>
        <time>2022-03-17T17:02:41.163Z</time>
      </trkpt>
      <trkpt lat="44.13073" lon="5.1813">
        <ele>376</ele>
        <time>2022-03-17T17:02:42.163Z</time>
      </trkpt>
      <trkpt lat="44.13067" lon="5.18128">
        <ele>376</ele>
        <time>2022-03-17T17:02:43.163Z</time>
      </trkpt>
      <trkpt lat="44.13059" lon="5.18125">
        <ele>375</ele>
        <time>2022-03-17T17:02:44.163Z</time>
      </trkpt>
      <trkpt lat="44.13051" lon="5.18121">
        <ele>375</ele>
        <time>2022-03-17T17:02:45.162Z</time>
      </trkpt>
      <trkpt lat="44.13042" lon="5.18117">
        <ele>374</ele>
        <time>2022-03-17T17:02:46.162Z</time>
      </trkpt>
      <trkpt lat="44.13033" lon="5.18112">
        <ele>374</ele>
        <time>2022-03-17T17:02:47.163Z</time>
      </trkpt>
      <trkpt lat="44.13024" lon="5.18108">
        <ele>374</ele>
        <time>2022-03-17T17:02:48.163Z</time>
      </trkpt>
      <trkpt lat="44.13017" lon="5.18103">
        <ele>373</ele>
        <time>2022-03-17T17:02:49.163Z</time>
      </trkpt>
      <trkpt lat="44.13008" lon="5.18097">
        <ele>373</ele>
        <time>2022-03-17T17:02:50.163Z</time>
      </trkpt>
      <trkpt lat="44.12996" lon="5.18089">
        <ele>372</ele>
        <time>2022-03-17T17:02:51.162Z</time>
      </trkpt>
      <trkpt lat="44.12986" lon="5.18082">
        <ele>371</ele>
        <time>2022-03-17T17:02:52.163Z</time>
      </trkpt>
      <trkpt lat="44.12976" lon="5.18076">
        <ele>370</ele>
        <time>2022-03-17T17:02:53.162Z</time>
      </trkpt>
      <trkpt lat="44.12967" lon="5.1807">
        <ele>370</ele>
        <time>2022-03-17T17:02:54.162Z</time>
      </trkpt>
      <trkpt lat="44.12957" lon="5.18063">
        <ele>369</ele>
        <time>2022-03-17T17:02:55.163Z</time>
      </trkpt>
      <trkpt lat="44.12946" lon="5.18056">
        <ele>367</ele>
        <time>2022-03-17T17:02:56.163Z</time>
      </trkpt>
      <trkpt lat="44.12935" lon="5.18048">
        <ele>366</ele>
        <time>2022-03-17T17:02:57.163Z</time>
      </trkpt>
      <trkpt lat="44.12925" lon="5.18042">
        <ele>365</ele>
        <time>2022-03-17T17:02:58.163Z</time>
      </trkpt>
      <trkpt lat="44.12915" lon="5.18036">
        <ele>364</ele>
        <time>2022-03-17T17:02:59.163Z</time>
      </trkpt>
      <trkpt lat="44.12906" lon="5.18032">
        <ele>363</ele>
        <time>2022-03-17T17:03:00.162Z</time>
      </trkpt>
      <trkpt lat="44.12899" lon="5.18029">
        <ele>363</ele>
        <time>2022-03-17T17:03:01.163Z</time>
      </trkpt>
      <trkpt lat="44.12866" lon="5.18009">
        <ele>359</ele>
        <time>2022-03-17T17:03:05.162Z</time>
      </trkpt>
      <trkpt lat="44.12827" lon="5.17968">
        <ele>332</ele>
        <time>2022-03-17T17:14:47.163Z</time>
      </trkpt>
      <trkpt lat="44.12812" lon="5.17968">
        <ele>326</ele>
        <time>2022-03-17T17:21:39.445Z</time>
      </trkpt>
      <trkpt lat="44.12807" lon="5.17968">
        <ele>326</ele>
        <time>2022-03-17T17:21:40.446Z</time>
      </trkpt>
      <trkpt lat="44.12801" lon="5.17968">
        <ele>325</ele>
        <time>2022-03-17T17:21:41.446Z</time>
      </trkpt>
      <trkpt lat="44.12795" lon="5.17967">
        <ele>325</ele>
        <time>2022-03-17T17:21:42.446Z</time>
      </trkpt>
      <trkpt lat="44.12787" lon="5.17966">
        <ele>325</ele>
        <time>2022-03-17T17:21:43.446Z</time>
      </trkpt>
      <trkpt lat="44.1278" lon="5.17965">
        <ele>325</ele>
        <time>2022-03-17T17:21:44.446Z</time>
      </trkpt>
      <trkpt lat="44.12773" lon="5.17963">
        <ele>325</ele>
        <time>2022-03-17T17:21:45.445Z</time>
      </trkpt>
      <trkpt lat="44.12767" lon="5.17961">
        <ele>325</ele>
        <time>2022-03-17T17:21:46.445Z</time>
      </trkpt>
      <trkpt lat="44.1276" lon="5.17959">
        <ele>325</ele>
        <time>2022-03-17T17:21:47.446Z</time>
      </trkpt>
      <trkpt lat="44.12751" lon="5.17956">
        <ele>325</ele>
        <time>2022-03-17T17:21:48.446Z</time>
      </trkpt>
      <trkpt lat="44.12745" lon="5.17954">
        <ele>325</ele>
        <time>2022-03-17T17:21:49.446Z</time>
      </trkpt>
      <trkpt lat="44.12737" lon="5.17951">
        <ele>325</ele>
        <time>2022-03-17T17:21:50.445Z</time>
      </trkpt>
      <trkpt lat="44.12729" lon="5.17948">
        <ele>326</ele>
        <time>2022-03-17T17:21:51.446Z</time>
      </trkpt>
      <trkpt lat="44.12721" lon="5.17945">
        <ele>326</ele>
        <time>2022-03-17T17:21:52.445Z</time>
      </trkpt>
      <trkpt lat="44.1271" lon="5.17941">
        <ele>325</ele>
        <time>2022-03-17T17:21:53.446Z</time>
      </trkpt>
      <trkpt lat="44.12704" lon="5.17938">
        <ele>325</ele>
        <time>2022-03-17T17:21:54.446Z</time>
      </trkpt>
      <trkpt lat="44.12695" lon="5.17935">
        <ele>325</ele>
        <time>2022-03-17T17:21:55.446Z</time>
      </trkpt>
      <trkpt lat="44.12686" lon="5.17932">
        <ele>324</ele>
        <time>2022-03-17T17:21:56.446Z</time>
      </trkpt>
      <trkpt lat="44.12676" lon="5.17928">
        <ele>324</ele>
        <time>2022-03-17T17:21:57.446Z</time>
      </trkpt>
      <trkpt lat="44.12669" lon="5.17926">
        <ele>323</ele>
        <time>2022-03-17T17:21:58.445Z</time>
      </trkpt>
      <trkpt lat="44.12663" lon="5.17924">
        <ele>323</ele>
        <time>2022-03-17T17:21:59.446Z</time>
      </trkpt>
      <trkpt lat="44.12657" lon="5.17923">
        <ele>323</ele>
        <time>2022-03-17T17:22:00.446Z</time>
      </trkpt>
      <trkpt lat="44.12653" lon="5.17921">
        <ele>322</ele>
        <time>2022-03-17T17:22:01.446Z</time>
      </trkpt>
      <trkpt lat="44.12649" lon="5.1792">
        <ele>322</ele>
        <time>2022-03-17T17:22:02.446Z</time>
      </trkpt>
      <trkpt lat="44.12646" lon="5.17919">
        <ele>322</ele>
        <time>2022-03-17T17:22:03.446Z</time>
      </trkpt>
      <trkpt lat="44.12644" lon="5.17919">
        <ele>322</ele>
        <time>2022-03-17T17:22:04.446Z</time>
      </trkpt>
      <trkpt lat="44.12642" lon="5.1792">
        <ele>322</ele>
        <time>2022-03-17T17:22:05.445Z</time>
      </trkpt>
      <trkpt lat="44.1264" lon="5.1792">
        <ele>322</ele>
        <time>2022-03-17T17:22:06.446Z</time>
      </trkpt>
      <trkpt lat="44.12638" lon="5.1792">
        <ele>321</ele>
        <time>2022-03-17T17:22:07.446Z</time>
      </trkpt>
      <trkpt lat="44.12636" lon="5.17919">
        <ele>321</ele>
        <time>2022-03-17T17:22:08.445Z</time>
      </trkpt>
      <trkpt lat="44.12633" lon="5.17918">
        <ele>320</ele>
        <time>2022-03-17T17:22:09.445Z</time>
      </trkpt>
      <trkpt lat="44.12631" lon="5.17918">
        <ele>320</ele>
        <time>2022-03-17T17:22:10.446Z</time>
      </trkpt>
      <trkpt lat="44.12628" lon="5.17917">
        <ele>320</ele>
        <time>2022-03-17T17:22:11.446Z</time>
      </trkpt>
      <trkpt lat="44.12625" lon="5.17917">
        <ele>320</ele>
        <time>2022-03-17T17:22:12.446Z</time>
      </trkpt>
      <trkpt lat="44.12622" lon="5.17916">
        <ele>319</ele>
        <time>2022-03-17T17:22:13.445Z</time>
      </trkpt>
      <trkpt lat="44.12619" lon="5.17915">
        <ele>319</ele>
        <time>2022-03-17T17:22:14.446Z</time>
      </trkpt>
      <trkpt lat="44.12618" lon="5.17915">
        <ele>319</ele>
        <time>2022-03-17T17:22:15.446Z</time>
      </trkpt>
      <trkpt lat="44.12616" lon="5.17914">
        <ele>318</ele>
        <time>2022-03-17T17:22:16.446Z</time>
      </trkpt>
      <trkpt lat="44.12615" lon="5.17914">
        <ele>318</ele>
        <time>2022-03-17T17:22:18.446Z</time>
      </trkpt>
      <trkpt lat="44.12615" lon="5.17913">
        <ele>318</ele>
        <time>2022-03-17T17:22:19.445Z</time>
      </trkpt>
      <trkpt lat="44.12615" lon="5.17912">
        <ele>317</ele>
        <time>2022-03-17T17:22:22.446Z</time>
      </trkpt>
      <trkpt lat="44.12615" lon="5.17913">
        <ele>316</ele>
        <time>2022-03-17T17:22:25.446Z</time>
      </trkpt>
      <trkpt lat="44.12616" lon="5.17913">
        <ele>316</ele>
        <time>2022-03-17T17:22:28.446Z</time>
      </trkpt>
      <trkpt lat="44.12616" lon="5.17914">
        <ele>318</ele>
        <time>2022-03-17T17:22:34.446Z</time>
      </trkpt>
      <trkpt lat="44.12616" lon="5.17914">
        <ele>318</ele>
        <time>2022-03-17T17:22:35.446Z</time>
      </trkpt>
    </trkseg>
  </trk>
</gpx>