<?xml version="1.0" encoding="UTF-8"?>
<gpx creator="StravaGPX" version="1.1" xmlns="http://www.topografix.com/GPX/1/1" xmlns:xsi="http://www.w3.org/2001/XMLSchema-instance" xsi:schemaLocation="http://www.topografix.com/GPX/1/1 http://www.topografix.com/GPX/1/1/gpx.xsd">
 <trk>
  <name>BT avec David</name>
  <type>running</type>
  <trkseg>
   <trkpt lat="44.0181020" lon="5.1054370">
    <ele>135.4</ele>
   </trkpt>
   <trkpt lat="44.0180950" lon="5.1054680">
    <ele>135.6</ele>
   </trkpt>
   <trkpt lat="44.0180830" lon="5.1055040">
    <ele>135.6</ele>
   </trkpt>
   <trkpt lat="44.0180740" lon="5.1055320">
    <ele>135.6</ele>
   </trkpt>
   <trkpt lat="44.0180630" lon="5.1055750">
    <ele>135.6</ele>
   </trkpt>
   <trkpt lat="44.0180540" lon="5.1056080">
    <ele>135.8</ele>
   </trkpt>
   <trkpt lat="44.0180460" lon="5.1056440">
    <ele>135.8</ele>
   </trkpt>
   <trkpt lat="44.0180370" lon="5.1056810">
    <ele>135.8</ele>
   </trkpt>
   <trkpt lat="44.0180310" lon="5.1057140">
    <ele>135.8</ele>
   </trkpt>
   <trkpt lat="44.0180180" lon="5.1057460">
    <ele>135.8</ele>
   </trkpt>
   <trkpt lat="44.0180060" lon="5.1057760">
    <ele>135.8</ele>
   </trkpt>
   <trkpt lat="44.0179940" lon="5.1058090">
    <ele>136.0</ele>
   </trkpt>
   <trkpt lat="44.0179870" lon="5.1058380">
    <ele>136.0</ele>
   </trkpt>
   <trkpt lat="44.0179790" lon="5.1058620">
    <ele>136.2</ele>
   </trkpt>
   <trkpt lat="44.0179790" lon="5.1058850">
    <ele>136.2</ele>
   </trkpt>
   <trkpt lat="44.0179790" lon="5.1059200">
    <ele>136.2</ele>
   </trkpt>
   <trkpt lat="44.0179830" lon="5.1059440">
    <ele>136.2</ele>
   </trkpt>
   <trkpt lat="44.0179750" lon="5.1059860">
    <ele>136.2</ele>
   </trkpt>
   <trkpt lat="44.0179700" lon="5.1060220">
    <ele>136.2</ele>
   </trkpt>
   <trkpt lat="44.0179630" lon="5.1060650">
    <ele>136.2</ele>
   </trkpt>
   <trkpt lat="44.0179560" lon="5.1061020">
    <ele>136.2</ele>
   </trkpt>
   <trkpt lat="44.0179490" lon="5.1061360">
    <ele>136.4</ele>
   </trkpt>
   <trkpt lat="44.0179400" lon="5.1061780">
    <ele>136.4</ele>
   </trkpt>
   <trkpt lat="44.0179350" lon="5.1062070">
    <ele>136.4</ele>
   </trkpt>
   <trkpt lat="44.0179280" lon="5.1062430">
    <ele>136.6</ele>
   </trkpt>
   <trkpt lat="44.0179230" lon="5.1062660">
    <ele>136.6</ele>
   </trkpt>
   <trkpt lat="44.0179130" lon="5.1063040">
    <ele>136.6</ele>
   </trkpt>
   <trkpt lat="44.0179080" lon="5.1063330">
    <ele>136.6</ele>
   </trkpt>
   <trkpt lat="44.0178980" lon="5.1063740">
    <ele>136.8</ele>
   </trkpt>
   <trkpt lat="44.0178930" lon="5.1064040">
    <ele>136.8</ele>
   </trkpt>
   <trkpt lat="44.0178810" lon="5.1064430">
    <ele>137.0</ele>
   </trkpt>
   <trkpt lat="44.0178740" lon="5.1064730">
    <ele>137.2</ele>
   </trkpt>
   <trkpt lat="44.0178610" lon="5.1065130">
    <ele>137.2</ele>
   </trkpt>
   <trkpt lat="44.0178550" lon="5.1065410">
    <ele>137.2</ele>
   </trkpt>
   <trkpt lat="44.0178450" lon="5.1065800">
    <ele>137.2</ele>
   </trkpt>
   <trkpt lat="44.0178430" lon="5.1066030">
    <ele>137.4</ele>
   </trkpt>
   <trkpt lat="44.0178340" lon="5.1066390">
    <ele>137.4</ele>
   </trkpt>
   <trkpt lat="44.0178280" lon="5.1066690">
    <ele>137.4</ele>
   </trkpt>
   <trkpt lat="44.0178180" lon="5.1067120">
    <ele>137.4</ele>
   </trkpt>
   <trkpt lat="44.0178120" lon="5.1067480">
    <ele>137.4</ele>
   </trkpt>
   <trkpt lat="44.0178020" lon="5.1067820">
    <ele>137.6</ele>
   </trkpt>
   <trkpt lat="44.0177960" lon="5.1068170">
    <ele>137.6</ele>
   </trkpt>
   <trkpt lat="44.0177880" lon="5.1068520">
    <ele>137.8</ele>
   </trkpt>
   <trkpt lat="44.0177780" lon="5.1068890">
    <ele>137.8</ele>
   </trkpt>
   <trkpt lat="44.0177740" lon="5.1069220">
    <ele>138.0</ele>
   </trkpt>
   <trkpt lat="44.0177660" lon="5.1069610">
    <ele>138.0</ele>
   </trkpt>
   <trkpt lat="44.0177600" lon="5.1069930">
    <ele>138.0</ele>
   </trkpt>
   <trkpt lat="44.0177470" lon="5.1070320">
    <ele>138.0</ele>
   </trkpt>
   <trkpt lat="44.0177420" lon="5.1070630">
    <ele>137.8</ele>
   </trkpt>
   <trkpt lat="44.0177290" lon="5.1071000">
    <ele>137.8</ele>
   </trkpt>
   <trkpt lat="44.0177260" lon="5.1071290">
    <ele>137.8</ele>
   </trkpt>
   <trkpt lat="44.0177130" lon="5.1071690">
    <ele>137.8</ele>
   </trkpt>
   <trkpt lat="44.0177110" lon="5.1071980">
    <ele>137.8</ele>
   </trkpt>
   <trkpt lat="44.0177010" lon="5.1072360">
    <ele>138.0</ele>
   </trkpt>
   <trkpt lat="44.0177010" lon="5.1072670">
    <ele>138.0</ele>
   </trkpt>
   <trkpt lat="44.0176910" lon="5.1073060">
    <ele>138.0</ele>
   </trkpt>
   <trkpt lat="44.0176920" lon="5.1073380">
    <ele>138.2</ele>
   </trkpt>
   <trkpt lat="44.0176850" lon="5.1073710">
    <ele>138.2</ele>
   </trkpt>
   <trkpt lat="44.0176750" lon="5.1074060">
    <ele>138.2</ele>
   </trkpt>
   <trkpt lat="44.0176660" lon="5.1074390">
    <ele>138.2</ele>
   </trkpt>
   <trkpt lat="44.0176550" lon="5.1074750">
    <ele>138.4</ele>
   </trkpt>
   <trkpt lat="44.0176480" lon="5.1075080">
    <ele>138.4</ele>
   </trkpt>
   <trkpt lat="44.0176370" lon="5.1075440">
    <ele>138.4</ele>
   </trkpt>
   <trkpt lat="44.0176330" lon="5.1075760">
    <ele>138.4</ele>
   </trkpt>
   <trkpt lat="44.0176210" lon="5.1076110">
    <ele>138.6</ele>
   </trkpt>
   <trkpt lat="44.0176150" lon="5.1076410">
    <ele>138.6</ele>
   </trkpt>
   <trkpt lat="44.0176080" lon="5.1076780">
    <ele>138.8</ele>
   </trkpt>
   <trkpt lat="44.0176070" lon="5.1077080">
    <ele>138.8</ele>
   </trkpt>
   <trkpt lat="44.0175970" lon="5.1077480">
    <ele>139.0</ele>
   </trkpt>
   <trkpt lat="44.0175940" lon="5.1077770">
    <ele>139.0</ele>
   </trkpt>
   <trkpt lat="44.0175820" lon="5.1078150">
    <ele>139.0</ele>
   </trkpt>
   <trkpt lat="44.0175770" lon="5.1078470">
    <ele>139.0</ele>
   </trkpt>
   <trkpt lat="44.0175690" lon="5.1078850">
    <ele>139.0</ele>
   </trkpt>
   <trkpt lat="44.0175650" lon="5.1079180">
    <ele>139.0</ele>
   </trkpt>
   <trkpt lat="44.0175540" lon="5.1079540">
    <ele>139.2</ele>
   </trkpt>
   <trkpt lat="44.0175450" lon="5.1079900">
    <ele>139.2</ele>
   </trkpt>
   <trkpt lat="44.0175370" lon="5.1080240">
    <ele>139.2</ele>
   </trkpt>
   <trkpt lat="44.0175270" lon="5.1080610">
    <ele>139.2</ele>
   </trkpt>
   <trkpt lat="44.0175200" lon="5.1080900">
    <ele>139.4</ele>
   </trkpt>
   <trkpt lat="44.0175120" lon="5.1081280">
    <ele>139.4</ele>
   </trkpt>
   <trkpt lat="44.0175060" lon="5.1081590">
    <ele>139.6</ele>
   </trkpt>
   <trkpt lat="44.0174960" lon="5.1081960">
    <ele>139.6</ele>
   </trkpt>
   <trkpt lat="44.0174930" lon="5.1082260">
    <ele>139.8</ele>
   </trkpt>
   <trkpt lat="44.0174790" lon="5.1082640">
    <ele>139.8</ele>
   </trkpt>
   <trkpt lat="44.0174760" lon="5.1082900">
    <ele>139.8</ele>
   </trkpt>
   <trkpt lat="44.0174620" lon="5.1083280">
    <ele>139.8</ele>
   </trkpt>
   <trkpt lat="44.0174570" lon="5.1083560">
    <ele>139.6</ele>
   </trkpt>
   <trkpt lat="44.0174410" lon="5.1083950">
    <ele>139.6</ele>
   </trkpt>
   <trkpt lat="44.0174380" lon="5.1084210">
    <ele>139.6</ele>
   </trkpt>
   <trkpt lat="44.0174250" lon="5.1084590">
    <ele>139.6</ele>
   </trkpt>
   <trkpt lat="44.0174210" lon="5.1084870">
    <ele>139.8</ele>
   </trkpt>
   <trkpt lat="44.0174120" lon="5.1085250">
    <ele>139.8</ele>
   </trkpt>
   <trkpt lat="44.0174100" lon="5.1085570">
    <ele>139.8</ele>
   </trkpt>
   <trkpt lat="44.0174030" lon="5.1085940">
    <ele>140.0</ele>
   </trkpt>
   <trkpt lat="44.0173950" lon="5.1086290">
    <ele>140.0</ele>
   </trkpt>
   <trkpt lat="44.0173860" lon="5.1086650">
    <ele>140.0</ele>
   </trkpt>
   <trkpt lat="44.0173820" lon="5.1086980">
    <ele>140.0</ele>
   </trkpt>
   <trkpt lat="44.0173750" lon="5.1087300">
    <ele>140.2</ele>
   </trkpt>
   <trkpt lat="44.0173690" lon="5.1087640">
    <ele>140.2</ele>
   </trkpt>
   <trkpt lat="44.0173660" lon="5.1087960">
    <ele>140.2</ele>
   </trkpt>
   <trkpt lat="44.0173600" lon="5.1088330">
    <ele>140.4</ele>
   </trkpt>
   <trkpt lat="44.0173570" lon="5.1088680">
    <ele>140.4</ele>
   </trkpt>
   <trkpt lat="44.0173460" lon="5.1089040">
    <ele>140.4</ele>
   </trkpt>
   <trkpt lat="44.0173400" lon="5.1089380">
    <ele>140.6</ele>
   </trkpt>
   <trkpt lat="44.0173300" lon="5.1089730">
    <ele>140.6</ele>
   </trkpt>
   <trkpt lat="44.0173250" lon="5.1090030">
    <ele>140.6</ele>
   </trkpt>
   <trkpt lat="44.0173160" lon="5.1090380">
    <ele>140.8</ele>
   </trkpt>
   <trkpt lat="44.0173130" lon="5.1090690">
    <ele>140.8</ele>
   </trkpt>
   <trkpt lat="44.0173020" lon="5.1091060">
    <ele>141.0</ele>
   </trkpt>
   <trkpt lat="44.0172990" lon="5.1091340">
    <ele>141.0</ele>
   </trkpt>
   <trkpt lat="44.0172920" lon="5.1091730">
    <ele>141.0</ele>
   </trkpt>
   <trkpt lat="44.0172930" lon="5.1091980">
    <ele>141.2</ele>
   </trkpt>
   <trkpt lat="44.0172930" lon="5.1092330">
    <ele>141.2</ele>
   </trkpt>
   <trkpt lat="44.0172950" lon="5.1092590">
    <ele>141.2</ele>
   </trkpt>
   <trkpt lat="44.0172870" lon="5.1092980">
    <ele>141.4</ele>
   </trkpt>
   <trkpt lat="44.0172830" lon="5.1093310">
    <ele>141.4</ele>
   </trkpt>
   <trkpt lat="44.0172740" lon="5.1093710">
    <ele>141.2</ele>
   </trkpt>
   <trkpt lat="44.0172670" lon="5.1094050">
    <ele>141.0</ele>
   </trkpt>
   <trkpt lat="44.0172540" lon="5.1094410">
    <ele>141.0</ele>
   </trkpt>
   <trkpt lat="44.0172480" lon="5.1094710">
    <ele>140.8</ele>
   </trkpt>
   <trkpt lat="44.0172420" lon="5.1095130">
    <ele>140.8</ele>
   </trkpt>
   <trkpt lat="44.0172390" lon="5.1095480">
    <ele>141.0</ele>
   </trkpt>
   <trkpt lat="44.0172280" lon="5.1095840">
    <ele>141.2</ele>
   </trkpt>
   <trkpt lat="44.0172260" lon="5.1096200">
    <ele>141.4</ele>
   </trkpt>
   <trkpt lat="44.0172210" lon="5.1096550">
    <ele>141.6</ele>
   </trkpt>
   <trkpt lat="44.0172160" lon="5.1096890">
    <ele>142.0</ele>
   </trkpt>
   <trkpt lat="44.0172130" lon="5.1097230">
    <ele>142.0</ele>
   </trkpt>
   <trkpt lat="44.0172050" lon="5.1097620">
    <ele>142.0</ele>
   </trkpt>
   <trkpt lat="44.0172040" lon="5.1097950">
    <ele>142.0</ele>
   </trkpt>
   <trkpt lat="44.0171940" lon="5.1098320">
    <ele>142.0</ele>
   </trkpt>
   <trkpt lat="44.0171910" lon="5.1098610">
    <ele>142.0</ele>
   </trkpt>
   <trkpt lat="44.0171880" lon="5.1098990">
    <ele>142.2</ele>
   </trkpt>
   <trkpt lat="44.0171880" lon="5.1099300">
    <ele>142.4</ele>
   </trkpt>
   <trkpt lat="44.0171860" lon="5.1099710">
    <ele>142.4</ele>
   </trkpt>
   <trkpt lat="44.0171900" lon="5.1100000">
    <ele>142.6</ele>
   </trkpt>
   <trkpt lat="44.0171870" lon="5.1100390">
    <ele>142.6</ele>
   </trkpt>
   <trkpt lat="44.0171860" lon="5.1100630">
    <ele>142.6</ele>
   </trkpt>
   <trkpt lat="44.0171830" lon="5.1101040">
    <ele>142.6</ele>
   </trkpt>
   <trkpt lat="44.0171840" lon="5.1101350">
    <ele>142.8</ele>
   </trkpt>
   <trkpt lat="44.0171810" lon="5.1101760">
    <ele>142.8</ele>
   </trkpt>
   <trkpt lat="44.0171820" lon="5.1102100">
    <ele>142.8</ele>
   </trkpt>
   <trkpt lat="44.0171800" lon="5.1102490">
    <ele>142.8</ele>
   </trkpt>
   <trkpt lat="44.0171790" lon="5.1102790">
    <ele>143.0</ele>
   </trkpt>
   <trkpt lat="44.0171770" lon="5.1103150">
    <ele>143.0</ele>
   </trkpt>
   <trkpt lat="44.0171780" lon="5.1103490">
    <ele>143.0</ele>
   </trkpt>
   <trkpt lat="44.0171760" lon="5.1103900">
    <ele>142.8</ele>
   </trkpt>
   <trkpt lat="44.0171730" lon="5.1104260">
    <ele>143.0</ele>
   </trkpt>
   <trkpt lat="44.0171710" lon="5.1104640">
    <ele>143.0</ele>
   </trkpt>
   <trkpt lat="44.0171680" lon="5.1104970">
    <ele>143.0</ele>
   </trkpt>
   <trkpt lat="44.0171650" lon="5.1105350">
    <ele>143.2</ele>
   </trkpt>
   <trkpt lat="44.0171650" lon="5.1105700">
    <ele>143.4</ele>
   </trkpt>
   <trkpt lat="44.0171610" lon="5.1106100">
    <ele>143.4</ele>
   </trkpt>
   <trkpt lat="44.0171590" lon="5.1106440">
    <ele>143.6</ele>
   </trkpt>
   <trkpt lat="44.0171580" lon="5.1106820">
    <ele>143.6</ele>
   </trkpt>
   <trkpt lat="44.0171570" lon="5.1107180">
    <ele>143.8</ele>
   </trkpt>
   <trkpt lat="44.0171530" lon="5.1107530">
    <ele>143.6</ele>
   </trkpt>
   <trkpt lat="44.0171500" lon="5.1107900">
    <ele>143.8</ele>
   </trkpt>
   <trkpt lat="44.0171450" lon="5.1108290">
    <ele>143.8</ele>
   </trkpt>
   <trkpt lat="44.0171430" lon="5.1108650">
    <ele>143.8</ele>
   </trkpt>
   <trkpt lat="44.0171400" lon="5.1109020">
    <ele>144.0</ele>
   </trkpt>
   <trkpt lat="44.0171350" lon="5.1109370">
    <ele>144.0</ele>
   </trkpt>
   <trkpt lat="44.0171310" lon="5.1109730">
    <ele>144.0</ele>
   </trkpt>
   <trkpt lat="44.0171290" lon="5.1110110">
    <ele>144.2</ele>
   </trkpt>
   <trkpt lat="44.0171280" lon="5.1110450">
    <ele>144.2</ele>
   </trkpt>
   <trkpt lat="44.0171270" lon="5.1110790">
    <ele>144.4</ele>
   </trkpt>
   <trkpt lat="44.0171260" lon="5.1111160">
    <ele>144.4</ele>
   </trkpt>
   <trkpt lat="44.0171240" lon="5.1111510">
    <ele>144.6</ele>
   </trkpt>
   <trkpt lat="44.0171170" lon="5.1111920">
    <ele>144.6</ele>
   </trkpt>
   <trkpt lat="44.0171180" lon="5.1112270">
    <ele>144.8</ele>
   </trkpt>
   <trkpt lat="44.0171110" lon="5.1112690">
    <ele>145.0</ele>
   </trkpt>
   <trkpt lat="44.0171120" lon="5.1113050">
    <ele>145.0</ele>
   </trkpt>
   <trkpt lat="44.0171090" lon="5.1113470">
    <ele>145.0</ele>
   </trkpt>
   <trkpt lat="44.0171080" lon="5.1113820">
    <ele>145.0</ele>
   </trkpt>
   <trkpt lat="44.0171050" lon="5.1114220">
    <ele>145.0</ele>
   </trkpt>
   <trkpt lat="44.0171060" lon="5.1114540">
    <ele>144.8</ele>
   </trkpt>
   <trkpt lat="44.0171040" lon="5.1114920">
    <ele>144.8</ele>
   </trkpt>
   <trkpt lat="44.0171040" lon="5.1115250">
    <ele>144.8</ele>
   </trkpt>
   <trkpt lat="44.0170980" lon="5.1115640">
    <ele>144.6</ele>
   </trkpt>
   <trkpt lat="44.0170910" lon="5.1115990">
    <ele>144.6</ele>
   </trkpt>
   <trkpt lat="44.0170840" lon="5.1116390">
    <ele>144.8</ele>
   </trkpt>
   <trkpt lat="44.0170840" lon="5.1116700">
    <ele>144.8</ele>
   </trkpt>
   <trkpt lat="44.0170790" lon="5.1117090">
    <ele>145.0</ele>
   </trkpt>
   <trkpt lat="44.0170770" lon="5.1117430">
    <ele>145.0</ele>
   </trkpt>
   <trkpt lat="44.0170750" lon="5.1117840">
    <ele>145.2</ele>
   </trkpt>
   <trkpt lat="44.0170770" lon="5.1118160">
    <ele>145.4</ele>
   </trkpt>
   <trkpt lat="44.0170730" lon="5.1118530">
    <ele>145.6</ele>
   </trkpt>
   <trkpt lat="44.0170720" lon="5.1118870">
    <ele>145.8</ele>
   </trkpt>
   <trkpt lat="44.0170670" lon="5.1119240">
    <ele>145.8</ele>
   </trkpt>
   <trkpt lat="44.0170670" lon="5.1119580">
    <ele>145.8</ele>
   </trkpt>
   <trkpt lat="44.0170640" lon="5.1119970">
    <ele>145.8</ele>
   </trkpt>
   <trkpt lat="44.0170640" lon="5.1120330">
    <ele>145.8</ele>
   </trkpt>
   <trkpt lat="44.0170640" lon="5.1120730">
    <ele>145.8</ele>
   </trkpt>
   <trkpt lat="44.0170670" lon="5.1121070">
    <ele>145.8</ele>
   </trkpt>
   <trkpt lat="44.0170690" lon="5.1121460">
    <ele>145.8</ele>
   </trkpt>
   <trkpt lat="44.0170730" lon="5.1121810">
    <ele>146.0</ele>
   </trkpt>
   <trkpt lat="44.0170760" lon="5.1122220">
    <ele>146.0</ele>
   </trkpt>
   <trkpt lat="44.0170790" lon="5.1122580">
    <ele>146.2</ele>
   </trkpt>
   <trkpt lat="44.0170760" lon="5.1123010">
    <ele>146.2</ele>
   </trkpt>
   <trkpt lat="44.0170770" lon="5.1123360">
    <ele>146.2</ele>
   </trkpt>
   <trkpt lat="44.0170710" lon="5.1123770">
    <ele>146.2</ele>
   </trkpt>
   <trkpt lat="44.0170670" lon="5.1124150">
    <ele>146.2</ele>
   </trkpt>
   <trkpt lat="44.0170420" lon="5.1124540">
    <ele>146.2</ele>
   </trkpt>
   <trkpt lat="44.0170240" lon="5.1124820">
    <ele>146.2</ele>
   </trkpt>
   <trkpt lat="44.0169970" lon="5.1125080">
    <ele>146.2</ele>
   </trkpt>
   <trkpt lat="44.0169750" lon="5.1125170">
    <ele>146.2</ele>
   </trkpt>
   <trkpt lat="44.0169360" lon="5.1125170">
    <ele>146.2</ele>
   </trkpt>
   <trkpt lat="44.0169130" lon="5.1125210">
    <ele>146.2</ele>
   </trkpt>
   <trkpt lat="44.0168760" lon="5.1125160">
    <ele>146.4</ele>
   </trkpt>
   <trkpt lat="44.0168560" lon="5.1125170">
    <ele>146.4</ele>
   </trkpt>
   <trkpt lat="44.0168260" lon="5.1125200">
    <ele>146.4</ele>
   </trkpt>
   <trkpt lat="44.0168040" lon="5.1125270">
    <ele>146.6</ele>
   </trkpt>
   <trkpt lat="44.0167700" lon="5.1125270">
    <ele>146.6</ele>
   </trkpt>
   <trkpt lat="44.0167500" lon="5.1125310">
    <ele>146.6</ele>
   </trkpt>
   <trkpt lat="44.0167190" lon="5.1125340">
    <ele>146.8</ele>
   </trkpt>
   <trkpt lat="44.0166980" lon="5.1125400">
    <ele>146.6</ele>
   </trkpt>
   <trkpt lat="44.0166640" lon="5.1125430">
    <ele>146.6</ele>
   </trkpt>
   <trkpt lat="44.0166390" lon="5.1125510">
    <ele>146.8</ele>
   </trkpt>
   <trkpt lat="44.0166100" lon="5.1125550">
    <ele>146.8</ele>
   </trkpt>
   <trkpt lat="44.0165820" lon="5.1125620">
    <ele>146.8</ele>
   </trkpt>
   <trkpt lat="44.0165560" lon="5.1125640">
    <ele>146.8</ele>
   </trkpt>
   <trkpt lat="44.0165350" lon="5.1125690">
    <ele>146.8</ele>
   </trkpt>
   <trkpt lat="44.0165120" lon="5.1125710">
    <ele>146.8</ele>
   </trkpt>
   <trkpt lat="44.0164840" lon="5.1125830">
    <ele>147.0</ele>
   </trkpt>
   <trkpt lat="44.0164580" lon="5.1125920">
    <ele>146.8</ele>
   </trkpt>
   <trkpt lat="44.0164250" lon="5.1126020">
    <ele>146.8</ele>
   </trkpt>
   <trkpt lat="44.0164050" lon="5.1126140">
    <ele>146.8</ele>
   </trkpt>
   <trkpt lat="44.0163710" lon="5.1126280">
    <ele>146.8</ele>
   </trkpt>
   <trkpt lat="44.0163510" lon="5.1126370">
    <ele>146.6</ele>
   </trkpt>
   <trkpt lat="44.0163200" lon="5.1126470">
    <ele>146.6</ele>
   </trkpt>
   <trkpt lat="44.0163000" lon="5.1126560">
    <ele>146.6</ele>
   </trkpt>
   <trkpt lat="44.0162710" lon="5.1126710">
    <ele>146.6</ele>
   </trkpt>
   <trkpt lat="44.0162510" lon="5.1126860">
    <ele>146.6</ele>
   </trkpt>
   <trkpt lat="44.0162190" lon="5.1127000">
    <ele>146.6</ele>
   </trkpt>
   <trkpt lat="44.0162010" lon="5.1127180">
    <ele>146.6</ele>
   </trkpt>
   <trkpt lat="44.0161750" lon="5.1127390">
    <ele>146.4</ele>
   </trkpt>
   <trkpt lat="44.0161550" lon="5.1127600">
    <ele>146.4</ele>
   </trkpt>
   <trkpt lat="44.0161230" lon="5.1127860">
    <ele>146.2</ele>
   </trkpt>
   <trkpt lat="44.0161080" lon="5.1128110">
    <ele>146.0</ele>
   </trkpt>
   <trkpt lat="44.0160790" lon="5.1128390">
    <ele>146.0</ele>
   </trkpt>
   <trkpt lat="44.0160580" lon="5.1128560">
    <ele>145.8</ele>
   </trkpt>
   <trkpt lat="44.0160310" lon="5.1128790">
    <ele>145.8</ele>
   </trkpt>
   <trkpt lat="44.0160100" lon="5.1128940">
    <ele>145.6</ele>
   </trkpt>
   <trkpt lat="44.0159800" lon="5.1129160">
    <ele>145.6</ele>
   </trkpt>
   <trkpt lat="44.0159580" lon="5.1129390">
    <ele>145.2</ele>
   </trkpt>
   <trkpt lat="44.0159300" lon="5.1129600">
    <ele>145.0</ele>
   </trkpt>
   <trkpt lat="44.0159040" lon="5.1129700">
    <ele>144.8</ele>
   </trkpt>
   <trkpt lat="44.0158770" lon="5.1129810">
    <ele>144.6</ele>
   </trkpt>
   <trkpt lat="44.0158470" lon="5.1129880">
    <ele>144.2</ele>
   </trkpt>
   <trkpt lat="44.0158230" lon="5.1129950">
    <ele>144.0</ele>
   </trkpt>
   <trkpt lat="44.0157930" lon="5.1130160">
    <ele>143.8</ele>
   </trkpt>
   <trkpt lat="44.0157690" lon="5.1130240">
    <ele>143.4</ele>
   </trkpt>
   <trkpt lat="44.0157370" lon="5.1130370">
    <ele>143.0</ele>
   </trkpt>
   <trkpt lat="44.0157100" lon="5.1130390">
    <ele>142.6</ele>
   </trkpt>
   <trkpt lat="44.0156780" lon="5.1130460">
    <ele>142.2</ele>
   </trkpt>
   <trkpt lat="44.0156470" lon="5.1130540">
    <ele>141.8</ele>
   </trkpt>
   <trkpt lat="44.0156200" lon="5.1130660">
    <ele>141.4</ele>
   </trkpt>
   <trkpt lat="44.0155860" lon="5.1130740">
    <ele>141.0</ele>
   </trkpt>
   <trkpt lat="44.0155630" lon="5.1130840">
    <ele>140.6</ele>
   </trkpt>
   <trkpt lat="44.0155310" lon="5.1130870">
    <ele>140.2</ele>
   </trkpt>
   <trkpt lat="44.0155040" lon="5.1130980">
    <ele>139.8</ele>
   </trkpt>
   <trkpt lat="44.0154730" lon="5.1131080">
    <ele>139.4</ele>
   </trkpt>
   <trkpt lat="44.0154500" lon="5.1131180">
    <ele>139.0</ele>
   </trkpt>
   <trkpt lat="44.0154190" lon="5.1131260">
    <ele>138.8</ele>
   </trkpt>
   <trkpt lat="44.0153950" lon="5.1131300">
    <ele>138.4</ele>
   </trkpt>
   <trkpt lat="44.0153590" lon="5.1131450">
    <ele>138.2</ele>
   </trkpt>
   <trkpt lat="44.0153300" lon="5.1131500">
    <ele>138.0</ele>
   </trkpt>
   <trkpt lat="44.0152930" lon="5.1131610">
    <ele>137.8</ele>
   </trkpt>
   <trkpt lat="44.0152610" lon="5.1131710">
    <ele>137.6</ele>
   </trkpt>
   <trkpt lat="44.0152270" lon="5.1131750">
    <ele>137.4</ele>
   </trkpt>
   <trkpt lat="44.0151950" lon="5.1131910">
    <ele>137.2</ele>
   </trkpt>
   <trkpt lat="44.0151610" lon="5.1132040">
    <ele>137.2</ele>
   </trkpt>
   <trkpt lat="44.0151290" lon="5.1132070">
    <ele>137.0</ele>
   </trkpt>
   <trkpt lat="44.0150990" lon="5.1132110">
    <ele>136.8</ele>
   </trkpt>
   <trkpt lat="44.0150750" lon="5.1132100">
    <ele>136.8</ele>
   </trkpt>
   <trkpt lat="44.0150470" lon="5.1132100">
    <ele>136.8</ele>
   </trkpt>
   <trkpt lat="44.0150230" lon="5.1132080">
    <ele>136.6</ele>
   </trkpt>
   <trkpt lat="44.0149920" lon="5.1132070">
    <ele>136.6</ele>
   </trkpt>
   <trkpt lat="44.0149680" lon="5.1132070">
    <ele>136.6</ele>
   </trkpt>
   <trkpt lat="44.0149330" lon="5.1132020">
    <ele>136.8</ele>
   </trkpt>
   <trkpt lat="44.0149080" lon="5.1132030">
    <ele>136.8</ele>
   </trkpt>
   <trkpt lat="44.0148730" lon="5.1131950">
    <ele>137.0</ele>
   </trkpt>
   <trkpt lat="44.0148510" lon="5.1131970">
    <ele>137.0</ele>
   </trkpt>
   <trkpt lat="44.0148200" lon="5.1132030">
    <ele>137.2</ele>
   </trkpt>
   <trkpt lat="44.0148010" lon="5.1132020">
    <ele>137.2</ele>
   </trkpt>
   <trkpt lat="44.0147700" lon="5.1131920">
    <ele>137.4</ele>
   </trkpt>
   <trkpt lat="44.0147440" lon="5.1131940">
    <ele>137.6</ele>
   </trkpt>
   <trkpt lat="44.0147100" lon="5.1131910">
    <ele>137.6</ele>
   </trkpt>
   <trkpt lat="44.0146880" lon="5.1131910">
    <ele>137.8</ele>
   </trkpt>
   <trkpt lat="44.0146560" lon="5.1131940">
    <ele>137.8</ele>
   </trkpt>
   <trkpt lat="44.0146360" lon="5.1132010">
    <ele>137.8</ele>
   </trkpt>
   <trkpt lat="44.0146040" lon="5.1132080">
    <ele>138.0</ele>
   </trkpt>
   <trkpt lat="44.0145820" lon="5.1132180">
    <ele>138.0</ele>
   </trkpt>
   <trkpt lat="44.0145530" lon="5.1132250">
    <ele>138.0</ele>
   </trkpt>
   <trkpt lat="44.0145330" lon="5.1132360">
    <ele>138.2</ele>
   </trkpt>
   <trkpt lat="44.0145010" lon="5.1132390">
    <ele>138.4</ele>
   </trkpt>
   <trkpt lat="44.0144850" lon="5.1132490">
    <ele>138.6</ele>
   </trkpt>
   <trkpt lat="44.0144570" lon="5.1132600">
    <ele>138.6</ele>
   </trkpt>
   <trkpt lat="44.0144400" lon="5.1132750">
    <ele>138.8</ele>
   </trkpt>
   <trkpt lat="44.0144150" lon="5.1132970">
    <ele>139.0</ele>
   </trkpt>
   <trkpt lat="44.0144010" lon="5.1133200">
    <ele>139.2</ele>
   </trkpt>
   <trkpt lat="44.0143790" lon="5.1133500">
    <ele>139.2</ele>
   </trkpt>
   <trkpt lat="44.0143620" lon="5.1133690">
    <ele>139.2</ele>
   </trkpt>
   <trkpt lat="44.0143340" lon="5.1133870">
    <ele>139.4</ele>
   </trkpt>
   <trkpt lat="44.0143160" lon="5.1134050">
    <ele>139.4</ele>
   </trkpt>
   <trkpt lat="44.0142900" lon="5.1134320">
    <ele>139.4</ele>
   </trkpt>
   <trkpt lat="44.0142800" lon="5.1134640">
    <ele>139.6</ele>
   </trkpt>
   <trkpt lat="44.0142680" lon="5.1134990">
    <ele>139.6</ele>
   </trkpt>
   <trkpt lat="44.0142640" lon="5.1135290">
    <ele>139.8</ele>
   </trkpt>
   <trkpt lat="44.0142510" lon="5.1135590">
    <ele>139.8</ele>
   </trkpt>
   <trkpt lat="44.0142420" lon="5.1135890">
    <ele>140.0</ele>
   </trkpt>
   <trkpt lat="44.0142300" lon="5.1136210">
    <ele>140.0</ele>
   </trkpt>
   <trkpt lat="44.0142200" lon="5.1136500">
    <ele>140.0</ele>
   </trkpt>
   <trkpt lat="44.0142060" lon="5.1136830">
    <ele>140.0</ele>
   </trkpt>
   <trkpt lat="44.0141940" lon="5.1137120">
    <ele>140.0</ele>
   </trkpt>
   <trkpt lat="44.0141800" lon="5.1137430">
    <ele>140.0</ele>
   </trkpt>
   <trkpt lat="44.0141700" lon="5.1137720">
    <ele>140.0</ele>
   </trkpt>
   <trkpt lat="44.0141530" lon="5.1138050">
    <ele>140.2</ele>
   </trkpt>
   <trkpt lat="44.0141420" lon="5.1138330">
    <ele>140.2</ele>
   </trkpt>
   <trkpt lat="44.0141260" lon="5.1138680">
    <ele>140.4</ele>
   </trkpt>
   <trkpt lat="44.0141180" lon="5.1139000">
    <ele>140.4</ele>
   </trkpt>
   <trkpt lat="44.0141010" lon="5.1139350">
    <ele>140.6</ele>
   </trkpt>
   <trkpt lat="44.0140930" lon="5.1139610">
    <ele>140.6</ele>
   </trkpt>
   <trkpt lat="44.0140760" lon="5.1139960">
    <ele>140.6</ele>
   </trkpt>
   <trkpt lat="44.0140650" lon="5.1140220">
    <ele>140.8</ele>
   </trkpt>
   <trkpt lat="44.0140490" lon="5.1140560">
    <ele>140.8</ele>
   </trkpt>
   <trkpt lat="44.0140400" lon="5.1140840">
    <ele>141.0</ele>
   </trkpt>
   <trkpt lat="44.0140250" lon="5.1141170">
    <ele>141.2</ele>
   </trkpt>
   <trkpt lat="44.0140160" lon="5.1141460">
    <ele>141.2</ele>
   </trkpt>
   <trkpt lat="44.0140050" lon="5.1141770">
    <ele>141.4</ele>
   </trkpt>
   <trkpt lat="44.0139940" lon="5.1142080">
    <ele>141.6</ele>
   </trkpt>
   <trkpt lat="44.0139830" lon="5.1142400">
    <ele>141.6</ele>
   </trkpt>
   <trkpt lat="44.0139640" lon="5.1142720">
    <ele>141.6</ele>
   </trkpt>
   <trkpt lat="44.0139510" lon="5.1142990">
    <ele>141.6</ele>
   </trkpt>
   <trkpt lat="44.0139320" lon="5.1143280">
    <ele>141.8</ele>
   </trkpt>
   <trkpt lat="44.0139230" lon="5.1143540">
    <ele>141.8</ele>
   </trkpt>
   <trkpt lat="44.0139030" lon="5.1143830">
    <ele>141.8</ele>
   </trkpt>
   <trkpt lat="44.0138920" lon="5.1144060">
    <ele>141.8</ele>
   </trkpt>
   <trkpt lat="44.0138680" lon="5.1144350">
    <ele>141.8</ele>
   </trkpt>
   <trkpt lat="44.0138530" lon="5.1144570">
    <ele>141.8</ele>
   </trkpt>
   <trkpt lat="44.0138220" lon="5.1144740">
    <ele>141.8</ele>
   </trkpt>
   <trkpt lat="44.0138030" lon="5.1144880">
    <ele>142.0</ele>
   </trkpt>
   <trkpt lat="44.0137770" lon="5.1144950">
    <ele>142.0</ele>
   </trkpt>
   <trkpt lat="44.0137540" lon="5.1145000">
    <ele>142.0</ele>
   </trkpt>
   <trkpt lat="44.0137280" lon="5.1145020">
    <ele>142.0</ele>
   </trkpt>
   <trkpt lat="44.0137030" lon="5.1145040">
    <ele>142.0</ele>
   </trkpt>
   <trkpt lat="44.0136800" lon="5.1145110">
    <ele>142.0</ele>
   </trkpt>
   <trkpt lat="44.0136520" lon="5.1145110">
    <ele>142.0</ele>
   </trkpt>
   <trkpt lat="44.0136300" lon="5.1145140">
    <ele>142.0</ele>
   </trkpt>
   <trkpt lat="44.0136030" lon="5.1145100">
    <ele>142.0</ele>
   </trkpt>
   <trkpt lat="44.0135830" lon="5.1145120">
    <ele>142.0</ele>
   </trkpt>
   <trkpt lat="44.0135540" lon="5.1145070">
    <ele>142.0</ele>
   </trkpt>
   <trkpt lat="44.0135330" lon="5.1145170">
    <ele>142.0</ele>
   </trkpt>
   <trkpt lat="44.0135020" lon="5.1145150">
    <ele>142.2</ele>
   </trkpt>
   <trkpt lat="44.0134810" lon="5.1145210">
    <ele>142.0</ele>
   </trkpt>
   <trkpt lat="44.0134520" lon="5.1145200">
    <ele>142.0</ele>
   </trkpt>
   <trkpt lat="44.0134320" lon="5.1145240">
    <ele>142.2</ele>
   </trkpt>
   <trkpt lat="44.0134010" lon="5.1145230">
    <ele>142.2</ele>
   </trkpt>
   <trkpt lat="44.0133810" lon="5.1145290">
    <ele>142.2</ele>
   </trkpt>
   <trkpt lat="44.0133520" lon="5.1145260">
    <ele>142.2</ele>
   </trkpt>
   <trkpt lat="44.0133330" lon="5.1145310">
    <ele>142.4</ele>
   </trkpt>
   <trkpt lat="44.0133070" lon="5.1145250">
    <ele>142.4</ele>
   </trkpt>
   <trkpt lat="44.0132890" lon="5.1145270">
    <ele>142.4</ele>
   </trkpt>
   <trkpt lat="44.0132650" lon="5.1145280">
    <ele>142.6</ele>
   </trkpt>
   <trkpt lat="44.0132460" lon="5.1145320">
    <ele>142.6</ele>
   </trkpt>
   <trkpt lat="44.0132200" lon="5.1145370">
    <ele>142.6</ele>
   </trkpt>
   <trkpt lat="44.0131960" lon="5.1145460">
    <ele>142.8</ele>
   </trkpt>
   <trkpt lat="44.0131670" lon="5.1145510">
    <ele>142.8</ele>
   </trkpt>
   <trkpt lat="44.0131410" lon="5.1145550">
    <ele>142.8</ele>
   </trkpt>
   <trkpt lat="44.0131160" lon="5.1145610">
    <ele>143.0</ele>
   </trkpt>
   <trkpt lat="44.0130900" lon="5.1145630">
    <ele>143.0</ele>
   </trkpt>
   <trkpt lat="44.0130680" lon="5.1145750">
    <ele>143.2</ele>
   </trkpt>
   <trkpt lat="44.0130410" lon="5.1145790">
    <ele>143.2</ele>
   </trkpt>
   <trkpt lat="44.0130210" lon="5.1145870">
    <ele>143.4</ele>
   </trkpt>
   <trkpt lat="44.0129920" lon="5.1145910">
    <ele>143.4</ele>
   </trkpt>
   <trkpt lat="44.0129740" lon="5.1145990">
    <ele>143.6</ele>
   </trkpt>
   <trkpt lat="44.0129450" lon="5.1146020">
    <ele>143.8</ele>
   </trkpt>
   <trkpt lat="44.0129300" lon="5.1146170">
    <ele>144.0</ele>
   </trkpt>
   <trkpt lat="44.0129030" lon="5.1146250">
    <ele>144.0</ele>
   </trkpt>
   <trkpt lat="44.0128840" lon="5.1146410">
    <ele>144.0</ele>
   </trkpt>
   <trkpt lat="44.0128570" lon="5.1146500">
    <ele>144.0</ele>
   </trkpt>
   <trkpt lat="44.0128370" lon="5.1146640">
    <ele>143.8</ele>
   </trkpt>
   <trkpt lat="44.0128140" lon="5.1146730">
    <ele>143.8</ele>
   </trkpt>
   <trkpt lat="44.0127920" lon="5.1146850">
    <ele>143.8</ele>
   </trkpt>
   <trkpt lat="44.0127670" lon="5.1146940">
    <ele>143.8</ele>
   </trkpt>
   <trkpt lat="44.0127410" lon="5.1147060">
    <ele>144.0</ele>
   </trkpt>
   <trkpt lat="44.0127150" lon="5.1147180">
    <ele>144.0</ele>
   </trkpt>
   <trkpt lat="44.0126900" lon="5.1147270">
    <ele>144.2</ele>
   </trkpt>
   <trkpt lat="44.0126700" lon="5.1147380">
    <ele>144.2</ele>
   </trkpt>
   <trkpt lat="44.0126430" lon="5.1147440">
    <ele>144.2</ele>
   </trkpt>
   <trkpt lat="44.0126230" lon="5.1147550">
    <ele>144.4</ele>
   </trkpt>
   <trkpt lat="44.0125940" lon="5.1147670">
    <ele>144.6</ele>
   </trkpt>
   <trkpt lat="44.0125790" lon="5.1147780">
    <ele>144.6</ele>
   </trkpt>
   <trkpt lat="44.0125540" lon="5.1147840">
    <ele>144.8</ele>
   </trkpt>
   <trkpt lat="44.0125360" lon="5.1147990">
    <ele>144.8</ele>
   </trkpt>
   <trkpt lat="44.0125080" lon="5.1148060">
    <ele>144.8</ele>
   </trkpt>
   <trkpt lat="44.0124900" lon="5.1148170">
    <ele>144.8</ele>
   </trkpt>
   <trkpt lat="44.0124590" lon="5.1148210">
    <ele>144.8</ele>
   </trkpt>
   <trkpt lat="44.0124410" lon="5.1148330">
    <ele>144.8</ele>
   </trkpt>
   <trkpt lat="44.0124140" lon="5.1148390">
    <ele>144.8</ele>
   </trkpt>
   <trkpt lat="44.0123970" lon="5.1148510">
    <ele>145.0</ele>
   </trkpt>
   <trkpt lat="44.0123710" lon="5.1148560">
    <ele>145.2</ele>
   </trkpt>
   <trkpt lat="44.0123530" lon="5.1148710">
    <ele>145.4</ele>
   </trkpt>
   <trkpt lat="44.0123250" lon="5.1148820">
    <ele>145.6</ele>
   </trkpt>
   <trkpt lat="44.0123070" lon="5.1148960">
    <ele>145.8</ele>
   </trkpt>
   <trkpt lat="44.0122790" lon="5.1149050">
    <ele>145.8</ele>
   </trkpt>
   <trkpt lat="44.0122590" lon="5.1149180">
    <ele>146.2</ele>
   </trkpt>
   <trkpt lat="44.0122340" lon="5.1149280">
    <ele>146.4</ele>
   </trkpt>
   <trkpt lat="44.0122120" lon="5.1149340">
    <ele>146.6</ele>
   </trkpt>
   <trkpt lat="44.0121880" lon="5.1149420">
    <ele>146.6</ele>
   </trkpt>
   <trkpt lat="44.0121660" lon="5.1149470">
    <ele>146.8</ele>
   </trkpt>
   <trkpt lat="44.0121420" lon="5.1149510">
    <ele>146.8</ele>
   </trkpt>
   <trkpt lat="44.0121180" lon="5.1149520">
    <ele>147.0</ele>
   </trkpt>
   <trkpt lat="44.0120960" lon="5.1149590">
    <ele>147.2</ele>
   </trkpt>
   <trkpt lat="44.0120730" lon="5.1149620">
    <ele>147.4</ele>
   </trkpt>
   <trkpt lat="44.0120550" lon="5.1149720">
    <ele>147.6</ele>
   </trkpt>
   <trkpt lat="44.0120310" lon="5.1149700">
    <ele>147.8</ele>
   </trkpt>
   <trkpt lat="44.0120140" lon="5.1149720">
    <ele>147.8</ele>
   </trkpt>
   <trkpt lat="44.0119890" lon="5.1149630">
    <ele>148.0</ele>
   </trkpt>
   <trkpt lat="44.0119730" lon="5.1149620">
    <ele>148.2</ele>
   </trkpt>
   <trkpt lat="44.0119490" lon="5.1149460">
    <ele>148.4</ele>
   </trkpt>
   <trkpt lat="44.0119280" lon="5.1149370">
    <ele>148.6</ele>
   </trkpt>
   <trkpt lat="44.0119050" lon="5.1149200">
    <ele>148.6</ele>
   </trkpt>
   <trkpt lat="44.0118870" lon="5.1149160">
    <ele>148.6</ele>
   </trkpt>
   <trkpt lat="44.0118630" lon="5.1149180">
    <ele>148.6</ele>
   </trkpt>
   <trkpt lat="44.0118470" lon="5.1149260">
    <ele>148.6</ele>
   </trkpt>
   <trkpt lat="44.0118260" lon="5.1149410">
    <ele>148.8</ele>
   </trkpt>
   <trkpt lat="44.0118090" lon="5.1149560">
    <ele>148.8</ele>
   </trkpt>
   <trkpt lat="44.0117890" lon="5.1149750">
    <ele>149.0</ele>
   </trkpt>
   <trkpt lat="44.0117670" lon="5.1149910">
    <ele>149.2</ele>
   </trkpt>
   <trkpt lat="44.0117460" lon="5.1150060">
    <ele>149.4</ele>
   </trkpt>
   <trkpt lat="44.0117190" lon="5.1150190">
    <ele>149.6</ele>
   </trkpt>
   <trkpt lat="44.0117010" lon="5.1150330">
    <ele>149.8</ele>
   </trkpt>
   <trkpt lat="44.0116780" lon="5.1150420">
    <ele>149.8</ele>
   </trkpt>
   <trkpt lat="44.0116580" lon="5.1150530">
    <ele>150.0</ele>
   </trkpt>
   <trkpt lat="44.0116340" lon="5.1150570">
    <ele>150.2</ele>
   </trkpt>
   <trkpt lat="44.0116140" lon="5.1150650">
    <ele>150.4</ele>
   </trkpt>
   <trkpt lat="44.0115870" lon="5.1150700">
    <ele>150.4</ele>
   </trkpt>
   <trkpt lat="44.0115690" lon="5.1150790">
    <ele>150.6</ele>
   </trkpt>
   <trkpt lat="44.0115420" lon="5.1150820">
    <ele>150.8</ele>
   </trkpt>
   <trkpt lat="44.0115230" lon="5.1150890">
    <ele>150.8</ele>
   </trkpt>
   <trkpt lat="44.0114970" lon="5.1150910">
    <ele>151.0</ele>
   </trkpt>
   <trkpt lat="44.0114810" lon="5.1150970">
    <ele>151.0</ele>
   </trkpt>
   <trkpt lat="44.0114590" lon="5.1150930">
    <ele>151.2</ele>
   </trkpt>
   <trkpt lat="44.0114410" lon="5.1151000">
    <ele>151.2</ele>
   </trkpt>
   <trkpt lat="44.0114130" lon="5.1150980">
    <ele>151.4</ele>
   </trkpt>
   <trkpt lat="44.0113940" lon="5.1150980">
    <ele>151.6</ele>
   </trkpt>
   <trkpt lat="44.0113680" lon="5.1150940">
    <ele>151.6</ele>
   </trkpt>
   <trkpt lat="44.0113490" lon="5.1150970">
    <ele>151.8</ele>
   </trkpt>
   <trkpt lat="44.0113220" lon="5.1150940">
    <ele>152.0</ele>
   </trkpt>
   <trkpt lat="44.0113050" lon="5.1150990">
    <ele>152.4</ele>
   </trkpt>
   <trkpt lat="44.0112740" lon="5.1151020">
    <ele>152.6</ele>
   </trkpt>
   <trkpt lat="44.0112540" lon="5.1151100">
    <ele>153.0</ele>
   </trkpt>
   <trkpt lat="44.0112310" lon="5.1151220">
    <ele>153.2</ele>
   </trkpt>
   <trkpt lat="44.0112140" lon="5.1151330">
    <ele>153.4</ele>
   </trkpt>
   <trkpt lat="44.0111960" lon="5.1151540">
    <ele>153.6</ele>
   </trkpt>
   <trkpt lat="44.0111840" lon="5.1151810">
    <ele>153.8</ele>
   </trkpt>
   <trkpt lat="44.0111750" lon="5.1152060">
    <ele>153.8</ele>
   </trkpt>
   <trkpt lat="44.0111640" lon="5.1152360">
    <ele>153.8</ele>
   </trkpt>
   <trkpt lat="44.0111600" lon="5.1152610">
    <ele>153.8</ele>
   </trkpt>
   <trkpt lat="44.0111550" lon="5.1152970">
    <ele>154.0</ele>
   </trkpt>
   <trkpt lat="44.0111540" lon="5.1153230">
    <ele>154.2</ele>
   </trkpt>
   <trkpt lat="44.0111520" lon="5.1153510">
    <ele>154.4</ele>
   </trkpt>
   <trkpt lat="44.0111470" lon="5.1153790">
    <ele>154.6</ele>
   </trkpt>
   <trkpt lat="44.0111470" lon="5.1154060">
    <ele>154.8</ele>
   </trkpt>
   <trkpt lat="44.0111460" lon="5.1154390">
    <ele>155.0</ele>
   </trkpt>
   <trkpt lat="44.0111480" lon="5.1154630">
    <ele>155.2</ele>
   </trkpt>
   <trkpt lat="44.0111500" lon="5.1154930">
    <ele>155.2</ele>
   </trkpt>
   <trkpt lat="44.0111530" lon="5.1155190">
    <ele>155.4</ele>
   </trkpt>
   <trkpt lat="44.0111550" lon="5.1155470">
    <ele>155.6</ele>
   </trkpt>
   <trkpt lat="44.0111560" lon="5.1155760">
    <ele>155.8</ele>
   </trkpt>
   <trkpt lat="44.0111590" lon="5.1155970">
    <ele>156.2</ele>
   </trkpt>
   <trkpt lat="44.0111540" lon="5.1156230">
    <ele>156.4</ele>
   </trkpt>
   <trkpt lat="44.0111540" lon="5.1156460">
    <ele>156.6</ele>
   </trkpt>
   <trkpt lat="44.0111560" lon="5.1156800">
    <ele>156.8</ele>
   </trkpt>
   <trkpt lat="44.0111560" lon="5.1157040">
    <ele>157.0</ele>
   </trkpt>
   <trkpt lat="44.0111570" lon="5.1157300">
    <ele>157.2</ele>
   </trkpt>
   <trkpt lat="44.0111560" lon="5.1157600">
    <ele>157.4</ele>
   </trkpt>
   <trkpt lat="44.0111550" lon="5.1157830">
    <ele>157.8</ele>
   </trkpt>
   <trkpt lat="44.0111520" lon="5.1158100">
    <ele>158.0</ele>
   </trkpt>
   <trkpt lat="44.0111520" lon="5.1158400">
    <ele>158.2</ele>
   </trkpt>
   <trkpt lat="44.0111530" lon="5.1158690">
    <ele>158.4</ele>
   </trkpt>
   <trkpt lat="44.0111530" lon="5.1158950">
    <ele>158.6</ele>
   </trkpt>
   <trkpt lat="44.0111530" lon="5.1159180">
    <ele>158.8</ele>
   </trkpt>
   <trkpt lat="44.0111510" lon="5.1159500">
    <ele>159.0</ele>
   </trkpt>
   <trkpt lat="44.0111490" lon="5.1159800">
    <ele>159.2</ele>
   </trkpt>
   <trkpt lat="44.0111470" lon="5.1160160">
    <ele>159.4</ele>
   </trkpt>
   <trkpt lat="44.0111470" lon="5.1160420">
    <ele>159.4</ele>
   </trkpt>
   <trkpt lat="44.0111450" lon="5.1160720">
    <ele>159.6</ele>
   </trkpt>
   <trkpt lat="44.0111420" lon="5.1160980">
    <ele>159.8</ele>
   </trkpt>
   <trkpt lat="44.0111480" lon="5.1161250">
    <ele>159.8</ele>
   </trkpt>
   <trkpt lat="44.0111460" lon="5.1161530">
    <ele>160.0</ele>
   </trkpt>
   <trkpt lat="44.0111490" lon="5.1161750">
    <ele>160.2</ele>
   </trkpt>
   <trkpt lat="44.0111490" lon="5.1162060">
    <ele>160.4</ele>
   </trkpt>
   <trkpt lat="44.0111470" lon="5.1162300">
    <ele>160.6</ele>
   </trkpt>
   <trkpt lat="44.0111360" lon="5.1162630">
    <ele>160.8</ele>
   </trkpt>
   <trkpt lat="44.0111340" lon="5.1162860">
    <ele>161.0</ele>
   </trkpt>
   <trkpt lat="44.0111270" lon="5.1163170">
    <ele>161.2</ele>
   </trkpt>
   <trkpt lat="44.0111190" lon="5.1163420">
    <ele>161.2</ele>
   </trkpt>
   <trkpt lat="44.0111080" lon="5.1163660">
    <ele>161.4</ele>
   </trkpt>
   <trkpt lat="44.0110930" lon="5.1163860">
    <ele>161.6</ele>
   </trkpt>
   <trkpt lat="44.0110830" lon="5.1164080">
    <ele>161.8</ele>
   </trkpt>
   <trkpt lat="44.0110640" lon="5.1164320">
    <ele>162.2</ele>
   </trkpt>
   <trkpt lat="44.0110560" lon="5.1164490">
    <ele>162.4</ele>
   </trkpt>
   <trkpt lat="44.0110420" lon="5.1164710">
    <ele>162.6</ele>
   </trkpt>
   <trkpt lat="44.0110310" lon="5.1164950">
    <ele>162.6</ele>
   </trkpt>
   <trkpt lat="44.0110240" lon="5.1165210">
    <ele>162.8</ele>
   </trkpt>
   <trkpt lat="44.0110150" lon="5.1165460">
    <ele>162.8</ele>
   </trkpt>
   <trkpt lat="44.0110070" lon="5.1165770">
    <ele>163.0</ele>
   </trkpt>
   <trkpt lat="44.0109910" lon="5.1166110">
    <ele>163.0</ele>
   </trkpt>
   <trkpt lat="44.0109830" lon="5.1166360">
    <ele>163.2</ele>
   </trkpt>
   <trkpt lat="44.0109680" lon="5.1166660">
    <ele>163.4</ele>
   </trkpt>
   <trkpt lat="44.0109550" lon="5.1166860">
    <ele>163.6</ele>
   </trkpt>
   <trkpt lat="44.0109410" lon="5.1167110">
    <ele>163.8</ele>
   </trkpt>
   <trkpt lat="44.0109300" lon="5.1167330">
    <ele>164.0</ele>
   </trkpt>
   <trkpt lat="44.0109220" lon="5.1167510">
    <ele>164.0</ele>
   </trkpt>
   <trkpt lat="44.0109030" lon="5.1167750">
    <ele>164.2</ele>
   </trkpt>
   <trkpt lat="44.0108930" lon="5.1167930">
    <ele>164.4</ele>
   </trkpt>
   <trkpt lat="44.0108690" lon="5.1168160">
    <ele>164.4</ele>
   </trkpt>
   <trkpt lat="44.0108570" lon="5.1168390">
    <ele>164.6</ele>
   </trkpt>
   <trkpt lat="44.0108450" lon="5.1168620">
    <ele>164.6</ele>
   </trkpt>
   <trkpt lat="44.0108270" lon="5.1168810">
    <ele>164.8</ele>
   </trkpt>
   <trkpt lat="44.0108160" lon="5.1169030">
    <ele>164.8</ele>
   </trkpt>
   <trkpt lat="44.0108000" lon="5.1169190">
    <ele>164.8</ele>
   </trkpt>
   <trkpt lat="44.0107880" lon="5.1169340">
    <ele>165.0</ele>
   </trkpt>
   <trkpt lat="44.0107650" lon="5.1169560">
    <ele>165.0</ele>
   </trkpt>
   <trkpt lat="44.0107530" lon="5.1169700">
    <ele>165.2</ele>
   </trkpt>
   <trkpt lat="44.0107340" lon="5.1169880">
    <ele>165.4</ele>
   </trkpt>
   <trkpt lat="44.0107180" lon="5.1170040">
    <ele>165.4</ele>
   </trkpt>
   <trkpt lat="44.0107010" lon="5.1170220">
    <ele>165.4</ele>
   </trkpt>
   <trkpt lat="44.0106810" lon="5.1170360">
    <ele>165.6</ele>
   </trkpt>
   <trkpt lat="44.0106640" lon="5.1170590">
    <ele>165.8</ele>
   </trkpt>
   <trkpt lat="44.0106380" lon="5.1170760">
    <ele>166.0</ele>
   </trkpt>
   <trkpt lat="44.0106190" lon="5.1170920">
    <ele>166.2</ele>
   </trkpt>
   <trkpt lat="44.0105940" lon="5.1171150">
    <ele>166.4</ele>
   </trkpt>
   <trkpt lat="44.0105820" lon="5.1171260">
    <ele>166.6</ele>
   </trkpt>
   <trkpt lat="44.0105650" lon="5.1171470">
    <ele>166.6</ele>
   </trkpt>
   <trkpt lat="44.0105480" lon="5.1171660">
    <ele>166.8</ele>
   </trkpt>
   <trkpt lat="44.0105310" lon="5.1171700">
    <ele>166.8</ele>
   </trkpt>
   <trkpt lat="44.0105070" lon="5.1171780">
    <ele>167.0</ele>
   </trkpt>
   <trkpt lat="44.0104940" lon="5.1171880">
    <ele>167.2</ele>
   </trkpt>
   <trkpt lat="44.0104750" lon="5.1171970">
    <ele>167.2</ele>
   </trkpt>
   <trkpt lat="44.0104620" lon="5.1172120">
    <ele>167.4</ele>
   </trkpt>
   <trkpt lat="44.0104420" lon="5.1172270">
    <ele>167.6</ele>
   </trkpt>
   <trkpt lat="44.0104260" lon="5.1172480">
    <ele>167.8</ele>
   </trkpt>
   <trkpt lat="44.0104120" lon="5.1172680">
    <ele>168.0</ele>
   </trkpt>
   <trkpt lat="44.0103950" lon="5.1172830">
    <ele>168.2</ele>
   </trkpt>
   <trkpt lat="44.0103830" lon="5.1172960">
    <ele>168.4</ele>
   </trkpt>
   <trkpt lat="44.0103640" lon="5.1173110">
    <ele>168.6</ele>
   </trkpt>
   <trkpt lat="44.0103530" lon="5.1173300">
    <ele>168.8</ele>
   </trkpt>
   <trkpt lat="44.0103330" lon="5.1173400">
    <ele>169.0</ele>
   </trkpt>
   <trkpt lat="44.0103100" lon="5.1173410">
    <ele>169.2</ele>
   </trkpt>
   <trkpt lat="44.0102910" lon="5.1173470">
    <ele>169.6</ele>
   </trkpt>
   <trkpt lat="44.0102650" lon="5.1173530">
    <ele>170.0</ele>
   </trkpt>
   <trkpt lat="44.0102520" lon="5.1173730">
    <ele>170.2</ele>
   </trkpt>
   <trkpt lat="44.0102270" lon="5.1173900">
    <ele>170.4</ele>
   </trkpt>
   <trkpt lat="44.0102110" lon="5.1174080">
    <ele>170.6</ele>
   </trkpt>
   <trkpt lat="44.0101840" lon="5.1174270">
    <ele>170.8</ele>
   </trkpt>
   <trkpt lat="44.0101640" lon="5.1174450">
    <ele>170.8</ele>
   </trkpt>
   <trkpt lat="44.0101390" lon="5.1174650">
    <ele>170.6</ele>
   </trkpt>
   <trkpt lat="44.0101180" lon="5.1174810">
    <ele>170.6</ele>
   </trkpt>
   <trkpt lat="44.0100960" lon="5.1175000">
    <ele>170.6</ele>
   </trkpt>
   <trkpt lat="44.0100730" lon="5.1175160">
    <ele>170.6</ele>
   </trkpt>
   <trkpt lat="44.0100550" lon="5.1175300">
    <ele>170.6</ele>
   </trkpt>
   <trkpt lat="44.0100300" lon="5.1175480">
    <ele>170.6</ele>
   </trkpt>
   <trkpt lat="44.0100150" lon="5.1175670">
    <ele>170.6</ele>
   </trkpt>
   <trkpt lat="44.0099890" lon="5.1175860">
    <ele>170.6</ele>
   </trkpt>
   <trkpt lat="44.0099740" lon="5.1176010">
    <ele>170.6</ele>
   </trkpt>
   <trkpt lat="44.0099470" lon="5.1176200">
    <ele>170.8</ele>
   </trkpt>
   <trkpt lat="44.0099320" lon="5.1176360">
    <ele>171.0</ele>
   </trkpt>
   <trkpt lat="44.0099060" lon="5.1176550">
    <ele>171.0</ele>
   </trkpt>
   <trkpt lat="44.0098930" lon="5.1176750">
    <ele>171.2</ele>
   </trkpt>
   <trkpt lat="44.0098720" lon="5.1176930">
    <ele>171.2</ele>
   </trkpt>
   <trkpt lat="44.0098570" lon="5.1177140">
    <ele>171.4</ele>
   </trkpt>
   <trkpt lat="44.0098390" lon="5.1177340">
    <ele>171.4</ele>
   </trkpt>
   <trkpt lat="44.0098190" lon="5.1177500">
    <ele>171.6</ele>
   </trkpt>
   <trkpt lat="44.0097990" lon="5.1177700">
    <ele>171.6</ele>
   </trkpt>
   <trkpt lat="44.0097800" lon="5.1177880">
    <ele>171.8</ele>
   </trkpt>
   <trkpt lat="44.0097600" lon="5.1178050">
    <ele>171.8</ele>
   </trkpt>
   <trkpt lat="44.0097390" lon="5.1178180">
    <ele>172.0</ele>
   </trkpt>
   <trkpt lat="44.0097250" lon="5.1178360">
    <ele>172.2</ele>
   </trkpt>
   <trkpt lat="44.0097020" lon="5.1178510">
    <ele>172.4</ele>
   </trkpt>
   <trkpt lat="44.0096870" lon="5.1178710">
    <ele>172.6</ele>
   </trkpt>
   <trkpt lat="44.0096590" lon="5.1178830">
    <ele>172.8</ele>
   </trkpt>
   <trkpt lat="44.0096430" lon="5.1178960">
    <ele>172.8</ele>
   </trkpt>
   <trkpt lat="44.0096100" lon="5.1179080">
    <ele>173.0</ele>
   </trkpt>
   <trkpt lat="44.0095940" lon="5.1179220">
    <ele>173.2</ele>
   </trkpt>
   <trkpt lat="44.0095690" lon="5.1179420">
    <ele>173.4</ele>
   </trkpt>
   <trkpt lat="44.0095540" lon="5.1179570">
    <ele>173.4</ele>
   </trkpt>
   <trkpt lat="44.0095310" lon="5.1179700">
    <ele>173.6</ele>
   </trkpt>
   <trkpt lat="44.0095160" lon="5.1179850">
    <ele>173.6</ele>
   </trkpt>
   <trkpt lat="44.0094930" lon="5.1179970">
    <ele>173.8</ele>
   </trkpt>
   <trkpt lat="44.0094760" lon="5.1180100">
    <ele>173.8</ele>
   </trkpt>
   <trkpt lat="44.0094520" lon="5.1180230">
    <ele>173.8</ele>
   </trkpt>
   <trkpt lat="44.0094320" lon="5.1180430">
    <ele>174.0</ele>
   </trkpt>
   <trkpt lat="44.0094080" lon="5.1180660">
    <ele>174.0</ele>
   </trkpt>
   <trkpt lat="44.0093900" lon="5.1180850">
    <ele>174.2</ele>
   </trkpt>
   <trkpt lat="44.0093670" lon="5.1181060">
    <ele>174.2</ele>
   </trkpt>
   <trkpt lat="44.0093470" lon="5.1181240">
    <ele>174.2</ele>
   </trkpt>
   <trkpt lat="44.0093230" lon="5.1181460">
    <ele>174.2</ele>
   </trkpt>
   <trkpt lat="44.0093030" lon="5.1181590">
    <ele>174.4</ele>
   </trkpt>
   <trkpt lat="44.0092780" lon="5.1181780">
    <ele>174.4</ele>
   </trkpt>
   <trkpt lat="44.0092580" lon="5.1181920">
    <ele>174.4</ele>
   </trkpt>
   <trkpt lat="44.0092360" lon="5.1182070">
    <ele>174.6</ele>
   </trkpt>
   <trkpt lat="44.0092140" lon="5.1182210">
    <ele>174.8</ele>
   </trkpt>
   <trkpt lat="44.0091930" lon="5.1182390">
    <ele>174.8</ele>
   </trkpt>
   <trkpt lat="44.0091710" lon="5.1182580">
    <ele>175.0</ele>
   </trkpt>
   <trkpt lat="44.0091510" lon="5.1182730">
    <ele>175.0</ele>
   </trkpt>
   <trkpt lat="44.0091260" lon="5.1182870">
    <ele>175.2</ele>
   </trkpt>
   <trkpt lat="44.0091040" lon="5.1183050">
    <ele>175.2</ele>
   </trkpt>
   <trkpt lat="44.0090810" lon="5.1183240">
    <ele>175.4</ele>
   </trkpt>
   <trkpt lat="44.0090630" lon="5.1183380">
    <ele>175.4</ele>
   </trkpt>
   <trkpt lat="44.0090390" lon="5.1183490">
    <ele>175.6</ele>
   </trkpt>
   <trkpt lat="44.0090200" lon="5.1183610">
    <ele>175.6</ele>
   </trkpt>
   <trkpt lat="44.0089950" lon="5.1183750">
    <ele>175.6</ele>
   </trkpt>
   <trkpt lat="44.0089810" lon="5.1183910">
    <ele>175.6</ele>
   </trkpt>
   <trkpt lat="44.0089560" lon="5.1184110">
    <ele>175.6</ele>
   </trkpt>
   <trkpt lat="44.0089370" lon="5.1184260">
    <ele>175.6</ele>
   </trkpt>
   <trkpt lat="44.0089040" lon="5.1184270">
    <ele>175.6</ele>
   </trkpt>
   <trkpt lat="44.0088820" lon="5.1184310">
    <ele>175.8</ele>
   </trkpt>
   <trkpt lat="44.0088560" lon="5.1184270">
    <ele>175.8</ele>
   </trkpt>
   <trkpt lat="44.0088350" lon="5.1184240">
    <ele>176.0</ele>
   </trkpt>
   <trkpt lat="44.0088120" lon="5.1184150">
    <ele>176.2</ele>
   </trkpt>
   <trkpt lat="44.0087930" lon="5.1184070">
    <ele>176.4</ele>
   </trkpt>
   <trkpt lat="44.0087680" lon="5.1183880">
    <ele>176.6</ele>
   </trkpt>
   <trkpt lat="44.0087480" lon="5.1183880">
    <ele>177.0</ele>
   </trkpt>
   <trkpt lat="44.0087230" lon="5.1183710">
    <ele>177.2</ele>
   </trkpt>
   <trkpt lat="44.0087010" lon="5.1183690">
    <ele>177.4</ele>
   </trkpt>
   <trkpt lat="44.0086720" lon="5.1183560">
    <ele>177.6</ele>
   </trkpt>
   <trkpt lat="44.0086520" lon="5.1183460">
    <ele>177.6</ele>
   </trkpt>
   <trkpt lat="44.0086260" lon="5.1183290">
    <ele>177.6</ele>
   </trkpt>
   <trkpt lat="44.0086060" lon="5.1183150">
    <ele>177.6</ele>
   </trkpt>
   <trkpt lat="44.0085790" lon="5.1182940">
    <ele>177.8</ele>
   </trkpt>
   <trkpt lat="44.0085610" lon="5.1182830">
    <ele>177.8</ele>
   </trkpt>
   <trkpt lat="44.0085340" lon="5.1182710">
    <ele>177.8</ele>
   </trkpt>
   <trkpt lat="44.0085130" lon="5.1182730">
    <ele>178.0</ele>
   </trkpt>
   <trkpt lat="44.0084870" lon="5.1182780">
    <ele>178.2</ele>
   </trkpt>
   <trkpt lat="44.0084650" lon="5.1182790">
    <ele>178.4</ele>
   </trkpt>
   <trkpt lat="44.0084420" lon="5.1182860">
    <ele>178.6</ele>
   </trkpt>
   <trkpt lat="44.0084190" lon="5.1182950">
    <ele>178.8</ele>
   </trkpt>
   <trkpt lat="44.0084000" lon="5.1183090">
    <ele>179.0</ele>
   </trkpt>
   <trkpt lat="44.0083760" lon="5.1183190">
    <ele>179.4</ele>
   </trkpt>
   <trkpt lat="44.0083610" lon="5.1183320">
    <ele>179.6</ele>
   </trkpt>
   <trkpt lat="44.0083430" lon="5.1183610">
    <ele>179.6</ele>
   </trkpt>
   <trkpt lat="44.0083310" lon="5.1183820">
    <ele>179.8</ele>
   </trkpt>
   <trkpt lat="44.0083080" lon="5.1184050">
    <ele>179.6</ele>
   </trkpt>
   <trkpt lat="44.0082910" lon="5.1184250">
    <ele>179.6</ele>
   </trkpt>
   <trkpt lat="44.0082650" lon="5.1184430">
    <ele>179.6</ele>
   </trkpt>
   <trkpt lat="44.0082500" lon="5.1184600">
    <ele>179.6</ele>
   </trkpt>
   <trkpt lat="44.0082210" lon="5.1184780">
    <ele>179.6</ele>
   </trkpt>
   <trkpt lat="44.0082050" lon="5.1184990">
    <ele>179.6</ele>
   </trkpt>
   <trkpt lat="44.0081810" lon="5.1185200">
    <ele>179.6</ele>
   </trkpt>
   <trkpt lat="44.0081630" lon="5.1185380">
    <ele>179.4</ele>
   </trkpt>
   <trkpt lat="44.0081360" lon="5.1185550">
    <ele>179.4</ele>
   </trkpt>
   <trkpt lat="44.0081160" lon="5.1185750">
    <ele>179.4</ele>
   </trkpt>
   <trkpt lat="44.0080920" lon="5.1185960">
    <ele>179.6</ele>
   </trkpt>
   <trkpt lat="44.0080740" lon="5.1186180">
    <ele>179.6</ele>
   </trkpt>
   <trkpt lat="44.0080530" lon="5.1186400">
    <ele>179.6</ele>
   </trkpt>
   <trkpt lat="44.0080330" lon="5.1186610">
    <ele>179.6</ele>
   </trkpt>
   <trkpt lat="44.0080130" lon="5.1186860">
    <ele>179.6</ele>
   </trkpt>
   <trkpt lat="44.0079910" lon="5.1187080">
    <ele>179.6</ele>
   </trkpt>
   <trkpt lat="44.0079720" lon="5.1187290">
    <ele>179.4</ele>
   </trkpt>
   <trkpt lat="44.0079490" lon="5.1187540">
    <ele>179.4</ele>
   </trkpt>
   <trkpt lat="44.0079330" lon="5.1187780">
    <ele>179.4</ele>
   </trkpt>
   <trkpt lat="44.0079070" lon="5.1188040">
    <ele>179.4</ele>
   </trkpt>
   <trkpt lat="44.0078870" lon="5.1188220">
    <ele>179.4</ele>
   </trkpt>
   <trkpt lat="44.0078620" lon="5.1188450">
    <ele>179.6</ele>
   </trkpt>
   <trkpt lat="44.0078440" lon="5.1188640">
    <ele>179.6</ele>
   </trkpt>
   <trkpt lat="44.0078210" lon="5.1188830">
    <ele>179.8</ele>
   </trkpt>
   <trkpt lat="44.0078030" lon="5.1189020">
    <ele>179.8</ele>
   </trkpt>
   <trkpt lat="44.0077770" lon="5.1189230">
    <ele>179.8</ele>
   </trkpt>
   <trkpt lat="44.0077530" lon="5.1189440">
    <ele>179.8</ele>
   </trkpt>
   <trkpt lat="44.0077280" lon="5.1189630">
    <ele>179.8</ele>
   </trkpt>
   <trkpt lat="44.0077070" lon="5.1189820">
    <ele>179.6</ele>
   </trkpt>
   <trkpt lat="44.0076860" lon="5.1190060">
    <ele>179.4</ele>
   </trkpt>
   <trkpt lat="44.0076660" lon="5.1190260">
    <ele>179.4</ele>
   </trkpt>
   <trkpt lat="44.0076450" lon="5.1190460">
    <ele>179.2</ele>
   </trkpt>
   <trkpt lat="44.0076260" lon="5.1190690">
    <ele>179.0</ele>
   </trkpt>
   <trkpt lat="44.0076050" lon="5.1190900">
    <ele>179.0</ele>
   </trkpt>
   <trkpt lat="44.0075780" lon="5.1191080">
    <ele>179.0</ele>
   </trkpt>
   <trkpt lat="44.0075600" lon="5.1191300">
    <ele>179.2</ele>
   </trkpt>
   <trkpt lat="44.0075350" lon="5.1191550">
    <ele>179.4</ele>
   </trkpt>
   <trkpt lat="44.0075160" lon="5.1191780">
    <ele>179.4</ele>
   </trkpt>
   <trkpt lat="44.0074890" lon="5.1192000">
    <ele>179.6</ele>
   </trkpt>
   <trkpt lat="44.0074690" lon="5.1192170">
    <ele>179.6</ele>
   </trkpt>
   <trkpt lat="44.0074400" lon="5.1192370">
    <ele>179.4</ele>
   </trkpt>
   <trkpt lat="44.0074220" lon="5.1192590">
    <ele>179.4</ele>
   </trkpt>
   <trkpt lat="44.0073930" lon="5.1192780">
    <ele>179.2</ele>
   </trkpt>
   <trkpt lat="44.0073720" lon="5.1192990">
    <ele>179.4</ele>
   </trkpt>
   <trkpt lat="44.0073450" lon="5.1193230">
    <ele>179.2</ele>
   </trkpt>
   <trkpt lat="44.0073290" lon="5.1193440">
    <ele>179.2</ele>
   </trkpt>
   <trkpt lat="44.0073050" lon="5.1193670">
    <ele>179.0</ele>
   </trkpt>
   <trkpt lat="44.0072890" lon="5.1193900">
    <ele>178.8</ele>
   </trkpt>
   <trkpt lat="44.0072620" lon="5.1194120">
    <ele>178.6</ele>
   </trkpt>
   <trkpt lat="44.0072450" lon="5.1194330">
    <ele>178.6</ele>
   </trkpt>
   <trkpt lat="44.0072200" lon="5.1194520">
    <ele>178.4</ele>
   </trkpt>
   <trkpt lat="44.0072010" lon="5.1194700">
    <ele>178.4</ele>
   </trkpt>
   <trkpt lat="44.0071680" lon="5.1194800">
    <ele>178.4</ele>
   </trkpt>
   <trkpt lat="44.0071490" lon="5.1194980">
    <ele>178.0</ele>
   </trkpt>
   <trkpt lat="44.0071230" lon="5.1195180">
    <ele>178.0</ele>
   </trkpt>
   <trkpt lat="44.0071050" lon="5.1195370">
    <ele>177.8</ele>
   </trkpt>
   <trkpt lat="44.0070760" lon="5.1195610">
    <ele>177.6</ele>
   </trkpt>
   <trkpt lat="44.0070570" lon="5.1195790">
    <ele>177.6</ele>
   </trkpt>
   <trkpt lat="44.0070240" lon="5.1195980">
    <ele>177.6</ele>
   </trkpt>
   <trkpt lat="44.0070070" lon="5.1196150">
    <ele>177.4</ele>
   </trkpt>
   <trkpt lat="44.0069780" lon="5.1196370">
    <ele>177.2</ele>
   </trkpt>
   <trkpt lat="44.0069630" lon="5.1196560">
    <ele>177.0</ele>
   </trkpt>
   <trkpt lat="44.0069350" lon="5.1196750">
    <ele>176.8</ele>
   </trkpt>
   <trkpt lat="44.0069210" lon="5.1196930">
    <ele>176.6</ele>
   </trkpt>
   <trkpt lat="44.0068960" lon="5.1197130">
    <ele>176.4</ele>
   </trkpt>
   <trkpt lat="44.0068790" lon="5.1197280">
    <ele>176.4</ele>
   </trkpt>
   <trkpt lat="44.0068500" lon="5.1197420">
    <ele>176.4</ele>
   </trkpt>
   <trkpt lat="44.0068200" lon="5.1197550">
    <ele>176.2</ele>
   </trkpt>
   <trkpt lat="44.0067900" lon="5.1197690">
    <ele>176.2</ele>
   </trkpt>
   <trkpt lat="44.0067640" lon="5.1197810">
    <ele>176.2</ele>
   </trkpt>
   <trkpt lat="44.0067390" lon="5.1197910">
    <ele>176.0</ele>
   </trkpt>
   <trkpt lat="44.0067190" lon="5.1198020">
    <ele>176.0</ele>
   </trkpt>
   <trkpt lat="44.0066920" lon="5.1198110">
    <ele>176.0</ele>
   </trkpt>
   <trkpt lat="44.0066680" lon="5.1198230">
    <ele>176.2</ele>
   </trkpt>
   <trkpt lat="44.0066400" lon="5.1198380">
    <ele>176.4</ele>
   </trkpt>
   <trkpt lat="44.0066170" lon="5.1198550">
    <ele>176.6</ele>
   </trkpt>
   <trkpt lat="44.0065930" lon="5.1198750">
    <ele>177.0</ele>
   </trkpt>
   <trkpt lat="44.0065720" lon="5.1198980">
    <ele>177.2</ele>
   </trkpt>
   <trkpt lat="44.0065450" lon="5.1199120">
    <ele>177.4</ele>
   </trkpt>
   <trkpt lat="44.0065240" lon="5.1199320">
    <ele>177.6</ele>
   </trkpt>
   <trkpt lat="44.0065020" lon="5.1199530">
    <ele>177.8</ele>
   </trkpt>
   <trkpt lat="44.0064850" lon="5.1199720">
    <ele>178.0</ele>
   </trkpt>
   <trkpt lat="44.0064650" lon="5.1199910">
    <ele>178.2</ele>
   </trkpt>
   <trkpt lat="44.0064440" lon="5.1200070">
    <ele>178.4</ele>
   </trkpt>
   <trkpt lat="44.0064250" lon="5.1200270">
    <ele>178.6</ele>
   </trkpt>
   <trkpt lat="44.0064070" lon="5.1200450">
    <ele>178.6</ele>
   </trkpt>
   <trkpt lat="44.0063910" lon="5.1200670">
    <ele>178.8</ele>
   </trkpt>
   <trkpt lat="44.0063770" lon="5.1200930">
    <ele>179.0</ele>
   </trkpt>
   <trkpt lat="44.0063640" lon="5.1201200">
    <ele>179.2</ele>
   </trkpt>
   <trkpt lat="44.0063520" lon="5.1201480">
    <ele>179.4</ele>
   </trkpt>
   <trkpt lat="44.0063450" lon="5.1201750">
    <ele>179.4</ele>
   </trkpt>
   <trkpt lat="44.0063360" lon="5.1202080">
    <ele>179.6</ele>
   </trkpt>
   <trkpt lat="44.0063260" lon="5.1202430">
    <ele>179.8</ele>
   </trkpt>
   <trkpt lat="44.0063160" lon="5.1202790">
    <ele>180.0</ele>
   </trkpt>
   <trkpt lat="44.0063090" lon="5.1203150">
    <ele>180.2</ele>
   </trkpt>
   <trkpt lat="44.0062980" lon="5.1203500">
    <ele>180.4</ele>
   </trkpt>
   <trkpt lat="44.0062910" lon="5.1203830">
    <ele>180.6</ele>
   </trkpt>
   <trkpt lat="44.0062830" lon="5.1204170">
    <ele>180.8</ele>
   </trkpt>
   <trkpt lat="44.0062740" lon="5.1204510">
    <ele>181.0</ele>
   </trkpt>
   <trkpt lat="44.0062630" lon="5.1204860">
    <ele>181.2</ele>
   </trkpt>
   <trkpt lat="44.0062580" lon="5.1205180">
    <ele>181.2</ele>
   </trkpt>
   <trkpt lat="44.0062520" lon="5.1205560">
    <ele>181.4</ele>
   </trkpt>
   <trkpt lat="44.0062510" lon="5.1205890">
    <ele>181.6</ele>
   </trkpt>
   <trkpt lat="44.0062460" lon="5.1206280">
    <ele>181.6</ele>
   </trkpt>
   <trkpt lat="44.0062440" lon="5.1206630">
    <ele>181.6</ele>
   </trkpt>
   <trkpt lat="44.0062390" lon="5.1206980">
    <ele>181.6</ele>
   </trkpt>
   <trkpt lat="44.0062340" lon="5.1207330">
    <ele>181.6</ele>
   </trkpt>
   <trkpt lat="44.0062260" lon="5.1207730">
    <ele>181.6</ele>
   </trkpt>
   <trkpt lat="44.0062240" lon="5.1208090">
    <ele>181.6</ele>
   </trkpt>
   <trkpt lat="44.0062200" lon="5.1208470">
    <ele>181.6</ele>
   </trkpt>
   <trkpt lat="44.0062190" lon="5.1208810">
    <ele>181.6</ele>
   </trkpt>
   <trkpt lat="44.0062150" lon="5.1209190">
    <ele>181.8</ele>
   </trkpt>
   <trkpt lat="44.0062120" lon="5.1209550">
    <ele>182.0</ele>
   </trkpt>
   <trkpt lat="44.0062050" lon="5.1209890">
    <ele>182.0</ele>
   </trkpt>
   <trkpt lat="44.0062050" lon="5.1210210">
    <ele>182.0</ele>
   </trkpt>
   <trkpt lat="44.0062050" lon="5.1210560">
    <ele>182.0</ele>
   </trkpt>
   <trkpt lat="44.0062040" lon="5.1210910">
    <ele>182.0</ele>
   </trkpt>
   <trkpt lat="44.0062030" lon="5.1211270">
    <ele>182.2</ele>
   </trkpt>
   <trkpt lat="44.0062010" lon="5.1211600">
    <ele>182.2</ele>
   </trkpt>
   <trkpt lat="44.0061990" lon="5.1212010">
    <ele>182.2</ele>
   </trkpt>
   <trkpt lat="44.0061970" lon="5.1212370">
    <ele>182.4</ele>
   </trkpt>
   <trkpt lat="44.0061910" lon="5.1212760">
    <ele>182.2</ele>
   </trkpt>
   <trkpt lat="44.0061890" lon="5.1213110">
    <ele>182.2</ele>
   </trkpt>
   <trkpt lat="44.0061850" lon="5.1213490">
    <ele>182.2</ele>
   </trkpt>
   <trkpt lat="44.0061850" lon="5.1213810">
    <ele>182.2</ele>
   </trkpt>
   <trkpt lat="44.0061780" lon="5.1214170">
    <ele>182.0</ele>
   </trkpt>
   <trkpt lat="44.0061770" lon="5.1214480">
    <ele>182.0</ele>
   </trkpt>
   <trkpt lat="44.0061710" lon="5.1214870">
    <ele>182.0</ele>
   </trkpt>
   <trkpt lat="44.0061690" lon="5.1215220">
    <ele>181.8</ele>
   </trkpt>
   <trkpt lat="44.0061630" lon="5.1215630">
    <ele>181.8</ele>
   </trkpt>
   <trkpt lat="44.0061590" lon="5.1215990">
    <ele>181.8</ele>
   </trkpt>
   <trkpt lat="44.0061510" lon="5.1216350">
    <ele>181.8</ele>
   </trkpt>
   <trkpt lat="44.0061500" lon="5.1216690">
    <ele>181.8</ele>
   </trkpt>
   <trkpt lat="44.0061440" lon="5.1217070">
    <ele>181.8</ele>
   </trkpt>
   <trkpt lat="44.0061400" lon="5.1217410">
    <ele>181.8</ele>
   </trkpt>
   <trkpt lat="44.0061310" lon="5.1217770">
    <ele>182.0</ele>
   </trkpt>
   <trkpt lat="44.0061270" lon="5.1218100">
    <ele>181.8</ele>
   </trkpt>
   <trkpt lat="44.0061170" lon="5.1218490">
    <ele>181.8</ele>
   </trkpt>
   <trkpt lat="44.0061120" lon="5.1218840">
    <ele>181.8</ele>
   </trkpt>
   <trkpt lat="44.0061040" lon="5.1219260">
    <ele>181.8</ele>
   </trkpt>
   <trkpt lat="44.0061020" lon="5.1219590">
    <ele>181.8</ele>
   </trkpt>
   <trkpt lat="44.0060960" lon="5.1220010">
    <ele>181.8</ele>
   </trkpt>
   <trkpt lat="44.0060960" lon="5.1220340">
    <ele>181.8</ele>
   </trkpt>
   <trkpt lat="44.0060880" lon="5.1220730">
    <ele>181.8</ele>
   </trkpt>
   <trkpt lat="44.0060840" lon="5.1221040">
    <ele>181.8</ele>
   </trkpt>
   <trkpt lat="44.0060790" lon="5.1221420">
    <ele>181.8</ele>
   </trkpt>
   <trkpt lat="44.0060870" lon="5.1221710">
    <ele>181.8</ele>
   </trkpt>
   <trkpt lat="44.0060880" lon="5.1222090">
    <ele>181.8</ele>
   </trkpt>
   <trkpt lat="44.0060870" lon="5.1222390">
    <ele>181.8</ele>
   </trkpt>
   <trkpt lat="44.0060750" lon="5.1222730">
    <ele>181.6</ele>
   </trkpt>
   <trkpt lat="44.0060710" lon="5.1223020">
    <ele>181.6</ele>
   </trkpt>
   <trkpt lat="44.0060560" lon="5.1223370">
    <ele>181.6</ele>
   </trkpt>
   <trkpt lat="44.0060440" lon="5.1223590">
    <ele>181.6</ele>
   </trkpt>
   <trkpt lat="44.0060250" lon="5.1223810">
    <ele>181.6</ele>
   </trkpt>
   <trkpt lat="44.0060120" lon="5.1224090">
    <ele>181.8</ele>
   </trkpt>
   <trkpt lat="44.0059990" lon="5.1224400">
    <ele>181.8</ele>
   </trkpt>
   <trkpt lat="44.0059890" lon="5.1224780">
    <ele>181.8</ele>
   </trkpt>
   <trkpt lat="44.0059830" lon="5.1225140">
    <ele>181.8</ele>
   </trkpt>
   <trkpt lat="44.0059780" lon="5.1225490">
    <ele>181.8</ele>
   </trkpt>
   <trkpt lat="44.0059760" lon="5.1225800">
    <ele>181.8</ele>
   </trkpt>
   <trkpt lat="44.0059660" lon="5.1226140">
    <ele>181.8</ele>
   </trkpt>
   <trkpt lat="44.0059610" lon="5.1226430">
    <ele>181.8</ele>
   </trkpt>
   <trkpt lat="44.0059580" lon="5.1226780">
    <ele>181.8</ele>
   </trkpt>
   <trkpt lat="44.0059620" lon="5.1227050">
    <ele>181.8</ele>
   </trkpt>
   <trkpt lat="44.0059660" lon="5.1227390">
    <ele>181.8</ele>
   </trkpt>
   <trkpt lat="44.0059710" lon="5.1227630">
    <ele>181.8</ele>
   </trkpt>
   <trkpt lat="44.0059810" lon="5.1228000">
    <ele>182.0</ele>
   </trkpt>
   <trkpt lat="44.0059930" lon="5.1228200">
    <ele>181.8</ele>
   </trkpt>
   <trkpt lat="44.0060020" lon="5.1228570">
    <ele>181.8</ele>
   </trkpt>
   <trkpt lat="44.0060040" lon="5.1228940">
    <ele>181.8</ele>
   </trkpt>
   <trkpt lat="44.0060050" lon="5.1229310">
    <ele>181.8</ele>
   </trkpt>
   <trkpt lat="44.0060050" lon="5.1229680">
    <ele>182.0</ele>
   </trkpt>
   <trkpt lat="44.0060040" lon="5.1229990">
    <ele>182.0</ele>
   </trkpt>
   <trkpt lat="44.0059930" lon="5.1230350">
    <ele>182.2</ele>
   </trkpt>
   <trkpt lat="44.0059920" lon="5.1230640">
    <ele>182.4</ele>
   </trkpt>
   <trkpt lat="44.0059820" lon="5.1231020">
    <ele>182.4</ele>
   </trkpt>
   <trkpt lat="44.0059770" lon="5.1231310">
    <ele>182.6</ele>
   </trkpt>
   <trkpt lat="44.0059620" lon="5.1231620">
    <ele>182.6</ele>
   </trkpt>
   <trkpt lat="44.0059450" lon="5.1231800">
    <ele>182.6</ele>
   </trkpt>
   <trkpt lat="44.0059270" lon="5.1231970">
    <ele>182.8</ele>
   </trkpt>
   <trkpt lat="44.0059020" lon="5.1232040">
    <ele>182.8</ele>
   </trkpt>
   <trkpt lat="44.0058850" lon="5.1232160">
    <ele>183.0</ele>
   </trkpt>
   <trkpt lat="44.0058640" lon="5.1232290">
    <ele>183.0</ele>
   </trkpt>
   <trkpt lat="44.0058490" lon="5.1232380">
    <ele>183.2</ele>
   </trkpt>
   <trkpt lat="44.0058270" lon="5.1232450">
    <ele>183.4</ele>
   </trkpt>
   <trkpt lat="44.0058100" lon="5.1232550">
    <ele>183.4</ele>
   </trkpt>
   <trkpt lat="44.0057860" lon="5.1232660">
    <ele>183.6</ele>
   </trkpt>
   <trkpt lat="44.0057660" lon="5.1232780">
    <ele>183.6</ele>
   </trkpt>
   <trkpt lat="44.0057460" lon="5.1232920">
    <ele>183.8</ele>
   </trkpt>
   <trkpt lat="44.0057260" lon="5.1233090">
    <ele>184.0</ele>
   </trkpt>
   <trkpt lat="44.0057090" lon="5.1233280">
    <ele>184.0</ele>
   </trkpt>
   <trkpt lat="44.0056920" lon="5.1233500">
    <ele>184.2</ele>
   </trkpt>
   <trkpt lat="44.0056820" lon="5.1233710">
    <ele>184.4</ele>
   </trkpt>
   <trkpt lat="44.0056690" lon="5.1233960">
    <ele>184.4</ele>
   </trkpt>
   <trkpt lat="44.0056580" lon="5.1234180">
    <ele>184.6</ele>
   </trkpt>
   <trkpt lat="44.0056420" lon="5.1234420">
    <ele>184.8</ele>
   </trkpt>
   <trkpt lat="44.0056300" lon="5.1234670">
    <ele>185.0</ele>
   </trkpt>
   <trkpt lat="44.0056170" lon="5.1234940">
    <ele>185.2</ele>
   </trkpt>
   <trkpt lat="44.0056020" lon="5.1235130">
    <ele>185.4</ele>
   </trkpt>
   <trkpt lat="44.0055820" lon="5.1235390">
    <ele>185.6</ele>
   </trkpt>
   <trkpt lat="44.0055690" lon="5.1235620">
    <ele>185.8</ele>
   </trkpt>
   <trkpt lat="44.0055580" lon="5.1235840">
    <ele>185.8</ele>
   </trkpt>
   <trkpt lat="44.0055440" lon="5.1236110">
    <ele>186.0</ele>
   </trkpt>
   <trkpt lat="44.0055330" lon="5.1236320">
    <ele>186.2</ele>
   </trkpt>
   <trkpt lat="44.0055160" lon="5.1236510">
    <ele>186.4</ele>
   </trkpt>
   <trkpt lat="44.0055060" lon="5.1236740">
    <ele>186.6</ele>
   </trkpt>
   <trkpt lat="44.0054880" lon="5.1236990">
    <ele>186.6</ele>
   </trkpt>
   <trkpt lat="44.0054860" lon="5.1237190">
    <ele>186.8</ele>
   </trkpt>
   <trkpt lat="44.0054710" lon="5.1237530">
    <ele>187.0</ele>
   </trkpt>
   <trkpt lat="44.0054530" lon="5.1237690">
    <ele>187.2</ele>
   </trkpt>
   <trkpt lat="44.0054350" lon="5.1237860">
    <ele>187.2</ele>
   </trkpt>
   <trkpt lat="44.0054230" lon="5.1238030">
    <ele>187.4</ele>
   </trkpt>
   <trkpt lat="44.0054170" lon="5.1238230">
    <ele>187.6</ele>
   </trkpt>
   <trkpt lat="44.0054090" lon="5.1238490">
    <ele>187.6</ele>
   </trkpt>
   <trkpt lat="44.0054040" lon="5.1238680">
    <ele>187.8</ele>
   </trkpt>
   <trkpt lat="44.0053910" lon="5.1238970">
    <ele>188.0</ele>
   </trkpt>
   <trkpt lat="44.0053850" lon="5.1239120">
    <ele>188.0</ele>
   </trkpt>
   <trkpt lat="44.0053650" lon="5.1239340">
    <ele>188.2</ele>
   </trkpt>
   <trkpt lat="44.0053560" lon="5.1239460">
    <ele>188.4</ele>
   </trkpt>
   <trkpt lat="44.0053410" lon="5.1239590">
    <ele>188.6</ele>
   </trkpt>
   <trkpt lat="44.0053260" lon="5.1239780">
    <ele>188.8</ele>
   </trkpt>
   <trkpt lat="44.0053180" lon="5.1239920">
    <ele>189.0</ele>
   </trkpt>
   <trkpt lat="44.0053020" lon="5.1240210">
    <ele>189.2</ele>
   </trkpt>
   <trkpt lat="44.0052950" lon="5.1240460">
    <ele>189.2</ele>
   </trkpt>
   <trkpt lat="44.0052830" lon="5.1240710">
    <ele>189.4</ele>
   </trkpt>
   <trkpt lat="44.0052710" lon="5.1240930">
    <ele>189.6</ele>
   </trkpt>
   <trkpt lat="44.0052620" lon="5.1241140">
    <ele>189.6</ele>
   </trkpt>
   <trkpt lat="44.0052510" lon="5.1241380">
    <ele>190.0</ele>
   </trkpt>
   <trkpt lat="44.0052460" lon="5.1241590">
    <ele>190.4</ele>
   </trkpt>
   <trkpt lat="44.0052300" lon="5.1241770">
    <ele>190.6</ele>
   </trkpt>
   <trkpt lat="44.0052190" lon="5.1241990">
    <ele>190.8</ele>
   </trkpt>
   <trkpt lat="44.0052080" lon="5.1242190">
    <ele>191.0</ele>
   </trkpt>
   <trkpt lat="44.0051940" lon="5.1242350">
    <ele>191.2</ele>
   </trkpt>
   <trkpt lat="44.0051870" lon="5.1242520">
    <ele>191.2</ele>
   </trkpt>
   <trkpt lat="44.0051750" lon="5.1242750">
    <ele>191.4</ele>
   </trkpt>
   <trkpt lat="44.0051700" lon="5.1242920">
    <ele>191.8</ele>
   </trkpt>
   <trkpt lat="44.0051570" lon="5.1243130">
    <ele>192.0</ele>
   </trkpt>
   <trkpt lat="44.0051460" lon="5.1243300">
    <ele>192.2</ele>
   </trkpt>
   <trkpt lat="44.0051340" lon="5.1243500">
    <ele>192.4</ele>
   </trkpt>
   <trkpt lat="44.0051210" lon="5.1243750">
    <ele>192.6</ele>
   </trkpt>
   <trkpt lat="44.0051170" lon="5.1243970">
    <ele>192.6</ele>
   </trkpt>
   <trkpt lat="44.0051050" lon="5.1244250">
    <ele>192.8</ele>
   </trkpt>
   <trkpt lat="44.0050970" lon="5.1244510">
    <ele>193.0</ele>
   </trkpt>
   <trkpt lat="44.0050930" lon="5.1244750">
    <ele>193.2</ele>
   </trkpt>
   <trkpt lat="44.0050790" lon="5.1244980">
    <ele>193.4</ele>
   </trkpt>
   <trkpt lat="44.0050740" lon="5.1245160">
    <ele>193.6</ele>
   </trkpt>
   <trkpt lat="44.0050660" lon="5.1245390">
    <ele>193.8</ele>
   </trkpt>
   <trkpt lat="44.0050560" lon="5.1245660">
    <ele>194.0</ele>
   </trkpt>
   <trkpt lat="44.0050510" lon="5.1245860">
    <ele>194.2</ele>
   </trkpt>
   <trkpt lat="44.0050430" lon="5.1246060">
    <ele>194.6</ele>
   </trkpt>
   <trkpt lat="44.0050350" lon="5.1246210">
    <ele>194.8</ele>
   </trkpt>
   <trkpt lat="44.0050170" lon="5.1246390">
    <ele>195.0</ele>
   </trkpt>
   <trkpt lat="44.0050070" lon="5.1246480">
    <ele>195.2</ele>
   </trkpt>
   <trkpt lat="44.0049900" lon="5.1246660">
    <ele>195.6</ele>
   </trkpt>
   <trkpt lat="44.0049770" lon="5.1246840">
    <ele>195.8</ele>
   </trkpt>
   <trkpt lat="44.0049670" lon="5.1247030">
    <ele>196.0</ele>
   </trkpt>
   <trkpt lat="44.0049500" lon="5.1247240">
    <ele>196.2</ele>
   </trkpt>
   <trkpt lat="44.0049370" lon="5.1247380">
    <ele>196.4</ele>
   </trkpt>
   <trkpt lat="44.0049250" lon="5.1247530">
    <ele>196.4</ele>
   </trkpt>
   <trkpt lat="44.0049110" lon="5.1247800">
    <ele>196.6</ele>
   </trkpt>
   <trkpt lat="44.0049040" lon="5.1247960">
    <ele>196.8</ele>
   </trkpt>
   <trkpt lat="44.0048950" lon="5.1248240">
    <ele>197.0</ele>
   </trkpt>
   <trkpt lat="44.0048990" lon="5.1248450">
    <ele>197.4</ele>
   </trkpt>
   <trkpt lat="44.0048940" lon="5.1248660">
    <ele>197.6</ele>
   </trkpt>
   <trkpt lat="44.0048830" lon="5.1248850">
    <ele>198.0</ele>
   </trkpt>
   <trkpt lat="44.0048770" lon="5.1248990">
    <ele>198.4</ele>
   </trkpt>
   <trkpt lat="44.0048570" lon="5.1249130">
    <ele>198.6</ele>
   </trkpt>
   <trkpt lat="44.0048480" lon="5.1249250">
    <ele>198.6</ele>
   </trkpt>
   <trkpt lat="44.0048290" lon="5.1249490">
    <ele>198.8</ele>
   </trkpt>
   <trkpt lat="44.0048170" lon="5.1249650">
    <ele>199.0</ele>
   </trkpt>
   <trkpt lat="44.0048040" lon="5.1249820">
    <ele>199.0</ele>
   </trkpt>
   <trkpt lat="44.0047860" lon="5.1250060">
    <ele>199.4</ele>
   </trkpt>
   <trkpt lat="44.0047780" lon="5.1250280">
    <ele>199.6</ele>
   </trkpt>
   <trkpt lat="44.0047650" lon="5.1250490">
    <ele>199.8</ele>
   </trkpt>
   <trkpt lat="44.0047570" lon="5.1250620">
    <ele>200.2</ele>
   </trkpt>
   <trkpt lat="44.0047440" lon="5.1250830">
    <ele>200.4</ele>
   </trkpt>
   <trkpt lat="44.0047250" lon="5.1250950">
    <ele>200.8</ele>
   </trkpt>
   <trkpt lat="44.0047200" lon="5.1251060">
    <ele>201.0</ele>
   </trkpt>
   <trkpt lat="44.0047030" lon="5.1251250">
    <ele>201.2</ele>
   </trkpt>
   <trkpt lat="44.0046910" lon="5.1251370">
    <ele>201.4</ele>
   </trkpt>
   <trkpt lat="44.0046810" lon="5.1251560">
    <ele>201.6</ele>
   </trkpt>
   <trkpt lat="44.0046720" lon="5.1251800">
    <ele>201.8</ele>
   </trkpt>
   <trkpt lat="44.0046680" lon="5.1251980">
    <ele>202.0</ele>
   </trkpt>
   <trkpt lat="44.0046600" lon="5.1252280">
    <ele>202.2</ele>
   </trkpt>
   <trkpt lat="44.0046560" lon="5.1252500">
    <ele>202.4</ele>
   </trkpt>
   <trkpt lat="44.0046500" lon="5.1252750">
    <ele>202.8</ele>
   </trkpt>
   <trkpt lat="44.0046450" lon="5.1253020">
    <ele>203.0</ele>
   </trkpt>
   <trkpt lat="44.0046440" lon="5.1253220">
    <ele>203.2</ele>
   </trkpt>
   <trkpt lat="44.0046450" lon="5.1253520">
    <ele>203.6</ele>
   </trkpt>
   <trkpt lat="44.0046480" lon="5.1253800">
    <ele>203.8</ele>
   </trkpt>
   <trkpt lat="44.0046560" lon="5.1254050">
    <ele>204.0</ele>
   </trkpt>
   <trkpt lat="44.0046640" lon="5.1254300">
    <ele>204.2</ele>
   </trkpt>
   <trkpt lat="44.0046770" lon="5.1254480">
    <ele>204.4</ele>
   </trkpt>
   <trkpt lat="44.0046940" lon="5.1254740">
    <ele>204.6</ele>
   </trkpt>
   <trkpt lat="44.0047030" lon="5.1254860">
    <ele>204.8</ele>
   </trkpt>
   <trkpt lat="44.0047180" lon="5.1255060">
    <ele>204.8</ele>
   </trkpt>
   <trkpt lat="44.0047250" lon="5.1255220">
    <ele>205.0</ele>
   </trkpt>
   <trkpt lat="44.0047360" lon="5.1255360">
    <ele>205.4</ele>
   </trkpt>
   <trkpt lat="44.0047480" lon="5.1255600">
    <ele>205.6</ele>
   </trkpt>
   <trkpt lat="44.0047630" lon="5.1255780">
    <ele>205.8</ele>
   </trkpt>
   <trkpt lat="44.0047790" lon="5.1255950">
    <ele>206.0</ele>
   </trkpt>
   <trkpt lat="44.0047900" lon="5.1256100">
    <ele>206.2</ele>
   </trkpt>
   <trkpt lat="44.0048060" lon="5.1256370">
    <ele>206.4</ele>
   </trkpt>
   <trkpt lat="44.0048110" lon="5.1256680">
    <ele>206.4</ele>
   </trkpt>
   <trkpt lat="44.0048180" lon="5.1256960">
    <ele>206.6</ele>
   </trkpt>
   <trkpt lat="44.0048210" lon="5.1257270">
    <ele>206.8</ele>
   </trkpt>
   <trkpt lat="44.0048240" lon="5.1257590">
    <ele>206.8</ele>
   </trkpt>
   <trkpt lat="44.0048160" lon="5.1257910">
    <ele>206.8</ele>
   </trkpt>
   <trkpt lat="44.0048140" lon="5.1258210">
    <ele>206.8</ele>
   </trkpt>
   <trkpt lat="44.0048020" lon="5.1258580">
    <ele>207.0</ele>
   </trkpt>
   <trkpt lat="44.0047940" lon="5.1258800">
    <ele>207.0</ele>
   </trkpt>
   <trkpt lat="44.0047780" lon="5.1259100">
    <ele>207.2</ele>
   </trkpt>
   <trkpt lat="44.0047740" lon="5.1259370">
    <ele>207.2</ele>
   </trkpt>
   <trkpt lat="44.0047620" lon="5.1259690">
    <ele>207.4</ele>
   </trkpt>
   <trkpt lat="44.0047600" lon="5.1259940">
    <ele>207.6</ele>
   </trkpt>
   <trkpt lat="44.0047540" lon="5.1260190">
    <ele>207.8</ele>
   </trkpt>
   <trkpt lat="44.0047450" lon="5.1260440">
    <ele>208.0</ele>
   </trkpt>
   <trkpt lat="44.0047380" lon="5.1260640">
    <ele>208.2</ele>
   </trkpt>
   <trkpt lat="44.0047280" lon="5.1260890">
    <ele>208.2</ele>
   </trkpt>
   <trkpt lat="44.0047190" lon="5.1261070">
    <ele>208.4</ele>
   </trkpt>
   <trkpt lat="44.0047020" lon="5.1261260">
    <ele>208.6</ele>
   </trkpt>
   <trkpt lat="44.0046940" lon="5.1261500">
    <ele>208.8</ele>
   </trkpt>
   <trkpt lat="44.0046740" lon="5.1261750">
    <ele>209.0</ele>
   </trkpt>
   <trkpt lat="44.0046660" lon="5.1261960">
    <ele>209.2</ele>
   </trkpt>
   <trkpt lat="44.0046500" lon="5.1262240">
    <ele>209.4</ele>
   </trkpt>
   <trkpt lat="44.0046440" lon="5.1262480">
    <ele>209.6</ele>
   </trkpt>
   <trkpt lat="44.0046300" lon="5.1262810">
    <ele>209.8</ele>
   </trkpt>
   <trkpt lat="44.0046220" lon="5.1263040">
    <ele>210.0</ele>
   </trkpt>
   <trkpt lat="44.0046140" lon="5.1263360">
    <ele>210.4</ele>
   </trkpt>
   <trkpt lat="44.0046040" lon="5.1263690">
    <ele>210.6</ele>
   </trkpt>
   <trkpt lat="44.0045970" lon="5.1263940">
    <ele>210.6</ele>
   </trkpt>
   <trkpt lat="44.0045850" lon="5.1264190">
    <ele>210.8</ele>
   </trkpt>
   <trkpt lat="44.0045840" lon="5.1264440">
    <ele>211.0</ele>
   </trkpt>
   <trkpt lat="44.0045780" lon="5.1264640">
    <ele>211.2</ele>
   </trkpt>
   <trkpt lat="44.0045700" lon="5.1264800">
    <ele>211.4</ele>
   </trkpt>
   <trkpt lat="44.0045640" lon="5.1264960">
    <ele>211.6</ele>
   </trkpt>
   <trkpt lat="44.0045640" lon="5.1265130">
    <ele>211.6</ele>
   </trkpt>
   <trkpt lat="44.0045620" lon="5.1265750">
    <ele>210.2</ele>
   </trkpt>
   <trkpt lat="44.0045640" lon="5.1265980">
    <ele>210.2</ele>
   </trkpt>
   <trkpt lat="44.0045550" lon="5.1266310">
    <ele>210.2</ele>
   </trkpt>
   <trkpt lat="44.0045450" lon="5.1266630">
    <ele>210.2</ele>
   </trkpt>
   <trkpt lat="44.0045350" lon="5.1266990">
    <ele>210.4</ele>
   </trkpt>
   <trkpt lat="44.0045290" lon="5.1267250">
    <ele>210.6</ele>
   </trkpt>
   <trkpt lat="44.0045200" lon="5.1267640">
    <ele>210.6</ele>
   </trkpt>
   <trkpt lat="44.0045140" lon="5.1267910">
    <ele>210.8</ele>
   </trkpt>
   <trkpt lat="44.0045070" lon="5.1268220">
    <ele>211.0</ele>
   </trkpt>
   <trkpt lat="44.0045000" lon="5.1268450">
    <ele>211.2</ele>
   </trkpt>
   <trkpt lat="44.0044870" lon="5.1268730">
    <ele>211.4</ele>
   </trkpt>
   <trkpt lat="44.0044820" lon="5.1269000">
    <ele>211.6</ele>
   </trkpt>
   <trkpt lat="44.0044670" lon="5.1269380">
    <ele>212.0</ele>
   </trkpt>
   <trkpt lat="44.0044580" lon="5.1269660">
    <ele>212.2</ele>
   </trkpt>
   <trkpt lat="44.0044470" lon="5.1270020">
    <ele>212.4</ele>
   </trkpt>
   <trkpt lat="44.0044410" lon="5.1270270">
    <ele>212.6</ele>
   </trkpt>
   <trkpt lat="44.0044370" lon="5.1270610">
    <ele>212.8</ele>
   </trkpt>
   <trkpt lat="44.0044370" lon="5.1270870">
    <ele>213.0</ele>
   </trkpt>
   <trkpt lat="44.0044270" lon="5.1271190">
    <ele>213.2</ele>
   </trkpt>
   <trkpt lat="44.0044190" lon="5.1271490">
    <ele>213.4</ele>
   </trkpt>
   <trkpt lat="44.0044100" lon="5.1271790">
    <ele>213.8</ele>
   </trkpt>
   <trkpt lat="44.0044030" lon="5.1272060">
    <ele>214.0</ele>
   </trkpt>
   <trkpt lat="44.0043980" lon="5.1272320">
    <ele>214.4</ele>
   </trkpt>
   <trkpt lat="44.0043900" lon="5.1272630">
    <ele>214.8</ele>
   </trkpt>
   <trkpt lat="44.0043820" lon="5.1272920">
    <ele>215.0</ele>
   </trkpt>
   <trkpt lat="44.0043710" lon="5.1273240">
    <ele>215.4</ele>
   </trkpt>
   <trkpt lat="44.0043660" lon="5.1273570">
    <ele>216.0</ele>
   </trkpt>
   <trkpt lat="44.0043540" lon="5.1273900">
    <ele>216.4</ele>
   </trkpt>
   <trkpt lat="44.0043480" lon="5.1274190">
    <ele>217.0</ele>
   </trkpt>
   <trkpt lat="44.0043380" lon="5.1274540">
    <ele>217.4</ele>
   </trkpt>
   <trkpt lat="44.0043370" lon="5.1274860">
    <ele>217.4</ele>
   </trkpt>
   <trkpt lat="44.0043260" lon="5.1275250">
    <ele>217.4</ele>
   </trkpt>
   <trkpt lat="44.0043240" lon="5.1275520">
    <ele>217.4</ele>
   </trkpt>
   <trkpt lat="44.0043070" lon="5.1275840">
    <ele>217.4</ele>
   </trkpt>
   <trkpt lat="44.0042980" lon="5.1276080">
    <ele>217.4</ele>
   </trkpt>
   <trkpt lat="44.0042830" lon="5.1276410">
    <ele>217.6</ele>
   </trkpt>
   <trkpt lat="44.0042770" lon="5.1276630">
    <ele>218.0</ele>
   </trkpt>
   <trkpt lat="44.0042640" lon="5.1276950">
    <ele>218.2</ele>
   </trkpt>
   <trkpt lat="44.0042580" lon="5.1277200">
    <ele>218.4</ele>
   </trkpt>
   <trkpt lat="44.0042420" lon="5.1277510">
    <ele>218.6</ele>
   </trkpt>
   <trkpt lat="44.0042370" lon="5.1277780">
    <ele>218.8</ele>
   </trkpt>
   <trkpt lat="44.0042240" lon="5.1278160">
    <ele>219.0</ele>
   </trkpt>
   <trkpt lat="44.0042180" lon="5.1278480">
    <ele>219.2</ele>
   </trkpt>
   <trkpt lat="44.0042100" lon="5.1278800">
    <ele>219.4</ele>
   </trkpt>
   <trkpt lat="44.0042030" lon="5.1279110">
    <ele>219.8</ele>
   </trkpt>
   <trkpt lat="44.0041910" lon="5.1279470">
    <ele>220.0</ele>
   </trkpt>
   <trkpt lat="44.0041820" lon="5.1279780">
    <ele>220.2</ele>
   </trkpt>
   <trkpt lat="44.0041700" lon="5.1280100">
    <ele>220.4</ele>
   </trkpt>
   <trkpt lat="44.0041610" lon="5.1280380">
    <ele>220.6</ele>
   </trkpt>
   <trkpt lat="44.0041540" lon="5.1280660">
    <ele>220.6</ele>
   </trkpt>
   <trkpt lat="44.0041430" lon="5.1281010">
    <ele>221.0</ele>
   </trkpt>
   <trkpt lat="44.0041400" lon="5.1281330">
    <ele>221.2</ele>
   </trkpt>
   <trkpt lat="44.0041290" lon="5.1281720">
    <ele>221.4</ele>
   </trkpt>
   <trkpt lat="44.0041300" lon="5.1281970">
    <ele>221.8</ele>
   </trkpt>
   <trkpt lat="44.0041180" lon="5.1282330">
    <ele>222.0</ele>
   </trkpt>
   <trkpt lat="44.0041140" lon="5.1282630">
    <ele>222.2</ele>
   </trkpt>
   <trkpt lat="44.0041000" lon="5.1283000">
    <ele>222.4</ele>
   </trkpt>
   <trkpt lat="44.0040960" lon="5.1283260">
    <ele>222.6</ele>
   </trkpt>
   <trkpt lat="44.0040860" lon="5.1283590">
    <ele>222.8</ele>
   </trkpt>
   <trkpt lat="44.0040830" lon="5.1283840">
    <ele>222.8</ele>
   </trkpt>
   <trkpt lat="44.0040720" lon="5.1284130">
    <ele>223.0</ele>
   </trkpt>
   <trkpt lat="44.0040670" lon="5.1284400">
    <ele>223.2</ele>
   </trkpt>
   <trkpt lat="44.0040580" lon="5.1284720">
    <ele>223.4</ele>
   </trkpt>
   <trkpt lat="44.0040480" lon="5.1285020">
    <ele>223.6</ele>
   </trkpt>
   <trkpt lat="44.0040370" lon="5.1285270">
    <ele>223.8</ele>
   </trkpt>
   <trkpt lat="44.0040250" lon="5.1285570">
    <ele>224.0</ele>
   </trkpt>
   <trkpt lat="44.0040180" lon="5.1285810">
    <ele>224.2</ele>
   </trkpt>
   <trkpt lat="44.0040060" lon="5.1286100">
    <ele>224.4</ele>
   </trkpt>
   <trkpt lat="44.0040010" lon="5.1286330">
    <ele>224.6</ele>
   </trkpt>
   <trkpt lat="44.0039880" lon="5.1286640">
    <ele>224.8</ele>
   </trkpt>
   <trkpt lat="44.0039800" lon="5.1286940">
    <ele>225.0</ele>
   </trkpt>
   <trkpt lat="44.0039700" lon="5.1287280">
    <ele>225.2</ele>
   </trkpt>
   <trkpt lat="44.0039650" lon="5.1287520">
    <ele>225.4</ele>
   </trkpt>
   <trkpt lat="44.0039540" lon="5.1287810">
    <ele>225.8</ele>
   </trkpt>
   <trkpt lat="44.0039440" lon="5.1288070">
    <ele>226.0</ele>
   </trkpt>
   <trkpt lat="44.0039340" lon="5.1288350">
    <ele>226.2</ele>
   </trkpt>
   <trkpt lat="44.0039220" lon="5.1288660">
    <ele>226.4</ele>
   </trkpt>
   <trkpt lat="44.0039110" lon="5.1288910">
    <ele>226.4</ele>
   </trkpt>
   <trkpt lat="44.0038920" lon="5.1289150">
    <ele>226.8</ele>
   </trkpt>
   <trkpt lat="44.0038850" lon="5.1289390">
    <ele>227.0</ele>
   </trkpt>
   <trkpt lat="44.0038650" lon="5.1289710">
    <ele>227.2</ele>
   </trkpt>
   <trkpt lat="44.0038540" lon="5.1289950">
    <ele>227.4</ele>
   </trkpt>
   <trkpt lat="44.0038320" lon="5.1290240">
    <ele>227.6</ele>
   </trkpt>
   <trkpt lat="44.0038180" lon="5.1290470">
    <ele>227.8</ele>
   </trkpt>
   <trkpt lat="44.0037950" lon="5.1290760">
    <ele>228.0</ele>
   </trkpt>
   <trkpt lat="44.0037780" lon="5.1290960">
    <ele>228.4</ele>
   </trkpt>
   <trkpt lat="44.0037580" lon="5.1291160">
    <ele>228.6</ele>
   </trkpt>
   <trkpt lat="44.0037390" lon="5.1291340">
    <ele>228.8</ele>
   </trkpt>
   <trkpt lat="44.0037190" lon="5.1291500">
    <ele>228.8</ele>
   </trkpt>
   <trkpt lat="44.0036930" lon="5.1291650">
    <ele>229.0</ele>
   </trkpt>
   <trkpt lat="44.0036720" lon="5.1291810">
    <ele>229.0</ele>
   </trkpt>
   <trkpt lat="44.0036450" lon="5.1291990">
    <ele>229.2</ele>
   </trkpt>
   <trkpt lat="44.0036250" lon="5.1292100">
    <ele>229.4</ele>
   </trkpt>
   <trkpt lat="44.0035970" lon="5.1292180">
    <ele>229.4</ele>
   </trkpt>
   <trkpt lat="44.0035750" lon="5.1292220">
    <ele>229.6</ele>
   </trkpt>
   <trkpt lat="44.0035460" lon="5.1292250">
    <ele>229.8</ele>
   </trkpt>
   <trkpt lat="44.0035250" lon="5.1292350">
    <ele>229.8</ele>
   </trkpt>
   <trkpt lat="44.0034960" lon="5.1292320">
    <ele>230.0</ele>
   </trkpt>
   <trkpt lat="44.0034720" lon="5.1292350">
    <ele>230.2</ele>
   </trkpt>
   <trkpt lat="44.0034430" lon="5.1292400">
    <ele>230.6</ele>
   </trkpt>
   <trkpt lat="44.0034200" lon="5.1292490">
    <ele>230.8</ele>
   </trkpt>
   <trkpt lat="44.0033920" lon="5.1292620">
    <ele>231.0</ele>
   </trkpt>
   <trkpt lat="44.0033690" lon="5.1292790">
    <ele>231.0</ele>
   </trkpt>
   <trkpt lat="44.0033510" lon="5.1292950">
    <ele>231.2</ele>
   </trkpt>
   <trkpt lat="44.0033280" lon="5.1293190">
    <ele>231.2</ele>
   </trkpt>
   <trkpt lat="44.0033100" lon="5.1293400">
    <ele>231.0</ele>
   </trkpt>
   <trkpt lat="44.0032900" lon="5.1293680">
    <ele>231.0</ele>
   </trkpt>
   <trkpt lat="44.0032750" lon="5.1293930">
    <ele>231.0</ele>
   </trkpt>
   <trkpt lat="44.0032550" lon="5.1294260">
    <ele>230.8</ele>
   </trkpt>
   <trkpt lat="44.0032450" lon="5.1294520">
    <ele>230.8</ele>
   </trkpt>
   <trkpt lat="44.0032260" lon="5.1294860">
    <ele>230.8</ele>
   </trkpt>
   <trkpt lat="44.0032150" lon="5.1295140">
    <ele>230.6</ele>
   </trkpt>
   <trkpt lat="44.0031990" lon="5.1295450">
    <ele>230.6</ele>
   </trkpt>
   <trkpt lat="44.0031890" lon="5.1295720">
    <ele>230.4</ele>
   </trkpt>
   <trkpt lat="44.0031750" lon="5.1296130">
    <ele>230.4</ele>
   </trkpt>
   <trkpt lat="44.0031710" lon="5.1296470">
    <ele>230.4</ele>
   </trkpt>
   <trkpt lat="44.0031600" lon="5.1296790">
    <ele>230.4</ele>
   </trkpt>
   <trkpt lat="44.0031540" lon="5.1297100">
    <ele>230.4</ele>
   </trkpt>
   <trkpt lat="44.0031410" lon="5.1297460">
    <ele>230.4</ele>
   </trkpt>
   <trkpt lat="44.0031320" lon="5.1297810">
    <ele>230.4</ele>
   </trkpt>
   <trkpt lat="44.0031180" lon="5.1298130">
    <ele>230.4</ele>
   </trkpt>
   <trkpt lat="44.0031130" lon="5.1298450">
    <ele>230.4</ele>
   </trkpt>
   <trkpt lat="44.0031000" lon="5.1298800">
    <ele>230.4</ele>
   </trkpt>
   <trkpt lat="44.0030900" lon="5.1299130">
    <ele>230.4</ele>
   </trkpt>
   <trkpt lat="44.0030720" lon="5.1299420">
    <ele>230.4</ele>
   </trkpt>
   <trkpt lat="44.0030600" lon="5.1299760">
    <ele>230.4</ele>
   </trkpt>
   <trkpt lat="44.0030490" lon="5.1300050">
    <ele>230.2</ele>
   </trkpt>
   <trkpt lat="44.0030370" lon="5.1300370">
    <ele>230.2</ele>
   </trkpt>
   <trkpt lat="44.0030270" lon="5.1300690">
    <ele>230.2</ele>
   </trkpt>
   <trkpt lat="44.0030130" lon="5.1301030">
    <ele>230.2</ele>
   </trkpt>
   <trkpt lat="44.0030030" lon="5.1301370">
    <ele>230.2</ele>
   </trkpt>
   <trkpt lat="44.0029860" lon="5.1301740">
    <ele>230.2</ele>
   </trkpt>
   <trkpt lat="44.0029740" lon="5.1302080">
    <ele>230.2</ele>
   </trkpt>
   <trkpt lat="44.0029540" lon="5.1302500">
    <ele>230.0</ele>
   </trkpt>
   <trkpt lat="44.0029460" lon="5.1302800">
    <ele>230.0</ele>
   </trkpt>
   <trkpt lat="44.0029240" lon="5.1303170">
    <ele>230.0</ele>
   </trkpt>
   <trkpt lat="44.0029160" lon="5.1303470">
    <ele>230.0</ele>
   </trkpt>
   <trkpt lat="44.0028950" lon="5.1303790">
    <ele>230.0</ele>
   </trkpt>
   <trkpt lat="44.0028810" lon="5.1304070">
    <ele>229.8</ele>
   </trkpt>
   <trkpt lat="44.0028590" lon="5.1304370">
    <ele>229.8</ele>
   </trkpt>
   <trkpt lat="44.0028450" lon="5.1304660">
    <ele>229.8</ele>
   </trkpt>
   <trkpt lat="44.0028250" lon="5.1304940">
    <ele>229.8</ele>
   </trkpt>
   <trkpt lat="44.0028110" lon="5.1305210">
    <ele>230.0</ele>
   </trkpt>
   <trkpt lat="44.0027930" lon="5.1305510">
    <ele>230.0</ele>
   </trkpt>
   <trkpt lat="44.0027760" lon="5.1305850">
    <ele>230.2</ele>
   </trkpt>
   <trkpt lat="44.0027610" lon="5.1306150">
    <ele>230.2</ele>
   </trkpt>
   <trkpt lat="44.0027440" lon="5.1306440">
    <ele>230.2</ele>
   </trkpt>
   <trkpt lat="44.0027290" lon="5.1306760">
    <ele>230.2</ele>
   </trkpt>
   <trkpt lat="44.0027100" lon="5.1307100">
    <ele>230.2</ele>
   </trkpt>
   <trkpt lat="44.0026950" lon="5.1307380">
    <ele>230.2</ele>
   </trkpt>
   <trkpt lat="44.0026710" lon="5.1307740">
    <ele>230.4</ele>
   </trkpt>
   <trkpt lat="44.0026570" lon="5.1308010">
    <ele>230.4</ele>
   </trkpt>
   <trkpt lat="44.0026350" lon="5.1308360">
    <ele>230.4</ele>
   </trkpt>
   <trkpt lat="44.0026230" lon="5.1308660">
    <ele>230.4</ele>
   </trkpt>
   <trkpt lat="44.0026040" lon="5.1308980">
    <ele>230.4</ele>
   </trkpt>
   <trkpt lat="44.0025900" lon="5.1309230">
    <ele>230.4</ele>
   </trkpt>
   <trkpt lat="44.0025650" lon="5.1309490">
    <ele>230.4</ele>
   </trkpt>
   <trkpt lat="44.0025500" lon="5.1309720">
    <ele>230.4</ele>
   </trkpt>
   <trkpt lat="44.0025280" lon="5.1310030">
    <ele>230.4</ele>
   </trkpt>
   <trkpt lat="44.0025140" lon="5.1310280">
    <ele>230.6</ele>
   </trkpt>
   <trkpt lat="44.0024940" lon="5.1310560">
    <ele>230.6</ele>
   </trkpt>
   <trkpt lat="44.0024820" lon="5.1310840">
    <ele>230.6</ele>
   </trkpt>
   <trkpt lat="44.0024640" lon="5.1311130">
    <ele>230.6</ele>
   </trkpt>
   <trkpt lat="44.0024460" lon="5.1311400">
    <ele>230.6</ele>
   </trkpt>
   <trkpt lat="44.0024300" lon="5.1311710">
    <ele>230.6</ele>
   </trkpt>
   <trkpt lat="44.0024110" lon="5.1312050">
    <ele>230.6</ele>
   </trkpt>
   <trkpt lat="44.0023980" lon="5.1312380">
    <ele>230.6</ele>
   </trkpt>
   <trkpt lat="44.0023790" lon="5.1312740">
    <ele>230.6</ele>
   </trkpt>
   <trkpt lat="44.0023680" lon="5.1313030">
    <ele>230.4</ele>
   </trkpt>
   <trkpt lat="44.0023450" lon="5.1313380">
    <ele>230.4</ele>
   </trkpt>
   <trkpt lat="44.0023340" lon="5.1313670">
    <ele>230.4</ele>
   </trkpt>
   <trkpt lat="44.0023130" lon="5.1313980">
    <ele>230.4</ele>
   </trkpt>
   <trkpt lat="44.0023000" lon="5.1314270">
    <ele>230.4</ele>
   </trkpt>
   <trkpt lat="44.0022830" lon="5.1314610">
    <ele>230.4</ele>
   </trkpt>
   <trkpt lat="44.0022690" lon="5.1314920">
    <ele>230.4</ele>
   </trkpt>
   <trkpt lat="44.0022590" lon="5.1315240">
    <ele>230.6</ele>
   </trkpt>
   <trkpt lat="44.0022480" lon="5.1315600">
    <ele>230.6</ele>
   </trkpt>
   <trkpt lat="44.0022420" lon="5.1315900">
    <ele>230.8</ele>
   </trkpt>
   <trkpt lat="44.0022230" lon="5.1316260">
    <ele>231.2</ele>
   </trkpt>
   <trkpt lat="44.0022160" lon="5.1316500">
    <ele>231.4</ele>
   </trkpt>
   <trkpt lat="44.0022000" lon="5.1316840">
    <ele>231.4</ele>
   </trkpt>
   <trkpt lat="44.0021910" lon="5.1317140">
    <ele>231.6</ele>
   </trkpt>
   <trkpt lat="44.0021770" lon="5.1317470">
    <ele>231.6</ele>
   </trkpt>
   <trkpt lat="44.0021630" lon="5.1317790">
    <ele>231.6</ele>
   </trkpt>
   <trkpt lat="44.0021520" lon="5.1318140">
    <ele>231.6</ele>
   </trkpt>
   <trkpt lat="44.0021410" lon="5.1318490">
    <ele>231.6</ele>
   </trkpt>
   <trkpt lat="44.0021340" lon="5.1318840">
    <ele>231.6</ele>
   </trkpt>
   <trkpt lat="44.0021220" lon="5.1319260">
    <ele>231.6</ele>
   </trkpt>
   <trkpt lat="44.0021140" lon="5.1319520">
    <ele>231.6</ele>
   </trkpt>
   <trkpt lat="44.0020970" lon="5.1319910">
    <ele>231.6</ele>
   </trkpt>
   <trkpt lat="44.0020920" lon="5.1320210">
    <ele>231.6</ele>
   </trkpt>
   <trkpt lat="44.0020770" lon="5.1320600">
    <ele>231.6</ele>
   </trkpt>
   <trkpt lat="44.0020710" lon="5.1320890">
    <ele>231.6</ele>
   </trkpt>
   <trkpt lat="44.0020600" lon="5.1321200">
    <ele>231.8</ele>
   </trkpt>
   <trkpt lat="44.0020540" lon="5.1321560">
    <ele>232.0</ele>
   </trkpt>
   <trkpt lat="44.0020500" lon="5.1321910">
    <ele>232.0</ele>
   </trkpt>
   <trkpt lat="44.0020450" lon="5.1322310">
    <ele>232.2</ele>
   </trkpt>
   <trkpt lat="44.0020430" lon="5.1322640">
    <ele>232.2</ele>
   </trkpt>
   <trkpt lat="44.0020300" lon="5.1323070">
    <ele>232.2</ele>
   </trkpt>
   <trkpt lat="44.0020280" lon="5.1323390">
    <ele>232.4</ele>
   </trkpt>
   <trkpt lat="44.0020170" lon="5.1323780">
    <ele>232.4</ele>
   </trkpt>
   <trkpt lat="44.0020130" lon="5.1324120">
    <ele>232.4</ele>
   </trkpt>
   <trkpt lat="44.0020020" lon="5.1324490">
    <ele>232.4</ele>
   </trkpt>
   <trkpt lat="44.0019960" lon="5.1324790">
    <ele>232.6</ele>
   </trkpt>
   <trkpt lat="44.0019860" lon="5.1325140">
    <ele>232.6</ele>
   </trkpt>
   <trkpt lat="44.0019800" lon="5.1325470">
    <ele>232.8</ele>
   </trkpt>
   <trkpt lat="44.0019730" lon="5.1325810">
    <ele>233.0</ele>
   </trkpt>
   <trkpt lat="44.0019680" lon="5.1326140">
    <ele>233.0</ele>
   </trkpt>
   <trkpt lat="44.0019580" lon="5.1326480">
    <ele>233.2</ele>
   </trkpt>
   <trkpt lat="44.0019530" lon="5.1326860">
    <ele>233.6</ele>
   </trkpt>
   <trkpt lat="44.0019520" lon="5.1327230">
    <ele>233.8</ele>
   </trkpt>
   <trkpt lat="44.0019450" lon="5.1327660">
    <ele>234.0</ele>
   </trkpt>
   <trkpt lat="44.0019420" lon="5.1327980">
    <ele>234.0</ele>
   </trkpt>
   <trkpt lat="44.0019300" lon="5.1328410">
    <ele>234.0</ele>
   </trkpt>
   <trkpt lat="44.0019230" lon="5.1328750">
    <ele>234.0</ele>
   </trkpt>
   <trkpt lat="44.0019040" lon="5.1329090">
    <ele>233.8</ele>
   </trkpt>
   <trkpt lat="44.0018900" lon="5.1329320">
    <ele>233.8</ele>
   </trkpt>
   <trkpt lat="44.0018700" lon="5.1329550">
    <ele>234.0</ele>
   </trkpt>
   <trkpt lat="44.0018480" lon="5.1329780">
    <ele>234.2</ele>
   </trkpt>
   <trkpt lat="44.0018300" lon="5.1329930">
    <ele>234.2</ele>
   </trkpt>
   <trkpt lat="44.0018110" lon="5.1330140">
    <ele>234.2</ele>
   </trkpt>
   <trkpt lat="44.0017930" lon="5.1330320">
    <ele>234.4</ele>
   </trkpt>
   <trkpt lat="44.0017700" lon="5.1330550">
    <ele>234.4</ele>
   </trkpt>
   <trkpt lat="44.0017530" lon="5.1330820">
    <ele>234.4</ele>
   </trkpt>
   <trkpt lat="44.0017290" lon="5.1331090">
    <ele>234.2</ele>
   </trkpt>
   <trkpt lat="44.0017140" lon="5.1331420">
    <ele>234.2</ele>
   </trkpt>
   <trkpt lat="44.0016930" lon="5.1331790">
    <ele>234.2</ele>
   </trkpt>
   <trkpt lat="44.0016820" lon="5.1332100">
    <ele>234.2</ele>
   </trkpt>
   <trkpt lat="44.0016610" lon="5.1332470">
    <ele>234.2</ele>
   </trkpt>
   <trkpt lat="44.0016520" lon="5.1332750">
    <ele>234.2</ele>
   </trkpt>
   <trkpt lat="44.0016370" lon="5.1333180">
    <ele>234.4</ele>
   </trkpt>
   <trkpt lat="44.0016340" lon="5.1333520">
    <ele>234.4</ele>
   </trkpt>
   <trkpt lat="44.0016260" lon="5.1333900">
    <ele>234.4</ele>
   </trkpt>
   <trkpt lat="44.0016250" lon="5.1334240">
    <ele>234.4</ele>
   </trkpt>
   <trkpt lat="44.0016200" lon="5.1334650">
    <ele>234.6</ele>
   </trkpt>
   <trkpt lat="44.0016170" lon="5.1335010">
    <ele>234.6</ele>
   </trkpt>
   <trkpt lat="44.0016110" lon="5.1335390">
    <ele>234.6</ele>
   </trkpt>
   <trkpt lat="44.0016060" lon="5.1335740">
    <ele>234.6</ele>
   </trkpt>
   <trkpt lat="44.0016000" lon="5.1336090">
    <ele>234.6</ele>
   </trkpt>
   <trkpt lat="44.0015980" lon="5.1336430">
    <ele>234.6</ele>
   </trkpt>
   <trkpt lat="44.0015970" lon="5.1336780">
    <ele>234.6</ele>
   </trkpt>
   <trkpt lat="44.0015960" lon="5.1337130">
    <ele>234.8</ele>
   </trkpt>
   <trkpt lat="44.0015950" lon="5.1337450">
    <ele>234.8</ele>
   </trkpt>
   <trkpt lat="44.0015900" lon="5.1337780">
    <ele>234.8</ele>
   </trkpt>
   <trkpt lat="44.0015880" lon="5.1338100">
    <ele>235.0</ele>
   </trkpt>
   <trkpt lat="44.0015820" lon="5.1338450">
    <ele>235.0</ele>
   </trkpt>
   <trkpt lat="44.0015810" lon="5.1338710">
    <ele>235.0</ele>
   </trkpt>
   <trkpt lat="44.0015760" lon="5.1339110">
    <ele>235.2</ele>
   </trkpt>
   <trkpt lat="44.0015720" lon="5.1339440">
    <ele>235.4</ele>
   </trkpt>
   <trkpt lat="44.0015610" lon="5.1339860">
    <ele>235.4</ele>
   </trkpt>
   <trkpt lat="44.0015570" lon="5.1340200">
    <ele>235.4</ele>
   </trkpt>
   <trkpt lat="44.0015450" lon="5.1340600">
    <ele>235.4</ele>
   </trkpt>
   <trkpt lat="44.0015400" lon="5.1340930">
    <ele>235.4</ele>
   </trkpt>
   <trkpt lat="44.0015310" lon="5.1341320">
    <ele>235.4</ele>
   </trkpt>
   <trkpt lat="44.0015280" lon="5.1341630">
    <ele>235.4</ele>
   </trkpt>
   <trkpt lat="44.0015250" lon="5.1341990">
    <ele>235.6</ele>
   </trkpt>
   <trkpt lat="44.0015210" lon="5.1342370">
    <ele>235.8</ele>
   </trkpt>
   <trkpt lat="44.0015200" lon="5.1342690">
    <ele>236.2</ele>
   </trkpt>
   <trkpt lat="44.0015140" lon="5.1343070">
    <ele>236.4</ele>
   </trkpt>
   <trkpt lat="44.0015130" lon="5.1343350">
    <ele>236.6</ele>
   </trkpt>
   <trkpt lat="44.0015070" lon="5.1343740">
    <ele>237.0</ele>
   </trkpt>
   <trkpt lat="44.0015090" lon="5.1344040">
    <ele>237.2</ele>
   </trkpt>
   <trkpt lat="44.0015040" lon="5.1344410">
    <ele>237.2</ele>
   </trkpt>
   <trkpt lat="44.0015030" lon="5.1344700">
    <ele>237.4</ele>
   </trkpt>
   <trkpt lat="44.0014930" lon="5.1345060">
    <ele>237.4</ele>
   </trkpt>
   <trkpt lat="44.0014900" lon="5.1345390">
    <ele>237.6</ele>
   </trkpt>
   <trkpt lat="44.0014820" lon="5.1345760">
    <ele>237.8</ele>
   </trkpt>
   <trkpt lat="44.0014770" lon="5.1346080">
    <ele>238.0</ele>
   </trkpt>
   <trkpt lat="44.0014700" lon="5.1346430">
    <ele>238.2</ele>
   </trkpt>
   <trkpt lat="44.0014650" lon="5.1346780">
    <ele>238.2</ele>
   </trkpt>
   <trkpt lat="44.0014620" lon="5.1347110">
    <ele>238.4</ele>
   </trkpt>
   <trkpt lat="44.0014540" lon="5.1347490">
    <ele>238.4</ele>
   </trkpt>
   <trkpt lat="44.0014510" lon="5.1347820">
    <ele>238.6</ele>
   </trkpt>
   <trkpt lat="44.0014400" lon="5.1348230">
    <ele>238.8</ele>
   </trkpt>
   <trkpt lat="44.0014330" lon="5.1348570">
    <ele>239.0</ele>
   </trkpt>
   <trkpt lat="44.0014230" lon="5.1348950">
    <ele>239.2</ele>
   </trkpt>
   <trkpt lat="44.0014150" lon="5.1349240">
    <ele>239.2</ele>
   </trkpt>
   <trkpt lat="44.0014010" lon="5.1349590">
    <ele>239.4</ele>
   </trkpt>
   <trkpt lat="44.0013930" lon="5.1349910">
    <ele>239.4</ele>
   </trkpt>
   <trkpt lat="44.0013820" lon="5.1350280">
    <ele>239.6</ele>
   </trkpt>
   <trkpt lat="44.0013750" lon="5.1350610">
    <ele>239.6</ele>
   </trkpt>
   <trkpt lat="44.0013630" lon="5.1350920">
    <ele>239.4</ele>
   </trkpt>
   <trkpt lat="44.0013550" lon="5.1351220">
    <ele>239.4</ele>
   </trkpt>
   <trkpt lat="44.0013470" lon="5.1351510">
    <ele>239.4</ele>
   </trkpt>
   <trkpt lat="44.0013350" lon="5.1351860">
    <ele>239.2</ele>
   </trkpt>
   <trkpt lat="44.0013250" lon="5.1352190">
    <ele>239.2</ele>
   </trkpt>
   <trkpt lat="44.0013120" lon="5.1352570">
    <ele>239.4</ele>
   </trkpt>
   <trkpt lat="44.0013070" lon="5.1352840">
    <ele>239.4</ele>
   </trkpt>
   <trkpt lat="44.0012940" lon="5.1353220">
    <ele>239.8</ele>
   </trkpt>
   <trkpt lat="44.0012850" lon="5.1353470">
    <ele>240.0</ele>
   </trkpt>
   <trkpt lat="44.0012650" lon="5.1353820">
    <ele>240.2</ele>
   </trkpt>
   <trkpt lat="44.0012580" lon="5.1354040">
    <ele>240.4</ele>
   </trkpt>
   <trkpt lat="44.0012400" lon="5.1354370">
    <ele>240.6</ele>
   </trkpt>
   <trkpt lat="44.0012300" lon="5.1354630">
    <ele>240.6</ele>
   </trkpt>
   <trkpt lat="44.0012190" lon="5.1354930">
    <ele>240.4</ele>
   </trkpt>
   <trkpt lat="44.0012100" lon="5.1355220">
    <ele>240.2</ele>
   </trkpt>
   <trkpt lat="44.0011980" lon="5.1355510">
    <ele>240.2</ele>
   </trkpt>
   <trkpt lat="44.0011840" lon="5.1355780">
    <ele>240.0</ele>
   </trkpt>
   <trkpt lat="44.0011760" lon="5.1356090">
    <ele>240.2</ele>
   </trkpt>
   <trkpt lat="44.0011560" lon="5.1356450">
    <ele>240.4</ele>
   </trkpt>
   <trkpt lat="44.0011490" lon="5.1356750">
    <ele>240.6</ele>
   </trkpt>
   <trkpt lat="44.0011360" lon="5.1357120">
    <ele>241.2</ele>
   </trkpt>
   <trkpt lat="44.0011310" lon="5.1357370">
    <ele>241.6</ele>
   </trkpt>
   <trkpt lat="44.0011170" lon="5.1357770">
    <ele>242.0</ele>
   </trkpt>
   <trkpt lat="44.0011140" lon="5.1358070">
    <ele>242.2</ele>
   </trkpt>
   <trkpt lat="44.0011020" lon="5.1358400">
    <ele>242.4</ele>
   </trkpt>
   <trkpt lat="44.0010940" lon="5.1358680">
    <ele>242.6</ele>
   </trkpt>
   <trkpt lat="44.0010800" lon="5.1359030">
    <ele>242.6</ele>
   </trkpt>
   <trkpt lat="44.0010760" lon="5.1359330">
    <ele>242.8</ele>
   </trkpt>
   <trkpt lat="44.0010650" lon="5.1359690">
    <ele>243.0</ele>
   </trkpt>
   <trkpt lat="44.0010590" lon="5.1360010">
    <ele>243.2</ele>
   </trkpt>
   <trkpt lat="44.0010480" lon="5.1360340">
    <ele>243.2</ele>
   </trkpt>
   <trkpt lat="44.0010360" lon="5.1360690">
    <ele>243.4</ele>
   </trkpt>
   <trkpt lat="44.0010270" lon="5.1360940">
    <ele>243.4</ele>
   </trkpt>
   <trkpt lat="44.0010150" lon="5.1361300">
    <ele>243.6</ele>
   </trkpt>
   <trkpt lat="44.0010060" lon="5.1361590">
    <ele>243.6</ele>
   </trkpt>
   <trkpt lat="44.0009890" lon="5.1361950">
    <ele>243.8</ele>
   </trkpt>
   <trkpt lat="44.0009780" lon="5.1362230">
    <ele>243.8</ele>
   </trkpt>
   <trkpt lat="44.0009610" lon="5.1362580">
    <ele>244.0</ele>
   </trkpt>
   <trkpt lat="44.0009510" lon="5.1362850">
    <ele>244.2</ele>
   </trkpt>
   <trkpt lat="44.0009330" lon="5.1363170">
    <ele>244.2</ele>
   </trkpt>
   <trkpt lat="44.0009230" lon="5.1363420">
    <ele>244.4</ele>
   </trkpt>
   <trkpt lat="44.0009030" lon="5.1363740">
    <ele>244.6</ele>
   </trkpt>
   <trkpt lat="44.0008930" lon="5.1363950">
    <ele>244.8</ele>
   </trkpt>
   <trkpt lat="44.0008730" lon="5.1364270">
    <ele>245.0</ele>
   </trkpt>
   <trkpt lat="44.0008590" lon="5.1364590">
    <ele>245.0</ele>
   </trkpt>
   <trkpt lat="44.0008360" lon="5.1364880">
    <ele>245.2</ele>
   </trkpt>
   <trkpt lat="44.0008210" lon="5.1365150">
    <ele>245.2</ele>
   </trkpt>
   <trkpt lat="44.0008020" lon="5.1365460">
    <ele>245.2</ele>
   </trkpt>
   <trkpt lat="44.0007880" lon="5.1365680">
    <ele>245.2</ele>
   </trkpt>
   <trkpt lat="44.0007690" lon="5.1365930">
    <ele>245.2</ele>
   </trkpt>
   <trkpt lat="44.0007510" lon="5.1366190">
    <ele>245.2</ele>
   </trkpt>
   <trkpt lat="44.0007290" lon="5.1366430">
    <ele>245.2</ele>
   </trkpt>
   <trkpt lat="44.0007100" lon="5.1366700">
    <ele>245.4</ele>
   </trkpt>
   <trkpt lat="44.0006900" lon="5.1366970">
    <ele>245.4</ele>
   </trkpt>
   <trkpt lat="44.0006750" lon="5.1367220">
    <ele>245.6</ele>
   </trkpt>
   <trkpt lat="44.0006570" lon="5.1367460">
    <ele>245.4</ele>
   </trkpt>
   <trkpt lat="44.0006390" lon="5.1367700">
    <ele>245.4</ele>
   </trkpt>
   <trkpt lat="44.0006180" lon="5.1367920">
    <ele>245.4</ele>
   </trkpt>
   <trkpt lat="44.0005940" lon="5.1368210">
    <ele>245.6</ele>
   </trkpt>
   <trkpt lat="44.0005780" lon="5.1368420">
    <ele>245.6</ele>
   </trkpt>
   <trkpt lat="44.0005540" lon="5.1368700">
    <ele>245.8</ele>
   </trkpt>
   <trkpt lat="44.0005330" lon="5.1368900">
    <ele>246.0</ele>
   </trkpt>
   <trkpt lat="44.0005110" lon="5.1369140">
    <ele>246.2</ele>
   </trkpt>
   <trkpt lat="44.0004940" lon="5.1369330">
    <ele>246.4</ele>
   </trkpt>
   <trkpt lat="44.0004690" lon="5.1369640">
    <ele>246.4</ele>
   </trkpt>
   <trkpt lat="44.0004510" lon="5.1369850">
    <ele>246.4</ele>
   </trkpt>
   <trkpt lat="44.0004230" lon="5.1370120">
    <ele>246.4</ele>
   </trkpt>
   <trkpt lat="44.0004070" lon="5.1370340">
    <ele>246.4</ele>
   </trkpt>
   <trkpt lat="44.0003800" lon="5.1370560">
    <ele>246.6</ele>
   </trkpt>
   <trkpt lat="44.0003630" lon="5.1370760">
    <ele>246.6</ele>
   </trkpt>
   <trkpt lat="44.0003370" lon="5.1371010">
    <ele>246.6</ele>
   </trkpt>
   <trkpt lat="44.0003230" lon="5.1371220">
    <ele>246.8</ele>
   </trkpt>
   <trkpt lat="44.0003010" lon="5.1371530">
    <ele>246.8</ele>
   </trkpt>
   <trkpt lat="44.0002850" lon="5.1371740">
    <ele>247.0</ele>
   </trkpt>
   <trkpt lat="44.0002620" lon="5.1372010">
    <ele>247.0</ele>
   </trkpt>
   <trkpt lat="44.0002470" lon="5.1372220">
    <ele>247.2</ele>
   </trkpt>
   <trkpt lat="44.0002260" lon="5.1372440">
    <ele>247.2</ele>
   </trkpt>
   <trkpt lat="44.0002120" lon="5.1372670">
    <ele>247.4</ele>
   </trkpt>
   <trkpt lat="44.0001890" lon="5.1372980">
    <ele>247.4</ele>
   </trkpt>
   <trkpt lat="44.0001710" lon="5.1373230">
    <ele>247.4</ele>
   </trkpt>
   <trkpt lat="44.0001450" lon="5.1373530">
    <ele>247.4</ele>
   </trkpt>
   <trkpt lat="44.0001300" lon="5.1373760">
    <ele>247.4</ele>
   </trkpt>
   <trkpt lat="44.0001040" lon="5.1374020">
    <ele>247.4</ele>
   </trkpt>
   <trkpt lat="44.0000880" lon="5.1374250">
    <ele>247.4</ele>
   </trkpt>
   <trkpt lat="44.0000650" lon="5.1374450">
    <ele>247.4</ele>
   </trkpt>
   <trkpt lat="44.0000490" lon="5.1374680">
    <ele>247.4</ele>
   </trkpt>
   <trkpt lat="44.0000250" lon="5.1374930">
    <ele>247.4</ele>
   </trkpt>
   <trkpt lat="44.0000080" lon="5.1375230">
    <ele>247.4</ele>
   </trkpt>
   <trkpt lat="43.9999840" lon="5.1375470">
    <ele>247.4</ele>
   </trkpt>
   <trkpt lat="43.9999640" lon="5.1375760">
    <ele>247.2</ele>
   </trkpt>
   <trkpt lat="43.9999440" lon="5.1376090">
    <ele>247.2</ele>
   </trkpt>
   <trkpt lat="43.9999250" lon="5.1376330">
    <ele>247.2</ele>
   </trkpt>
   <trkpt lat="43.9999020" lon="5.1376600">
    <ele>247.2</ele>
   </trkpt>
   <trkpt lat="43.9998850" lon="5.1376860">
    <ele>247.2</ele>
   </trkpt>
   <trkpt lat="43.9998610" lon="5.1377140">
    <ele>247.2</ele>
   </trkpt>
   <trkpt lat="43.9998460" lon="5.1377360">
    <ele>247.2</ele>
   </trkpt>
   <trkpt lat="43.9998230" lon="5.1377680">
    <ele>247.2</ele>
   </trkpt>
   <trkpt lat="43.9998050" lon="5.1377870">
    <ele>247.2</ele>
   </trkpt>
   <trkpt lat="43.9997810" lon="5.1378130">
    <ele>247.2</ele>
   </trkpt>
   <trkpt lat="43.9997640" lon="5.1378310">
    <ele>247.2</ele>
   </trkpt>
   <trkpt lat="43.9997360" lon="5.1378570">
    <ele>247.0</ele>
   </trkpt>
   <trkpt lat="43.9997230" lon="5.1378770">
    <ele>247.0</ele>
   </trkpt>
   <trkpt lat="43.9996980" lon="5.1379090">
    <ele>247.0</ele>
   </trkpt>
   <trkpt lat="43.9996820" lon="5.1379320">
    <ele>247.0</ele>
   </trkpt>
   <trkpt lat="43.9996580" lon="5.1379620">
    <ele>247.0</ele>
   </trkpt>
   <trkpt lat="43.9996430" lon="5.1379860">
    <ele>246.8</ele>
   </trkpt>
   <trkpt lat="43.9996270" lon="5.1380140">
    <ele>246.8</ele>
   </trkpt>
   <trkpt lat="43.9996070" lon="5.1380400">
    <ele>246.6</ele>
   </trkpt>
   <trkpt lat="43.9995940" lon="5.1380680">
    <ele>246.4</ele>
   </trkpt>
   <trkpt lat="43.9995720" lon="5.1380960">
    <ele>246.0</ele>
   </trkpt>
   <trkpt lat="43.9995620" lon="5.1381190">
    <ele>245.8</ele>
   </trkpt>
   <trkpt lat="43.9995410" lon="5.1381500">
    <ele>245.6</ele>
   </trkpt>
   <trkpt lat="43.9995320" lon="5.1381800">
    <ele>245.6</ele>
   </trkpt>
   <trkpt lat="43.9995160" lon="5.1382110">
    <ele>245.6</ele>
   </trkpt>
   <trkpt lat="43.9995010" lon="5.1382400">
    <ele>245.4</ele>
   </trkpt>
   <trkpt lat="43.9994810" lon="5.1382700">
    <ele>245.4</ele>
   </trkpt>
   <trkpt lat="43.9994640" lon="5.1382980">
    <ele>245.0</ele>
   </trkpt>
   <trkpt lat="43.9994420" lon="5.1383190">
    <ele>244.6</ele>
   </trkpt>
   <trkpt lat="43.9994200" lon="5.1383320">
    <ele>244.0</ele>
   </trkpt>
   <trkpt lat="43.9993940" lon="5.1383480">
    <ele>243.4</ele>
   </trkpt>
   <trkpt lat="43.9993640" lon="5.1383590">
    <ele>242.8</ele>
   </trkpt>
   <trkpt lat="43.9993410" lon="5.1383720">
    <ele>242.6</ele>
   </trkpt>
   <trkpt lat="43.9993100" lon="5.1383870">
    <ele>242.2</ele>
   </trkpt>
   <trkpt lat="43.9992870" lon="5.1383960">
    <ele>242.0</ele>
   </trkpt>
   <trkpt lat="43.9992620" lon="5.1384090">
    <ele>242.0</ele>
   </trkpt>
   <trkpt lat="43.9992370" lon="5.1384190">
    <ele>241.8</ele>
   </trkpt>
   <trkpt lat="43.9992110" lon="5.1384330">
    <ele>241.8</ele>
   </trkpt>
   <trkpt lat="43.9991800" lon="5.1384430">
    <ele>241.6</ele>
   </trkpt>
   <trkpt lat="43.9991580" lon="5.1384570">
    <ele>241.6</ele>
   </trkpt>
   <trkpt lat="43.9991300" lon="5.1384690">
    <ele>241.4</ele>
   </trkpt>
   <trkpt lat="43.9991100" lon="5.1384870">
    <ele>241.4</ele>
   </trkpt>
   <trkpt lat="43.9990850" lon="5.1385100">
    <ele>241.2</ele>
   </trkpt>
   <trkpt lat="43.9990650" lon="5.1385370">
    <ele>241.2</ele>
   </trkpt>
   <trkpt lat="43.9990460" lon="5.1385700">
    <ele>241.0</ele>
   </trkpt>
   <trkpt lat="43.9990270" lon="5.1386040">
    <ele>240.8</ele>
   </trkpt>
   <trkpt lat="43.9990130" lon="5.1386360">
    <ele>240.6</ele>
   </trkpt>
   <trkpt lat="43.9989950" lon="5.1386720">
    <ele>240.4</ele>
   </trkpt>
   <trkpt lat="43.9989830" lon="5.1387060">
    <ele>240.2</ele>
   </trkpt>
   <trkpt lat="43.9989750" lon="5.1387390">
    <ele>240.0</ele>
   </trkpt>
   <trkpt lat="43.9989590" lon="5.1387750">
    <ele>239.8</ele>
   </trkpt>
   <trkpt lat="43.9989550" lon="5.1388030">
    <ele>239.6</ele>
   </trkpt>
   <trkpt lat="43.9989330" lon="5.1388410">
    <ele>239.4</ele>
   </trkpt>
   <trkpt lat="43.9989180" lon="5.1388660">
    <ele>239.2</ele>
   </trkpt>
   <trkpt lat="43.9989040" lon="5.1388980">
    <ele>239.0</ele>
   </trkpt>
   <trkpt lat="43.9988920" lon="5.1389250">
    <ele>239.0</ele>
   </trkpt>
   <trkpt lat="43.9988810" lon="5.1389480">
    <ele>238.8</ele>
   </trkpt>
   <trkpt lat="43.9988520" lon="5.1389710">
    <ele>238.6</ele>
   </trkpt>
   <trkpt lat="43.9988400" lon="5.1389930">
    <ele>238.6</ele>
   </trkpt>
   <trkpt lat="43.9988240" lon="5.1390240">
    <ele>238.4</ele>
   </trkpt>
   <trkpt lat="43.9988130" lon="5.1390530">
    <ele>238.4</ele>
   </trkpt>
   <trkpt lat="43.9987940" lon="5.1390790">
    <ele>238.2</ele>
   </trkpt>
   <trkpt lat="43.9987810" lon="5.1391050">
    <ele>238.0</ele>
   </trkpt>
   <trkpt lat="43.9987670" lon="5.1391300">
    <ele>237.8</ele>
   </trkpt>
   <trkpt lat="43.9987530" lon="5.1391560">
    <ele>237.6</ele>
   </trkpt>
   <trkpt lat="43.9987460" lon="5.1391770">
    <ele>237.6</ele>
   </trkpt>
   <trkpt lat="43.9987310" lon="5.1391990">
    <ele>237.4</ele>
   </trkpt>
   <trkpt lat="43.9987160" lon="5.1392020">
    <ele>237.2</ele>
   </trkpt>
   <trkpt lat="43.9987020" lon="5.1392170">
    <ele>237.0</ele>
   </trkpt>
   <trkpt lat="43.9986850" lon="5.1392350">
    <ele>236.6</ele>
   </trkpt>
   <trkpt lat="43.9986710" lon="5.1392510">
    <ele>236.2</ele>
   </trkpt>
   <trkpt lat="43.9986600" lon="5.1392680">
    <ele>235.6</ele>
   </trkpt>
   <trkpt lat="43.9986450" lon="5.1392880">
    <ele>235.2</ele>
   </trkpt>
   <trkpt lat="43.9986270" lon="5.1392940">
    <ele>234.6</ele>
   </trkpt>
   <trkpt lat="43.9986090" lon="5.1393010">
    <ele>234.2</ele>
   </trkpt>
   <trkpt lat="43.9985890" lon="5.1393040">
    <ele>233.8</ele>
   </trkpt>
   <trkpt lat="43.9985700" lon="5.1393080">
    <ele>233.6</ele>
   </trkpt>
   <trkpt lat="43.9985500" lon="5.1393140">
    <ele>233.2</ele>
   </trkpt>
   <trkpt lat="43.9985200" lon="5.1393150">
    <ele>232.8</ele>
   </trkpt>
   <trkpt lat="43.9985000" lon="5.1393200">
    <ele>232.6</ele>
   </trkpt>
   <trkpt lat="43.9984700" lon="5.1393180">
    <ele>232.4</ele>
   </trkpt>
   <trkpt lat="43.9984560" lon="5.1393210">
    <ele>232.4</ele>
   </trkpt>
   <trkpt lat="43.9984310" lon="5.1393150">
    <ele>232.6</ele>
   </trkpt>
   <trkpt lat="43.9984130" lon="5.1393140">
    <ele>232.6</ele>
   </trkpt>
   <trkpt lat="43.9983990" lon="5.1393100">
    <ele>232.6</ele>
   </trkpt>
   <trkpt lat="43.9983830" lon="5.1393040">
    <ele>232.8</ele>
   </trkpt>
   <trkpt lat="43.9983670" lon="5.1393050">
    <ele>232.8</ele>
   </trkpt>
   <trkpt lat="43.9983480" lon="5.1392910">
    <ele>233.0</ele>
   </trkpt>
   <trkpt lat="43.9983340" lon="5.1392880">
    <ele>233.2</ele>
   </trkpt>
   <trkpt lat="43.9983120" lon="5.1392780">
    <ele>233.6</ele>
   </trkpt>
   <trkpt lat="43.9982970" lon="5.1392760">
    <ele>234.0</ele>
   </trkpt>
   <trkpt lat="43.9982780" lon="5.1392780">
    <ele>234.4</ele>
   </trkpt>
   <trkpt lat="43.9982600" lon="5.1392710">
    <ele>234.6</ele>
   </trkpt>
   <trkpt lat="43.9982460" lon="5.1392690">
    <ele>235.0</ele>
   </trkpt>
   <trkpt lat="43.9982270" lon="5.1392610">
    <ele>235.0</ele>
   </trkpt>
   <trkpt lat="43.9982100" lon="5.1392620">
    <ele>235.2</ele>
   </trkpt>
   <trkpt lat="43.9981920" lon="5.1392630">
    <ele>235.2</ele>
   </trkpt>
   <trkpt lat="43.9981740" lon="5.1392490">
    <ele>235.4</ele>
   </trkpt>
   <trkpt lat="43.9981630" lon="5.1392450">
    <ele>235.6</ele>
   </trkpt>
   <trkpt lat="43.9981520" lon="5.1392420">
    <ele>236.0</ele>
   </trkpt>
   <trkpt lat="43.9981340" lon="5.1392250">
    <ele>236.2</ele>
   </trkpt>
   <trkpt lat="43.9981190" lon="5.1392200">
    <ele>236.4</ele>
   </trkpt>
   <trkpt lat="43.9981030" lon="5.1392160">
    <ele>236.8</ele>
   </trkpt>
   <trkpt lat="43.9980860" lon="5.1392140">
    <ele>237.0</ele>
   </trkpt>
   <trkpt lat="43.9980720" lon="5.1392210">
    <ele>237.2</ele>
   </trkpt>
   <trkpt lat="43.9980530" lon="5.1392250">
    <ele>237.4</ele>
   </trkpt>
   <trkpt lat="43.9980360" lon="5.1392250">
    <ele>237.6</ele>
   </trkpt>
   <trkpt lat="43.9980210" lon="5.1392280">
    <ele>238.0</ele>
   </trkpt>
   <trkpt lat="43.9980030" lon="5.1392250">
    <ele>238.2</ele>
   </trkpt>
   <trkpt lat="43.9979910" lon="5.1392320">
    <ele>238.6</ele>
   </trkpt>
   <trkpt lat="43.9979680" lon="5.1392320">
    <ele>239.0</ele>
   </trkpt>
   <trkpt lat="43.9979430" lon="5.1392290">
    <ele>239.2</ele>
   </trkpt>
   <trkpt lat="43.9979360" lon="5.1392310">
    <ele>239.4</ele>
   </trkpt>
   <trkpt lat="43.9979200" lon="5.1392220">
    <ele>239.6</ele>
   </trkpt>
   <trkpt lat="43.9978990" lon="5.1392140">
    <ele>239.6</ele>
   </trkpt>
   <trkpt lat="43.9978890" lon="5.1392140">
    <ele>239.8</ele>
   </trkpt>
   <trkpt lat="43.9978750" lon="5.1392160">
    <ele>240.0</ele>
   </trkpt>
   <trkpt lat="43.9978550" lon="5.1392110">
    <ele>240.4</ele>
   </trkpt>
   <trkpt lat="43.9978470" lon="5.1392120">
    <ele>240.8</ele>
   </trkpt>
   <trkpt lat="43.9978310" lon="5.1392090">
    <ele>241.4</ele>
   </trkpt>
   <trkpt lat="43.9978090" lon="5.1391960">
    <ele>241.8</ele>
   </trkpt>
   <trkpt lat="43.9977980" lon="5.1391930">
    <ele>242.0</ele>
   </trkpt>
   <trkpt lat="43.9977790" lon="5.1391880">
    <ele>242.4</ele>
   </trkpt>
   <trkpt lat="43.9977530" lon="5.1391810">
    <ele>242.6</ele>
   </trkpt>
   <trkpt lat="43.9977430" lon="5.1391850">
    <ele>242.8</ele>
   </trkpt>
   <trkpt lat="43.9977260" lon="5.1391820">
    <ele>243.2</ele>
   </trkpt>
   <trkpt lat="43.9977090" lon="5.1391730">
    <ele>243.4</ele>
   </trkpt>
   <trkpt lat="43.9976960" lon="5.1391790">
    <ele>243.6</ele>
   </trkpt>
   <trkpt lat="43.9976800" lon="5.1391780">
    <ele>243.8</ele>
   </trkpt>
   <trkpt lat="43.9976660" lon="5.1391780">
    <ele>244.0</ele>
   </trkpt>
   <trkpt lat="43.9976510" lon="5.1391810">
    <ele>244.4</ele>
   </trkpt>
   <trkpt lat="43.9976270" lon="5.1391720">
    <ele>244.6</ele>
   </trkpt>
   <trkpt lat="43.9976150" lon="5.1391740">
    <ele>245.0</ele>
   </trkpt>
   <trkpt lat="43.9975970" lon="5.1391710">
    <ele>245.2</ele>
   </trkpt>
   <trkpt lat="43.9975830" lon="5.1391510">
    <ele>245.6</ele>
   </trkpt>
   <trkpt lat="43.9975720" lon="5.1391450">
    <ele>245.8</ele>
   </trkpt>
   <trkpt lat="43.9975520" lon="5.1391350">
    <ele>246.2</ele>
   </trkpt>
   <trkpt lat="43.9975370" lon="5.1391320">
    <ele>246.4</ele>
   </trkpt>
   <trkpt lat="43.9975170" lon="5.1391200">
    <ele>246.6</ele>
   </trkpt>
   <trkpt lat="43.9975000" lon="5.1391180">
    <ele>246.8</ele>
   </trkpt>
   <trkpt lat="43.9974830" lon="5.1391180">
    <ele>247.0</ele>
   </trkpt>
   <trkpt lat="43.9974660" lon="5.1391080">
    <ele>247.2</ele>
   </trkpt>
   <trkpt lat="43.9974540" lon="5.1391030">
    <ele>247.6</ele>
   </trkpt>
   <trkpt lat="43.9974340" lon="5.1390870">
    <ele>247.8</ele>
   </trkpt>
   <trkpt lat="43.9974210" lon="5.1390770">
    <ele>248.0</ele>
   </trkpt>
   <trkpt lat="43.9974000" lon="5.1390630">
    <ele>248.2</ele>
   </trkpt>
   <trkpt lat="43.9973850" lon="5.1390560">
    <ele>248.4</ele>
   </trkpt>
   <trkpt lat="43.9973660" lon="5.1390500">
    <ele>248.6</ele>
   </trkpt>
   <trkpt lat="43.9973490" lon="5.1390300">
    <ele>248.8</ele>
   </trkpt>
   <trkpt lat="43.9973350" lon="5.1390260">
    <ele>249.2</ele>
   </trkpt>
   <trkpt lat="43.9973170" lon="5.1390150">
    <ele>249.2</ele>
   </trkpt>
   <trkpt lat="43.9973060" lon="5.1390130">
    <ele>249.4</ele>
   </trkpt>
   <trkpt lat="43.9972900" lon="5.1390040">
    <ele>249.6</ele>
   </trkpt>
   <trkpt lat="43.9972760" lon="5.1389910">
    <ele>249.8</ele>
   </trkpt>
   <trkpt lat="43.9972590" lon="5.1389860">
    <ele>250.0</ele>
   </trkpt>
   <trkpt lat="43.9972420" lon="5.1389720">
    <ele>250.2</ele>
   </trkpt>
   <trkpt lat="43.9972270" lon="5.1389660">
    <ele>250.4</ele>
   </trkpt>
   <trkpt lat="43.9972070" lon="5.1389530">
    <ele>250.6</ele>
   </trkpt>
   <trkpt lat="43.9971950" lon="5.1389520">
    <ele>250.8</ele>
   </trkpt>
   <trkpt lat="43.9971740" lon="5.1389500">
    <ele>250.8</ele>
   </trkpt>
   <trkpt lat="43.9971600" lon="5.1389360">
    <ele>251.0</ele>
   </trkpt>
   <trkpt lat="43.9971390" lon="5.1389290">
    <ele>251.2</ele>
   </trkpt>
   <trkpt lat="43.9971200" lon="5.1389180">
    <ele>251.4</ele>
   </trkpt>
   <trkpt lat="43.9970980" lon="5.1389130">
    <ele>251.6</ele>
   </trkpt>
   <trkpt lat="43.9970760" lon="5.1389030">
    <ele>251.8</ele>
   </trkpt>
   <trkpt lat="43.9970600" lon="5.1389020">
    <ele>252.0</ele>
   </trkpt>
   <trkpt lat="43.9970380" lon="5.1388860">
    <ele>252.0</ele>
   </trkpt>
   <trkpt lat="43.9970230" lon="5.1388740">
    <ele>251.8</ele>
   </trkpt>
   <trkpt lat="43.9970040" lon="5.1388610">
    <ele>251.8</ele>
   </trkpt>
   <trkpt lat="43.9969880" lon="5.1388430">
    <ele>251.8</ele>
   </trkpt>
   <trkpt lat="43.9969710" lon="5.1388390">
    <ele>252.0</ele>
   </trkpt>
   <trkpt lat="43.9969530" lon="5.1388220">
    <ele>252.2</ele>
   </trkpt>
   <trkpt lat="43.9969400" lon="5.1388160">
    <ele>252.6</ele>
   </trkpt>
   <trkpt lat="43.9969260" lon="5.1387950">
    <ele>253.0</ele>
   </trkpt>
   <trkpt lat="43.9969110" lon="5.1387790">
    <ele>253.2</ele>
   </trkpt>
   <trkpt lat="43.9968930" lon="5.1387580">
    <ele>253.6</ele>
   </trkpt>
   <trkpt lat="43.9968770" lon="5.1387390">
    <ele>254.0</ele>
   </trkpt>
   <trkpt lat="43.9968610" lon="5.1387300">
    <ele>254.2</ele>
   </trkpt>
   <trkpt lat="43.9968430" lon="5.1387140">
    <ele>254.4</ele>
   </trkpt>
   <trkpt lat="43.9968300" lon="5.1387080">
    <ele>254.6</ele>
   </trkpt>
   <trkpt lat="43.9968170" lon="5.1386930">
    <ele>254.6</ele>
   </trkpt>
   <trkpt lat="43.9968050" lon="5.1386730">
    <ele>254.8</ele>
   </trkpt>
   <trkpt lat="43.9967910" lon="5.1386570">
    <ele>255.0</ele>
   </trkpt>
   <trkpt lat="43.9967770" lon="5.1386350">
    <ele>255.2</ele>
   </trkpt>
   <trkpt lat="43.9967640" lon="5.1386210">
    <ele>255.6</ele>
   </trkpt>
   <trkpt lat="43.9967470" lon="5.1385970">
    <ele>255.6</ele>
   </trkpt>
   <trkpt lat="43.9967330" lon="5.1385910">
    <ele>255.8</ele>
   </trkpt>
   <trkpt lat="43.9967160" lon="5.1385680">
    <ele>256.0</ele>
   </trkpt>
   <trkpt lat="43.9967030" lon="5.1385510">
    <ele>256.0</ele>
   </trkpt>
   <trkpt lat="43.9966880" lon="5.1385390">
    <ele>256.2</ele>
   </trkpt>
   <trkpt lat="43.9966720" lon="5.1385220">
    <ele>256.4</ele>
   </trkpt>
   <trkpt lat="43.9966560" lon="5.1385080">
    <ele>256.4</ele>
   </trkpt>
   <trkpt lat="43.9966380" lon="5.1384870">
    <ele>256.4</ele>
   </trkpt>
   <trkpt lat="43.9966240" lon="5.1384780">
    <ele>256.4</ele>
   </trkpt>
   <trkpt lat="43.9966050" lon="5.1384490">
    <ele>256.6</ele>
   </trkpt>
   <trkpt lat="43.9965900" lon="5.1384430">
    <ele>256.8</ele>
   </trkpt>
   <trkpt lat="43.9965670" lon="5.1384290">
    <ele>257.2</ele>
   </trkpt>
   <trkpt lat="43.9965510" lon="5.1384230">
    <ele>257.6</ele>
   </trkpt>
   <trkpt lat="43.9965330" lon="5.1384210">
    <ele>257.8</ele>
   </trkpt>
   <trkpt lat="43.9965150" lon="5.1384110">
    <ele>258.0</ele>
   </trkpt>
   <trkpt lat="43.9965000" lon="5.1384050">
    <ele>258.4</ele>
   </trkpt>
   <trkpt lat="43.9964790" lon="5.1383880">
    <ele>258.6</ele>
   </trkpt>
   <trkpt lat="43.9964610" lon="5.1383790">
    <ele>258.6</ele>
   </trkpt>
   <trkpt lat="43.9964410" lon="5.1383650">
    <ele>258.8</ele>
   </trkpt>
   <trkpt lat="43.9964230" lon="5.1383480">
    <ele>258.8</ele>
   </trkpt>
   <trkpt lat="43.9964080" lon="5.1383380">
    <ele>258.8</ele>
   </trkpt>
   <trkpt lat="43.9963920" lon="5.1383080">
    <ele>258.8</ele>
   </trkpt>
   <trkpt lat="43.9963840" lon="5.1382960">
    <ele>259.0</ele>
   </trkpt>
   <trkpt lat="43.9963740" lon="5.1382700">
    <ele>259.0</ele>
   </trkpt>
   <trkpt lat="43.9963680" lon="5.1382550">
    <ele>259.0</ele>
   </trkpt>
   <trkpt lat="43.9963540" lon="5.1382330">
    <ele>259.2</ele>
   </trkpt>
   <trkpt lat="43.9963390" lon="5.1382130">
    <ele>259.6</ele>
   </trkpt>
   <trkpt lat="43.9963250" lon="5.1381990">
    <ele>259.6</ele>
   </trkpt>
   <trkpt lat="43.9963130" lon="5.1381730">
    <ele>259.8</ele>
   </trkpt>
   <trkpt lat="43.9963040" lon="5.1381600">
    <ele>260.0</ele>
   </trkpt>
   <trkpt lat="43.9962990" lon="5.1381310">
    <ele>260.2</ele>
   </trkpt>
   <trkpt lat="43.9962930" lon="5.1381170">
    <ele>260.2</ele>
   </trkpt>
   <trkpt lat="43.9962860" lon="5.1380900">
    <ele>260.4</ele>
   </trkpt>
   <trkpt lat="43.9962830" lon="5.1380610">
    <ele>260.6</ele>
   </trkpt>
   <trkpt lat="43.9962740" lon="5.1380400">
    <ele>261.0</ele>
   </trkpt>
   <trkpt lat="43.9962630" lon="5.1380060">
    <ele>261.2</ele>
   </trkpt>
   <trkpt lat="43.9962530" lon="5.1379870">
    <ele>261.4</ele>
   </trkpt>
   <trkpt lat="43.9962390" lon="5.1379690">
    <ele>261.6</ele>
   </trkpt>
   <trkpt lat="43.9962250" lon="5.1379550">
    <ele>261.8</ele>
   </trkpt>
   <trkpt lat="43.9962120" lon="5.1379360">
    <ele>262.0</ele>
   </trkpt>
   <trkpt lat="43.9962010" lon="5.1379160">
    <ele>262.2</ele>
   </trkpt>
   <trkpt lat="43.9961880" lon="5.1378980">
    <ele>262.6</ele>
   </trkpt>
   <trkpt lat="43.9961770" lon="5.1378730">
    <ele>262.6</ele>
   </trkpt>
   <trkpt lat="43.9961630" lon="5.1378550">
    <ele>262.8</ele>
   </trkpt>
   <trkpt lat="43.9961500" lon="5.1378260">
    <ele>263.0</ele>
   </trkpt>
   <trkpt lat="43.9961380" lon="5.1378070">
    <ele>263.2</ele>
   </trkpt>
   <trkpt lat="43.9961220" lon="5.1377860">
    <ele>263.4</ele>
   </trkpt>
   <trkpt lat="43.9961080" lon="5.1377640">
    <ele>263.6</ele>
   </trkpt>
   <trkpt lat="43.9960930" lon="5.1377470">
    <ele>263.8</ele>
   </trkpt>
   <trkpt lat="43.9960840" lon="5.1377170">
    <ele>264.0</ele>
   </trkpt>
   <trkpt lat="43.9960750" lon="5.1376990">
    <ele>264.2</ele>
   </trkpt>
   <trkpt lat="43.9960720" lon="5.1376640">
    <ele>264.4</ele>
   </trkpt>
   <trkpt lat="43.9960610" lon="5.1376410">
    <ele>264.8</ele>
   </trkpt>
   <trkpt lat="43.9960530" lon="5.1376110">
    <ele>265.0</ele>
   </trkpt>
   <trkpt lat="43.9960500" lon="5.1375800">
    <ele>265.2</ele>
   </trkpt>
   <trkpt lat="43.9960450" lon="5.1375530">
    <ele>265.4</ele>
   </trkpt>
   <trkpt lat="43.9960380" lon="5.1375250">
    <ele>265.4</ele>
   </trkpt>
   <trkpt lat="43.9960280" lon="5.1375010">
    <ele>265.6</ele>
   </trkpt>
   <trkpt lat="43.9960190" lon="5.1374700">
    <ele>265.8</ele>
   </trkpt>
   <trkpt lat="43.9960030" lon="5.1374560">
    <ele>266.0</ele>
   </trkpt>
   <trkpt lat="43.9959840" lon="5.1374310">
    <ele>266.2</ele>
   </trkpt>
   <trkpt lat="43.9959700" lon="5.1374140">
    <ele>266.4</ele>
   </trkpt>
   <trkpt lat="43.9959500" lon="5.1373900">
    <ele>266.6</ele>
   </trkpt>
   <trkpt lat="43.9959360" lon="5.1373660">
    <ele>266.8</ele>
   </trkpt>
   <trkpt lat="43.9959220" lon="5.1373410">
    <ele>267.0</ele>
   </trkpt>
   <trkpt lat="43.9959090" lon="5.1373140">
    <ele>267.0</ele>
   </trkpt>
   <trkpt lat="43.9958940" lon="5.1372950">
    <ele>267.2</ele>
   </trkpt>
   <trkpt lat="43.9958740" lon="5.1372610">
    <ele>267.2</ele>
   </trkpt>
   <trkpt lat="43.9958570" lon="5.1372370">
    <ele>267.4</ele>
   </trkpt>
   <trkpt lat="43.9958380" lon="5.1372040">
    <ele>267.4</ele>
   </trkpt>
   <trkpt lat="43.9958250" lon="5.1371870">
    <ele>267.6</ele>
   </trkpt>
   <trkpt lat="43.9958100" lon="5.1371640">
    <ele>267.6</ele>
   </trkpt>
   <trkpt lat="43.9957950" lon="5.1371440">
    <ele>267.6</ele>
   </trkpt>
   <trkpt lat="43.9957800" lon="5.1371250">
    <ele>267.6</ele>
   </trkpt>
   <trkpt lat="43.9957630" lon="5.1371020">
    <ele>267.6</ele>
   </trkpt>
   <trkpt lat="43.9957440" lon="5.1370840">
    <ele>267.6</ele>
   </trkpt>
   <trkpt lat="43.9957280" lon="5.1370590">
    <ele>267.6</ele>
   </trkpt>
   <trkpt lat="43.9957120" lon="5.1370470">
    <ele>267.6</ele>
   </trkpt>
   <trkpt lat="43.9956960" lon="5.1370180">
    <ele>267.6</ele>
   </trkpt>
   <trkpt lat="43.9956800" lon="5.1370020">
    <ele>267.8</ele>
   </trkpt>
   <trkpt lat="43.9956640" lon="5.1369720">
    <ele>268.0</ele>
   </trkpt>
   <trkpt lat="43.9956490" lon="5.1369500">
    <ele>268.2</ele>
   </trkpt>
   <trkpt lat="43.9956300" lon="5.1369230">
    <ele>268.4</ele>
   </trkpt>
   <trkpt lat="43.9956140" lon="5.1368960">
    <ele>268.6</ele>
   </trkpt>
   <trkpt lat="43.9956000" lon="5.1368710">
    <ele>268.8</ele>
   </trkpt>
   <trkpt lat="43.9955850" lon="5.1368460">
    <ele>268.8</ele>
   </trkpt>
   <trkpt lat="43.9955680" lon="5.1368270">
    <ele>268.6</ele>
   </trkpt>
   <trkpt lat="43.9955520" lon="5.1367990">
    <ele>268.4</ele>
   </trkpt>
   <trkpt lat="43.9955380" lon="5.1367830">
    <ele>268.4</ele>
   </trkpt>
   <trkpt lat="43.9955180" lon="5.1367540">
    <ele>268.4</ele>
   </trkpt>
   <trkpt lat="43.9955060" lon="5.1367370">
    <ele>268.6</ele>
   </trkpt>
   <trkpt lat="43.9954900" lon="5.1367110">
    <ele>268.8</ele>
   </trkpt>
   <trkpt lat="43.9954750" lon="5.1366960">
    <ele>268.8</ele>
   </trkpt>
   <trkpt lat="43.9954560" lon="5.1366690">
    <ele>269.0</ele>
   </trkpt>
   <trkpt lat="43.9954430" lon="5.1366420">
    <ele>269.2</ele>
   </trkpt>
   <trkpt lat="43.9954260" lon="5.1366150">
    <ele>269.2</ele>
   </trkpt>
   <trkpt lat="43.9954110" lon="5.1365880">
    <ele>269.2</ele>
   </trkpt>
   <trkpt lat="43.9953960" lon="5.1365640">
    <ele>269.2</ele>
   </trkpt>
   <trkpt lat="43.9953820" lon="5.1365390">
    <ele>269.2</ele>
   </trkpt>
   <trkpt lat="43.9953680" lon="5.1365210">
    <ele>269.2</ele>
   </trkpt>
   <trkpt lat="43.9953510" lon="5.1364940">
    <ele>269.4</ele>
   </trkpt>
   <trkpt lat="43.9953350" lon="5.1364800">
    <ele>269.4</ele>
   </trkpt>
   <trkpt lat="43.9953180" lon="5.1364520">
    <ele>269.4</ele>
   </trkpt>
   <trkpt lat="43.9953060" lon="5.1364350">
    <ele>269.2</ele>
   </trkpt>
   <trkpt lat="43.9952890" lon="5.1364040">
    <ele>269.2</ele>
   </trkpt>
   <trkpt lat="43.9952740" lon="5.1363850">
    <ele>269.2</ele>
   </trkpt>
   <trkpt lat="43.9952530" lon="5.1363610">
    <ele>269.2</ele>
   </trkpt>
   <trkpt lat="43.9952400" lon="5.1363420">
    <ele>269.4</ele>
   </trkpt>
   <trkpt lat="43.9952250" lon="5.1363220">
    <ele>269.6</ele>
   </trkpt>
   <trkpt lat="43.9952070" lon="5.1363070">
    <ele>269.4</ele>
   </trkpt>
   <trkpt lat="43.9951880" lon="5.1362840">
    <ele>269.4</ele>
   </trkpt>
   <trkpt lat="43.9951740" lon="5.1362690">
    <ele>269.4</ele>
   </trkpt>
   <trkpt lat="43.9951530" lon="5.1362350">
    <ele>269.4</ele>
   </trkpt>
   <trkpt lat="43.9951360" lon="5.1362140">
    <ele>269.4</ele>
   </trkpt>
   <trkpt lat="43.9951120" lon="5.1361790">
    <ele>269.6</ele>
   </trkpt>
   <trkpt lat="43.9950970" lon="5.1361570">
    <ele>269.6</ele>
   </trkpt>
   <trkpt lat="43.9950820" lon="5.1361310">
    <ele>269.6</ele>
   </trkpt>
   <trkpt lat="43.9950680" lon="5.1361050">
    <ele>269.6</ele>
   </trkpt>
   <trkpt lat="43.9950510" lon="5.1360800">
    <ele>269.6</ele>
   </trkpt>
   <trkpt lat="43.9950380" lon="5.1360560">
    <ele>269.6</ele>
   </trkpt>
   <trkpt lat="43.9950200" lon="5.1360360">
    <ele>269.4</ele>
   </trkpt>
   <trkpt lat="43.9950040" lon="5.1360050">
    <ele>269.4</ele>
   </trkpt>
   <trkpt lat="43.9949890" lon="5.1359770">
    <ele>269.6</ele>
   </trkpt>
   <trkpt lat="43.9949740" lon="5.1359460">
    <ele>269.8</ele>
   </trkpt>
   <trkpt lat="43.9949580" lon="5.1359200">
    <ele>270.0</ele>
   </trkpt>
   <trkpt lat="43.9949410" lon="5.1358910">
    <ele>270.0</ele>
   </trkpt>
   <trkpt lat="43.9949280" lon="5.1358670">
    <ele>270.2</ele>
   </trkpt>
   <trkpt lat="43.9949150" lon="5.1358400">
    <ele>270.2</ele>
   </trkpt>
   <trkpt lat="43.9949020" lon="5.1358170">
    <ele>270.2</ele>
   </trkpt>
   <trkpt lat="43.9948840" lon="5.1357850">
    <ele>270.2</ele>
   </trkpt>
   <trkpt lat="43.9948670" lon="5.1357590">
    <ele>270.2</ele>
   </trkpt>
   <trkpt lat="43.9948490" lon="5.1357280">
    <ele>270.2</ele>
   </trkpt>
   <trkpt lat="43.9948290" lon="5.1357060">
    <ele>270.2</ele>
   </trkpt>
   <trkpt lat="43.9948070" lon="5.1356770">
    <ele>270.2</ele>
   </trkpt>
   <trkpt lat="43.9947850" lon="5.1356540">
    <ele>270.2</ele>
   </trkpt>
   <trkpt lat="43.9947630" lon="5.1356190">
    <ele>270.2</ele>
   </trkpt>
   <trkpt lat="43.9947400" lon="5.1355950">
    <ele>270.2</ele>
   </trkpt>
   <trkpt lat="43.9947220" lon="5.1355680">
    <ele>270.2</ele>
   </trkpt>
   <trkpt lat="43.9947060" lon="5.1355460">
    <ele>270.2</ele>
   </trkpt>
   <trkpt lat="43.9946910" lon="5.1355200">
    <ele>270.2</ele>
   </trkpt>
   <trkpt lat="43.9946740" lon="5.1354980">
    <ele>270.2</ele>
   </trkpt>
   <trkpt lat="43.9946560" lon="5.1354700">
    <ele>270.4</ele>
   </trkpt>
   <trkpt lat="43.9946350" lon="5.1354450">
    <ele>270.4</ele>
   </trkpt>
   <trkpt lat="43.9946150" lon="5.1354170">
    <ele>270.6</ele>
   </trkpt>
   <trkpt lat="43.9945940" lon="5.1353890">
    <ele>270.6</ele>
   </trkpt>
   <trkpt lat="43.9945770" lon="5.1353710">
    <ele>270.6</ele>
   </trkpt>
   <trkpt lat="43.9945550" lon="5.1353440">
    <ele>270.6</ele>
   </trkpt>
   <trkpt lat="43.9945460" lon="5.1353200">
    <ele>270.6</ele>
   </trkpt>
   <trkpt lat="43.9945290" lon="5.1353020">
    <ele>270.8</ele>
   </trkpt>
   <trkpt lat="43.9945100" lon="5.1352840">
    <ele>271.0</ele>
   </trkpt>
   <trkpt lat="43.9944870" lon="5.1352620">
    <ele>271.0</ele>
   </trkpt>
   <trkpt lat="43.9944680" lon="5.1352360">
    <ele>271.2</ele>
   </trkpt>
   <trkpt lat="43.9944430" lon="5.1352100">
    <ele>271.2</ele>
   </trkpt>
   <trkpt lat="43.9944230" lon="5.1351850">
    <ele>271.4</ele>
   </trkpt>
   <trkpt lat="43.9944020" lon="5.1351610">
    <ele>271.4</ele>
   </trkpt>
   <trkpt lat="43.9943870" lon="5.1351300">
    <ele>271.4</ele>
   </trkpt>
   <trkpt lat="43.9943680" lon="5.1351030">
    <ele>271.8</ele>
   </trkpt>
   <trkpt lat="43.9943520" lon="5.1350710">
    <ele>272.0</ele>
   </trkpt>
   <trkpt lat="43.9943380" lon="5.1350440">
    <ele>272.2</ele>
   </trkpt>
   <trkpt lat="43.9943270" lon="5.1350190">
    <ele>272.2</ele>
   </trkpt>
   <trkpt lat="43.9943150" lon="5.1349880">
    <ele>272.4</ele>
   </trkpt>
   <trkpt lat="43.9943060" lon="5.1349570">
    <ele>272.0</ele>
   </trkpt>
   <trkpt lat="43.9942920" lon="5.1349310">
    <ele>272.0</ele>
   </trkpt>
   <trkpt lat="43.9942800" lon="5.1349010">
    <ele>271.8</ele>
   </trkpt>
   <trkpt lat="43.9942670" lon="5.1348750">
    <ele>271.8</ele>
   </trkpt>
   <trkpt lat="43.9942550" lon="5.1348470">
    <ele>272.0</ele>
   </trkpt>
   <trkpt lat="43.9942410" lon="5.1348220">
    <ele>272.0</ele>
   </trkpt>
   <trkpt lat="43.9942350" lon="5.1347890">
    <ele>272.2</ele>
   </trkpt>
   <trkpt lat="43.9942210" lon="5.1347600">
    <ele>272.4</ele>
   </trkpt>
   <trkpt lat="43.9942070" lon="5.1347270">
    <ele>272.4</ele>
   </trkpt>
   <trkpt lat="43.9941940" lon="5.1346970">
    <ele>272.4</ele>
   </trkpt>
   <trkpt lat="43.9941840" lon="5.1346640">
    <ele>272.4</ele>
   </trkpt>
   <trkpt lat="43.9941750" lon="5.1346360">
    <ele>272.4</ele>
   </trkpt>
   <trkpt lat="43.9941700" lon="5.1346050">
    <ele>272.4</ele>
   </trkpt>
   <trkpt lat="43.9941610" lon="5.1345810">
    <ele>272.4</ele>
   </trkpt>
   <trkpt lat="43.9941480" lon="5.1345510">
    <ele>272.4</ele>
   </trkpt>
   <trkpt lat="43.9941390" lon="5.1345260">
    <ele>272.4</ele>
   </trkpt>
   <trkpt lat="43.9941320" lon="5.1344880">
    <ele>272.4</ele>
   </trkpt>
   <trkpt lat="43.9941240" lon="5.1344590">
    <ele>272.6</ele>
   </trkpt>
   <trkpt lat="43.9941150" lon="5.1344240">
    <ele>272.6</ele>
   </trkpt>
   <trkpt lat="43.9941040" lon="5.1343950">
    <ele>272.6</ele>
   </trkpt>
   <trkpt lat="43.9940940" lon="5.1343550">
    <ele>272.6</ele>
   </trkpt>
   <trkpt lat="43.9940870" lon="5.1343260">
    <ele>272.8</ele>
   </trkpt>
   <trkpt lat="43.9940810" lon="5.1342920">
    <ele>272.8</ele>
   </trkpt>
   <trkpt lat="43.9940690" lon="5.1342640">
    <ele>273.0</ele>
   </trkpt>
   <trkpt lat="43.9940560" lon="5.1342240">
    <ele>273.2</ele>
   </trkpt>
   <trkpt lat="43.9940440" lon="5.1341960">
    <ele>273.2</ele>
   </trkpt>
   <trkpt lat="43.9940290" lon="5.1341640">
    <ele>273.2</ele>
   </trkpt>
   <trkpt lat="43.9940170" lon="5.1341440">
    <ele>273.2</ele>
   </trkpt>
   <trkpt lat="43.9939990" lon="5.1341120">
    <ele>273.2</ele>
   </trkpt>
   <trkpt lat="43.9939880" lon="5.1340800">
    <ele>273.2</ele>
   </trkpt>
   <trkpt lat="43.9939770" lon="5.1340510">
    <ele>273.2</ele>
   </trkpt>
   <trkpt lat="43.9939690" lon="5.1340260">
    <ele>273.2</ele>
   </trkpt>
   <trkpt lat="43.9939550" lon="5.1339920">
    <ele>273.4</ele>
   </trkpt>
   <trkpt lat="43.9939430" lon="5.1339640">
    <ele>273.4</ele>
   </trkpt>
   <trkpt lat="43.9939360" lon="5.1339300">
    <ele>273.6</ele>
   </trkpt>
   <trkpt lat="43.9939300" lon="5.1338960">
    <ele>273.8</ele>
   </trkpt>
   <trkpt lat="43.9939220" lon="5.1338600">
    <ele>273.8</ele>
   </trkpt>
   <trkpt lat="43.9939130" lon="5.1338280">
    <ele>273.8</ele>
   </trkpt>
   <trkpt lat="43.9939020" lon="5.1337960">
    <ele>273.8</ele>
   </trkpt>
   <trkpt lat="43.9938940" lon="5.1337670">
    <ele>273.6</ele>
   </trkpt>
   <trkpt lat="43.9938850" lon="5.1337400">
    <ele>273.6</ele>
   </trkpt>
   <trkpt lat="43.9938770" lon="5.1337110">
    <ele>273.6</ele>
   </trkpt>
   <trkpt lat="43.9938730" lon="5.1336820">
    <ele>273.6</ele>
   </trkpt>
   <trkpt lat="43.9938680" lon="5.1336560">
    <ele>273.6</ele>
   </trkpt>
   <trkpt lat="43.9938600" lon="5.1336280">
    <ele>273.8</ele>
   </trkpt>
   <trkpt lat="43.9938550" lon="5.1335960">
    <ele>273.8</ele>
   </trkpt>
   <trkpt lat="43.9938460" lon="5.1335660">
    <ele>273.8</ele>
   </trkpt>
   <trkpt lat="43.9938440" lon="5.1335310">
    <ele>273.8</ele>
   </trkpt>
   <trkpt lat="43.9938360" lon="5.1335060">
    <ele>273.8</ele>
   </trkpt>
   <trkpt lat="43.9938290" lon="5.1334710">
    <ele>274.0</ele>
   </trkpt>
   <trkpt lat="43.9938200" lon="5.1334400">
    <ele>274.0</ele>
   </trkpt>
   <trkpt lat="43.9938100" lon="5.1334050">
    <ele>274.0</ele>
   </trkpt>
   <trkpt lat="43.9938060" lon="5.1333730">
    <ele>274.0</ele>
   </trkpt>
   <trkpt lat="43.9938010" lon="5.1333270">
    <ele>274.0</ele>
   </trkpt>
   <trkpt lat="43.9937980" lon="5.1332950">
    <ele>274.0</ele>
   </trkpt>
   <trkpt lat="43.9937970" lon="5.1332580">
    <ele>274.0</ele>
   </trkpt>
   <trkpt lat="43.9937980" lon="5.1332190">
    <ele>274.0</ele>
   </trkpt>
   <trkpt lat="43.9938030" lon="5.1331790">
    <ele>274.0</ele>
   </trkpt>
   <trkpt lat="43.9938020" lon="5.1331410">
    <ele>274.0</ele>
   </trkpt>
   <trkpt lat="43.9937970" lon="5.1331030">
    <ele>274.0</ele>
   </trkpt>
   <trkpt lat="43.9937920" lon="5.1330660">
    <ele>273.8</ele>
   </trkpt>
   <trkpt lat="43.9937810" lon="5.1330320">
    <ele>273.8</ele>
   </trkpt>
   <trkpt lat="43.9937690" lon="5.1329960">
    <ele>273.6</ele>
   </trkpt>
   <trkpt lat="43.9937550" lon="5.1329680">
    <ele>273.6</ele>
   </trkpt>
   <trkpt lat="43.9937400" lon="5.1329340">
    <ele>273.6</ele>
   </trkpt>
   <trkpt lat="43.9937260" lon="5.1329100">
    <ele>273.8</ele>
   </trkpt>
   <trkpt lat="43.9937170" lon="5.1328790">
    <ele>273.8</ele>
   </trkpt>
   <trkpt lat="43.9937020" lon="5.1328480">
    <ele>273.8</ele>
   </trkpt>
   <trkpt lat="43.9936880" lon="5.1328150">
    <ele>273.8</ele>
   </trkpt>
   <trkpt lat="43.9936760" lon="5.1327890">
    <ele>273.8</ele>
   </trkpt>
   <trkpt lat="43.9936640" lon="5.1327560">
    <ele>273.8</ele>
   </trkpt>
   <trkpt lat="43.9936540" lon="5.1327290">
    <ele>273.6</ele>
   </trkpt>
   <trkpt lat="43.9936400" lon="5.1326970">
    <ele>273.6</ele>
   </trkpt>
   <trkpt lat="43.9936260" lon="5.1326740">
    <ele>273.6</ele>
   </trkpt>
   <trkpt lat="43.9936080" lon="5.1326500">
    <ele>273.6</ele>
   </trkpt>
   <trkpt lat="43.9935880" lon="5.1326200">
    <ele>273.6</ele>
   </trkpt>
   <trkpt lat="43.9935660" lon="5.1326080">
    <ele>273.6</ele>
   </trkpt>
   <trkpt lat="43.9935370" lon="5.1325940">
    <ele>273.6</ele>
   </trkpt>
   <trkpt lat="43.9935200" lon="5.1325840">
    <ele>273.6</ele>
   </trkpt>
   <trkpt lat="43.9934980" lon="5.1325680">
    <ele>273.4</ele>
   </trkpt>
   <trkpt lat="43.9934810" lon="5.1325600">
    <ele>273.4</ele>
   </trkpt>
   <trkpt lat="43.9934600" lon="5.1325510">
    <ele>273.2</ele>
   </trkpt>
   <trkpt lat="43.9934350" lon="5.1325360">
    <ele>273.0</ele>
   </trkpt>
   <trkpt lat="43.9934160" lon="5.1325250">
    <ele>273.0</ele>
   </trkpt>
   <trkpt lat="43.9933930" lon="5.1325040">
    <ele>272.8</ele>
   </trkpt>
   <trkpt lat="43.9933740" lon="5.1324910">
    <ele>272.6</ele>
   </trkpt>
   <trkpt lat="43.9933490" lon="5.1324750">
    <ele>272.4</ele>
   </trkpt>
   <trkpt lat="43.9933270" lon="5.1324550">
    <ele>272.2</ele>
   </trkpt>
   <trkpt lat="43.9933090" lon="5.1324400">
    <ele>272.0</ele>
   </trkpt>
   <trkpt lat="43.9932860" lon="5.1324210">
    <ele>271.8</ele>
   </trkpt>
   <trkpt lat="43.9932680" lon="5.1324110">
    <ele>271.4</ele>
   </trkpt>
   <trkpt lat="43.9932480" lon="5.1324010">
    <ele>271.0</ele>
   </trkpt>
   <trkpt lat="43.9932230" lon="5.1323850">
    <ele>270.8</ele>
   </trkpt>
   <trkpt lat="43.9932050" lon="5.1323780">
    <ele>270.4</ele>
   </trkpt>
   <trkpt lat="43.9931810" lon="5.1323670">
    <ele>270.2</ele>
   </trkpt>
   <trkpt lat="43.9931500" lon="5.1323520">
    <ele>270.0</ele>
   </trkpt>
   <trkpt lat="43.9931310" lon="5.1323430">
    <ele>269.8</ele>
   </trkpt>
   <trkpt lat="43.9931080" lon="5.1323320">
    <ele>269.6</ele>
   </trkpt>
   <trkpt lat="43.9930850" lon="5.1323170">
    <ele>269.2</ele>
   </trkpt>
   <trkpt lat="43.9930690" lon="5.1323020">
    <ele>268.8</ele>
   </trkpt>
   <trkpt lat="43.9930470" lon="5.1322860">
    <ele>268.4</ele>
   </trkpt>
   <trkpt lat="43.9930200" lon="5.1322740">
    <ele>268.2</ele>
   </trkpt>
   <trkpt lat="43.9930000" lon="5.1322620">
    <ele>267.8</ele>
   </trkpt>
   <trkpt lat="43.9929770" lon="5.1322490">
    <ele>267.4</ele>
   </trkpt>
   <trkpt lat="43.9929530" lon="5.1322410">
    <ele>267.2</ele>
   </trkpt>
   <trkpt lat="43.9929320" lon="5.1322310">
    <ele>266.8</ele>
   </trkpt>
   <trkpt lat="43.9929090" lon="5.1322130">
    <ele>266.6</ele>
   </trkpt>
   <trkpt lat="43.9928860" lon="5.1322080">
    <ele>266.2</ele>
   </trkpt>
   <trkpt lat="43.9928560" lon="5.1321910">
    <ele>266.0</ele>
   </trkpt>
   <trkpt lat="43.9928300" lon="5.1321880">
    <ele>265.8</ele>
   </trkpt>
   <trkpt lat="43.9928020" lon="5.1321720">
    <ele>265.8</ele>
   </trkpt>
   <trkpt lat="43.9927830" lon="5.1321610">
    <ele>265.6</ele>
   </trkpt>
   <trkpt lat="43.9927600" lon="5.1321420">
    <ele>265.6</ele>
   </trkpt>
   <trkpt lat="43.9927400" lon="5.1321180">
    <ele>265.6</ele>
   </trkpt>
   <trkpt lat="43.9927200" lon="5.1320990">
    <ele>265.4</ele>
   </trkpt>
   <trkpt lat="43.9927030" lon="5.1320710">
    <ele>265.2</ele>
   </trkpt>
   <trkpt lat="43.9926900" lon="5.1320490">
    <ele>265.2</ele>
   </trkpt>
   <trkpt lat="43.9926730" lon="5.1320190">
    <ele>265.0</ele>
   </trkpt>
   <trkpt lat="43.9926550" lon="5.1319960">
    <ele>264.8</ele>
   </trkpt>
   <trkpt lat="43.9926350" lon="5.1319680">
    <ele>264.8</ele>
   </trkpt>
   <trkpt lat="43.9926210" lon="5.1319410">
    <ele>264.6</ele>
   </trkpt>
   <trkpt lat="43.9926050" lon="5.1319160">
    <ele>264.6</ele>
   </trkpt>
   <trkpt lat="43.9925890" lon="5.1318910">
    <ele>264.6</ele>
   </trkpt>
   <trkpt lat="43.9925690" lon="5.1318650">
    <ele>264.6</ele>
   </trkpt>
   <trkpt lat="43.9925500" lon="5.1318390">
    <ele>264.2</ele>
   </trkpt>
   <trkpt lat="43.9925250" lon="5.1318130">
    <ele>264.0</ele>
   </trkpt>
   <trkpt lat="43.9925060" lon="5.1317940">
    <ele>263.6</ele>
   </trkpt>
   <trkpt lat="43.9924850" lon="5.1317660">
    <ele>263.2</ele>
   </trkpt>
   <trkpt lat="43.9924710" lon="5.1317480">
    <ele>263.0</ele>
   </trkpt>
   <trkpt lat="43.9924530" lon="5.1317300">
    <ele>262.6</ele>
   </trkpt>
   <trkpt lat="43.9924310" lon="5.1317090">
    <ele>262.4</ele>
   </trkpt>
   <trkpt lat="43.9924130" lon="5.1316960">
    <ele>262.0</ele>
   </trkpt>
   <trkpt lat="43.9923920" lon="5.1316710">
    <ele>261.8</ele>
   </trkpt>
   <trkpt lat="43.9923770" lon="5.1316460">
    <ele>261.4</ele>
   </trkpt>
   <trkpt lat="43.9923590" lon="5.1316170">
    <ele>261.2</ele>
   </trkpt>
   <trkpt lat="43.9923420" lon="5.1315840">
    <ele>260.8</ele>
   </trkpt>
   <trkpt lat="43.9923250" lon="5.1315580">
    <ele>260.4</ele>
   </trkpt>
   <trkpt lat="43.9923030" lon="5.1315460">
    <ele>259.8</ele>
   </trkpt>
   <trkpt lat="43.9922800" lon="5.1315340">
    <ele>259.4</ele>
   </trkpt>
   <trkpt lat="43.9922540" lon="5.1315090">
    <ele>258.8</ele>
   </trkpt>
   <trkpt lat="43.9922340" lon="5.1314940">
    <ele>258.2</ele>
   </trkpt>
   <trkpt lat="43.9922090" lon="5.1314760">
    <ele>257.4</ele>
   </trkpt>
   <trkpt lat="43.9921850" lon="5.1314670">
    <ele>256.8</ele>
   </trkpt>
   <trkpt lat="43.9921560" lon="5.1314550">
    <ele>256.4</ele>
   </trkpt>
   <trkpt lat="43.9921340" lon="5.1314520">
    <ele>256.0</ele>
   </trkpt>
   <trkpt lat="43.9921070" lon="5.1314510">
    <ele>255.6</ele>
   </trkpt>
   <trkpt lat="43.9920840" lon="5.1314550">
    <ele>255.2</ele>
   </trkpt>
   <trkpt lat="43.9920530" lon="5.1314550">
    <ele>254.8</ele>
   </trkpt>
   <trkpt lat="43.9920240" lon="5.1314480">
    <ele>254.6</ele>
   </trkpt>
   <trkpt lat="43.9919990" lon="5.1314500">
    <ele>254.4</ele>
   </trkpt>
   <trkpt lat="43.9919720" lon="5.1314450">
    <ele>254.4</ele>
   </trkpt>
   <trkpt lat="43.9919470" lon="5.1314440">
    <ele>254.4</ele>
   </trkpt>
   <trkpt lat="43.9919170" lon="5.1314380">
    <ele>254.4</ele>
   </trkpt>
   <trkpt lat="43.9918920" lon="5.1314370">
    <ele>254.4</ele>
   </trkpt>
   <trkpt lat="43.9918620" lon="5.1314240">
    <ele>254.2</ele>
   </trkpt>
   <trkpt lat="43.9918410" lon="5.1314130">
    <ele>254.2</ele>
   </trkpt>
   <trkpt lat="43.9918170" lon="5.1313910">
    <ele>254.2</ele>
   </trkpt>
   <trkpt lat="43.9918010" lon="5.1313610">
    <ele>254.2</ele>
   </trkpt>
   <trkpt lat="43.9917900" lon="5.1313310">
    <ele>254.2</ele>
   </trkpt>
   <trkpt lat="43.9917880" lon="5.1312960">
    <ele>254.0</ele>
   </trkpt>
   <trkpt lat="43.9917810" lon="5.1312670">
    <ele>254.0</ele>
   </trkpt>
   <trkpt lat="43.9917740" lon="5.1312300">
    <ele>254.0</ele>
   </trkpt>
   <trkpt lat="43.9917630" lon="5.1311990">
    <ele>254.0</ele>
   </trkpt>
   <trkpt lat="43.9917520" lon="5.1311690">
    <ele>254.0</ele>
   </trkpt>
   <trkpt lat="43.9917390" lon="5.1311560">
    <ele>254.0</ele>
   </trkpt>
   <trkpt lat="43.9917130" lon="5.1311430">
    <ele>254.2</ele>
   </trkpt>
   <trkpt lat="43.9916980" lon="5.1311440">
    <ele>254.6</ele>
   </trkpt>
   <trkpt lat="43.9916730" lon="5.1311360">
    <ele>254.8</ele>
   </trkpt>
   <trkpt lat="43.9916520" lon="5.1311290">
    <ele>255.2</ele>
   </trkpt>
   <trkpt lat="43.9916300" lon="5.1311270">
    <ele>255.6</ele>
   </trkpt>
   <trkpt lat="43.9916070" lon="5.1311280">
    <ele>255.8</ele>
   </trkpt>
   <trkpt lat="43.9915880" lon="5.1311280">
    <ele>256.0</ele>
   </trkpt>
   <trkpt lat="43.9915690" lon="5.1311210">
    <ele>256.2</ele>
   </trkpt>
   <trkpt lat="43.9915530" lon="5.1311170">
    <ele>256.4</ele>
   </trkpt>
   <trkpt lat="43.9915270" lon="5.1311160">
    <ele>256.4</ele>
   </trkpt>
   <trkpt lat="43.9915080" lon="5.1311150">
    <ele>256.6</ele>
   </trkpt>
   <trkpt lat="43.9914800" lon="5.1311160">
    <ele>256.8</ele>
   </trkpt>
   <trkpt lat="43.9914620" lon="5.1311150">
    <ele>256.8</ele>
   </trkpt>
   <trkpt lat="43.9914380" lon="5.1311100">
    <ele>257.0</ele>
   </trkpt>
   <trkpt lat="43.9914160" lon="5.1311070">
    <ele>257.0</ele>
   </trkpt>
   <trkpt lat="43.9913930" lon="5.1310990">
    <ele>257.0</ele>
   </trkpt>
   <trkpt lat="43.9913720" lon="5.1310870">
    <ele>257.0</ele>
   </trkpt>
   <trkpt lat="43.9913570" lon="5.1310810">
    <ele>257.0</ele>
   </trkpt>
   <trkpt lat="43.9913380" lon="5.1310770">
    <ele>257.2</ele>
   </trkpt>
   <trkpt lat="43.9913250" lon="5.1310750">
    <ele>257.4</ele>
   </trkpt>
   <trkpt lat="43.9913010" lon="5.1310620">
    <ele>257.6</ele>
   </trkpt>
   <trkpt lat="43.9912840" lon="5.1310630">
    <ele>257.8</ele>
   </trkpt>
   <trkpt lat="43.9912660" lon="5.1310680">
    <ele>258.2</ele>
   </trkpt>
   <trkpt lat="43.9912440" lon="5.1310620">
    <ele>258.4</ele>
   </trkpt>
   <trkpt lat="43.9912290" lon="5.1310660">
    <ele>258.6</ele>
   </trkpt>
   <trkpt lat="43.9912080" lon="5.1310630">
    <ele>258.8</ele>
   </trkpt>
   <trkpt lat="43.9911950" lon="5.1310560">
    <ele>259.0</ele>
   </trkpt>
   <trkpt lat="43.9911750" lon="5.1310470">
    <ele>259.2</ele>
   </trkpt>
   <trkpt lat="43.9911540" lon="5.1310360">
    <ele>259.4</ele>
   </trkpt>
   <trkpt lat="43.9911370" lon="5.1310270">
    <ele>259.6</ele>
   </trkpt>
   <trkpt lat="43.9911220" lon="5.1310040">
    <ele>259.8</ele>
   </trkpt>
   <trkpt lat="43.9911110" lon="5.1309950">
    <ele>260.0</ele>
   </trkpt>
   <trkpt lat="43.9910980" lon="5.1309810">
    <ele>260.2</ele>
   </trkpt>
   <trkpt lat="43.9910840" lon="5.1309710">
    <ele>260.4</ele>
   </trkpt>
   <trkpt lat="43.9910660" lon="5.1309610">
    <ele>260.6</ele>
   </trkpt>
   <trkpt lat="43.9910490" lon="5.1309450">
    <ele>261.0</ele>
   </trkpt>
   <trkpt lat="43.9910330" lon="5.1309380">
    <ele>261.0</ele>
   </trkpt>
   <trkpt lat="43.9910100" lon="5.1309230">
    <ele>261.2</ele>
   </trkpt>
   <trkpt lat="43.9909950" lon="5.1309150">
    <ele>261.4</ele>
   </trkpt>
   <trkpt lat="43.9909710" lon="5.1309060">
    <ele>261.4</ele>
   </trkpt>
   <trkpt lat="43.9909580" lon="5.1309020">
    <ele>261.4</ele>
   </trkpt>
   <trkpt lat="43.9909360" lon="5.1309000">
    <ele>261.4</ele>
   </trkpt>
   <trkpt lat="43.9909140" lon="5.1308980">
    <ele>261.4</ele>
   </trkpt>
   <trkpt lat="43.9908950" lon="5.1308990">
    <ele>261.6</ele>
   </trkpt>
   <trkpt lat="43.9908710" lon="5.1308990">
    <ele>261.8</ele>
   </trkpt>
   <trkpt lat="43.9908550" lon="5.1308990">
    <ele>262.0</ele>
   </trkpt>
   <trkpt lat="43.9908350" lon="5.1308940">
    <ele>262.4</ele>
   </trkpt>
   <trkpt lat="43.9908230" lon="5.1308940">
    <ele>262.6</ele>
   </trkpt>
   <trkpt lat="43.9907990" lon="5.1308910">
    <ele>262.6</ele>
   </trkpt>
   <trkpt lat="43.9907850" lon="5.1308950">
    <ele>262.8</ele>
   </trkpt>
   <trkpt lat="43.9907650" lon="5.1308960">
    <ele>263.0</ele>
   </trkpt>
   <trkpt lat="43.9907450" lon="5.1308930">
    <ele>263.2</ele>
   </trkpt>
   <trkpt lat="43.9907260" lon="5.1308940">
    <ele>263.4</ele>
   </trkpt>
   <trkpt lat="43.9907030" lon="5.1308840">
    <ele>263.6</ele>
   </trkpt>
   <trkpt lat="43.9906880" lon="5.1308850">
    <ele>263.6</ele>
   </trkpt>
   <trkpt lat="43.9906640" lon="5.1308780">
    <ele>263.8</ele>
   </trkpt>
   <trkpt lat="43.9906460" lon="5.1308740">
    <ele>264.0</ele>
   </trkpt>
   <trkpt lat="43.9906270" lon="5.1308670">
    <ele>264.2</ele>
   </trkpt>
   <trkpt lat="43.9906050" lon="5.1308540">
    <ele>264.4</ele>
   </trkpt>
   <trkpt lat="43.9905880" lon="5.1308520">
    <ele>264.6</ele>
   </trkpt>
   <trkpt lat="43.9905670" lon="5.1308370">
    <ele>264.6</ele>
   </trkpt>
   <trkpt lat="43.9905510" lon="5.1308360">
    <ele>264.8</ele>
   </trkpt>
   <trkpt lat="43.9905290" lon="5.1308280">
    <ele>265.0</ele>
   </trkpt>
   <trkpt lat="43.9905150" lon="5.1308250">
    <ele>265.2</ele>
   </trkpt>
   <trkpt lat="43.9904980" lon="5.1308160">
    <ele>265.4</ele>
   </trkpt>
   <trkpt lat="43.9904780" lon="5.1308060">
    <ele>265.8</ele>
   </trkpt>
   <trkpt lat="43.9904600" lon="5.1308060">
    <ele>266.0</ele>
   </trkpt>
   <trkpt lat="43.9904350" lon="5.1307980">
    <ele>266.0</ele>
   </trkpt>
   <trkpt lat="43.9904180" lon="5.1307960">
    <ele>266.4</ele>
   </trkpt>
   <trkpt lat="43.9903970" lon="5.1307850">
    <ele>266.6</ele>
   </trkpt>
   <trkpt lat="43.9903800" lon="5.1307800">
    <ele>266.6</ele>
   </trkpt>
   <trkpt lat="43.9903660" lon="5.1307690">
    <ele>266.8</ele>
   </trkpt>
   <trkpt lat="43.9903510" lon="5.1307520">
    <ele>267.0</ele>
   </trkpt>
   <trkpt lat="43.9903400" lon="5.1307410">
    <ele>267.2</ele>
   </trkpt>
   <trkpt lat="43.9903290" lon="5.1307180">
    <ele>267.4</ele>
   </trkpt>
   <trkpt lat="43.9903180" lon="5.1307080">
    <ele>267.6</ele>
   </trkpt>
   <trkpt lat="43.9903030" lon="5.1306890">
    <ele>268.0</ele>
   </trkpt>
   <trkpt lat="43.9902870" lon="5.1306800">
    <ele>268.2</ele>
   </trkpt>
   <trkpt lat="43.9902740" lon="5.1306830">
    <ele>268.6</ele>
   </trkpt>
   <trkpt lat="43.9902530" lon="5.1306790">
    <ele>269.0</ele>
   </trkpt>
   <trkpt lat="43.9902390" lon="5.1306790">
    <ele>269.2</ele>
   </trkpt>
   <trkpt lat="43.9902150" lon="5.1306720">
    <ele>269.4</ele>
   </trkpt>
   <trkpt lat="43.9901970" lon="5.1306680">
    <ele>269.8</ele>
   </trkpt>
   <trkpt lat="43.9901720" lon="5.1306480">
    <ele>269.8</ele>
   </trkpt>
   <trkpt lat="43.9901570" lon="5.1306330">
    <ele>270.0</ele>
   </trkpt>
   <trkpt lat="43.9901430" lon="5.1306180">
    <ele>270.2</ele>
   </trkpt>
   <trkpt lat="43.9901300" lon="5.1305950">
    <ele>270.4</ele>
   </trkpt>
   <trkpt lat="43.9901120" lon="5.1305890">
    <ele>270.6</ele>
   </trkpt>
   <trkpt lat="43.9901010" lon="5.1305710">
    <ele>270.8</ele>
   </trkpt>
   <trkpt lat="43.9900920" lon="5.1305600">
    <ele>271.0</ele>
   </trkpt>
   <trkpt lat="43.9900790" lon="5.1305410">
    <ele>271.4</ele>
   </trkpt>
   <trkpt lat="43.9900720" lon="5.1305240">
    <ele>271.8</ele>
   </trkpt>
   <trkpt lat="43.9900640" lon="5.1305090">
    <ele>272.2</ele>
   </trkpt>
   <trkpt lat="43.9900480" lon="5.1304830">
    <ele>272.6</ele>
   </trkpt>
   <trkpt lat="43.9900380" lon="5.1304760">
    <ele>272.8</ele>
   </trkpt>
   <trkpt lat="43.9900220" lon="5.1304690">
    <ele>273.2</ele>
   </trkpt>
   <trkpt lat="43.9900040" lon="5.1304670">
    <ele>273.4</ele>
   </trkpt>
   <trkpt lat="43.9899860" lon="5.1304650">
    <ele>273.6</ele>
   </trkpt>
   <trkpt lat="43.9899680" lon="5.1304660">
    <ele>273.8</ele>
   </trkpt>
   <trkpt lat="43.9899510" lon="5.1304670">
    <ele>274.0</ele>
   </trkpt>
   <trkpt lat="43.9899320" lon="5.1304610">
    <ele>274.2</ele>
   </trkpt>
   <trkpt lat="43.9899210" lon="5.1304630">
    <ele>274.6</ele>
   </trkpt>
   <trkpt lat="43.9899040" lon="5.1304600">
    <ele>275.0</ele>
   </trkpt>
   <trkpt lat="43.9898870" lon="5.1304570">
    <ele>275.4</ele>
   </trkpt>
   <trkpt lat="43.9898710" lon="5.1304640">
    <ele>275.6</ele>
   </trkpt>
   <trkpt lat="43.9898490" lon="5.1304620">
    <ele>276.0</ele>
   </trkpt>
   <trkpt lat="43.9898380" lon="5.1304670">
    <ele>276.4</ele>
   </trkpt>
   <trkpt lat="43.9898190" lon="5.1304630">
    <ele>276.6</ele>
   </trkpt>
   <trkpt lat="43.9898080" lon="5.1304620">
    <ele>277.0</ele>
   </trkpt>
   <trkpt lat="43.9897920" lon="5.1304540">
    <ele>277.2</ele>
   </trkpt>
   <trkpt lat="43.9897780" lon="5.1304480">
    <ele>277.4</ele>
   </trkpt>
   <trkpt lat="43.9897680" lon="5.1304470">
    <ele>277.8</ele>
   </trkpt>
   <trkpt lat="43.9897490" lon="5.1304390">
    <ele>278.0</ele>
   </trkpt>
   <trkpt lat="43.9897380" lon="5.1304380">
    <ele>278.4</ele>
   </trkpt>
   <trkpt lat="43.9897140" lon="5.1304210">
    <ele>278.6</ele>
   </trkpt>
   <trkpt lat="43.9896980" lon="5.1304100">
    <ele>279.0</ele>
   </trkpt>
   <trkpt lat="43.9896820" lon="5.1303990">
    <ele>279.4</ele>
   </trkpt>
   <trkpt lat="43.9896710" lon="5.1303840">
    <ele>279.6</ele>
   </trkpt>
   <trkpt lat="43.9896600" lon="5.1303680">
    <ele>280.0</ele>
   </trkpt>
   <trkpt lat="43.9896630" lon="5.1303450">
    <ele>280.2</ele>
   </trkpt>
   <trkpt lat="43.9896620" lon="5.1303370">
    <ele>280.6</ele>
   </trkpt>
   <trkpt lat="43.9896700" lon="5.1303210">
    <ele>280.8</ele>
   </trkpt>
   <trkpt lat="43.9896790" lon="5.1303090">
    <ele>281.2</ele>
   </trkpt>
   <trkpt lat="43.9896860" lon="5.1302870">
    <ele>281.4</ele>
   </trkpt>
   <trkpt lat="43.9896820" lon="5.1302670">
    <ele>281.8</ele>
   </trkpt>
   <trkpt lat="43.9896740" lon="5.1302460">
    <ele>282.2</ele>
   </trkpt>
   <trkpt lat="43.9896630" lon="5.1302240">
    <ele>282.6</ele>
   </trkpt>
   <trkpt lat="43.9896540" lon="5.1302000">
    <ele>282.8</ele>
   </trkpt>
   <trkpt lat="43.9896580" lon="5.1301720">
    <ele>283.0</ele>
   </trkpt>
   <trkpt lat="43.9896560" lon="5.1301520">
    <ele>283.4</ele>
   </trkpt>
   <trkpt lat="43.9896530" lon="5.1301240">
    <ele>283.4</ele>
   </trkpt>
   <trkpt lat="43.9896450" lon="5.1300990">
    <ele>283.4</ele>
   </trkpt>
   <trkpt lat="43.9896370" lon="5.1300740">
    <ele>283.6</ele>
   </trkpt>
   <trkpt lat="43.9896300" lon="5.1300420">
    <ele>283.6</ele>
   </trkpt>
   <trkpt lat="43.9896240" lon="5.1300180">
    <ele>283.8</ele>
   </trkpt>
   <trkpt lat="43.9896170" lon="5.1299900">
    <ele>284.0</ele>
   </trkpt>
   <trkpt lat="43.9896080" lon="5.1299690">
    <ele>284.0</ele>
   </trkpt>
   <trkpt lat="43.9896020" lon="5.1299330">
    <ele>284.2</ele>
   </trkpt>
   <trkpt lat="43.9895990" lon="5.1299120">
    <ele>284.2</ele>
   </trkpt>
   <trkpt lat="43.9895940" lon="5.1298800">
    <ele>284.2</ele>
   </trkpt>
   <trkpt lat="43.9895870" lon="5.1298590">
    <ele>284.2</ele>
   </trkpt>
   <trkpt lat="43.9895810" lon="5.1298260">
    <ele>284.4</ele>
   </trkpt>
   <trkpt lat="43.9895720" lon="5.1298000">
    <ele>284.4</ele>
   </trkpt>
   <trkpt lat="43.9895590" lon="5.1297720">
    <ele>284.4</ele>
   </trkpt>
   <trkpt lat="43.9895480" lon="5.1297420">
    <ele>284.2</ele>
   </trkpt>
   <trkpt lat="43.9895400" lon="5.1297090">
    <ele>284.2</ele>
   </trkpt>
   <trkpt lat="43.9895370" lon="5.1296720">
    <ele>284.4</ele>
   </trkpt>
   <trkpt lat="43.9895300" lon="5.1296450">
    <ele>284.4</ele>
   </trkpt>
   <trkpt lat="43.9895260" lon="5.1296090">
    <ele>284.6</ele>
   </trkpt>
   <trkpt lat="43.9895210" lon="5.1295840">
    <ele>284.8</ele>
   </trkpt>
   <trkpt lat="43.9895260" lon="5.1295490">
    <ele>284.8</ele>
   </trkpt>
   <trkpt lat="43.9895220" lon="5.1295190">
    <ele>284.8</ele>
   </trkpt>
   <trkpt lat="43.9895190" lon="5.1294790">
    <ele>284.8</ele>
   </trkpt>
   <trkpt lat="43.9895120" lon="5.1294430">
    <ele>284.8</ele>
   </trkpt>
   <trkpt lat="43.9894990" lon="5.1294110">
    <ele>284.6</ele>
   </trkpt>
   <trkpt lat="43.9894860" lon="5.1293860">
    <ele>284.6</ele>
   </trkpt>
   <trkpt lat="43.9894740" lon="5.1293580">
    <ele>284.4</ele>
   </trkpt>
   <trkpt lat="43.9894610" lon="5.1293270">
    <ele>284.4</ele>
   </trkpt>
   <trkpt lat="43.9894480" lon="5.1293010">
    <ele>284.2</ele>
   </trkpt>
   <trkpt lat="43.9894370" lon="5.1292700">
    <ele>284.0</ele>
   </trkpt>
   <trkpt lat="43.9894300" lon="5.1292490">
    <ele>283.8</ele>
   </trkpt>
   <trkpt lat="43.9894130" lon="5.1292180">
    <ele>283.6</ele>
   </trkpt>
   <trkpt lat="43.9893970" lon="5.1291860">
    <ele>283.4</ele>
   </trkpt>
   <trkpt lat="43.9893830" lon="5.1291590">
    <ele>283.2</ele>
   </trkpt>
   <trkpt lat="43.9893660" lon="5.1291300">
    <ele>283.0</ele>
   </trkpt>
   <trkpt lat="43.9893510" lon="5.1291050">
    <ele>282.8</ele>
   </trkpt>
   <trkpt lat="43.9893340" lon="5.1290770">
    <ele>282.6</ele>
   </trkpt>
   <trkpt lat="43.9893140" lon="5.1290510">
    <ele>282.6</ele>
   </trkpt>
   <trkpt lat="43.9892960" lon="5.1290280">
    <ele>282.4</ele>
   </trkpt>
   <trkpt lat="43.9892770" lon="5.1289970">
    <ele>282.4</ele>
   </trkpt>
   <trkpt lat="43.9892610" lon="5.1289730">
    <ele>282.2</ele>
   </trkpt>
   <trkpt lat="43.9892500" lon="5.1289400">
    <ele>282.2</ele>
   </trkpt>
   <trkpt lat="43.9892390" lon="5.1289120">
    <ele>282.0</ele>
   </trkpt>
   <trkpt lat="43.9892310" lon="5.1288750">
    <ele>282.0</ele>
   </trkpt>
   <trkpt lat="43.9892260" lon="5.1288480">
    <ele>282.0</ele>
   </trkpt>
   <trkpt lat="43.9892220" lon="5.1288150">
    <ele>282.2</ele>
   </trkpt>
   <trkpt lat="43.9892160" lon="5.1287910">
    <ele>282.2</ele>
   </trkpt>
   <trkpt lat="43.9892080" lon="5.1287640">
    <ele>282.4</ele>
   </trkpt>
   <trkpt lat="43.9892100" lon="5.1287370">
    <ele>282.6</ele>
   </trkpt>
   <trkpt lat="43.9892060" lon="5.1287100">
    <ele>282.6</ele>
   </trkpt>
   <trkpt lat="43.9891990" lon="5.1286780">
    <ele>282.8</ele>
   </trkpt>
   <trkpt lat="43.9891920" lon="5.1286450">
    <ele>283.0</ele>
   </trkpt>
   <trkpt lat="43.9891830" lon="5.1286060">
    <ele>283.0</ele>
   </trkpt>
   <trkpt lat="43.9891720" lon="5.1285830">
    <ele>283.2</ele>
   </trkpt>
   <trkpt lat="43.9891710" lon="5.1285460">
    <ele>283.2</ele>
   </trkpt>
   <trkpt lat="43.9891630" lon="5.1285200">
    <ele>283.2</ele>
   </trkpt>
   <trkpt lat="43.9891520" lon="5.1284800">
    <ele>283.2</ele>
   </trkpt>
   <trkpt lat="43.9891500" lon="5.1284460">
    <ele>283.2</ele>
   </trkpt>
   <trkpt lat="43.9891410" lon="5.1284180">
    <ele>283.2</ele>
   </trkpt>
   <trkpt lat="43.9891350" lon="5.1283900">
    <ele>283.0</ele>
   </trkpt>
   <trkpt lat="43.9891230" lon="5.1283670">
    <ele>282.8</ele>
   </trkpt>
   <trkpt lat="43.9891100" lon="5.1283350">
    <ele>282.6</ele>
   </trkpt>
   <trkpt lat="43.9890950" lon="5.1283070">
    <ele>282.4</ele>
   </trkpt>
   <trkpt lat="43.9890790" lon="5.1282960">
    <ele>282.2</ele>
   </trkpt>
   <trkpt lat="43.9890620" lon="5.1282720">
    <ele>282.0</ele>
   </trkpt>
   <trkpt lat="43.9890460" lon="5.1282510">
    <ele>281.8</ele>
   </trkpt>
   <trkpt lat="43.9890300" lon="5.1282330">
    <ele>281.6</ele>
   </trkpt>
   <trkpt lat="43.9890090" lon="5.1282130">
    <ele>281.0</ele>
   </trkpt>
   <trkpt lat="43.9889890" lon="5.1281910">
    <ele>280.4</ele>
   </trkpt>
   <trkpt lat="43.9889690" lon="5.1281650">
    <ele>279.8</ele>
   </trkpt>
   <trkpt lat="43.9889510" lon="5.1281440">
    <ele>279.2</ele>
   </trkpt>
   <trkpt lat="43.9889340" lon="5.1281130">
    <ele>278.6</ele>
   </trkpt>
   <trkpt lat="43.9889230" lon="5.1280820">
    <ele>278.2</ele>
   </trkpt>
   <trkpt lat="43.9889050" lon="5.1280480">
    <ele>277.8</ele>
   </trkpt>
   <trkpt lat="43.9888900" lon="5.1280170">
    <ele>277.4</ele>
   </trkpt>
   <trkpt lat="43.9888760" lon="5.1279900">
    <ele>277.0</ele>
   </trkpt>
   <trkpt lat="43.9888600" lon="5.1279650">
    <ele>276.8</ele>
   </trkpt>
   <trkpt lat="43.9888540" lon="5.1279390">
    <ele>276.4</ele>
   </trkpt>
   <trkpt lat="43.9888460" lon="5.1279040">
    <ele>276.0</ele>
   </trkpt>
   <trkpt lat="43.9888420" lon="5.1278650">
    <ele>276.0</ele>
   </trkpt>
   <trkpt lat="43.9888380" lon="5.1278280">
    <ele>275.6</ele>
   </trkpt>
   <trkpt lat="43.9888450" lon="5.1277850">
    <ele>275.2</ele>
   </trkpt>
   <trkpt lat="43.9888400" lon="5.1277520">
    <ele>275.0</ele>
   </trkpt>
   <trkpt lat="43.9888320" lon="5.1277070">
    <ele>274.6</ele>
   </trkpt>
   <trkpt lat="43.9888250" lon="5.1276700">
    <ele>274.2</ele>
   </trkpt>
   <trkpt lat="43.9888120" lon="5.1276350">
    <ele>274.0</ele>
   </trkpt>
   <trkpt lat="43.9888030" lon="5.1276000">
    <ele>273.6</ele>
   </trkpt>
   <trkpt lat="43.9887860" lon="5.1275720">
    <ele>273.4</ele>
   </trkpt>
   <trkpt lat="43.9887690" lon="5.1275390">
    <ele>273.2</ele>
   </trkpt>
   <trkpt lat="43.9887600" lon="5.1275070">
    <ele>273.0</ele>
   </trkpt>
   <trkpt lat="43.9887560" lon="5.1274690">
    <ele>273.0</ele>
   </trkpt>
   <trkpt lat="43.9887500" lon="5.1274380">
    <ele>273.0</ele>
   </trkpt>
   <trkpt lat="43.9887480" lon="5.1274020">
    <ele>273.0</ele>
   </trkpt>
   <trkpt lat="43.9887380" lon="5.1273730">
    <ele>273.2</ele>
   </trkpt>
   <trkpt lat="43.9887340" lon="5.1273330">
    <ele>273.2</ele>
   </trkpt>
   <trkpt lat="43.9887260" lon="5.1273020">
    <ele>273.2</ele>
   </trkpt>
   <trkpt lat="43.9887300" lon="5.1272680">
    <ele>273.4</ele>
   </trkpt>
   <trkpt lat="43.9887290" lon="5.1272420">
    <ele>273.4</ele>
   </trkpt>
   <trkpt lat="43.9887330" lon="5.1272030">
    <ele>273.4</ele>
   </trkpt>
   <trkpt lat="43.9887320" lon="5.1271720">
    <ele>273.4</ele>
   </trkpt>
   <trkpt lat="43.9887410" lon="5.1271330">
    <ele>273.4</ele>
   </trkpt>
   <trkpt lat="43.9887410" lon="5.1271030">
    <ele>273.6</ele>
   </trkpt>
   <trkpt lat="43.9887450" lon="5.1270650">
    <ele>273.8</ele>
   </trkpt>
   <trkpt lat="43.9887410" lon="5.1270350">
    <ele>273.8</ele>
   </trkpt>
   <trkpt lat="43.9887410" lon="5.1269920">
    <ele>274.0</ele>
   </trkpt>
   <trkpt lat="43.9887400" lon="5.1269610">
    <ele>274.2</ele>
   </trkpt>
   <trkpt lat="43.9887410" lon="5.1269210">
    <ele>274.2</ele>
   </trkpt>
   <trkpt lat="43.9887400" lon="5.1268940">
    <ele>274.2</ele>
   </trkpt>
   <trkpt lat="43.9887360" lon="5.1268590">
    <ele>274.4</ele>
   </trkpt>
   <trkpt lat="43.9887340" lon="5.1268290">
    <ele>274.4</ele>
   </trkpt>
   <trkpt lat="43.9887250" lon="5.1267900">
    <ele>274.6</ele>
   </trkpt>
   <trkpt lat="43.9887170" lon="5.1267550">
    <ele>274.6</ele>
   </trkpt>
   <trkpt lat="43.9887100" lon="5.1267210">
    <ele>274.8</ele>
   </trkpt>
   <trkpt lat="43.9887080" lon="5.1266860">
    <ele>275.0</ele>
   </trkpt>
   <trkpt lat="43.9887090" lon="5.1266590">
    <ele>275.0</ele>
   </trkpt>
   <trkpt lat="43.9887220" lon="5.1266380">
    <ele>275.2</ele>
   </trkpt>
   <trkpt lat="43.9887300" lon="5.1266150">
    <ele>275.4</ele>
   </trkpt>
   <trkpt lat="43.9887520" lon="5.1265970">
    <ele>275.6</ele>
   </trkpt>
   <trkpt lat="43.9887600" lon="5.1265850">
    <ele>275.8</ele>
   </trkpt>
   <trkpt lat="43.9887780" lon="5.1265710">
    <ele>275.8</ele>
   </trkpt>
   <trkpt lat="43.9887870" lon="5.1265540">
    <ele>276.0</ele>
   </trkpt>
   <trkpt lat="43.9888020" lon="5.1265320">
    <ele>276.2</ele>
   </trkpt>
   <trkpt lat="43.9888210" lon="5.1265200">
    <ele>276.4</ele>
   </trkpt>
   <trkpt lat="43.9888320" lon="5.1265030">
    <ele>276.8</ele>
   </trkpt>
   <trkpt lat="43.9888460" lon="5.1264840">
    <ele>277.0</ele>
   </trkpt>
   <trkpt lat="43.9888610" lon="5.1264620">
    <ele>277.2</ele>
   </trkpt>
   <trkpt lat="43.9888800" lon="5.1264440">
    <ele>277.6</ele>
   </trkpt>
   <trkpt lat="43.9888910" lon="5.1264270">
    <ele>277.8</ele>
   </trkpt>
   <trkpt lat="43.9889110" lon="5.1264050">
    <ele>277.8</ele>
   </trkpt>
   <trkpt lat="43.9889200" lon="5.1263860">
    <ele>278.0</ele>
   </trkpt>
   <trkpt lat="43.9889400" lon="5.1263620">
    <ele>278.2</ele>
   </trkpt>
   <trkpt lat="43.9889500" lon="5.1263430">
    <ele>278.2</ele>
   </trkpt>
   <trkpt lat="43.9889660" lon="5.1263150">
    <ele>278.4</ele>
   </trkpt>
   <trkpt lat="43.9889750" lon="5.1262930">
    <ele>278.6</ele>
   </trkpt>
   <trkpt lat="43.9889870" lon="5.1262620">
    <ele>278.8</ele>
   </trkpt>
   <trkpt lat="43.9889950" lon="5.1262360">
    <ele>279.0</ele>
   </trkpt>
   <trkpt lat="43.9889960" lon="5.1262110">
    <ele>279.4</ele>
   </trkpt>
   <trkpt lat="43.9890010" lon="5.1261790">
    <ele>279.8</ele>
   </trkpt>
   <trkpt lat="43.9890000" lon="5.1261540">
    <ele>280.0</ele>
   </trkpt>
   <trkpt lat="43.9890060" lon="5.1261280">
    <ele>280.4</ele>
   </trkpt>
   <trkpt lat="43.9890070" lon="5.1261090">
    <ele>280.8</ele>
   </trkpt>
   <trkpt lat="43.9890100" lon="5.1260870">
    <ele>281.0</ele>
   </trkpt>
   <trkpt lat="43.9890130" lon="5.1260640">
    <ele>281.0</ele>
   </trkpt>
   <trkpt lat="43.9890060" lon="5.1260390">
    <ele>281.2</ele>
   </trkpt>
   <trkpt lat="43.9890100" lon="5.1260010">
    <ele>281.4</ele>
   </trkpt>
   <trkpt lat="43.9890060" lon="5.1259750">
    <ele>281.6</ele>
   </trkpt>
   <trkpt lat="43.9890080" lon="5.1259420">
    <ele>281.6</ele>
   </trkpt>
   <trkpt lat="43.9890060" lon="5.1259180">
    <ele>282.0</ele>
   </trkpt>
   <trkpt lat="43.9890030" lon="5.1258940">
    <ele>282.2</ele>
   </trkpt>
   <trkpt lat="43.9890050" lon="5.1258670">
    <ele>282.4</ele>
   </trkpt>
   <trkpt lat="43.9890040" lon="5.1258440">
    <ele>282.6</ele>
   </trkpt>
   <trkpt lat="43.9890080" lon="5.1258070">
    <ele>283.0</ele>
   </trkpt>
   <trkpt lat="43.9890050" lon="5.1257770">
    <ele>283.2</ele>
   </trkpt>
   <trkpt lat="43.9890060" lon="5.1257450">
    <ele>283.6</ele>
   </trkpt>
   <trkpt lat="43.9890070" lon="5.1257160">
    <ele>283.8</ele>
   </trkpt>
   <trkpt lat="43.9890060" lon="5.1256870">
    <ele>284.0</ele>
   </trkpt>
   <trkpt lat="43.9890100" lon="5.1256500">
    <ele>284.2</ele>
   </trkpt>
   <trkpt lat="43.9890060" lon="5.1256250">
    <ele>284.4</ele>
   </trkpt>
   <trkpt lat="43.9890120" lon="5.1255940">
    <ele>284.6</ele>
   </trkpt>
   <trkpt lat="43.9890100" lon="5.1255710">
    <ele>284.8</ele>
   </trkpt>
   <trkpt lat="43.9890140" lon="5.1255410">
    <ele>285.0</ele>
   </trkpt>
   <trkpt lat="43.9890170" lon="5.1255250">
    <ele>285.4</ele>
   </trkpt>
   <trkpt lat="43.9890220" lon="5.1255000">
    <ele>285.8</ele>
   </trkpt>
   <trkpt lat="43.9890270" lon="5.1254790">
    <ele>286.0</ele>
   </trkpt>
   <trkpt lat="43.9890310" lon="5.1254600">
    <ele>286.2</ele>
   </trkpt>
   <trkpt lat="43.9890370" lon="5.1254330">
    <ele>286.4</ele>
   </trkpt>
   <trkpt lat="43.9890400" lon="5.1254090">
    <ele>286.6</ele>
   </trkpt>
   <trkpt lat="43.9890480" lon="5.1253780">
    <ele>286.8</ele>
   </trkpt>
   <trkpt lat="43.9890500" lon="5.1253540">
    <ele>287.2</ele>
   </trkpt>
   <trkpt lat="43.9890510" lon="5.1253240">
    <ele>287.8</ele>
   </trkpt>
   <trkpt lat="43.9890500" lon="5.1253050">
    <ele>288.2</ele>
   </trkpt>
   <trkpt lat="43.9890550" lon="5.1252820">
    <ele>288.6</ele>
   </trkpt>
   <trkpt lat="43.9890580" lon="5.1252580">
    <ele>289.2</ele>
   </trkpt>
   <trkpt lat="43.9890610" lon="5.1252320">
    <ele>289.4</ele>
   </trkpt>
   <trkpt lat="43.9890590" lon="5.1251940">
    <ele>289.8</ele>
   </trkpt>
   <trkpt lat="43.9890500" lon="5.1251660">
    <ele>290.4</ele>
   </trkpt>
   <trkpt lat="43.9890460" lon="5.1251350">
    <ele>290.8</ele>
   </trkpt>
   <trkpt lat="43.9890370" lon="5.1251110">
    <ele>291.0</ele>
   </trkpt>
   <trkpt lat="43.9890340" lon="5.1250790">
    <ele>291.4</ele>
   </trkpt>
   <trkpt lat="43.9890310" lon="5.1250550">
    <ele>291.8</ele>
   </trkpt>
   <trkpt lat="43.9890360" lon="5.1250260">
    <ele>292.0</ele>
   </trkpt>
   <trkpt lat="43.9890400" lon="5.1250020">
    <ele>292.2</ele>
   </trkpt>
   <trkpt lat="43.9890390" lon="5.1249780">
    <ele>292.6</ele>
   </trkpt>
   <trkpt lat="43.9890340" lon="5.1249490">
    <ele>293.0</ele>
   </trkpt>
   <trkpt lat="43.9890260" lon="5.1249220">
    <ele>293.0</ele>
   </trkpt>
   <trkpt lat="43.9890130" lon="5.1248940">
    <ele>293.0</ele>
   </trkpt>
   <trkpt lat="43.9890000" lon="5.1248740">
    <ele>293.0</ele>
   </trkpt>
   <trkpt lat="43.9889810" lon="5.1248440">
    <ele>292.8</ele>
   </trkpt>
   <trkpt lat="43.9889670" lon="5.1248300">
    <ele>292.8</ele>
   </trkpt>
   <trkpt lat="43.9889450" lon="5.1248030">
    <ele>292.6</ele>
   </trkpt>
   <trkpt lat="43.9889300" lon="5.1247870">
    <ele>292.8</ele>
   </trkpt>
   <trkpt lat="43.9889070" lon="5.1247550">
    <ele>292.8</ele>
   </trkpt>
   <trkpt lat="43.9888870" lon="5.1247360">
    <ele>292.8</ele>
   </trkpt>
   <trkpt lat="43.9888620" lon="5.1247120">
    <ele>292.8</ele>
   </trkpt>
   <trkpt lat="43.9888410" lon="5.1246940">
    <ele>292.8</ele>
   </trkpt>
   <trkpt lat="43.9888210" lon="5.1246670">
    <ele>292.6</ele>
   </trkpt>
   <trkpt lat="43.9888060" lon="5.1246520">
    <ele>292.6</ele>
   </trkpt>
   <trkpt lat="43.9887880" lon="5.1246260">
    <ele>292.6</ele>
   </trkpt>
   <trkpt lat="43.9887730" lon="5.1246060">
    <ele>292.6</ele>
   </trkpt>
   <trkpt lat="43.9887570" lon="5.1245800">
    <ele>292.6</ele>
   </trkpt>
   <trkpt lat="43.9887440" lon="5.1245550">
    <ele>292.6</ele>
   </trkpt>
   <trkpt lat="43.9887250" lon="5.1245250">
    <ele>292.4</ele>
   </trkpt>
   <trkpt lat="43.9887040" lon="5.1244990">
    <ele>292.2</ele>
   </trkpt>
   <trkpt lat="43.9886810" lon="5.1244730">
    <ele>292.0</ele>
   </trkpt>
   <trkpt lat="43.9886640" lon="5.1244510">
    <ele>291.8</ele>
   </trkpt>
   <trkpt lat="43.9886450" lon="5.1244280">
    <ele>291.8</ele>
   </trkpt>
   <trkpt lat="43.9886260" lon="5.1243980">
    <ele>291.8</ele>
   </trkpt>
   <trkpt lat="43.9886060" lon="5.1243790">
    <ele>292.0</ele>
   </trkpt>
   <trkpt lat="43.9885870" lon="5.1243510">
    <ele>292.0</ele>
   </trkpt>
   <trkpt lat="43.9885680" lon="5.1243240">
    <ele>292.0</ele>
   </trkpt>
   <trkpt lat="43.9885500" lon="5.1242950">
    <ele>292.0</ele>
   </trkpt>
   <trkpt lat="43.9885290" lon="5.1242620">
    <ele>291.8</ele>
   </trkpt>
   <trkpt lat="43.9885110" lon="5.1242390">
    <ele>291.6</ele>
   </trkpt>
   <trkpt lat="43.9884930" lon="5.1242080">
    <ele>291.6</ele>
   </trkpt>
   <trkpt lat="43.9884780" lon="5.1241900">
    <ele>291.6</ele>
   </trkpt>
   <trkpt lat="43.9884580" lon="5.1241600">
    <ele>291.6</ele>
   </trkpt>
   <trkpt lat="43.9884430" lon="5.1241380">
    <ele>291.6</ele>
   </trkpt>
   <trkpt lat="43.9884250" lon="5.1241030">
    <ele>291.6</ele>
   </trkpt>
   <trkpt lat="43.9884050" lon="5.1240790">
    <ele>291.4</ele>
   </trkpt>
   <trkpt lat="43.9883850" lon="5.1240430">
    <ele>291.4</ele>
   </trkpt>
   <trkpt lat="43.9883690" lon="5.1240190">
    <ele>291.4</ele>
   </trkpt>
   <trkpt lat="43.9883500" lon="5.1239840">
    <ele>291.4</ele>
   </trkpt>
   <trkpt lat="43.9883340" lon="5.1239620">
    <ele>291.4</ele>
   </trkpt>
   <trkpt lat="43.9883160" lon="5.1239270">
    <ele>291.4</ele>
   </trkpt>
   <trkpt lat="43.9883000" lon="5.1239010">
    <ele>291.4</ele>
   </trkpt>
   <trkpt lat="43.9882810" lon="5.1238710">
    <ele>291.4</ele>
   </trkpt>
   <trkpt lat="43.9882630" lon="5.1238450">
    <ele>291.2</ele>
   </trkpt>
   <trkpt lat="43.9882450" lon="5.1238130">
    <ele>291.0</ele>
   </trkpt>
   <trkpt lat="43.9882270" lon="5.1237860">
    <ele>291.2</ele>
   </trkpt>
   <trkpt lat="43.9882070" lon="5.1237490">
    <ele>291.2</ele>
   </trkpt>
   <trkpt lat="43.9881900" lon="5.1237220">
    <ele>291.2</ele>
   </trkpt>
   <trkpt lat="43.9881750" lon="5.1236860">
    <ele>291.2</ele>
   </trkpt>
   <trkpt lat="43.9881580" lon="5.1236670">
    <ele>291.2</ele>
   </trkpt>
   <trkpt lat="43.9881410" lon="5.1236320">
    <ele>291.2</ele>
   </trkpt>
   <trkpt lat="43.9881240" lon="5.1236030">
    <ele>291.4</ele>
   </trkpt>
   <trkpt lat="43.9881050" lon="5.1235710">
    <ele>291.4</ele>
   </trkpt>
   <trkpt lat="43.9880910" lon="5.1235470">
    <ele>291.4</ele>
   </trkpt>
   <trkpt lat="43.9880760" lon="5.1235150">
    <ele>291.2</ele>
   </trkpt>
   <trkpt lat="43.9880610" lon="5.1234900">
    <ele>291.0</ele>
   </trkpt>
   <trkpt lat="43.9880490" lon="5.1234530">
    <ele>290.8</ele>
   </trkpt>
   <trkpt lat="43.9880360" lon="5.1234260">
    <ele>290.6</ele>
   </trkpt>
   <trkpt lat="43.9880260" lon="5.1233870">
    <ele>290.6</ele>
   </trkpt>
   <trkpt lat="43.9880120" lon="5.1233540">
    <ele>290.6</ele>
   </trkpt>
   <trkpt lat="43.9879960" lon="5.1233170">
    <ele>290.6</ele>
   </trkpt>
   <trkpt lat="43.9879830" lon="5.1232890">
    <ele>290.6</ele>
   </trkpt>
   <trkpt lat="43.9879680" lon="5.1232500">
    <ele>290.4</ele>
   </trkpt>
   <trkpt lat="43.9879570" lon="5.1232200">
    <ele>290.4</ele>
   </trkpt>
   <trkpt lat="43.9879480" lon="5.1231830">
    <ele>290.4</ele>
   </trkpt>
   <trkpt lat="43.9879390" lon="5.1231480">
    <ele>290.4</ele>
   </trkpt>
   <trkpt lat="43.9879290" lon="5.1231040">
    <ele>290.2</ele>
   </trkpt>
   <trkpt lat="43.9879180" lon="5.1230660">
    <ele>290.2</ele>
   </trkpt>
   <trkpt lat="43.9879060" lon="5.1230220">
    <ele>290.0</ele>
   </trkpt>
   <trkpt lat="43.9878950" lon="5.1229850">
    <ele>290.0</ele>
   </trkpt>
   <trkpt lat="43.9878820" lon="5.1229400">
    <ele>290.0</ele>
   </trkpt>
   <trkpt lat="43.9878700" lon="5.1229110">
    <ele>290.0</ele>
   </trkpt>
   <trkpt lat="43.9878530" lon="5.1228770">
    <ele>290.0</ele>
   </trkpt>
   <trkpt lat="43.9878400" lon="5.1228440">
    <ele>290.2</ele>
   </trkpt>
   <trkpt lat="43.9878310" lon="5.1228080">
    <ele>290.2</ele>
   </trkpt>
   <trkpt lat="43.9878220" lon="5.1227790">
    <ele>290.2</ele>
   </trkpt>
   <trkpt lat="43.9878170" lon="5.1227460">
    <ele>290.2</ele>
   </trkpt>
   <trkpt lat="43.9878070" lon="5.1227150">
    <ele>290.2</ele>
   </trkpt>
   <trkpt lat="43.9878000" lon="5.1226780">
    <ele>290.2</ele>
   </trkpt>
   <trkpt lat="43.9877940" lon="5.1226430">
    <ele>290.2</ele>
   </trkpt>
   <trkpt lat="43.9877900" lon="5.1226040">
    <ele>290.2</ele>
   </trkpt>
   <trkpt lat="43.9877800" lon="5.1225730">
    <ele>290.2</ele>
   </trkpt>
   <trkpt lat="43.9877740" lon="5.1225370">
    <ele>290.2</ele>
   </trkpt>
   <trkpt lat="43.9877640" lon="5.1224980">
    <ele>290.2</ele>
   </trkpt>
   <trkpt lat="43.9877620" lon="5.1224600">
    <ele>290.4</ele>
   </trkpt>
   <trkpt lat="43.9877600" lon="5.1224280">
    <ele>290.4</ele>
   </trkpt>
   <trkpt lat="43.9877590" lon="5.1223880">
    <ele>290.6</ele>
   </trkpt>
   <trkpt lat="43.9877500" lon="5.1223510">
    <ele>290.6</ele>
   </trkpt>
   <trkpt lat="43.9877420" lon="5.1223150">
    <ele>290.6</ele>
   </trkpt>
   <trkpt lat="43.9877350" lon="5.1222800">
    <ele>290.6</ele>
   </trkpt>
   <trkpt lat="43.9877280" lon="5.1222420">
    <ele>290.8</ele>
   </trkpt>
   <trkpt lat="43.9877220" lon="5.1222060">
    <ele>290.8</ele>
   </trkpt>
   <trkpt lat="43.9877140" lon="5.1221660">
    <ele>290.8</ele>
   </trkpt>
   <trkpt lat="43.9877100" lon="5.1221320">
    <ele>290.8</ele>
   </trkpt>
   <trkpt lat="43.9877010" lon="5.1220920">
    <ele>290.8</ele>
   </trkpt>
   <trkpt lat="43.9876950" lon="5.1220590">
    <ele>291.0</ele>
   </trkpt>
   <trkpt lat="43.9876860" lon="5.1220250">
    <ele>291.0</ele>
   </trkpt>
   <trkpt lat="43.9876840" lon="5.1219890">
    <ele>291.0</ele>
   </trkpt>
   <trkpt lat="43.9876800" lon="5.1219500">
    <ele>291.2</ele>
   </trkpt>
   <trkpt lat="43.9876750" lon="5.1219130">
    <ele>291.2</ele>
   </trkpt>
   <trkpt lat="43.9876660" lon="5.1218780">
    <ele>291.2</ele>
   </trkpt>
   <trkpt lat="43.9876570" lon="5.1218330">
    <ele>291.2</ele>
   </trkpt>
   <trkpt lat="43.9876450" lon="5.1217950">
    <ele>291.2</ele>
   </trkpt>
   <trkpt lat="43.9876290" lon="5.1217550">
    <ele>291.2</ele>
   </trkpt>
   <trkpt lat="43.9876140" lon="5.1217190">
    <ele>291.2</ele>
   </trkpt>
   <trkpt lat="43.9876000" lon="5.1216820">
    <ele>291.2</ele>
   </trkpt>
   <trkpt lat="43.9875870" lon="5.1216520">
    <ele>291.2</ele>
   </trkpt>
   <trkpt lat="43.9875770" lon="5.1216190">
    <ele>291.0</ele>
   </trkpt>
   <trkpt lat="43.9875620" lon="5.1215850">
    <ele>291.0</ele>
   </trkpt>
   <trkpt lat="43.9875470" lon="5.1215520">
    <ele>290.8</ele>
   </trkpt>
   <trkpt lat="43.9875320" lon="5.1215250">
    <ele>290.6</ele>
   </trkpt>
   <trkpt lat="43.9875170" lon="5.1214930">
    <ele>290.6</ele>
   </trkpt>
   <trkpt lat="43.9875060" lon="5.1214670">
    <ele>290.6</ele>
   </trkpt>
   <trkpt lat="43.9874930" lon="5.1214290">
    <ele>290.4</ele>
   </trkpt>
   <trkpt lat="43.9874820" lon="5.1213960">
    <ele>290.2</ele>
   </trkpt>
   <trkpt lat="43.9874720" lon="5.1213610">
    <ele>290.2</ele>
   </trkpt>
   <trkpt lat="43.9874630" lon="5.1213180">
    <ele>290.0</ele>
   </trkpt>
   <trkpt lat="43.9874510" lon="5.1212900">
    <ele>289.6</ele>
   </trkpt>
   <trkpt lat="43.9874380" lon="5.1212540">
    <ele>289.2</ele>
   </trkpt>
   <trkpt lat="43.9874270" lon="5.1212200">
    <ele>289.0</ele>
   </trkpt>
   <trkpt lat="43.9874170" lon="5.1211940">
    <ele>288.4</ele>
   </trkpt>
   <trkpt lat="43.9874080" lon="5.1211600">
    <ele>288.0</ele>
   </trkpt>
   <trkpt lat="43.9873990" lon="5.1211340">
    <ele>287.6</ele>
   </trkpt>
   <trkpt lat="43.9873900" lon="5.1211100">
    <ele>287.0</ele>
   </trkpt>
   <trkpt lat="43.9873800" lon="5.1210880">
    <ele>286.6</ele>
   </trkpt>
   <trkpt lat="43.9873750" lon="5.1210670">
    <ele>286.2</ele>
   </trkpt>
   <trkpt lat="43.9873760" lon="5.1210350">
    <ele>285.6</ele>
   </trkpt>
   <trkpt lat="43.9873810" lon="5.1210020">
    <ele>285.0</ele>
   </trkpt>
   <trkpt lat="43.9873780" lon="5.1209720">
    <ele>284.4</ele>
   </trkpt>
   <trkpt lat="43.9873720" lon="5.1209450">
    <ele>283.8</ele>
   </trkpt>
   <trkpt lat="43.9873640" lon="5.1209300">
    <ele>283.6</ele>
   </trkpt>
   <trkpt lat="43.9873640" lon="5.1209070">
    <ele>283.2</ele>
   </trkpt>
   <trkpt lat="43.9873640" lon="5.1208820">
    <ele>283.2</ele>
   </trkpt>
   <trkpt lat="43.9873600" lon="5.1208540">
    <ele>282.8</ele>
   </trkpt>
   <trkpt lat="43.9873540" lon="5.1208250">
    <ele>282.6</ele>
   </trkpt>
   <trkpt lat="43.9873480" lon="5.1208060">
    <ele>282.2</ele>
   </trkpt>
   <trkpt lat="43.9873350" lon="5.1207740">
    <ele>281.8</ele>
   </trkpt>
   <trkpt lat="43.9873290" lon="5.1207460">
    <ele>281.2</ele>
   </trkpt>
   <trkpt lat="43.9873270" lon="5.1207140">
    <ele>280.6</ele>
   </trkpt>
   <trkpt lat="43.9873190" lon="5.1206850">
    <ele>280.0</ele>
   </trkpt>
   <trkpt lat="43.9873150" lon="5.1206560">
    <ele>279.8</ele>
   </trkpt>
   <trkpt lat="43.9873230" lon="5.1206150">
    <ele>279.4</ele>
   </trkpt>
   <trkpt lat="43.9873270" lon="5.1205820">
    <ele>279.2</ele>
   </trkpt>
   <trkpt lat="43.9873330" lon="5.1205360">
    <ele>278.8</ele>
   </trkpt>
   <trkpt lat="43.9873400" lon="5.1205030">
    <ele>278.6</ele>
   </trkpt>
   <trkpt lat="43.9873410" lon="5.1204720">
    <ele>278.4</ele>
   </trkpt>
   <trkpt lat="43.9873540" lon="5.1204370">
    <ele>278.2</ele>
   </trkpt>
   <trkpt lat="43.9873600" lon="5.1204080">
    <ele>278.0</ele>
   </trkpt>
   <trkpt lat="43.9873670" lon="5.1203840">
    <ele>278.0</ele>
   </trkpt>
   <trkpt lat="43.9873860" lon="5.1203630">
    <ele>278.0</ele>
   </trkpt>
   <trkpt lat="43.9874000" lon="5.1203520">
    <ele>278.0</ele>
   </trkpt>
   <trkpt lat="43.9874230" lon="5.1203440">
    <ele>277.8</ele>
   </trkpt>
   <trkpt lat="43.9874440" lon="5.1203430">
    <ele>277.6</ele>
   </trkpt>
   <trkpt lat="43.9874650" lon="5.1203400">
    <ele>277.2</ele>
   </trkpt>
   <trkpt lat="43.9874790" lon="5.1203350">
    <ele>276.8</ele>
   </trkpt>
   <trkpt lat="43.9874980" lon="5.1203300">
    <ele>276.2</ele>
   </trkpt>
   <trkpt lat="43.9875220" lon="5.1203210">
    <ele>275.6</ele>
   </trkpt>
   <trkpt lat="43.9875400" lon="5.1203160">
    <ele>275.0</ele>
   </trkpt>
   <trkpt lat="43.9875630" lon="5.1203120">
    <ele>274.4</ele>
   </trkpt>
   <trkpt lat="43.9875940" lon="5.1203110">
    <ele>273.8</ele>
   </trkpt>
   <trkpt lat="43.9876160" lon="5.1203160">
    <ele>273.2</ele>
   </trkpt>
   <trkpt lat="43.9876420" lon="5.1203100">
    <ele>272.6</ele>
   </trkpt>
   <trkpt lat="43.9876640" lon="5.1203050">
    <ele>272.2</ele>
   </trkpt>
   <trkpt lat="43.9876900" lon="5.1202990">
    <ele>271.6</ele>
   </trkpt>
   <trkpt lat="43.9877050" lon="5.1202810">
    <ele>271.2</ele>
   </trkpt>
   <trkpt lat="43.9877110" lon="5.1202560">
    <ele>271.0</ele>
   </trkpt>
   <trkpt lat="43.9876980" lon="5.1202360">
    <ele>270.4</ele>
   </trkpt>
   <trkpt lat="43.9876850" lon="5.1202280">
    <ele>269.8</ele>
   </trkpt>
   <trkpt lat="43.9876690" lon="5.1202230">
    <ele>269.2</ele>
   </trkpt>
   <trkpt lat="43.9876480" lon="5.1202200">
    <ele>268.6</ele>
   </trkpt>
   <trkpt lat="43.9876210" lon="5.1202180">
    <ele>267.8</ele>
   </trkpt>
   <trkpt lat="43.9876010" lon="5.1202040">
    <ele>267.2</ele>
   </trkpt>
   <trkpt lat="43.9875990" lon="5.1201780">
    <ele>266.6</ele>
   </trkpt>
   <trkpt lat="43.9876020" lon="5.1201610">
    <ele>266.0</ele>
   </trkpt>
   <trkpt lat="43.9876110" lon="5.1201410">
    <ele>265.4</ele>
   </trkpt>
   <trkpt lat="43.9876170" lon="5.1201130">
    <ele>265.0</ele>
   </trkpt>
   <trkpt lat="43.9876160" lon="5.1200870">
    <ele>264.6</ele>
   </trkpt>
   <trkpt lat="43.9876180" lon="5.1200550">
    <ele>264.0</ele>
   </trkpt>
   <trkpt lat="43.9876210" lon="5.1200220">
    <ele>263.4</ele>
   </trkpt>
   <trkpt lat="43.9876190" lon="5.1199950">
    <ele>262.8</ele>
   </trkpt>
   <trkpt lat="43.9876200" lon="5.1199640">
    <ele>262.0</ele>
   </trkpt>
   <trkpt lat="43.9876280" lon="5.1199370">
    <ele>261.4</ele>
   </trkpt>
   <trkpt lat="43.9876340" lon="5.1199110">
    <ele>260.6</ele>
   </trkpt>
   <trkpt lat="43.9876400" lon="5.1198840">
    <ele>260.0</ele>
   </trkpt>
   <trkpt lat="43.9876310" lon="5.1198710">
    <ele>259.2</ele>
   </trkpt>
   <trkpt lat="43.9876170" lon="5.1198690">
    <ele>258.8</ele>
   </trkpt>
   <trkpt lat="43.9876020" lon="5.1198720">
    <ele>258.4</ele>
   </trkpt>
   <trkpt lat="43.9875860" lon="5.1198720">
    <ele>258.0</ele>
   </trkpt>
   <trkpt lat="43.9875620" lon="5.1198580">
    <ele>257.6</ele>
   </trkpt>
   <trkpt lat="43.9875420" lon="5.1198410">
    <ele>257.2</ele>
   </trkpt>
   <trkpt lat="43.9875220" lon="5.1198270">
    <ele>256.6</ele>
   </trkpt>
   <trkpt lat="43.9874950" lon="5.1198060">
    <ele>255.8</ele>
   </trkpt>
   <trkpt lat="43.9874720" lon="5.1197890">
    <ele>255.0</ele>
   </trkpt>
   <trkpt lat="43.9874430" lon="5.1197600">
    <ele>254.2</ele>
   </trkpt>
   <trkpt lat="43.9874190" lon="5.1197310">
    <ele>253.4</ele>
   </trkpt>
   <trkpt lat="43.9873940" lon="5.1196960">
    <ele>252.6</ele>
   </trkpt>
   <trkpt lat="43.9873720" lon="5.1196630">
    <ele>251.8</ele>
   </trkpt>
   <trkpt lat="43.9873530" lon="5.1196350">
    <ele>251.0</ele>
   </trkpt>
   <trkpt lat="43.9873290" lon="5.1196090">
    <ele>250.4</ele>
   </trkpt>
   <trkpt lat="43.9873120" lon="5.1195920">
    <ele>249.8</ele>
   </trkpt>
   <trkpt lat="43.9872940" lon="5.1195610">
    <ele>249.2</ele>
   </trkpt>
   <trkpt lat="43.9872760" lon="5.1195370">
    <ele>248.6</ele>
   </trkpt>
   <trkpt lat="43.9872570" lon="5.1195090">
    <ele>247.8</ele>
   </trkpt>
   <trkpt lat="43.9872400" lon="5.1194750">
    <ele>247.0</ele>
   </trkpt>
   <trkpt lat="43.9872240" lon="5.1194360">
    <ele>246.0</ele>
   </trkpt>
   <trkpt lat="43.9872090" lon="5.1194060">
    <ele>245.0</ele>
   </trkpt>
   <trkpt lat="43.9871900" lon="5.1193600">
    <ele>244.2</ele>
   </trkpt>
   <trkpt lat="43.9871730" lon="5.1193310">
    <ele>243.4</ele>
   </trkpt>
   <trkpt lat="43.9871510" lon="5.1193060">
    <ele>242.6</ele>
   </trkpt>
   <trkpt lat="43.9871250" lon="5.1192820">
    <ele>242.0</ele>
   </trkpt>
   <trkpt lat="43.9871060" lon="5.1192700">
    <ele>241.4</ele>
   </trkpt>
   <trkpt lat="43.9870780" lon="5.1192560">
    <ele>241.0</ele>
   </trkpt>
   <trkpt lat="43.9870580" lon="5.1192510">
    <ele>240.6</ele>
   </trkpt>
   <trkpt lat="43.9870360" lon="5.1192500">
    <ele>240.2</ele>
   </trkpt>
   <trkpt lat="43.9870070" lon="5.1192470">
    <ele>239.6</ele>
   </trkpt>
   <trkpt lat="43.9869850" lon="5.1192440">
    <ele>239.2</ele>
   </trkpt>
   <trkpt lat="43.9869570" lon="5.1192420">
    <ele>238.8</ele>
   </trkpt>
   <trkpt lat="43.9869280" lon="5.1192460">
    <ele>238.4</ele>
   </trkpt>
   <trkpt lat="43.9869060" lon="5.1192520">
    <ele>237.8</ele>
   </trkpt>
   <trkpt lat="43.9868740" lon="5.1192610">
    <ele>237.4</ele>
   </trkpt>
   <trkpt lat="43.9868500" lon="5.1192800">
    <ele>236.8</ele>
   </trkpt>
   <trkpt lat="43.9868230" lon="5.1192940">
    <ele>236.2</ele>
   </trkpt>
   <trkpt lat="43.9867920" lon="5.1193060">
    <ele>235.8</ele>
   </trkpt>
   <trkpt lat="43.9867710" lon="5.1193200">
    <ele>235.4</ele>
   </trkpt>
   <trkpt lat="43.9867400" lon="5.1193360">
    <ele>234.8</ele>
   </trkpt>
   <trkpt lat="43.9867130" lon="5.1193520">
    <ele>234.4</ele>
   </trkpt>
   <trkpt lat="43.9866900" lon="5.1193710">
    <ele>233.8</ele>
   </trkpt>
   <trkpt lat="43.9866570" lon="5.1193890">
    <ele>233.2</ele>
   </trkpt>
   <trkpt lat="43.9866310" lon="5.1194030">
    <ele>232.6</ele>
   </trkpt>
   <trkpt lat="43.9865990" lon="5.1194170">
    <ele>232.0</ele>
   </trkpt>
   <trkpt lat="43.9865740" lon="5.1194300">
    <ele>231.6</ele>
   </trkpt>
   <trkpt lat="43.9865430" lon="5.1194460">
    <ele>231.2</ele>
   </trkpt>
   <trkpt lat="43.9865130" lon="5.1194590">
    <ele>230.6</ele>
   </trkpt>
   <trkpt lat="43.9864810" lon="5.1194710">
    <ele>230.0</ele>
   </trkpt>
   <trkpt lat="43.9864490" lon="5.1194810">
    <ele>229.2</ele>
   </trkpt>
   <trkpt lat="43.9864220" lon="5.1194940">
    <ele>228.4</ele>
   </trkpt>
   <trkpt lat="43.9863880" lon="5.1195050">
    <ele>227.6</ele>
   </trkpt>
   <trkpt lat="43.9863710" lon="5.1195190">
    <ele>227.0</ele>
   </trkpt>
   <trkpt lat="43.9863370" lon="5.1195280">
    <ele>226.8</ele>
   </trkpt>
   <trkpt lat="43.9863090" lon="5.1195330">
    <ele>226.6</ele>
   </trkpt>
   <trkpt lat="43.9862800" lon="5.1195400">
    <ele>226.6</ele>
   </trkpt>
   <trkpt lat="43.9862500" lon="5.1195370">
    <ele>226.6</ele>
   </trkpt>
   <trkpt lat="43.9862250" lon="5.1195440">
    <ele>226.4</ele>
   </trkpt>
   <trkpt lat="43.9861910" lon="5.1195390">
    <ele>226.2</ele>
   </trkpt>
   <trkpt lat="43.9861620" lon="5.1195390">
    <ele>225.8</ele>
   </trkpt>
   <trkpt lat="43.9861330" lon="5.1195320">
    <ele>225.6</ele>
   </trkpt>
   <trkpt lat="43.9861050" lon="5.1195140">
    <ele>225.2</ele>
   </trkpt>
   <trkpt lat="43.9860790" lon="5.1194990">
    <ele>225.0</ele>
   </trkpt>
   <trkpt lat="43.9860550" lon="5.1194670">
    <ele>224.6</ele>
   </trkpt>
   <trkpt lat="43.9860350" lon="5.1194500">
    <ele>224.2</ele>
   </trkpt>
   <trkpt lat="43.9860130" lon="5.1194240">
    <ele>223.8</ele>
   </trkpt>
   <trkpt lat="43.9859890" lon="5.1194040">
    <ele>223.2</ele>
   </trkpt>
   <trkpt lat="43.9859630" lon="5.1193800">
    <ele>222.8</ele>
   </trkpt>
   <trkpt lat="43.9859380" lon="5.1193460">
    <ele>222.6</ele>
   </trkpt>
   <trkpt lat="43.9859150" lon="5.1193160">
    <ele>222.4</ele>
   </trkpt>
   <trkpt lat="43.9858930" lon="5.1192830">
    <ele>222.0</ele>
   </trkpt>
   <trkpt lat="43.9858730" lon="5.1192620">
    <ele>221.6</ele>
   </trkpt>
   <trkpt lat="43.9858510" lon="5.1192300">
    <ele>221.2</ele>
   </trkpt>
   <trkpt lat="43.9858300" lon="5.1192110">
    <ele>220.8</ele>
   </trkpt>
   <trkpt lat="43.9858070" lon="5.1191880">
    <ele>220.4</ele>
   </trkpt>
   <trkpt lat="43.9857860" lon="5.1191560">
    <ele>220.0</ele>
   </trkpt>
   <trkpt lat="43.9857630" lon="5.1191310">
    <ele>219.6</ele>
   </trkpt>
   <trkpt lat="43.9857380" lon="5.1190970">
    <ele>219.4</ele>
   </trkpt>
   <trkpt lat="43.9857190" lon="5.1190730">
    <ele>219.2</ele>
   </trkpt>
   <trkpt lat="43.9856970" lon="5.1190450">
    <ele>219.0</ele>
   </trkpt>
   <trkpt lat="43.9856840" lon="5.1190150">
    <ele>218.8</ele>
   </trkpt>
   <trkpt lat="43.9856700" lon="5.1189810">
    <ele>218.6</ele>
   </trkpt>
   <trkpt lat="43.9856630" lon="5.1189400">
    <ele>218.4</ele>
   </trkpt>
   <trkpt lat="43.9856580" lon="5.1189030">
    <ele>218.2</ele>
   </trkpt>
   <trkpt lat="43.9856620" lon="5.1188610">
    <ele>217.8</ele>
   </trkpt>
   <trkpt lat="43.9856640" lon="5.1188240">
    <ele>217.6</ele>
   </trkpt>
   <trkpt lat="43.9856770" lon="5.1187810">
    <ele>217.4</ele>
   </trkpt>
   <trkpt lat="43.9856810" lon="5.1187470">
    <ele>217.2</ele>
   </trkpt>
   <trkpt lat="43.9856940" lon="5.1187060">
    <ele>217.2</ele>
   </trkpt>
   <trkpt lat="43.9857000" lon="5.1186690">
    <ele>217.0</ele>
   </trkpt>
   <trkpt lat="43.9857180" lon="5.1186330">
    <ele>217.0</ele>
   </trkpt>
   <trkpt lat="43.9857310" lon="5.1186050">
    <ele>216.8</ele>
   </trkpt>
   <trkpt lat="43.9857460" lon="5.1185770">
    <ele>216.6</ele>
   </trkpt>
   <trkpt lat="43.9857630" lon="5.1185490">
    <ele>216.6</ele>
   </trkpt>
   <trkpt lat="43.9857790" lon="5.1185200">
    <ele>216.4</ele>
   </trkpt>
   <trkpt lat="43.9857970" lon="5.1184840">
    <ele>216.4</ele>
   </trkpt>
   <trkpt lat="43.9858080" lon="5.1184590">
    <ele>216.4</ele>
   </trkpt>
   <trkpt lat="43.9858290" lon="5.1184270">
    <ele>216.2</ele>
   </trkpt>
   <trkpt lat="43.9858420" lon="5.1183970">
    <ele>216.2</ele>
   </trkpt>
   <trkpt lat="43.9858630" lon="5.1183640">
    <ele>216.0</ele>
   </trkpt>
   <trkpt lat="43.9858760" lon="5.1183330">
    <ele>215.8</ele>
   </trkpt>
   <trkpt lat="43.9858930" lon="5.1183000">
    <ele>215.8</ele>
   </trkpt>
   <trkpt lat="43.9859070" lon="5.1182690">
    <ele>215.6</ele>
   </trkpt>
   <trkpt lat="43.9859240" lon="5.1182380">
    <ele>215.6</ele>
   </trkpt>
   <trkpt lat="43.9859430" lon="5.1182100">
    <ele>215.4</ele>
   </trkpt>
   <trkpt lat="43.9859580" lon="5.1181820">
    <ele>215.4</ele>
   </trkpt>
   <trkpt lat="43.9859760" lon="5.1181530">
    <ele>215.2</ele>
   </trkpt>
   <trkpt lat="43.9859910" lon="5.1181270">
    <ele>215.2</ele>
   </trkpt>
   <trkpt lat="43.9860120" lon="5.1180940">
    <ele>215.0</ele>
   </trkpt>
   <trkpt lat="43.9860250" lon="5.1180650">
    <ele>214.8</ele>
   </trkpt>
   <trkpt lat="43.9860490" lon="5.1180350">
    <ele>214.8</ele>
   </trkpt>
   <trkpt lat="43.9860660" lon="5.1180020">
    <ele>214.6</ele>
   </trkpt>
   <trkpt lat="43.9860860" lon="5.1179700">
    <ele>214.4</ele>
   </trkpt>
   <trkpt lat="43.9861030" lon="5.1179430">
    <ele>214.4</ele>
   </trkpt>
   <trkpt lat="43.9861230" lon="5.1179140">
    <ele>214.4</ele>
   </trkpt>
   <trkpt lat="43.9861420" lon="5.1178850">
    <ele>214.2</ele>
   </trkpt>
   <trkpt lat="43.9861590" lon="5.1178580">
    <ele>214.2</ele>
   </trkpt>
   <trkpt lat="43.9861810" lon="5.1178260">
    <ele>214.0</ele>
   </trkpt>
   <trkpt lat="43.9861970" lon="5.1178000">
    <ele>214.0</ele>
   </trkpt>
   <trkpt lat="43.9862180" lon="5.1177710">
    <ele>213.8</ele>
   </trkpt>
   <trkpt lat="43.9862330" lon="5.1177410">
    <ele>213.6</ele>
   </trkpt>
   <trkpt lat="43.9862530" lon="5.1177120">
    <ele>213.6</ele>
   </trkpt>
   <trkpt lat="43.9862670" lon="5.1176830">
    <ele>213.4</ele>
   </trkpt>
   <trkpt lat="43.9862890" lon="5.1176520">
    <ele>213.4</ele>
   </trkpt>
   <trkpt lat="43.9863020" lon="5.1176270">
    <ele>213.2</ele>
   </trkpt>
   <trkpt lat="43.9863230" lon="5.1175970">
    <ele>213.2</ele>
   </trkpt>
   <trkpt lat="43.9863390" lon="5.1175680">
    <ele>213.0</ele>
   </trkpt>
   <trkpt lat="43.9863590" lon="5.1175380">
    <ele>213.0</ele>
   </trkpt>
   <trkpt lat="43.9863820" lon="5.1175080">
    <ele>213.0</ele>
   </trkpt>
   <trkpt lat="43.9864000" lon="5.1174850">
    <ele>212.8</ele>
   </trkpt>
   <trkpt lat="43.9864220" lon="5.1174600">
    <ele>212.8</ele>
   </trkpt>
   <trkpt lat="43.9864390" lon="5.1174370">
    <ele>212.6</ele>
   </trkpt>
   <trkpt lat="43.9864630" lon="5.1174110">
    <ele>212.6</ele>
   </trkpt>
   <trkpt lat="43.9864790" lon="5.1173860">
    <ele>212.4</ele>
   </trkpt>
   <trkpt lat="43.9865020" lon="5.1173620">
    <ele>212.4</ele>
   </trkpt>
   <trkpt lat="43.9865170" lon="5.1173370">
    <ele>212.2</ele>
   </trkpt>
   <trkpt lat="43.9865400" lon="5.1173110">
    <ele>212.2</ele>
   </trkpt>
   <trkpt lat="43.9865590" lon="5.1172850">
    <ele>212.2</ele>
   </trkpt>
   <trkpt lat="43.9865820" lon="5.1172590">
    <ele>212.2</ele>
   </trkpt>
   <trkpt lat="43.9866050" lon="5.1172310">
    <ele>212.0</ele>
   </trkpt>
   <trkpt lat="43.9866300" lon="5.1172060">
    <ele>212.0</ele>
   </trkpt>
   <trkpt lat="43.9866540" lon="5.1171830">
    <ele>212.0</ele>
   </trkpt>
   <trkpt lat="43.9866760" lon="5.1171610">
    <ele>211.8</ele>
   </trkpt>
   <trkpt lat="43.9867020" lon="5.1171410">
    <ele>211.8</ele>
   </trkpt>
   <trkpt lat="43.9867240" lon="5.1171220">
    <ele>211.6</ele>
   </trkpt>
   <trkpt lat="43.9867500" lon="5.1171020">
    <ele>211.6</ele>
   </trkpt>
   <trkpt lat="43.9867680" lon="5.1170820">
    <ele>211.4</ele>
   </trkpt>
   <trkpt lat="43.9867950" lon="5.1170620">
    <ele>211.4</ele>
   </trkpt>
   <trkpt lat="43.9868120" lon="5.1170400">
    <ele>211.4</ele>
   </trkpt>
   <trkpt lat="43.9868420" lon="5.1170200">
    <ele>211.2</ele>
   </trkpt>
   <trkpt lat="43.9868620" lon="5.1169980">
    <ele>211.2</ele>
   </trkpt>
   <trkpt lat="43.9868880" lon="5.1169760">
    <ele>211.0</ele>
   </trkpt>
   <trkpt lat="43.9869110" lon="5.1169560">
    <ele>211.0</ele>
   </trkpt>
   <trkpt lat="43.9869410" lon="5.1169370">
    <ele>210.8</ele>
   </trkpt>
   <trkpt lat="43.9869620" lon="5.1169180">
    <ele>210.6</ele>
   </trkpt>
   <trkpt lat="43.9869900" lon="5.1169020">
    <ele>210.6</ele>
   </trkpt>
   <trkpt lat="43.9870120" lon="5.1168790">
    <ele>210.4</ele>
   </trkpt>
   <trkpt lat="43.9870370" lon="5.1168600">
    <ele>210.2</ele>
   </trkpt>
   <trkpt lat="43.9870600" lon="5.1168390">
    <ele>210.0</ele>
   </trkpt>
   <trkpt lat="43.9870850" lon="5.1168220">
    <ele>210.0</ele>
   </trkpt>
   <trkpt lat="43.9871140" lon="5.1168080">
    <ele>210.0</ele>
   </trkpt>
   <trkpt lat="43.9871410" lon="5.1167930">
    <ele>209.8</ele>
   </trkpt>
   <trkpt lat="43.9871700" lon="5.1167750">
    <ele>209.8</ele>
   </trkpt>
   <trkpt lat="43.9871930" lon="5.1167590">
    <ele>209.6</ele>
   </trkpt>
   <trkpt lat="43.9872190" lon="5.1167440">
    <ele>209.4</ele>
   </trkpt>
   <trkpt lat="43.9872360" lon="5.1167240">
    <ele>209.4</ele>
   </trkpt>
   <trkpt lat="43.9872570" lon="5.1167060">
    <ele>209.4</ele>
   </trkpt>
   <trkpt lat="43.9872750" lon="5.1166920">
    <ele>209.4</ele>
   </trkpt>
   <trkpt lat="43.9872970" lon="5.1166740">
    <ele>209.4</ele>
   </trkpt>
   <trkpt lat="43.9873100" lon="5.1166660">
    <ele>209.2</ele>
   </trkpt>
   <trkpt lat="43.9873320" lon="5.1166550">
    <ele>209.2</ele>
   </trkpt>
   <trkpt lat="43.9873560" lon="5.1166390">
    <ele>209.2</ele>
   </trkpt>
   <trkpt lat="43.9873760" lon="5.1166160">
    <ele>209.2</ele>
   </trkpt>
   <trkpt lat="43.9873880" lon="5.1165890">
    <ele>209.0</ele>
   </trkpt>
   <trkpt lat="43.9873930" lon="5.1165540">
    <ele>208.8</ele>
   </trkpt>
   <trkpt lat="43.9873930" lon="5.1165250">
    <ele>208.6</ele>
   </trkpt>
   <trkpt lat="43.9873960" lon="5.1164950">
    <ele>208.6</ele>
   </trkpt>
   <trkpt lat="43.9873940" lon="5.1164670">
    <ele>208.4</ele>
   </trkpt>
   <trkpt lat="43.9873900" lon="5.1164340">
    <ele>208.6</ele>
   </trkpt>
   <trkpt lat="43.9873830" lon="5.1164020">
    <ele>208.8</ele>
   </trkpt>
   <trkpt lat="43.9873760" lon="5.1163690">
    <ele>209.0</ele>
   </trkpt>
   <trkpt lat="43.9873710" lon="5.1163350">
    <ele>209.4</ele>
   </trkpt>
   <trkpt lat="43.9873650" lon="5.1163000">
    <ele>209.6</ele>
   </trkpt>
   <trkpt lat="43.9873580" lon="5.1162640">
    <ele>209.8</ele>
   </trkpt>
   <trkpt lat="43.9873490" lon="5.1162290">
    <ele>210.0</ele>
   </trkpt>
   <trkpt lat="43.9873440" lon="5.1161980">
    <ele>210.0</ele>
   </trkpt>
   <trkpt lat="43.9873380" lon="5.1161660">
    <ele>210.0</ele>
   </trkpt>
   <trkpt lat="43.9873360" lon="5.1161340">
    <ele>210.2</ele>
   </trkpt>
   <trkpt lat="43.9873360" lon="5.1161040">
    <ele>210.2</ele>
   </trkpt>
   <trkpt lat="43.9873440" lon="5.1160750">
    <ele>210.4</ele>
   </trkpt>
   <trkpt lat="43.9873480" lon="5.1160480">
    <ele>210.6</ele>
   </trkpt>
   <trkpt lat="43.9873590" lon="5.1160190">
    <ele>210.8</ele>
   </trkpt>
   <trkpt lat="43.9873630" lon="5.1159920">
    <ele>211.0</ele>
   </trkpt>
   <trkpt lat="43.9873750" lon="5.1159650">
    <ele>211.4</ele>
   </trkpt>
   <trkpt lat="43.9873800" lon="5.1159400">
    <ele>211.4</ele>
   </trkpt>
   <trkpt lat="43.9873930" lon="5.1159130">
    <ele>211.6</ele>
   </trkpt>
   <trkpt lat="43.9874010" lon="5.1158880">
    <ele>211.8</ele>
   </trkpt>
   <trkpt lat="43.9874160" lon="5.1158580">
    <ele>212.0</ele>
   </trkpt>
   <trkpt lat="43.9874290" lon="5.1158340">
    <ele>212.0</ele>
   </trkpt>
   <trkpt lat="43.9874410" lon="5.1158010">
    <ele>212.2</ele>
   </trkpt>
   <trkpt lat="43.9874440" lon="5.1157800">
    <ele>212.4</ele>
   </trkpt>
   <trkpt lat="43.9874530" lon="5.1157490">
    <ele>212.6</ele>
   </trkpt>
   <trkpt lat="43.9874590" lon="5.1157280">
    <ele>212.8</ele>
   </trkpt>
   <trkpt lat="43.9874730" lon="5.1156970">
    <ele>213.0</ele>
   </trkpt>
   <trkpt lat="43.9874840" lon="5.1156760">
    <ele>213.2</ele>
   </trkpt>
   <trkpt lat="43.9875060" lon="5.1156450">
    <ele>213.4</ele>
   </trkpt>
   <trkpt lat="43.9875150" lon="5.1156260">
    <ele>213.6</ele>
   </trkpt>
   <trkpt lat="43.9875360" lon="5.1155940">
    <ele>213.8</ele>
   </trkpt>
   <trkpt lat="43.9875440" lon="5.1155730">
    <ele>214.0</ele>
   </trkpt>
   <trkpt lat="43.9875570" lon="5.1155430">
    <ele>214.2</ele>
   </trkpt>
   <trkpt lat="43.9875630" lon="5.1155250">
    <ele>214.4</ele>
   </trkpt>
   <trkpt lat="43.9875790" lon="5.1154990">
    <ele>214.6</ele>
   </trkpt>
   <trkpt lat="43.9875860" lon="5.1154830">
    <ele>214.8</ele>
   </trkpt>
   <trkpt lat="43.9876000" lon="5.1154530">
    <ele>215.0</ele>
   </trkpt>
   <trkpt lat="43.9876080" lon="5.1154340">
    <ele>215.2</ele>
   </trkpt>
   <trkpt lat="43.9876280" lon="5.1154130">
    <ele>215.6</ele>
   </trkpt>
   <trkpt lat="43.9876410" lon="5.1153960">
    <ele>215.8</ele>
   </trkpt>
   <trkpt lat="43.9876610" lon="5.1153800">
    <ele>216.2</ele>
   </trkpt>
   <trkpt lat="43.9876770" lon="5.1153650">
    <ele>216.4</ele>
   </trkpt>
   <trkpt lat="43.9876900" lon="5.1153510">
    <ele>216.8</ele>
   </trkpt>
   <trkpt lat="43.9877030" lon="5.1153350">
    <ele>217.0</ele>
   </trkpt>
   <trkpt lat="43.9877180" lon="5.1153150">
    <ele>217.2</ele>
   </trkpt>
   <trkpt lat="43.9877340" lon="5.1152970">
    <ele>217.2</ele>
   </trkpt>
   <trkpt lat="43.9877460" lon="5.1152820">
    <ele>217.4</ele>
   </trkpt>
   <trkpt lat="43.9877610" lon="5.1152570">
    <ele>217.4</ele>
   </trkpt>
   <trkpt lat="43.9877780" lon="5.1152400">
    <ele>217.4</ele>
   </trkpt>
   <trkpt lat="43.9877970" lon="5.1152150">
    <ele>217.6</ele>
   </trkpt>
   <trkpt lat="43.9878140" lon="5.1151930">
    <ele>217.6</ele>
   </trkpt>
   <trkpt lat="43.9878310" lon="5.1151680">
    <ele>217.8</ele>
   </trkpt>
   <trkpt lat="43.9878430" lon="5.1151510">
    <ele>217.8</ele>
   </trkpt>
   <trkpt lat="43.9878590" lon="5.1151310">
    <ele>217.8</ele>
   </trkpt>
   <trkpt lat="43.9878700" lon="5.1151040">
    <ele>218.0</ele>
   </trkpt>
   <trkpt lat="43.9878850" lon="5.1150890">
    <ele>218.2</ele>
   </trkpt>
   <trkpt lat="43.9878970" lon="5.1150700">
    <ele>218.2</ele>
   </trkpt>
   <trkpt lat="43.9879130" lon="5.1150450">
    <ele>218.4</ele>
   </trkpt>
   <trkpt lat="43.9879230" lon="5.1150300">
    <ele>218.4</ele>
   </trkpt>
   <trkpt lat="43.9879400" lon="5.1150100">
    <ele>218.6</ele>
   </trkpt>
   <trkpt lat="43.9879550" lon="5.1149910">
    <ele>218.8</ele>
   </trkpt>
   <trkpt lat="43.9879740" lon="5.1149680">
    <ele>218.8</ele>
   </trkpt>
   <trkpt lat="43.9879830" lon="5.1149540">
    <ele>219.0</ele>
   </trkpt>
   <trkpt lat="43.9880030" lon="5.1149280">
    <ele>219.2</ele>
   </trkpt>
   <trkpt lat="43.9880170" lon="5.1149070">
    <ele>219.4</ele>
   </trkpt>
   <trkpt lat="43.9880380" lon="5.1148810">
    <ele>219.6</ele>
   </trkpt>
   <trkpt lat="43.9880490" lon="5.1148700">
    <ele>219.8</ele>
   </trkpt>
   <trkpt lat="43.9880640" lon="5.1148540">
    <ele>220.0</ele>
   </trkpt>
   <trkpt lat="43.9880810" lon="5.1148320">
    <ele>220.2</ele>
   </trkpt>
   <trkpt lat="43.9880980" lon="5.1148080">
    <ele>220.6</ele>
   </trkpt>
   <trkpt lat="43.9881140" lon="5.1147930">
    <ele>220.8</ele>
   </trkpt>
   <trkpt lat="43.9881310" lon="5.1147730">
    <ele>221.0</ele>
   </trkpt>
   <trkpt lat="43.9881460" lon="5.1147530">
    <ele>221.4</ele>
   </trkpt>
   <trkpt lat="43.9881610" lon="5.1147310">
    <ele>221.6</ele>
   </trkpt>
   <trkpt lat="43.9881760" lon="5.1147130">
    <ele>221.8</ele>
   </trkpt>
   <trkpt lat="43.9881910" lon="5.1146990">
    <ele>222.0</ele>
   </trkpt>
   <trkpt lat="43.9882080" lon="5.1146820">
    <ele>222.2</ele>
   </trkpt>
   <trkpt lat="43.9882250" lon="5.1146670">
    <ele>222.4</ele>
   </trkpt>
   <trkpt lat="43.9882400" lon="5.1146530">
    <ele>222.6</ele>
   </trkpt>
   <trkpt lat="43.9882500" lon="5.1146430">
    <ele>222.8</ele>
   </trkpt>
   <trkpt lat="43.9882650" lon="5.1146240">
    <ele>223.0</ele>
   </trkpt>
   <trkpt lat="43.9882750" lon="5.1146050">
    <ele>223.2</ele>
   </trkpt>
   <trkpt lat="43.9882890" lon="5.1145860">
    <ele>223.2</ele>
   </trkpt>
   <trkpt lat="43.9883020" lon="5.1145700">
    <ele>223.4</ele>
   </trkpt>
   <trkpt lat="43.9883160" lon="5.1145530">
    <ele>223.6</ele>
   </trkpt>
   <trkpt lat="43.9883320" lon="5.1145380">
    <ele>223.6</ele>
   </trkpt>
   <trkpt lat="43.9883480" lon="5.1145210">
    <ele>223.8</ele>
   </trkpt>
   <trkpt lat="43.9883630" lon="5.1145020">
    <ele>224.0</ele>
   </trkpt>
   <trkpt lat="43.9883730" lon="5.1144830">
    <ele>224.2</ele>
   </trkpt>
   <trkpt lat="43.9883840" lon="5.1144600">
    <ele>224.4</ele>
   </trkpt>
   <trkpt lat="43.9883940" lon="5.1144340">
    <ele>224.6</ele>
   </trkpt>
   <trkpt lat="43.9884070" lon="5.1144100">
    <ele>224.8</ele>
   </trkpt>
   <trkpt lat="43.9884150" lon="5.1143900">
    <ele>225.0</ele>
   </trkpt>
   <trkpt lat="43.9884330" lon="5.1143700">
    <ele>225.2</ele>
   </trkpt>
   <trkpt lat="43.9884430" lon="5.1143580">
    <ele>225.4</ele>
   </trkpt>
   <trkpt lat="43.9884540" lon="5.1143420">
    <ele>225.6</ele>
   </trkpt>
   <trkpt lat="43.9884670" lon="5.1143270">
    <ele>225.8</ele>
   </trkpt>
   <trkpt lat="43.9884810" lon="5.1143070">
    <ele>226.0</ele>
   </trkpt>
   <trkpt lat="43.9884990" lon="5.1142930">
    <ele>226.2</ele>
   </trkpt>
   <trkpt lat="43.9885120" lon="5.1142760">
    <ele>226.4</ele>
   </trkpt>
   <trkpt lat="43.9885350" lon="5.1142540">
    <ele>226.4</ele>
   </trkpt>
   <trkpt lat="43.9885440" lon="5.1142350">
    <ele>226.6</ele>
   </trkpt>
   <trkpt lat="43.9885590" lon="5.1142060">
    <ele>226.8</ele>
   </trkpt>
   <trkpt lat="43.9885670" lon="5.1141840">
    <ele>226.8</ele>
   </trkpt>
   <trkpt lat="43.9885820" lon="5.1141540">
    <ele>227.0</ele>
   </trkpt>
   <trkpt lat="43.9885930" lon="5.1141350">
    <ele>227.2</ele>
   </trkpt>
   <trkpt lat="43.9886110" lon="5.1141180">
    <ele>227.2</ele>
   </trkpt>
   <trkpt lat="43.9886220" lon="5.1141080">
    <ele>227.4</ele>
   </trkpt>
   <trkpt lat="43.9886380" lon="5.1140930">
    <ele>227.4</ele>
   </trkpt>
   <trkpt lat="43.9886490" lon="5.1140760">
    <ele>227.6</ele>
   </trkpt>
   <trkpt lat="43.9886600" lon="5.1140580">
    <ele>227.8</ele>
   </trkpt>
   <trkpt lat="43.9886720" lon="5.1140410">
    <ele>228.2</ele>
   </trkpt>
   <trkpt lat="43.9886810" lon="5.1140210">
    <ele>228.4</ele>
   </trkpt>
   <trkpt lat="43.9886970" lon="5.1140000">
    <ele>228.6</ele>
   </trkpt>
   <trkpt lat="43.9887060" lon="5.1139790">
    <ele>228.8</ele>
   </trkpt>
   <trkpt lat="43.9887200" lon="5.1139580">
    <ele>228.8</ele>
   </trkpt>
   <trkpt lat="43.9887270" lon="5.1139370">
    <ele>229.0</ele>
   </trkpt>
   <trkpt lat="43.9887420" lon="5.1139160">
    <ele>229.2</ele>
   </trkpt>
   <trkpt lat="43.9887520" lon="5.1138960">
    <ele>229.2</ele>
   </trkpt>
   <trkpt lat="43.9887640" lon="5.1138720">
    <ele>229.4</ele>
   </trkpt>
   <trkpt lat="43.9887790" lon="5.1138590">
    <ele>229.8</ele>
   </trkpt>
   <trkpt lat="43.9887920" lon="5.1138410">
    <ele>230.0</ele>
   </trkpt>
   <trkpt lat="43.9888030" lon="5.1138200">
    <ele>230.2</ele>
   </trkpt>
   <trkpt lat="43.9888160" lon="5.1138000">
    <ele>230.4</ele>
   </trkpt>
   <trkpt lat="43.9888330" lon="5.1137830">
    <ele>230.6</ele>
   </trkpt>
   <trkpt lat="43.9888460" lon="5.1137620">
    <ele>230.8</ele>
   </trkpt>
   <trkpt lat="43.9888640" lon="5.1137410">
    <ele>230.8</ele>
   </trkpt>
   <trkpt lat="43.9888760" lon="5.1137280">
    <ele>231.0</ele>
   </trkpt>
   <trkpt lat="43.9888950" lon="5.1137130">
    <ele>231.0</ele>
   </trkpt>
   <trkpt lat="43.9889100" lon="5.1136970">
    <ele>231.2</ele>
   </trkpt>
   <trkpt lat="43.9889280" lon="5.1136770">
    <ele>231.2</ele>
   </trkpt>
   <trkpt lat="43.9889420" lon="5.1136640">
    <ele>231.4</ele>
   </trkpt>
   <trkpt lat="43.9889610" lon="5.1136470">
    <ele>231.4</ele>
   </trkpt>
   <trkpt lat="43.9889790" lon="5.1136310">
    <ele>231.6</ele>
   </trkpt>
   <trkpt lat="43.9889930" lon="5.1136110">
    <ele>231.4</ele>
   </trkpt>
   <trkpt lat="43.9890090" lon="5.1135850">
    <ele>231.4</ele>
   </trkpt>
   <trkpt lat="43.9890160" lon="5.1135590">
    <ele>231.2</ele>
   </trkpt>
   <trkpt lat="43.9890240" lon="5.1135280">
    <ele>231.2</ele>
   </trkpt>
   <trkpt lat="43.9890320" lon="5.1135020">
    <ele>231.0</ele>
   </trkpt>
   <trkpt lat="43.9890440" lon="5.1134690">
    <ele>230.8</ele>
   </trkpt>
   <trkpt lat="43.9890510" lon="5.1134390">
    <ele>230.8</ele>
   </trkpt>
   <trkpt lat="43.9890610" lon="5.1134060">
    <ele>230.6</ele>
   </trkpt>
   <trkpt lat="43.9890770" lon="5.1133750">
    <ele>230.4</ele>
   </trkpt>
   <trkpt lat="43.9890890" lon="5.1133500">
    <ele>230.2</ele>
   </trkpt>
   <trkpt lat="43.9891080" lon="5.1133200">
    <ele>229.8</ele>
   </trkpt>
   <trkpt lat="43.9891240" lon="5.1132980">
    <ele>229.6</ele>
   </trkpt>
   <trkpt lat="43.9891410" lon="5.1132700">
    <ele>229.4</ele>
   </trkpt>
   <trkpt lat="43.9891630" lon="5.1132430">
    <ele>229.2</ele>
   </trkpt>
   <trkpt lat="43.9891730" lon="5.1132160">
    <ele>229.0</ele>
   </trkpt>
   <trkpt lat="43.9891900" lon="5.1131900">
    <ele>228.8</ele>
   </trkpt>
   <trkpt lat="43.9892040" lon="5.1131580">
    <ele>228.4</ele>
   </trkpt>
   <trkpt lat="43.9892140" lon="5.1131260">
    <ele>228.2</ele>
   </trkpt>
   <trkpt lat="43.9892300" lon="5.1130860">
    <ele>227.8</ele>
   </trkpt>
   <trkpt lat="43.9892370" lon="5.1130580">
    <ele>227.4</ele>
   </trkpt>
   <trkpt lat="43.9892460" lon="5.1130280">
    <ele>227.0</ele>
   </trkpt>
   <trkpt lat="43.9892560" lon="5.1129980">
    <ele>226.6</ele>
   </trkpt>
   <trkpt lat="43.9892620" lon="5.1129650">
    <ele>226.2</ele>
   </trkpt>
   <trkpt lat="43.9892710" lon="5.1129240">
    <ele>226.0</ele>
   </trkpt>
   <trkpt lat="43.9892790" lon="5.1128910">
    <ele>225.6</ele>
   </trkpt>
   <trkpt lat="43.9892890" lon="5.1128540">
    <ele>225.4</ele>
   </trkpt>
   <trkpt lat="43.9893030" lon="5.1128150">
    <ele>225.0</ele>
   </trkpt>
   <trkpt lat="43.9893140" lon="5.1127830">
    <ele>224.8</ele>
   </trkpt>
   <trkpt lat="43.9893260" lon="5.1127450">
    <ele>224.6</ele>
   </trkpt>
   <trkpt lat="43.9893380" lon="5.1127100">
    <ele>224.4</ele>
   </trkpt>
   <trkpt lat="43.9893540" lon="5.1126810">
    <ele>224.4</ele>
   </trkpt>
   <trkpt lat="43.9893640" lon="5.1126550">
    <ele>224.2</ele>
   </trkpt>
   <trkpt lat="43.9893880" lon="5.1126370">
    <ele>224.2</ele>
   </trkpt>
   <trkpt lat="43.9894060" lon="5.1126140">
    <ele>224.2</ele>
   </trkpt>
   <trkpt lat="43.9894250" lon="5.1125950">
    <ele>224.2</ele>
   </trkpt>
   <trkpt lat="43.9894480" lon="5.1125700">
    <ele>224.2</ele>
   </trkpt>
   <trkpt lat="43.9894660" lon="5.1125480">
    <ele>224.2</ele>
   </trkpt>
   <trkpt lat="43.9894870" lon="5.1125230">
    <ele>224.4</ele>
   </trkpt>
   <trkpt lat="43.9895060" lon="5.1124980">
    <ele>224.4</ele>
   </trkpt>
   <trkpt lat="43.9895310" lon="5.1124830">
    <ele>224.6</ele>
   </trkpt>
   <trkpt lat="43.9895480" lon="5.1124660">
    <ele>224.6</ele>
   </trkpt>
   <trkpt lat="43.9895680" lon="5.1124440">
    <ele>224.8</ele>
   </trkpt>
   <trkpt lat="43.9895820" lon="5.1124300">
    <ele>225.2</ele>
   </trkpt>
   <trkpt lat="43.9896000" lon="5.1124230">
    <ele>225.4</ele>
   </trkpt>
   <trkpt lat="43.9896190" lon="5.1124140">
    <ele>225.6</ele>
   </trkpt>
   <trkpt lat="43.9896400" lon="5.1124070">
    <ele>225.8</ele>
   </trkpt>
   <trkpt lat="43.9896610" lon="5.1124000">
    <ele>226.0</ele>
   </trkpt>
   <trkpt lat="43.9896800" lon="5.1123950">
    <ele>226.2</ele>
   </trkpt>
   <trkpt lat="43.9897020" lon="5.1123980">
    <ele>226.4</ele>
   </trkpt>
   <trkpt lat="43.9897190" lon="5.1124020">
    <ele>226.8</ele>
   </trkpt>
   <trkpt lat="43.9897400" lon="5.1123960">
    <ele>227.0</ele>
   </trkpt>
   <trkpt lat="43.9897600" lon="5.1123890">
    <ele>227.2</ele>
   </trkpt>
   <trkpt lat="43.9897890" lon="5.1123860">
    <ele>227.4</ele>
   </trkpt>
   <trkpt lat="43.9898070" lon="5.1123880">
    <ele>227.4</ele>
   </trkpt>
   <trkpt lat="43.9898280" lon="5.1123820">
    <ele>227.8</ele>
   </trkpt>
   <trkpt lat="43.9898470" lon="5.1123820">
    <ele>228.0</ele>
   </trkpt>
   <trkpt lat="43.9898670" lon="5.1123790">
    <ele>228.4</ele>
   </trkpt>
   <trkpt lat="43.9898870" lon="5.1123730">
    <ele>228.6</ele>
   </trkpt>
   <trkpt lat="43.9899080" lon="5.1123670">
    <ele>229.0</ele>
   </trkpt>
   <trkpt lat="43.9899320" lon="5.1123640">
    <ele>229.2</ele>
   </trkpt>
   <trkpt lat="43.9899490" lon="5.1123580">
    <ele>229.2</ele>
   </trkpt>
   <trkpt lat="43.9899770" lon="5.1123450">
    <ele>229.4</ele>
   </trkpt>
   <trkpt lat="43.9899950" lon="5.1123340">
    <ele>229.6</ele>
   </trkpt>
   <trkpt lat="43.9900180" lon="5.1123160">
    <ele>229.8</ele>
   </trkpt>
   <trkpt lat="43.9900280" lon="5.1123040">
    <ele>230.0</ele>
   </trkpt>
   <trkpt lat="43.9900420" lon="5.1122820">
    <ele>230.2</ele>
   </trkpt>
   <trkpt lat="43.9900540" lon="5.1122610">
    <ele>230.2</ele>
   </trkpt>
   <trkpt lat="43.9900630" lon="5.1122260">
    <ele>230.4</ele>
   </trkpt>
   <trkpt lat="43.9900690" lon="5.1121960">
    <ele>230.4</ele>
   </trkpt>
   <trkpt lat="43.9900770" lon="5.1121660">
    <ele>230.6</ele>
   </trkpt>
   <trkpt lat="43.9900850" lon="5.1121390">
    <ele>230.6</ele>
   </trkpt>
   <trkpt lat="43.9900980" lon="5.1121120">
    <ele>230.8</ele>
   </trkpt>
   <trkpt lat="43.9901080" lon="5.1120840">
    <ele>230.8</ele>
   </trkpt>
   <trkpt lat="43.9901190" lon="5.1120520">
    <ele>231.0</ele>
   </trkpt>
   <trkpt lat="43.9901270" lon="5.1120260">
    <ele>231.2</ele>
   </trkpt>
   <trkpt lat="43.9901310" lon="5.1119960">
    <ele>231.2</ele>
   </trkpt>
   <trkpt lat="43.9901380" lon="5.1119650">
    <ele>231.4</ele>
   </trkpt>
   <trkpt lat="43.9901420" lon="5.1119360">
    <ele>231.6</ele>
   </trkpt>
   <trkpt lat="43.9901530" lon="5.1119030">
    <ele>231.6</ele>
   </trkpt>
   <trkpt lat="43.9901610" lon="5.1118830">
    <ele>231.6</ele>
   </trkpt>
   <trkpt lat="43.9901710" lon="5.1118590">
    <ele>231.6</ele>
   </trkpt>
   <trkpt lat="43.9901780" lon="5.1118370">
    <ele>231.4</ele>
   </trkpt>
   <trkpt lat="43.9901820" lon="5.1118220">
    <ele>231.4</ele>
   </trkpt>
   <trkpt lat="43.9901830" lon="5.1118050">
    <ele>231.2</ele>
   </trkpt>
   <trkpt lat="43.9901740" lon="5.1118050">
    <ele>231.2</ele>
   </trkpt>
   <trkpt lat="43.9901800" lon="5.1117330">
    <ele>231.0</ele>
   </trkpt>
   <trkpt lat="43.9901920" lon="5.1117290">
    <ele>231.0</ele>
   </trkpt>
   <trkpt lat="43.9902110" lon="5.1117360">
    <ele>231.0</ele>
   </trkpt>
   <trkpt lat="43.9902290" lon="5.1117320">
    <ele>230.8</ele>
   </trkpt>
   <trkpt lat="43.9902510" lon="5.1117230">
    <ele>230.6</ele>
   </trkpt>
   <trkpt lat="43.9902800" lon="5.1117160">
    <ele>230.2</ele>
   </trkpt>
   <trkpt lat="43.9903030" lon="5.1117060">
    <ele>229.8</ele>
   </trkpt>
   <trkpt lat="43.9903280" lon="5.1116970">
    <ele>229.4</ele>
   </trkpt>
   <trkpt lat="43.9903530" lon="5.1116880">
    <ele>229.0</ele>
   </trkpt>
   <trkpt lat="43.9903770" lon="5.1116780">
    <ele>228.4</ele>
   </trkpt>
   <trkpt lat="43.9904040" lon="5.1116510">
    <ele>228.2</ele>
   </trkpt>
   <trkpt lat="43.9904230" lon="5.1116250">
    <ele>227.8</ele>
   </trkpt>
   <trkpt lat="43.9904420" lon="5.1116020">
    <ele>227.4</ele>
   </trkpt>
   <trkpt lat="43.9904590" lon="5.1115760">
    <ele>227.2</ele>
   </trkpt>
   <trkpt lat="43.9904780" lon="5.1115500">
    <ele>227.0</ele>
   </trkpt>
   <trkpt lat="43.9905050" lon="5.1115280">
    <ele>226.6</ele>
   </trkpt>
   <trkpt lat="43.9905270" lon="5.1115040">
    <ele>226.4</ele>
   </trkpt>
   <trkpt lat="43.9905580" lon="5.1114840">
    <ele>226.0</ele>
   </trkpt>
   <trkpt lat="43.9905870" lon="5.1114710">
    <ele>225.8</ele>
   </trkpt>
   <trkpt lat="43.9906310" lon="5.1114590">
    <ele>225.4</ele>
   </trkpt>
   <trkpt lat="43.9906620" lon="5.1114530">
    <ele>225.0</ele>
   </trkpt>
   <trkpt lat="43.9907050" lon="5.1114500">
    <ele>224.8</ele>
   </trkpt>
   <trkpt lat="43.9907310" lon="5.1114490">
    <ele>224.4</ele>
   </trkpt>
   <trkpt lat="43.9907670" lon="5.1114470">
    <ele>224.2</ele>
   </trkpt>
   <trkpt lat="43.9907930" lon="5.1114480">
    <ele>224.2</ele>
   </trkpt>
   <trkpt lat="43.9908280" lon="5.1114500">
    <ele>224.0</ele>
   </trkpt>
   <trkpt lat="43.9908500" lon="5.1114480">
    <ele>223.8</ele>
   </trkpt>
   <trkpt lat="43.9908820" lon="5.1114580">
    <ele>223.8</ele>
   </trkpt>
   <trkpt lat="43.9909050" lon="5.1114650">
    <ele>223.8</ele>
   </trkpt>
   <trkpt lat="43.9909350" lon="5.1114780">
    <ele>223.6</ele>
   </trkpt>
   <trkpt lat="43.9909590" lon="5.1114840">
    <ele>223.6</ele>
   </trkpt>
   <trkpt lat="43.9909890" lon="5.1115010">
    <ele>223.6</ele>
   </trkpt>
   <trkpt lat="43.9910090" lon="5.1115160">
    <ele>223.6</ele>
   </trkpt>
   <trkpt lat="43.9910340" lon="5.1115420">
    <ele>223.6</ele>
   </trkpt>
   <trkpt lat="43.9910540" lon="5.1115520">
    <ele>223.8</ele>
   </trkpt>
   <trkpt lat="43.9910850" lon="5.1115750">
    <ele>223.8</ele>
   </trkpt>
   <trkpt lat="43.9911060" lon="5.1115890">
    <ele>224.0</ele>
   </trkpt>
   <trkpt lat="43.9911260" lon="5.1116100">
    <ele>224.2</ele>
   </trkpt>
   <trkpt lat="43.9911470" lon="5.1116250">
    <ele>224.4</ele>
   </trkpt>
   <trkpt lat="43.9911640" lon="5.1116450">
    <ele>224.6</ele>
   </trkpt>
   <trkpt lat="43.9911780" lon="5.1116650">
    <ele>224.8</ele>
   </trkpt>
   <trkpt lat="43.9911890" lon="5.1116890">
    <ele>225.2</ele>
   </trkpt>
   <trkpt lat="43.9911980" lon="5.1117130">
    <ele>225.4</ele>
   </trkpt>
   <trkpt lat="43.9912090" lon="5.1117440">
    <ele>225.6</ele>
   </trkpt>
   <trkpt lat="43.9912160" lon="5.1117650">
    <ele>225.6</ele>
   </trkpt>
   <trkpt lat="43.9912270" lon="5.1117960">
    <ele>225.8</ele>
   </trkpt>
   <trkpt lat="43.9912360" lon="5.1118270">
    <ele>225.6</ele>
   </trkpt>
   <trkpt lat="43.9912430" lon="5.1118570">
    <ele>225.4</ele>
   </trkpt>
   <trkpt lat="43.9912580" lon="5.1119030">
    <ele>225.0</ele>
   </trkpt>
   <trkpt lat="43.9912710" lon="5.1119350">
    <ele>224.6</ele>
   </trkpt>
   <trkpt lat="43.9912920" lon="5.1119610">
    <ele>224.0</ele>
   </trkpt>
   <trkpt lat="43.9913140" lon="5.1119860">
    <ele>223.4</ele>
   </trkpt>
   <trkpt lat="43.9913340" lon="5.1119960">
    <ele>222.8</ele>
   </trkpt>
   <trkpt lat="43.9913610" lon="5.1120070">
    <ele>222.4</ele>
   </trkpt>
   <trkpt lat="43.9913890" lon="5.1120180">
    <ele>222.0</ele>
   </trkpt>
   <trkpt lat="43.9914200" lon="5.1120310">
    <ele>221.6</ele>
   </trkpt>
   <trkpt lat="43.9914450" lon="5.1120460">
    <ele>221.2</ele>
   </trkpt>
   <trkpt lat="43.9914740" lon="5.1120530">
    <ele>221.0</ele>
   </trkpt>
   <trkpt lat="43.9915060" lon="5.1120560">
    <ele>220.8</ele>
   </trkpt>
   <trkpt lat="43.9915310" lon="5.1120650">
    <ele>220.6</ele>
   </trkpt>
   <trkpt lat="43.9915590" lon="5.1120780">
    <ele>220.4</ele>
   </trkpt>
   <trkpt lat="43.9915800" lon="5.1120880">
    <ele>220.2</ele>
   </trkpt>
   <trkpt lat="43.9916130" lon="5.1120970">
    <ele>220.0</ele>
   </trkpt>
   <trkpt lat="43.9916400" lon="5.1121000">
    <ele>219.8</ele>
   </trkpt>
   <trkpt lat="43.9916760" lon="5.1121040">
    <ele>219.6</ele>
   </trkpt>
   <trkpt lat="43.9916990" lon="5.1121080">
    <ele>219.4</ele>
   </trkpt>
   <trkpt lat="43.9917310" lon="5.1121060">
    <ele>219.2</ele>
   </trkpt>
   <trkpt lat="43.9917560" lon="5.1121070">
    <ele>219.0</ele>
   </trkpt>
   <trkpt lat="43.9917810" lon="5.1121070">
    <ele>219.0</ele>
   </trkpt>
   <trkpt lat="43.9918050" lon="5.1121120">
    <ele>218.8</ele>
   </trkpt>
   <trkpt lat="43.9918310" lon="5.1121130">
    <ele>218.4</ele>
   </trkpt>
   <trkpt lat="43.9918570" lon="5.1121200">
    <ele>218.2</ele>
   </trkpt>
   <trkpt lat="43.9918860" lon="5.1121200">
    <ele>218.0</ele>
   </trkpt>
   <trkpt lat="43.9919260" lon="5.1121250">
    <ele>218.0</ele>
   </trkpt>
   <trkpt lat="43.9919580" lon="5.1121320">
    <ele>217.8</ele>
   </trkpt>
   <trkpt lat="43.9919940" lon="5.1121370">
    <ele>217.6</ele>
   </trkpt>
   <trkpt lat="43.9920270" lon="5.1121430">
    <ele>217.4</ele>
   </trkpt>
   <trkpt lat="43.9920590" lon="5.1121500">
    <ele>217.0</ele>
   </trkpt>
   <trkpt lat="43.9920850" lon="5.1121480">
    <ele>216.8</ele>
   </trkpt>
   <trkpt lat="43.9921100" lon="5.1121480">
    <ele>216.6</ele>
   </trkpt>
   <trkpt lat="43.9921340" lon="5.1121510">
    <ele>216.4</ele>
   </trkpt>
   <trkpt lat="43.9921580" lon="5.1121610">
    <ele>216.2</ele>
   </trkpt>
   <trkpt lat="43.9921900" lon="5.1121690">
    <ele>216.0</ele>
   </trkpt>
   <trkpt lat="43.9922130" lon="5.1121750">
    <ele>215.8</ele>
   </trkpt>
   <trkpt lat="43.9922360" lon="5.1121820">
    <ele>215.6</ele>
   </trkpt>
   <trkpt lat="43.9922620" lon="5.1121850">
    <ele>215.4</ele>
   </trkpt>
   <trkpt lat="43.9922960" lon="5.1121920">
    <ele>215.2</ele>
   </trkpt>
   <trkpt lat="43.9923220" lon="5.1121940">
    <ele>214.8</ele>
   </trkpt>
   <trkpt lat="43.9923540" lon="5.1121950">
    <ele>214.4</ele>
   </trkpt>
   <trkpt lat="43.9923840" lon="5.1122070">
    <ele>214.0</ele>
   </trkpt>
   <trkpt lat="43.9924070" lon="5.1122170">
    <ele>213.6</ele>
   </trkpt>
   <trkpt lat="43.9924350" lon="5.1122430">
    <ele>213.0</ele>
   </trkpt>
   <trkpt lat="43.9924610" lon="5.1122730">
    <ele>212.6</ele>
   </trkpt>
   <trkpt lat="43.9924830" lon="5.1123040">
    <ele>212.2</ele>
   </trkpt>
   <trkpt lat="43.9925000" lon="5.1123520">
    <ele>211.8</ele>
   </trkpt>
   <trkpt lat="43.9925160" lon="5.1123910">
    <ele>211.4</ele>
   </trkpt>
   <trkpt lat="43.9925260" lon="5.1124380">
    <ele>211.0</ele>
   </trkpt>
   <trkpt lat="43.9925360" lon="5.1124810">
    <ele>210.6</ele>
   </trkpt>
   <trkpt lat="43.9925470" lon="5.1125230">
    <ele>210.0</ele>
   </trkpt>
   <trkpt lat="43.9925520" lon="5.1125690">
    <ele>209.4</ele>
   </trkpt>
   <trkpt lat="43.9925560" lon="5.1126020">
    <ele>208.8</ele>
   </trkpt>
   <trkpt lat="43.9925640" lon="5.1126490">
    <ele>208.4</ele>
   </trkpt>
   <trkpt lat="43.9925740" lon="5.1126850">
    <ele>207.8</ele>
   </trkpt>
   <trkpt lat="43.9925840" lon="5.1127270">
    <ele>207.4</ele>
   </trkpt>
   <trkpt lat="43.9925950" lon="5.1127680">
    <ele>206.8</ele>
   </trkpt>
   <trkpt lat="43.9926130" lon="5.1127950">
    <ele>206.4</ele>
   </trkpt>
   <trkpt lat="43.9926470" lon="5.1128110">
    <ele>205.8</ele>
   </trkpt>
   <trkpt lat="43.9926750" lon="5.1128170">
    <ele>205.4</ele>
   </trkpt>
   <trkpt lat="43.9927190" lon="5.1128200">
    <ele>204.8</ele>
   </trkpt>
   <trkpt lat="43.9927530" lon="5.1128200">
    <ele>204.4</ele>
   </trkpt>
   <trkpt lat="43.9927830" lon="5.1128140">
    <ele>204.2</ele>
   </trkpt>
   <trkpt lat="43.9928220" lon="5.1128070">
    <ele>203.8</ele>
   </trkpt>
   <trkpt lat="43.9928500" lon="5.1127950">
    <ele>203.4</ele>
   </trkpt>
   <trkpt lat="43.9928840" lon="5.1127820">
    <ele>203.0</ele>
   </trkpt>
   <trkpt lat="43.9929040" lon="5.1127730">
    <ele>202.8</ele>
   </trkpt>
   <trkpt lat="43.9929310" lon="5.1127710">
    <ele>202.4</ele>
   </trkpt>
   <trkpt lat="43.9929560" lon="5.1127620">
    <ele>202.0</ele>
   </trkpt>
   <trkpt lat="43.9929800" lon="5.1127570">
    <ele>201.8</ele>
   </trkpt>
   <trkpt lat="43.9930060" lon="5.1127600">
    <ele>201.6</ele>
   </trkpt>
   <trkpt lat="43.9930250" lon="5.1127580">
    <ele>201.2</ele>
   </trkpt>
   <trkpt lat="43.9930560" lon="5.1127630">
    <ele>200.8</ele>
   </trkpt>
   <trkpt lat="43.9930820" lon="5.1127580">
    <ele>200.6</ele>
   </trkpt>
   <trkpt lat="43.9931130" lon="5.1127610">
    <ele>200.2</ele>
   </trkpt>
   <trkpt lat="43.9931410" lon="5.1127540">
    <ele>200.0</ele>
   </trkpt>
   <trkpt lat="43.9931730" lon="5.1127520">
    <ele>199.8</ele>
   </trkpt>
   <trkpt lat="43.9932010" lon="5.1127490">
    <ele>199.6</ele>
   </trkpt>
   <trkpt lat="43.9932300" lon="5.1127490">
    <ele>199.4</ele>
   </trkpt>
   <trkpt lat="43.9932570" lon="5.1127470">
    <ele>199.4</ele>
   </trkpt>
   <trkpt lat="43.9932840" lon="5.1127500">
    <ele>199.2</ele>
   </trkpt>
   <trkpt lat="43.9933090" lon="5.1127510">
    <ele>199.0</ele>
   </trkpt>
   <trkpt lat="43.9933360" lon="5.1127500">
    <ele>198.8</ele>
   </trkpt>
   <trkpt lat="43.9933620" lon="5.1127490">
    <ele>198.6</ele>
   </trkpt>
   <trkpt lat="43.9933910" lon="5.1127480">
    <ele>198.6</ele>
   </trkpt>
   <trkpt lat="43.9934210" lon="5.1127450">
    <ele>198.4</ele>
   </trkpt>
   <trkpt lat="43.9934480" lon="5.1127440">
    <ele>198.2</ele>
   </trkpt>
   <trkpt lat="43.9934800" lon="5.1127400">
    <ele>198.0</ele>
   </trkpt>
   <trkpt lat="43.9935070" lon="5.1127340">
    <ele>197.8</ele>
   </trkpt>
   <trkpt lat="43.9935430" lon="5.1127310">
    <ele>197.6</ele>
   </trkpt>
   <trkpt lat="43.9935730" lon="5.1127270">
    <ele>197.6</ele>
   </trkpt>
   <trkpt lat="43.9936030" lon="5.1127170">
    <ele>197.4</ele>
   </trkpt>
   <trkpt lat="43.9936280" lon="5.1127070">
    <ele>197.4</ele>
   </trkpt>
   <trkpt lat="43.9936570" lon="5.1126900">
    <ele>197.2</ele>
   </trkpt>
   <trkpt lat="43.9936770" lon="5.1126690">
    <ele>197.0</ele>
   </trkpt>
   <trkpt lat="43.9937000" lon="5.1126450">
    <ele>197.0</ele>
   </trkpt>
   <trkpt lat="43.9937180" lon="5.1126250">
    <ele>197.0</ele>
   </trkpt>
   <trkpt lat="43.9937390" lon="5.1126020">
    <ele>197.0</ele>
   </trkpt>
   <trkpt lat="43.9937550" lon="5.1125890">
    <ele>197.0</ele>
   </trkpt>
   <trkpt lat="43.9937820" lon="5.1125720">
    <ele>197.2</ele>
   </trkpt>
   <trkpt lat="43.9937980" lon="5.1125530">
    <ele>197.4</ele>
   </trkpt>
   <trkpt lat="43.9938210" lon="5.1125320">
    <ele>197.6</ele>
   </trkpt>
   <trkpt lat="43.9938370" lon="5.1125160">
    <ele>197.8</ele>
   </trkpt>
   <trkpt lat="43.9938620" lon="5.1124950">
    <ele>198.0</ele>
   </trkpt>
   <trkpt lat="43.9938850" lon="5.1124820">
    <ele>198.2</ele>
   </trkpt>
   <trkpt lat="43.9939110" lon="5.1124640">
    <ele>198.4</ele>
   </trkpt>
   <trkpt lat="43.9939290" lon="5.1124490">
    <ele>198.4</ele>
   </trkpt>
   <trkpt lat="43.9939480" lon="5.1124300">
    <ele>198.6</ele>
   </trkpt>
   <trkpt lat="43.9939650" lon="5.1124110">
    <ele>198.6</ele>
   </trkpt>
   <trkpt lat="43.9939840" lon="5.1123950">
    <ele>198.8</ele>
   </trkpt>
   <trkpt lat="43.9940010" lon="5.1123800">
    <ele>198.8</ele>
   </trkpt>
   <trkpt lat="43.9940200" lon="5.1123660">
    <ele>199.0</ele>
   </trkpt>
   <trkpt lat="43.9940370" lon="5.1123550">
    <ele>199.2</ele>
   </trkpt>
   <trkpt lat="43.9940570" lon="5.1123390">
    <ele>199.4</ele>
   </trkpt>
   <trkpt lat="43.9940740" lon="5.1123250">
    <ele>199.4</ele>
   </trkpt>
   <trkpt lat="43.9940920" lon="5.1123120">
    <ele>199.6</ele>
   </trkpt>
   <trkpt lat="43.9941100" lon="5.1122910">
    <ele>199.8</ele>
   </trkpt>
   <trkpt lat="43.9941300" lon="5.1122730">
    <ele>200.0</ele>
   </trkpt>
   <trkpt lat="43.9941470" lon="5.1122550">
    <ele>200.0</ele>
   </trkpt>
   <trkpt lat="43.9941680" lon="5.1122360">
    <ele>200.2</ele>
   </trkpt>
   <trkpt lat="43.9941860" lon="5.1122140">
    <ele>200.4</ele>
   </trkpt>
   <trkpt lat="43.9942010" lon="5.1121920">
    <ele>200.4</ele>
   </trkpt>
   <trkpt lat="43.9942210" lon="5.1121740">
    <ele>200.4</ele>
   </trkpt>
   <trkpt lat="43.9942410" lon="5.1121570">
    <ele>200.4</ele>
   </trkpt>
   <trkpt lat="43.9942680" lon="5.1121390">
    <ele>200.4</ele>
   </trkpt>
   <trkpt lat="43.9942880" lon="5.1121210">
    <ele>200.4</ele>
   </trkpt>
   <trkpt lat="43.9943060" lon="5.1121000">
    <ele>200.4</ele>
   </trkpt>
   <trkpt lat="43.9943280" lon="5.1120760">
    <ele>200.4</ele>
   </trkpt>
   <trkpt lat="43.9943530" lon="5.1120530">
    <ele>200.6</ele>
   </trkpt>
   <trkpt lat="43.9943700" lon="5.1120380">
    <ele>200.6</ele>
   </trkpt>
   <trkpt lat="43.9943940" lon="5.1120180">
    <ele>200.6</ele>
   </trkpt>
   <trkpt lat="43.9944110" lon="5.1119990">
    <ele>200.8</ele>
   </trkpt>
   <trkpt lat="43.9944360" lon="5.1119710">
    <ele>200.8</ele>
   </trkpt>
   <trkpt lat="43.9944500" lon="5.1119540">
    <ele>200.8</ele>
   </trkpt>
   <trkpt lat="43.9944750" lon="5.1119390">
    <ele>200.8</ele>
   </trkpt>
   <trkpt lat="43.9944900" lon="5.1119240">
    <ele>200.8</ele>
   </trkpt>
   <trkpt lat="43.9945100" lon="5.1119020">
    <ele>200.8</ele>
   </trkpt>
   <trkpt lat="43.9945260" lon="5.1118870">
    <ele>201.0</ele>
   </trkpt>
   <trkpt lat="43.9945490" lon="5.1118680">
    <ele>201.0</ele>
   </trkpt>
   <trkpt lat="43.9945630" lon="5.1118450">
    <ele>201.2</ele>
   </trkpt>
   <trkpt lat="43.9945820" lon="5.1118250">
    <ele>201.4</ele>
   </trkpt>
   <trkpt lat="43.9946050" lon="5.1118070">
    <ele>201.4</ele>
   </trkpt>
   <trkpt lat="43.9946240" lon="5.1117850">
    <ele>201.6</ele>
   </trkpt>
   <trkpt lat="43.9946450" lon="5.1117720">
    <ele>201.8</ele>
   </trkpt>
   <trkpt lat="43.9946690" lon="5.1117570">
    <ele>202.0</ele>
   </trkpt>
   <trkpt lat="43.9946900" lon="5.1117440">
    <ele>202.2</ele>
   </trkpt>
   <trkpt lat="43.9947110" lon="5.1117240">
    <ele>202.4</ele>
   </trkpt>
   <trkpt lat="43.9947320" lon="5.1117050">
    <ele>202.4</ele>
   </trkpt>
   <trkpt lat="43.9947410" lon="5.1116960">
    <ele>202.6</ele>
   </trkpt>
   <trkpt lat="43.9947560" lon="5.1116880">
    <ele>202.8</ele>
   </trkpt>
   <trkpt lat="43.9947650" lon="5.1116800">
    <ele>202.8</ele>
   </trkpt>
   <trkpt lat="43.9947750" lon="5.1116680">
    <ele>203.0</ele>
   </trkpt>
   <trkpt lat="43.9947820" lon="5.1116580">
    <ele>203.0</ele>
   </trkpt>
   <trkpt lat="43.9947910" lon="5.1116520">
    <ele>203.0</ele>
   </trkpt>
   <trkpt lat="43.9948020" lon="5.1116340">
    <ele>203.2</ele>
   </trkpt>
   <trkpt lat="43.9948140" lon="5.1116210">
    <ele>203.2</ele>
   </trkpt>
   <trkpt lat="43.9948200" lon="5.1116040">
    <ele>203.2</ele>
   </trkpt>
   <trkpt lat="43.9948270" lon="5.1115900">
    <ele>203.4</ele>
   </trkpt>
   <trkpt lat="43.9948320" lon="5.1115820">
    <ele>203.4</ele>
   </trkpt>
   <trkpt lat="43.9948440" lon="5.1115670">
    <ele>203.6</ele>
   </trkpt>
   <trkpt lat="43.9948600" lon="5.1115440">
    <ele>203.8</ele>
   </trkpt>
   <trkpt lat="43.9948720" lon="5.1115350">
    <ele>204.0</ele>
   </trkpt>
   <trkpt lat="43.9948890" lon="5.1115150">
    <ele>204.2</ele>
   </trkpt>
   <trkpt lat="43.9948990" lon="5.1115000">
    <ele>204.4</ele>
   </trkpt>
   <trkpt lat="43.9949160" lon="5.1114730">
    <ele>204.8</ele>
   </trkpt>
   <trkpt lat="43.9949290" lon="5.1114530">
    <ele>205.0</ele>
   </trkpt>
   <trkpt lat="43.9949510" lon="5.1114260">
    <ele>205.0</ele>
   </trkpt>
   <trkpt lat="43.9949650" lon="5.1114080">
    <ele>205.2</ele>
   </trkpt>
   <trkpt lat="43.9949850" lon="5.1113820">
    <ele>205.4</ele>
   </trkpt>
   <trkpt lat="43.9950010" lon="5.1113600">
    <ele>205.6</ele>
   </trkpt>
   <trkpt lat="43.9950210" lon="5.1113330">
    <ele>205.8</ele>
   </trkpt>
   <trkpt lat="43.9950320" lon="5.1113110">
    <ele>205.8</ele>
   </trkpt>
   <trkpt lat="43.9950530" lon="5.1112800">
    <ele>206.0</ele>
   </trkpt>
   <trkpt lat="43.9950650" lon="5.1112560">
    <ele>206.2</ele>
   </trkpt>
   <trkpt lat="43.9950890" lon="5.1112290">
    <ele>206.2</ele>
   </trkpt>
   <trkpt lat="43.9951020" lon="5.1112060">
    <ele>206.4</ele>
   </trkpt>
   <trkpt lat="43.9951220" lon="5.1111840">
    <ele>206.4</ele>
   </trkpt>
   <trkpt lat="43.9951380" lon="5.1111680">
    <ele>206.4</ele>
   </trkpt>
   <trkpt lat="43.9951620" lon="5.1111500">
    <ele>206.4</ele>
   </trkpt>
   <trkpt lat="43.9951780" lon="5.1111350">
    <ele>206.6</ele>
   </trkpt>
   <trkpt lat="43.9952020" lon="5.1111170">
    <ele>206.8</ele>
   </trkpt>
   <trkpt lat="43.9952200" lon="5.1111040">
    <ele>207.0</ele>
   </trkpt>
   <trkpt lat="43.9952440" lon="5.1110930">
    <ele>207.0</ele>
   </trkpt>
   <trkpt lat="43.9952610" lon="5.1110810">
    <ele>207.2</ele>
   </trkpt>
   <trkpt lat="43.9952870" lon="5.1110730">
    <ele>207.2</ele>
   </trkpt>
   <trkpt lat="43.9952990" lon="5.1110590">
    <ele>207.4</ele>
   </trkpt>
   <trkpt lat="43.9953240" lon="5.1110460">
    <ele>207.6</ele>
   </trkpt>
   <trkpt lat="43.9953360" lon="5.1110330">
    <ele>208.0</ele>
   </trkpt>
   <trkpt lat="43.9953620" lon="5.1110170">
    <ele>208.2</ele>
   </trkpt>
   <trkpt lat="43.9953740" lon="5.1110000">
    <ele>208.4</ele>
   </trkpt>
   <trkpt lat="43.9953980" lon="5.1109780">
    <ele>208.6</ele>
   </trkpt>
   <trkpt lat="43.9954130" lon="5.1109570">
    <ele>208.8</ele>
   </trkpt>
   <trkpt lat="43.9954350" lon="5.1109370">
    <ele>208.8</ele>
   </trkpt>
   <trkpt lat="43.9954440" lon="5.1109200">
    <ele>209.0</ele>
   </trkpt>
   <trkpt lat="43.9954630" lon="5.1109050">
    <ele>209.2</ele>
   </trkpt>
   <trkpt lat="43.9954710" lon="5.1108910">
    <ele>209.4</ele>
   </trkpt>
   <trkpt lat="43.9954950" lon="5.1108760">
    <ele>209.6</ele>
   </trkpt>
   <trkpt lat="43.9955040" lon="5.1108630">
    <ele>209.8</ele>
   </trkpt>
   <trkpt lat="43.9955230" lon="5.1108500">
    <ele>210.0</ele>
   </trkpt>
   <trkpt lat="43.9955370" lon="5.1108350">
    <ele>210.2</ele>
   </trkpt>
   <trkpt lat="43.9955590" lon="5.1108170">
    <ele>210.4</ele>
   </trkpt>
   <trkpt lat="43.9955780" lon="5.1108040">
    <ele>210.6</ele>
   </trkpt>
   <trkpt lat="43.9956010" lon="5.1107860">
    <ele>210.8</ele>
   </trkpt>
   <trkpt lat="43.9956200" lon="5.1107700">
    <ele>210.8</ele>
   </trkpt>
   <trkpt lat="43.9956460" lon="5.1107520">
    <ele>211.0</ele>
   </trkpt>
   <trkpt lat="43.9956650" lon="5.1107330">
    <ele>211.2</ele>
   </trkpt>
   <trkpt lat="43.9956840" lon="5.1107110">
    <ele>211.2</ele>
   </trkpt>
   <trkpt lat="43.9957020" lon="5.1106920">
    <ele>211.4</ele>
   </trkpt>
   <trkpt lat="43.9957200" lon="5.1106690">
    <ele>211.6</ele>
   </trkpt>
   <trkpt lat="43.9957390" lon="5.1106500">
    <ele>211.8</ele>
   </trkpt>
   <trkpt lat="43.9957520" lon="5.1106340">
    <ele>212.0</ele>
   </trkpt>
   <trkpt lat="43.9957720" lon="5.1106130">
    <ele>212.0</ele>
   </trkpt>
   <trkpt lat="43.9957900" lon="5.1105980">
    <ele>212.0</ele>
   </trkpt>
   <trkpt lat="43.9958120" lon="5.1105690">
    <ele>212.0</ele>
   </trkpt>
   <trkpt lat="43.9958280" lon="5.1105460">
    <ele>212.0</ele>
   </trkpt>
   <trkpt lat="43.9958490" lon="5.1105240">
    <ele>211.8</ele>
   </trkpt>
   <trkpt lat="43.9958670" lon="5.1105030">
    <ele>211.8</ele>
   </trkpt>
   <trkpt lat="43.9958920" lon="5.1104840">
    <ele>211.6</ele>
   </trkpt>
   <trkpt lat="43.9959100" lon="5.1104650">
    <ele>211.6</ele>
   </trkpt>
   <trkpt lat="43.9959310" lon="5.1104440">
    <ele>211.6</ele>
   </trkpt>
   <trkpt lat="43.9959480" lon="5.1104280">
    <ele>211.6</ele>
   </trkpt>
   <trkpt lat="43.9959700" lon="5.1104050">
    <ele>211.6</ele>
   </trkpt>
   <trkpt lat="43.9959830" lon="5.1103850">
    <ele>211.6</ele>
   </trkpt>
   <trkpt lat="43.9960050" lon="5.1103640">
    <ele>211.8</ele>
   </trkpt>
   <trkpt lat="43.9960230" lon="5.1103430">
    <ele>211.8</ele>
   </trkpt>
   <trkpt lat="43.9960490" lon="5.1103170">
    <ele>212.0</ele>
   </trkpt>
   <trkpt lat="43.9960720" lon="5.1102990">
    <ele>212.0</ele>
   </trkpt>
   <trkpt lat="43.9961000" lon="5.1102800">
    <ele>212.2</ele>
   </trkpt>
   <trkpt lat="43.9961180" lon="5.1102580">
    <ele>212.2</ele>
   </trkpt>
   <trkpt lat="43.9961370" lon="5.1102440">
    <ele>212.4</ele>
   </trkpt>
   <trkpt lat="43.9961500" lon="5.1102310">
    <ele>212.4</ele>
   </trkpt>
   <trkpt lat="43.9961760" lon="5.1102170">
    <ele>212.6</ele>
   </trkpt>
   <trkpt lat="43.9961900" lon="5.1101970">
    <ele>212.8</ele>
   </trkpt>
   <trkpt lat="43.9962220" lon="5.1101750">
    <ele>212.8</ele>
   </trkpt>
   <trkpt lat="43.9962390" lon="5.1101660">
    <ele>212.8</ele>
   </trkpt>
   <trkpt lat="43.9962630" lon="5.1101480">
    <ele>213.0</ele>
   </trkpt>
   <trkpt lat="43.9962770" lon="5.1101330">
    <ele>213.0</ele>
   </trkpt>
   <trkpt lat="43.9963030" lon="5.1101100">
    <ele>213.2</ele>
   </trkpt>
   <trkpt lat="43.9963140" lon="5.1100830">
    <ele>213.4</ele>
   </trkpt>
   <trkpt lat="43.9963230" lon="5.1100520">
    <ele>213.6</ele>
   </trkpt>
   <trkpt lat="43.9963240" lon="5.1100290">
    <ele>213.8</ele>
   </trkpt>
   <trkpt lat="43.9963220" lon="5.1100010">
    <ele>214.0</ele>
   </trkpt>
   <trkpt lat="43.9963190" lon="5.1099780">
    <ele>214.2</ele>
   </trkpt>
   <trkpt lat="43.9963140" lon="5.1099480">
    <ele>214.2</ele>
   </trkpt>
   <trkpt lat="43.9963080" lon="5.1099210">
    <ele>214.2</ele>
   </trkpt>
   <trkpt lat="43.9962980" lon="5.1098980">
    <ele>214.2</ele>
   </trkpt>
   <trkpt lat="43.9962860" lon="5.1098660">
    <ele>214.2</ele>
   </trkpt>
   <trkpt lat="43.9962730" lon="5.1098490">
    <ele>214.4</ele>
   </trkpt>
   <trkpt lat="43.9962590" lon="5.1098250">
    <ele>214.4</ele>
   </trkpt>
   <trkpt lat="43.9962500" lon="5.1098040">
    <ele>214.6</ele>
   </trkpt>
   <trkpt lat="43.9962400" lon="5.1097820">
    <ele>215.0</ele>
   </trkpt>
   <trkpt lat="43.9962270" lon="5.1097580">
    <ele>215.2</ele>
   </trkpt>
   <trkpt lat="43.9962160" lon="5.1097440">
    <ele>215.4</ele>
   </trkpt>
   <trkpt lat="43.9962010" lon="5.1097190">
    <ele>215.6</ele>
   </trkpt>
   <trkpt lat="43.9961910" lon="5.1097030">
    <ele>216.0</ele>
   </trkpt>
   <trkpt lat="43.9961780" lon="5.1096810">
    <ele>216.2</ele>
   </trkpt>
   <trkpt lat="43.9961730" lon="5.1096680">
    <ele>216.6</ele>
   </trkpt>
   <trkpt lat="43.9961650" lon="5.1096530">
    <ele>216.8</ele>
   </trkpt>
   <trkpt lat="43.9961550" lon="5.1096380">
    <ele>217.2</ele>
   </trkpt>
   <trkpt lat="43.9961470" lon="5.1096290">
    <ele>217.6</ele>
   </trkpt>
   <trkpt lat="43.9961340" lon="5.1096050">
    <ele>217.8</ele>
   </trkpt>
   <trkpt lat="43.9961270" lon="5.1095950">
    <ele>218.0</ele>
   </trkpt>
   <trkpt lat="43.9961180" lon="5.1095750">
    <ele>218.4</ele>
   </trkpt>
   <trkpt lat="43.9961060" lon="5.1095590">
    <ele>218.6</ele>
   </trkpt>
   <trkpt lat="43.9960940" lon="5.1095500">
    <ele>218.8</ele>
   </trkpt>
   <trkpt lat="43.9960790" lon="5.1095320">
    <ele>219.2</ele>
   </trkpt>
   <trkpt lat="43.9960660" lon="5.1095200">
    <ele>219.4</ele>
   </trkpt>
   <trkpt lat="43.9960470" lon="5.1094950">
    <ele>219.8</ele>
   </trkpt>
   <trkpt lat="43.9960340" lon="5.1094800">
    <ele>220.0</ele>
   </trkpt>
   <trkpt lat="43.9960260" lon="5.1094600">
    <ele>220.4</ele>
   </trkpt>
   <trkpt lat="43.9960200" lon="5.1094340">
    <ele>220.6</ele>
   </trkpt>
   <trkpt lat="43.9960130" lon="5.1094150">
    <ele>221.0</ele>
   </trkpt>
   <trkpt lat="43.9960110" lon="5.1093880">
    <ele>221.2</ele>
   </trkpt>
   <trkpt lat="43.9960060" lon="5.1093710">
    <ele>221.6</ele>
   </trkpt>
   <trkpt lat="43.9960030" lon="5.1093480">
    <ele>221.8</ele>
   </trkpt>
   <trkpt lat="43.9959950" lon="5.1093130">
    <ele>222.2</ele>
   </trkpt>
   <trkpt lat="43.9959870" lon="5.1092910">
    <ele>222.4</ele>
   </trkpt>
   <trkpt lat="43.9959810" lon="5.1092590">
    <ele>222.8</ele>
   </trkpt>
   <trkpt lat="43.9959730" lon="5.1092360">
    <ele>223.0</ele>
   </trkpt>
   <trkpt lat="43.9959660" lon="5.1092060">
    <ele>223.2</ele>
   </trkpt>
   <trkpt lat="43.9959660" lon="5.1091850">
    <ele>223.4</ele>
   </trkpt>
   <trkpt lat="43.9959600" lon="5.1091650">
    <ele>223.6</ele>
   </trkpt>
   <trkpt lat="43.9959570" lon="5.1091390">
    <ele>223.8</ele>
   </trkpt>
   <trkpt lat="43.9959540" lon="5.1091190">
    <ele>223.8</ele>
   </trkpt>
   <trkpt lat="43.9959490" lon="5.1090870">
    <ele>224.0</ele>
   </trkpt>
   <trkpt lat="43.9959430" lon="5.1090680">
    <ele>224.0</ele>
   </trkpt>
   <trkpt lat="43.9959420" lon="5.1090460">
    <ele>224.2</ele>
   </trkpt>
   <trkpt lat="43.9959400" lon="5.1090150">
    <ele>224.2</ele>
   </trkpt>
   <trkpt lat="43.9959370" lon="5.1089900">
    <ele>224.4</ele>
   </trkpt>
   <trkpt lat="43.9959350" lon="5.1089570">
    <ele>224.4</ele>
   </trkpt>
   <trkpt lat="43.9959310" lon="5.1089300">
    <ele>224.6</ele>
   </trkpt>
   <trkpt lat="43.9959300" lon="5.1089010">
    <ele>224.6</ele>
   </trkpt>
   <trkpt lat="43.9959290" lon="5.1088720">
    <ele>224.8</ele>
   </trkpt>
   <trkpt lat="43.9959260" lon="5.1088510">
    <ele>225.0</ele>
   </trkpt>
   <trkpt lat="43.9959300" lon="5.1088250">
    <ele>225.4</ele>
   </trkpt>
   <trkpt lat="43.9959250" lon="5.1087970">
    <ele>225.6</ele>
   </trkpt>
   <trkpt lat="43.9959250" lon="5.1087700">
    <ele>225.8</ele>
   </trkpt>
   <trkpt lat="43.9959250" lon="5.1087450">
    <ele>226.2</ele>
   </trkpt>
   <trkpt lat="43.9959380" lon="5.1087170">
    <ele>226.4</ele>
   </trkpt>
   <trkpt lat="43.9959470" lon="5.1086890">
    <ele>226.6</ele>
   </trkpt>
   <trkpt lat="43.9959500" lon="5.1086650">
    <ele>226.6</ele>
   </trkpt>
   <trkpt lat="43.9959580" lon="5.1086370">
    <ele>226.8</ele>
   </trkpt>
   <trkpt lat="43.9959580" lon="5.1086120">
    <ele>227.0</ele>
   </trkpt>
   <trkpt lat="43.9959610" lon="5.1085890">
    <ele>227.0</ele>
   </trkpt>
   <trkpt lat="43.9959610" lon="5.1085690">
    <ele>227.2</ele>
   </trkpt>
   <trkpt lat="43.9959650" lon="5.1085440">
    <ele>227.4</ele>
   </trkpt>
   <trkpt lat="43.9959710" lon="5.1085160">
    <ele>227.4</ele>
   </trkpt>
   <trkpt lat="43.9959730" lon="5.1084910">
    <ele>227.4</ele>
   </trkpt>
   <trkpt lat="43.9959760" lon="5.1084580">
    <ele>227.4</ele>
   </trkpt>
   <trkpt lat="43.9959760" lon="5.1084300">
    <ele>227.4</ele>
   </trkpt>
   <trkpt lat="43.9959790" lon="5.1083970">
    <ele>227.6</ele>
   </trkpt>
   <trkpt lat="43.9959800" lon="5.1083690">
    <ele>227.6</ele>
   </trkpt>
   <trkpt lat="43.9959820" lon="5.1083340">
    <ele>227.6</ele>
   </trkpt>
   <trkpt lat="43.9959800" lon="5.1083080">
    <ele>227.6</ele>
   </trkpt>
   <trkpt lat="43.9959810" lon="5.1082780">
    <ele>227.6</ele>
   </trkpt>
   <trkpt lat="43.9959820" lon="5.1082430">
    <ele>227.6</ele>
   </trkpt>
   <trkpt lat="43.9959840" lon="5.1082130">
    <ele>227.6</ele>
   </trkpt>
   <trkpt lat="43.9959880" lon="5.1081800">
    <ele>227.6</ele>
   </trkpt>
   <trkpt lat="43.9959880" lon="5.1081500">
    <ele>227.6</ele>
   </trkpt>
   <trkpt lat="43.9959890" lon="5.1081160">
    <ele>227.6</ele>
   </trkpt>
   <trkpt lat="43.9959890" lon="5.1080840">
    <ele>227.6</ele>
   </trkpt>
   <trkpt lat="43.9959860" lon="5.1080450">
    <ele>227.6</ele>
   </trkpt>
   <trkpt lat="43.9959790" lon="5.1080170">
    <ele>227.6</ele>
   </trkpt>
   <trkpt lat="43.9959800" lon="5.1079810">
    <ele>227.6</ele>
   </trkpt>
   <trkpt lat="43.9959760" lon="5.1079510">
    <ele>227.6</ele>
   </trkpt>
   <trkpt lat="43.9959820" lon="5.1079150">
    <ele>227.6</ele>
   </trkpt>
   <trkpt lat="43.9959820" lon="5.1078880">
    <ele>227.6</ele>
   </trkpt>
   <trkpt lat="43.9959830" lon="5.1078490">
    <ele>227.6</ele>
   </trkpt>
   <trkpt lat="43.9959830" lon="5.1078270">
    <ele>227.6</ele>
   </trkpt>
   <trkpt lat="43.9959880" lon="5.1077830">
    <ele>227.6</ele>
   </trkpt>
   <trkpt lat="43.9959900" lon="5.1077580">
    <ele>227.6</ele>
   </trkpt>
   <trkpt lat="43.9959920" lon="5.1077230">
    <ele>227.6</ele>
   </trkpt>
   <trkpt lat="43.9959910" lon="5.1076930">
    <ele>227.6</ele>
   </trkpt>
   <trkpt lat="43.9959930" lon="5.1076600">
    <ele>227.6</ele>
   </trkpt>
   <trkpt lat="43.9959950" lon="5.1076320">
    <ele>227.8</ele>
   </trkpt>
   <trkpt lat="43.9959920" lon="5.1076020">
    <ele>227.8</ele>
   </trkpt>
   <trkpt lat="43.9959880" lon="5.1075690">
    <ele>227.8</ele>
   </trkpt>
   <trkpt lat="43.9959850" lon="5.1075380">
    <ele>227.8</ele>
   </trkpt>
   <trkpt lat="43.9959810" lon="5.1075020">
    <ele>227.8</ele>
   </trkpt>
   <trkpt lat="43.9959720" lon="5.1074710">
    <ele>228.0</ele>
   </trkpt>
   <trkpt lat="43.9959680" lon="5.1074360">
    <ele>228.0</ele>
   </trkpt>
   <trkpt lat="43.9959640" lon="5.1074100">
    <ele>228.0</ele>
   </trkpt>
   <trkpt lat="43.9959630" lon="5.1073820">
    <ele>228.2</ele>
   </trkpt>
   <trkpt lat="43.9959640" lon="5.1073530">
    <ele>228.4</ele>
   </trkpt>
   <trkpt lat="43.9959590" lon="5.1073260">
    <ele>228.4</ele>
   </trkpt>
   <trkpt lat="43.9959580" lon="5.1072970">
    <ele>228.6</ele>
   </trkpt>
   <trkpt lat="43.9959570" lon="5.1072720">
    <ele>228.6</ele>
   </trkpt>
   <trkpt lat="43.9959570" lon="5.1072400">
    <ele>228.8</ele>
   </trkpt>
   <trkpt lat="43.9959550" lon="5.1072060">
    <ele>229.0</ele>
   </trkpt>
   <trkpt lat="43.9959640" lon="5.1071690">
    <ele>229.2</ele>
   </trkpt>
   <trkpt lat="43.9959660" lon="5.1071450">
    <ele>229.4</ele>
   </trkpt>
   <trkpt lat="43.9959820" lon="5.1071150">
    <ele>229.6</ele>
   </trkpt>
   <trkpt lat="43.9959920" lon="5.1070960">
    <ele>229.6</ele>
   </trkpt>
   <trkpt lat="43.9960150" lon="5.1070700">
    <ele>229.8</ele>
   </trkpt>
   <trkpt lat="43.9960270" lon="5.1070540">
    <ele>230.0</ele>
   </trkpt>
   <trkpt lat="43.9960510" lon="5.1070330">
    <ele>230.0</ele>
   </trkpt>
   <trkpt lat="43.9960660" lon="5.1070150">
    <ele>230.2</ele>
   </trkpt>
   <trkpt lat="43.9960920" lon="5.1069950">
    <ele>230.2</ele>
   </trkpt>
   <trkpt lat="43.9961130" lon="5.1069870">
    <ele>230.4</ele>
   </trkpt>
   <trkpt lat="43.9961390" lon="5.1069730">
    <ele>230.4</ele>
   </trkpt>
   <trkpt lat="43.9961610" lon="5.1069630">
    <ele>230.4</ele>
   </trkpt>
   <trkpt lat="43.9961840" lon="5.1069500">
    <ele>230.4</ele>
   </trkpt>
   <trkpt lat="43.9962100" lon="5.1069380">
    <ele>230.2</ele>
   </trkpt>
   <trkpt lat="43.9962320" lon="5.1069250">
    <ele>230.2</ele>
   </trkpt>
   <trkpt lat="43.9962540" lon="5.1069120">
    <ele>230.0</ele>
   </trkpt>
   <trkpt lat="43.9962740" lon="5.1068930">
    <ele>230.0</ele>
   </trkpt>
   <trkpt lat="43.9962960" lon="5.1068720">
    <ele>230.0</ele>
   </trkpt>
   <trkpt lat="43.9963110" lon="5.1068500">
    <ele>229.8</ele>
   </trkpt>
   <trkpt lat="43.9963210" lon="5.1068130">
    <ele>229.8</ele>
   </trkpt>
   <trkpt lat="43.9963220" lon="5.1067840">
    <ele>229.8</ele>
   </trkpt>
   <trkpt lat="43.9963250" lon="5.1067480">
    <ele>229.8</ele>
   </trkpt>
   <trkpt lat="43.9963180" lon="5.1067160">
    <ele>229.8</ele>
   </trkpt>
   <trkpt lat="43.9963120" lon="5.1066720">
    <ele>230.0</ele>
   </trkpt>
   <trkpt lat="43.9963020" lon="5.1066400">
    <ele>230.0</ele>
   </trkpt>
   <trkpt lat="43.9962890" lon="5.1066030">
    <ele>230.0</ele>
   </trkpt>
   <trkpt lat="43.9962760" lon="5.1065790">
    <ele>230.0</ele>
   </trkpt>
   <trkpt lat="43.9962630" lon="5.1065420">
    <ele>230.0</ele>
   </trkpt>
   <trkpt lat="43.9962530" lon="5.1065190">
    <ele>230.0</ele>
   </trkpt>
   <trkpt lat="43.9962430" lon="5.1064870">
    <ele>230.2</ele>
   </trkpt>
   <trkpt lat="43.9962360" lon="5.1064640">
    <ele>230.2</ele>
   </trkpt>
   <trkpt lat="43.9962260" lon="5.1064310">
    <ele>230.4</ele>
   </trkpt>
   <trkpt lat="43.9962140" lon="5.1064070">
    <ele>230.6</ele>
   </trkpt>
   <trkpt lat="43.9962010" lon="5.1063740">
    <ele>230.8</ele>
   </trkpt>
   <trkpt lat="43.9961900" lon="5.1063470">
    <ele>230.8</ele>
   </trkpt>
   <trkpt lat="43.9961760" lon="5.1063200">
    <ele>231.0</ele>
   </trkpt>
   <trkpt lat="43.9961650" lon="5.1062990">
    <ele>231.2</ele>
   </trkpt>
   <trkpt lat="43.9961490" lon="5.1062740">
    <ele>231.2</ele>
   </trkpt>
   <trkpt lat="43.9961380" lon="5.1062520">
    <ele>231.2</ele>
   </trkpt>
   <trkpt lat="43.9961240" lon="5.1062250">
    <ele>231.4</ele>
   </trkpt>
   <trkpt lat="43.9961130" lon="5.1061990">
    <ele>231.4</ele>
   </trkpt>
   <trkpt lat="43.9961020" lon="5.1061740">
    <ele>231.4</ele>
   </trkpt>
   <trkpt lat="43.9960920" lon="5.1061450">
    <ele>231.4</ele>
   </trkpt>
   <trkpt lat="43.9960810" lon="5.1061210">
    <ele>231.6</ele>
   </trkpt>
   <trkpt lat="43.9960730" lon="5.1060910">
    <ele>231.6</ele>
   </trkpt>
   <trkpt lat="43.9960610" lon="5.1060670">
    <ele>231.8</ele>
   </trkpt>
   <trkpt lat="43.9960450" lon="5.1060370">
    <ele>231.8</ele>
   </trkpt>
   <trkpt lat="43.9960280" lon="5.1060130">
    <ele>232.0</ele>
   </trkpt>
   <trkpt lat="43.9960110" lon="5.1059900">
    <ele>232.2</ele>
   </trkpt>
   <trkpt lat="43.9959950" lon="5.1059700">
    <ele>232.4</ele>
   </trkpt>
   <trkpt lat="43.9959800" lon="5.1059500">
    <ele>232.6</ele>
   </trkpt>
   <trkpt lat="43.9959650" lon="5.1059290">
    <ele>232.8</ele>
   </trkpt>
   <trkpt lat="43.9959500" lon="5.1059020">
    <ele>233.0</ele>
   </trkpt>
   <trkpt lat="43.9959360" lon="5.1058830">
    <ele>233.2</ele>
   </trkpt>
   <trkpt lat="43.9959220" lon="5.1058550">
    <ele>233.4</ele>
   </trkpt>
   <trkpt lat="43.9959100" lon="5.1058340">
    <ele>233.4</ele>
   </trkpt>
   <trkpt lat="43.9958960" lon="5.1058010">
    <ele>233.4</ele>
   </trkpt>
   <trkpt lat="43.9958800" lon="5.1057680">
    <ele>233.4</ele>
   </trkpt>
   <trkpt lat="43.9958670" lon="5.1057350">
    <ele>233.2</ele>
   </trkpt>
   <trkpt lat="43.9958550" lon="5.1057020">
    <ele>233.0</ele>
   </trkpt>
   <trkpt lat="43.9958380" lon="5.1056720">
    <ele>232.8</ele>
   </trkpt>
   <trkpt lat="43.9958230" lon="5.1056370">
    <ele>232.8</ele>
   </trkpt>
   <trkpt lat="43.9958090" lon="5.1056080">
    <ele>232.6</ele>
   </trkpt>
   <trkpt lat="43.9957920" lon="5.1055750">
    <ele>232.4</ele>
   </trkpt>
   <trkpt lat="43.9957810" lon="5.1055490">
    <ele>232.2</ele>
   </trkpt>
   <trkpt lat="43.9957640" lon="5.1055130">
    <ele>232.0</ele>
   </trkpt>
   <trkpt lat="43.9957530" lon="5.1054830">
    <ele>231.8</ele>
   </trkpt>
   <trkpt lat="43.9957400" lon="5.1054530">
    <ele>231.8</ele>
   </trkpt>
   <trkpt lat="43.9957270" lon="5.1054160">
    <ele>231.6</ele>
   </trkpt>
   <trkpt lat="43.9957160" lon="5.1053860">
    <ele>231.4</ele>
   </trkpt>
   <trkpt lat="43.9957130" lon="5.1053410">
    <ele>231.2</ele>
   </trkpt>
   <trkpt lat="43.9957100" lon="5.1053080">
    <ele>231.0</ele>
   </trkpt>
   <trkpt lat="43.9957140" lon="5.1052730">
    <ele>231.0</ele>
   </trkpt>
   <trkpt lat="43.9957160" lon="5.1052470">
    <ele>231.0</ele>
   </trkpt>
   <trkpt lat="43.9957290" lon="5.1052230">
    <ele>231.2</ele>
   </trkpt>
   <trkpt lat="43.9957420" lon="5.1052100">
    <ele>231.4</ele>
   </trkpt>
   <trkpt lat="43.9957610" lon="5.1051920">
    <ele>231.8</ele>
   </trkpt>
   <trkpt lat="43.9957720" lon="5.1051800">
    <ele>232.0</ele>
   </trkpt>
   <trkpt lat="43.9957830" lon="5.1051710">
    <ele>232.4</ele>
   </trkpt>
   <trkpt lat="43.9957880" lon="5.1051610">
    <ele>232.6</ele>
   </trkpt>
   <trkpt lat="43.9957920" lon="5.1051530">
    <ele>232.8</ele>
   </trkpt>
   <trkpt lat="43.9957950" lon="5.1051460">
    <ele>233.2</ele>
   </trkpt>
   <trkpt lat="43.9958030" lon="5.1051330">
    <ele>233.4</ele>
   </trkpt>
   <trkpt lat="43.9958110" lon="5.1051200">
    <ele>233.8</ele>
   </trkpt>
   <trkpt lat="43.9958210" lon="5.1051180">
    <ele>234.2</ele>
   </trkpt>
   <trkpt lat="43.9958260" lon="5.1051110">
    <ele>234.6</ele>
   </trkpt>
   <trkpt lat="43.9958300" lon="5.1051020">
    <ele>235.0</ele>
   </trkpt>
   <trkpt lat="43.9958390" lon="5.1050960">
    <ele>235.4</ele>
   </trkpt>
   <trkpt lat="43.9958490" lon="5.1050980">
    <ele>235.8</ele>
   </trkpt>
   <trkpt lat="43.9958610" lon="5.1051100">
    <ele>236.0</ele>
   </trkpt>
   <trkpt lat="43.9958690" lon="5.1051160">
    <ele>236.4</ele>
   </trkpt>
   <trkpt lat="43.9958770" lon="5.1051210">
    <ele>236.8</ele>
   </trkpt>
   <trkpt lat="43.9958830" lon="5.1051240">
    <ele>237.2</ele>
   </trkpt>
   <trkpt lat="43.9958860" lon="5.1051290">
    <ele>237.6</ele>
   </trkpt>
   <trkpt lat="43.9958900" lon="5.1051360">
    <ele>238.0</ele>
   </trkpt>
   <trkpt lat="43.9958990" lon="5.1051420">
    <ele>238.2</ele>
   </trkpt>
   <trkpt lat="43.9959130" lon="5.1051570">
    <ele>238.4</ele>
   </trkpt>
   <trkpt lat="43.9959320" lon="5.1051590">
    <ele>238.8</ele>
   </trkpt>
   <trkpt lat="43.9959420" lon="5.1051560">
    <ele>239.0</ele>
   </trkpt>
   <trkpt lat="43.9959500" lon="5.1051590">
    <ele>239.2</ele>
   </trkpt>
   <trkpt lat="43.9959480" lon="5.1051540">
    <ele>239.6</ele>
   </trkpt>
   <trkpt lat="43.9959520" lon="5.1051480">
    <ele>239.8</ele>
   </trkpt>
   <trkpt lat="43.9959640" lon="5.1051360">
    <ele>240.2</ele>
   </trkpt>
   <trkpt lat="43.9959630" lon="5.1051260">
    <ele>240.6</ele>
   </trkpt>
   <trkpt lat="43.9959660" lon="5.1051120">
    <ele>241.0</ele>
   </trkpt>
   <trkpt lat="43.9959650" lon="5.1051010">
    <ele>241.4</ele>
   </trkpt>
   <trkpt lat="43.9959640" lon="5.1050970">
    <ele>241.8</ele>
   </trkpt>
   <trkpt lat="43.9959720" lon="5.1050910">
    <ele>242.2</ele>
   </trkpt>
   <trkpt lat="43.9959830" lon="5.1050850">
    <ele>242.4</ele>
   </trkpt>
   <trkpt lat="43.9959900" lon="5.1050760">
    <ele>242.8</ele>
   </trkpt>
   <trkpt lat="43.9959950" lon="5.1050690">
    <ele>243.2</ele>
   </trkpt>
   <trkpt lat="43.9959990" lon="5.1050620">
    <ele>243.4</ele>
   </trkpt>
   <trkpt lat="43.9960120" lon="5.1050440">
    <ele>243.8</ele>
   </trkpt>
   <trkpt lat="43.9960190" lon="5.1050380">
    <ele>244.2</ele>
   </trkpt>
   <trkpt lat="43.9960350" lon="5.1050220">
    <ele>244.4</ele>
   </trkpt>
   <trkpt lat="43.9960470" lon="5.1050180">
    <ele>244.8</ele>
   </trkpt>
   <trkpt lat="43.9960590" lon="5.1050050">
    <ele>245.0</ele>
   </trkpt>
   <trkpt lat="43.9960740" lon="5.1049990">
    <ele>245.0</ele>
   </trkpt>
   <trkpt lat="43.9960860" lon="5.1049900">
    <ele>245.0</ele>
   </trkpt>
   <trkpt lat="43.9960920" lon="5.1049820">
    <ele>245.0</ele>
   </trkpt>
   <trkpt lat="43.9960990" lon="5.1049750">
    <ele>245.0</ele>
   </trkpt>
   <trkpt lat="43.9961050" lon="5.1049680">
    <ele>245.0</ele>
   </trkpt>
   <trkpt lat="43.9961120" lon="5.1049610">
    <ele>245.0</ele>
   </trkpt>
   <trkpt lat="43.9961150" lon="5.1049540">
    <ele>245.2</ele>
   </trkpt>
   <trkpt lat="43.9961190" lon="5.1049440">
    <ele>245.4</ele>
   </trkpt>
   <trkpt lat="43.9961230" lon="5.1049330">
    <ele>245.4</ele>
   </trkpt>
   <trkpt lat="43.9961220" lon="5.1049230">
    <ele>245.6</ele>
   </trkpt>
   <trkpt lat="43.9961200" lon="5.1049140">
    <ele>245.8</ele>
   </trkpt>
   <trkpt lat="43.9961180" lon="5.1048990">
    <ele>246.0</ele>
   </trkpt>
   <trkpt lat="43.9961180" lon="5.1048850">
    <ele>246.0</ele>
   </trkpt>
   <trkpt lat="43.9961180" lon="5.1048690">
    <ele>246.2</ele>
   </trkpt>
   <trkpt lat="43.9961220" lon="5.1048510">
    <ele>246.2</ele>
   </trkpt>
   <trkpt lat="43.9961260" lon="5.1048360">
    <ele>246.2</ele>
   </trkpt>
   <trkpt lat="43.9961310" lon="5.1048230">
    <ele>246.4</ele>
   </trkpt>
   <trkpt lat="43.9961350" lon="5.1048120">
    <ele>246.4</ele>
   </trkpt>
   <trkpt lat="43.9961400" lon="5.1047980">
    <ele>246.4</ele>
   </trkpt>
   <trkpt lat="43.9961430" lon="5.1047850">
    <ele>246.6</ele>
   </trkpt>
   <trkpt lat="43.9961500" lon="5.1047690">
    <ele>246.8</ele>
   </trkpt>
   <trkpt lat="43.9961570" lon="5.1047510">
    <ele>246.8</ele>
   </trkpt>
   <trkpt lat="43.9961650" lon="5.1047310">
    <ele>247.0</ele>
   </trkpt>
   <trkpt lat="43.9961730" lon="5.1047160">
    <ele>247.4</ele>
   </trkpt>
   <trkpt lat="43.9961840" lon="5.1047010">
    <ele>247.6</ele>
   </trkpt>
   <trkpt lat="43.9961960" lon="5.1046870">
    <ele>248.0</ele>
   </trkpt>
   <trkpt lat="43.9962070" lon="5.1046720">
    <ele>248.4</ele>
   </trkpt>
   <trkpt lat="43.9962200" lon="5.1046580">
    <ele>248.6</ele>
   </trkpt>
   <trkpt lat="43.9962320" lon="5.1046460">
    <ele>248.8</ele>
   </trkpt>
   <trkpt lat="43.9962430" lon="5.1046370">
    <ele>249.2</ele>
   </trkpt>
   <trkpt lat="43.9962550" lon="5.1046300">
    <ele>249.4</ele>
   </trkpt>
   <trkpt lat="43.9962670" lon="5.1046300">
    <ele>249.4</ele>
   </trkpt>
   <trkpt lat="43.9962790" lon="5.1046310">
    <ele>249.6</ele>
   </trkpt>
   <trkpt lat="43.9962910" lon="5.1046280">
    <ele>249.8</ele>
   </trkpt>
   <trkpt lat="43.9963010" lon="5.1046270">
    <ele>249.8</ele>
   </trkpt>
   <trkpt lat="43.9963100" lon="5.1046230">
    <ele>250.0</ele>
   </trkpt>
   <trkpt lat="43.9963150" lon="5.1046160">
    <ele>250.0</ele>
   </trkpt>
   <trkpt lat="43.9963200" lon="5.1046070">
    <ele>250.2</ele>
   </trkpt>
   <trkpt lat="43.9963270" lon="5.1045920">
    <ele>250.2</ele>
   </trkpt>
   <trkpt lat="43.9963360" lon="5.1045780">
    <ele>250.4</ele>
   </trkpt>
   <trkpt lat="43.9963460" lon="5.1045650">
    <ele>250.4</ele>
   </trkpt>
   <trkpt lat="43.9963580" lon="5.1045520">
    <ele>250.6</ele>
   </trkpt>
   <trkpt lat="43.9963720" lon="5.1045380">
    <ele>250.8</ele>
   </trkpt>
   <trkpt lat="43.9963820" lon="5.1045270">
    <ele>250.8</ele>
   </trkpt>
   <trkpt lat="43.9963930" lon="5.1045140">
    <ele>251.0</ele>
   </trkpt>
   <trkpt lat="43.9964040" lon="5.1045040">
    <ele>251.0</ele>
   </trkpt>
   <trkpt lat="43.9964180" lon="5.1044880">
    <ele>251.2</ele>
   </trkpt>
   <trkpt lat="43.9964270" lon="5.1044790">
    <ele>251.4</ele>
   </trkpt>
   <trkpt lat="43.9964360" lon="5.1044730">
    <ele>251.6</ele>
   </trkpt>
   <trkpt lat="43.9964460" lon="5.1044660">
    <ele>251.6</ele>
   </trkpt>
   <trkpt lat="43.9964560" lon="5.1044600">
    <ele>251.8</ele>
   </trkpt>
   <trkpt lat="43.9964680" lon="5.1044540">
    <ele>251.8</ele>
   </trkpt>
   <trkpt lat="43.9964790" lon="5.1044490">
    <ele>251.6</ele>
   </trkpt>
   <trkpt lat="43.9964900" lon="5.1044410">
    <ele>251.8</ele>
   </trkpt>
   <trkpt lat="43.9965020" lon="5.1044320">
    <ele>251.8</ele>
   </trkpt>
   <trkpt lat="43.9965180" lon="5.1044180">
    <ele>252.0</ele>
   </trkpt>
   <trkpt lat="43.9965320" lon="5.1043950">
    <ele>252.2</ele>
   </trkpt>
   <trkpt lat="43.9965490" lon="5.1043750">
    <ele>252.4</ele>
   </trkpt>
   <trkpt lat="43.9965660" lon="5.1043600">
    <ele>252.6</ele>
   </trkpt>
   <trkpt lat="43.9965870" lon="5.1043490">
    <ele>252.6</ele>
   </trkpt>
   <trkpt lat="43.9966070" lon="5.1043400">
    <ele>252.8</ele>
   </trkpt>
   <trkpt lat="43.9966300" lon="5.1043480">
    <ele>252.8</ele>
   </trkpt>
   <trkpt lat="43.9966500" lon="5.1043480">
    <ele>252.8</ele>
   </trkpt>
   <trkpt lat="43.9966680" lon="5.1043390">
    <ele>253.0</ele>
   </trkpt>
   <trkpt lat="43.9966920" lon="5.1043280">
    <ele>253.0</ele>
   </trkpt>
   <trkpt lat="43.9967140" lon="5.1043170">
    <ele>253.2</ele>
   </trkpt>
   <trkpt lat="43.9967380" lon="5.1043100">
    <ele>253.4</ele>
   </trkpt>
   <trkpt lat="43.9967570" lon="5.1043070">
    <ele>253.4</ele>
   </trkpt>
   <trkpt lat="43.9967780" lon="5.1043120">
    <ele>253.6</ele>
   </trkpt>
   <trkpt lat="43.9967890" lon="5.1043140">
    <ele>253.8</ele>
   </trkpt>
   <trkpt lat="43.9968080" lon="5.1043130">
    <ele>253.8</ele>
   </trkpt>
   <trkpt lat="43.9968240" lon="5.1043110">
    <ele>254.0</ele>
   </trkpt>
   <trkpt lat="43.9968450" lon="5.1043090">
    <ele>254.2</ele>
   </trkpt>
   <trkpt lat="43.9968610" lon="5.1043040">
    <ele>254.4</ele>
   </trkpt>
   <trkpt lat="43.9968770" lon="5.1042980">
    <ele>254.8</ele>
   </trkpt>
   <trkpt lat="43.9968900" lon="5.1042860">
    <ele>255.0</ele>
   </trkpt>
   <trkpt lat="43.9969040" lon="5.1042780">
    <ele>255.2</ele>
   </trkpt>
   <trkpt lat="43.9969260" lon="5.1042690">
    <ele>255.6</ele>
   </trkpt>
   <trkpt lat="43.9969370" lon="5.1042560">
    <ele>255.8</ele>
   </trkpt>
   <trkpt lat="43.9969560" lon="5.1042370">
    <ele>256.0</ele>
   </trkpt>
   <trkpt lat="43.9969730" lon="5.1042220">
    <ele>256.2</ele>
   </trkpt>
   <trkpt lat="43.9969880" lon="5.1042060">
    <ele>256.4</ele>
   </trkpt>
   <trkpt lat="43.9970040" lon="5.1041950">
    <ele>256.4</ele>
   </trkpt>
   <trkpt lat="43.9970210" lon="5.1041820">
    <ele>256.6</ele>
   </trkpt>
   <trkpt lat="43.9970400" lon="5.1041750">
    <ele>257.0</ele>
   </trkpt>
   <trkpt lat="43.9970600" lon="5.1041770">
    <ele>257.2</ele>
   </trkpt>
   <trkpt lat="43.9970780" lon="5.1041900">
    <ele>257.4</ele>
   </trkpt>
   <trkpt lat="43.9970930" lon="5.1041970">
    <ele>257.6</ele>
   </trkpt>
   <trkpt lat="43.9971140" lon="5.1042060">
    <ele>257.8</ele>
   </trkpt>
   <trkpt lat="43.9971310" lon="5.1042030">
    <ele>258.0</ele>
   </trkpt>
   <trkpt lat="43.9971530" lon="5.1041940">
    <ele>258.2</ele>
   </trkpt>
   <trkpt lat="43.9971750" lon="5.1041840">
    <ele>258.4</ele>
   </trkpt>
   <trkpt lat="43.9971970" lon="5.1041750">
    <ele>258.4</ele>
   </trkpt>
   <trkpt lat="43.9972200" lon="5.1041700">
    <ele>258.6</ele>
   </trkpt>
   <trkpt lat="43.9972440" lon="5.1041680">
    <ele>258.6</ele>
   </trkpt>
   <trkpt lat="43.9972550" lon="5.1041660">
    <ele>258.6</ele>
   </trkpt>
   <trkpt lat="43.9972680" lon="5.1041700">
    <ele>258.6</ele>
   </trkpt>
   <trkpt lat="43.9972770" lon="5.1041750">
    <ele>258.6</ele>
   </trkpt>
   <trkpt lat="43.9972900" lon="5.1041330">
    <ele>257.4</ele>
   </trkpt>
   <trkpt lat="43.9972980" lon="5.1041250">
    <ele>257.6</ele>
   </trkpt>
   <trkpt lat="43.9973080" lon="5.1041150">
    <ele>257.6</ele>
   </trkpt>
   <trkpt lat="43.9973170" lon="5.1041150">
    <ele>257.6</ele>
   </trkpt>
   <trkpt lat="43.9973390" lon="5.1041090">
    <ele>257.4</ele>
   </trkpt>
   <trkpt lat="43.9973550" lon="5.1041070">
    <ele>257.2</ele>
   </trkpt>
   <trkpt lat="43.9973730" lon="5.1041050">
    <ele>257.0</ele>
   </trkpt>
   <trkpt lat="43.9973970" lon="5.1041050">
    <ele>256.8</ele>
   </trkpt>
   <trkpt lat="43.9974200" lon="5.1041050">
    <ele>256.6</ele>
   </trkpt>
   <trkpt lat="43.9974400" lon="5.1041070">
    <ele>256.2</ele>
   </trkpt>
   <trkpt lat="43.9974590" lon="5.1041060">
    <ele>256.0</ele>
   </trkpt>
   <trkpt lat="43.9974800" lon="5.1040990">
    <ele>255.6</ele>
   </trkpt>
   <trkpt lat="43.9974850" lon="5.1040580">
    <ele>255.2</ele>
   </trkpt>
   <trkpt lat="43.9974950" lon="5.1040310">
    <ele>254.8</ele>
   </trkpt>
   <trkpt lat="43.9975080" lon="5.1040080">
    <ele>254.6</ele>
   </trkpt>
   <trkpt lat="43.9975240" lon="5.1039780">
    <ele>254.2</ele>
   </trkpt>
   <trkpt lat="43.9975340" lon="5.1039410">
    <ele>254.0</ele>
   </trkpt>
   <trkpt lat="43.9975480" lon="5.1039050">
    <ele>253.6</ele>
   </trkpt>
   <trkpt lat="43.9975590" lon="5.1038780">
    <ele>253.2</ele>
   </trkpt>
   <trkpt lat="43.9975700" lon="5.1038440">
    <ele>252.6</ele>
   </trkpt>
   <trkpt lat="43.9975800" lon="5.1038120">
    <ele>252.0</ele>
   </trkpt>
   <trkpt lat="43.9975960" lon="5.1037860">
    <ele>251.4</ele>
   </trkpt>
   <trkpt lat="43.9976050" lon="5.1037650">
    <ele>250.8</ele>
   </trkpt>
   <trkpt lat="43.9976200" lon="5.1037380">
    <ele>250.0</ele>
   </trkpt>
   <trkpt lat="43.9976390" lon="5.1036990">
    <ele>249.4</ele>
   </trkpt>
   <trkpt lat="43.9976560" lon="5.1036700">
    <ele>248.6</ele>
   </trkpt>
   <trkpt lat="43.9976770" lon="5.1036360">
    <ele>247.8</ele>
   </trkpt>
   <trkpt lat="43.9976950" lon="5.1036090">
    <ele>247.0</ele>
   </trkpt>
   <trkpt lat="43.9977130" lon="5.1035830">
    <ele>246.4</ele>
   </trkpt>
   <trkpt lat="43.9977290" lon="5.1035510">
    <ele>246.0</ele>
   </trkpt>
   <trkpt lat="43.9977380" lon="5.1035230">
    <ele>245.8</ele>
   </trkpt>
   <trkpt lat="43.9977510" lon="5.1035050">
    <ele>245.8</ele>
   </trkpt>
   <trkpt lat="43.9977680" lon="5.1034870">
    <ele>245.4</ele>
   </trkpt>
   <trkpt lat="43.9977840" lon="5.1034630">
    <ele>245.0</ele>
   </trkpt>
   <trkpt lat="43.9978050" lon="5.1034210">
    <ele>244.6</ele>
   </trkpt>
   <trkpt lat="43.9978210" lon="5.1033870">
    <ele>244.2</ele>
   </trkpt>
   <trkpt lat="43.9978370" lon="5.1033520">
    <ele>243.6</ele>
   </trkpt>
   <trkpt lat="43.9978590" lon="5.1033230">
    <ele>243.2</ele>
   </trkpt>
   <trkpt lat="43.9978770" lon="5.1032950">
    <ele>242.8</ele>
   </trkpt>
   <trkpt lat="43.9979010" lon="5.1032630">
    <ele>242.6</ele>
   </trkpt>
   <trkpt lat="43.9978980" lon="5.1032320">
    <ele>242.2</ele>
   </trkpt>
   <trkpt lat="43.9979010" lon="5.1031790">
    <ele>241.8</ele>
   </trkpt>
   <trkpt lat="43.9979000" lon="5.1031380">
    <ele>241.2</ele>
   </trkpt>
   <trkpt lat="43.9979010" lon="5.1030930">
    <ele>240.8</ele>
   </trkpt>
   <trkpt lat="43.9979040" lon="5.1030520">
    <ele>240.4</ele>
   </trkpt>
   <trkpt lat="43.9979060" lon="5.1030210">
    <ele>240.0</ele>
   </trkpt>
   <trkpt lat="43.9979030" lon="5.1029860">
    <ele>239.4</ele>
   </trkpt>
   <trkpt lat="43.9978990" lon="5.1029460">
    <ele>239.2</ele>
   </trkpt>
   <trkpt lat="43.9979000" lon="5.1029070">
    <ele>238.8</ele>
   </trkpt>
   <trkpt lat="43.9979040" lon="5.1028680">
    <ele>238.4</ele>
   </trkpt>
   <trkpt lat="43.9979090" lon="5.1028400">
    <ele>238.2</ele>
   </trkpt>
   <trkpt lat="43.9979090" lon="5.1028030">
    <ele>237.8</ele>
   </trkpt>
   <trkpt lat="43.9979120" lon="5.1027740">
    <ele>237.6</ele>
   </trkpt>
   <trkpt lat="43.9979180" lon="5.1027470">
    <ele>237.2</ele>
   </trkpt>
   <trkpt lat="43.9979300" lon="5.1027090">
    <ele>237.0</ele>
   </trkpt>
   <trkpt lat="43.9979340" lon="5.1026820">
    <ele>236.6</ele>
   </trkpt>
   <trkpt lat="43.9979410" lon="5.1026550">
    <ele>236.4</ele>
   </trkpt>
   <trkpt lat="43.9979540" lon="5.1026330">
    <ele>236.2</ele>
   </trkpt>
   <trkpt lat="43.9979690" lon="5.1026160">
    <ele>236.0</ele>
   </trkpt>
   <trkpt lat="43.9979770" lon="5.1025960">
    <ele>235.8</ele>
   </trkpt>
   <trkpt lat="43.9979890" lon="5.1025800">
    <ele>235.6</ele>
   </trkpt>
   <trkpt lat="43.9980060" lon="5.1025650">
    <ele>235.4</ele>
   </trkpt>
   <trkpt lat="43.9980250" lon="5.1025470">
    <ele>235.2</ele>
   </trkpt>
   <trkpt lat="43.9980450" lon="5.1025370">
    <ele>235.0</ele>
   </trkpt>
   <trkpt lat="43.9980730" lon="5.1025410">
    <ele>235.0</ele>
   </trkpt>
   <trkpt lat="43.9980920" lon="5.1025410">
    <ele>234.8</ele>
   </trkpt>
   <trkpt lat="43.9981070" lon="5.1025460">
    <ele>234.8</ele>
   </trkpt>
   <trkpt lat="43.9981230" lon="5.1025560">
    <ele>234.6</ele>
   </trkpt>
   <trkpt lat="43.9981390" lon="5.1025680">
    <ele>234.4</ele>
   </trkpt>
   <trkpt lat="43.9981630" lon="5.1025780">
    <ele>234.2</ele>
   </trkpt>
   <trkpt lat="43.9981850" lon="5.1025740">
    <ele>234.0</ele>
   </trkpt>
   <trkpt lat="43.9982140" lon="5.1025640">
    <ele>233.6</ele>
   </trkpt>
   <trkpt lat="43.9982340" lon="5.1025460">
    <ele>233.2</ele>
   </trkpt>
   <trkpt lat="43.9982500" lon="5.1025260">
    <ele>233.0</ele>
   </trkpt>
   <trkpt lat="43.9982710" lon="5.1025020">
    <ele>232.8</ele>
   </trkpt>
   <trkpt lat="43.9982870" lon="5.1024690">
    <ele>232.4</ele>
   </trkpt>
   <trkpt lat="43.9983100" lon="5.1024400">
    <ele>232.2</ele>
   </trkpt>
   <trkpt lat="43.9983290" lon="5.1024100">
    <ele>232.0</ele>
   </trkpt>
   <trkpt lat="43.9983430" lon="5.1023880">
    <ele>231.8</ele>
   </trkpt>
   <trkpt lat="43.9983640" lon="5.1023670">
    <ele>231.6</ele>
   </trkpt>
   <trkpt lat="43.9983860" lon="5.1023650">
    <ele>231.4</ele>
   </trkpt>
   <trkpt lat="43.9984060" lon="5.1023910">
    <ele>231.0</ele>
   </trkpt>
   <trkpt lat="43.9984190" lon="5.1024110">
    <ele>230.6</ele>
   </trkpt>
   <trkpt lat="43.9984430" lon="5.1024340">
    <ele>230.0</ele>
   </trkpt>
   <trkpt lat="43.9984710" lon="5.1024460">
    <ele>229.4</ele>
   </trkpt>
   <trkpt lat="43.9984990" lon="5.1024490">
    <ele>228.8</ele>
   </trkpt>
   <trkpt lat="43.9985330" lon="5.1024490">
    <ele>228.0</ele>
   </trkpt>
   <trkpt lat="43.9985580" lon="5.1024450">
    <ele>227.4</ele>
   </trkpt>
   <trkpt lat="43.9985840" lon="5.1024600">
    <ele>226.8</ele>
   </trkpt>
   <trkpt lat="43.9986050" lon="5.1024760">
    <ele>226.4</ele>
   </trkpt>
   <trkpt lat="43.9986230" lon="5.1025030">
    <ele>226.0</ele>
   </trkpt>
   <trkpt lat="43.9986400" lon="5.1025300">
    <ele>225.4</ele>
   </trkpt>
   <trkpt lat="43.9986600" lon="5.1025540">
    <ele>225.0</ele>
   </trkpt>
   <trkpt lat="43.9986630" lon="5.1025920">
    <ele>224.6</ele>
   </trkpt>
   <trkpt lat="43.9986620" lon="5.1026300">
    <ele>224.0</ele>
   </trkpt>
   <trkpt lat="43.9986600" lon="5.1026630">
    <ele>223.6</ele>
   </trkpt>
   <trkpt lat="43.9986600" lon="5.1026910">
    <ele>223.4</ele>
   </trkpt>
   <trkpt lat="43.9986660" lon="5.1027330">
    <ele>223.2</ele>
   </trkpt>
   <trkpt lat="43.9986680" lon="5.1027610">
    <ele>223.2</ele>
   </trkpt>
   <trkpt lat="43.9986730" lon="5.1028010">
    <ele>223.2</ele>
   </trkpt>
   <trkpt lat="43.9986800" lon="5.1028320">
    <ele>223.4</ele>
   </trkpt>
   <trkpt lat="43.9986890" lon="5.1028650">
    <ele>223.4</ele>
   </trkpt>
   <trkpt lat="43.9986920" lon="5.1029070">
    <ele>223.6</ele>
   </trkpt>
   <trkpt lat="43.9987010" lon="5.1029410">
    <ele>223.8</ele>
   </trkpt>
   <trkpt lat="43.9987070" lon="5.1029760">
    <ele>224.0</ele>
   </trkpt>
   <trkpt lat="43.9987170" lon="5.1030040">
    <ele>224.2</ele>
   </trkpt>
   <trkpt lat="43.9987270" lon="5.1030400">
    <ele>224.4</ele>
   </trkpt>
   <trkpt lat="43.9987380" lon="5.1030650">
    <ele>224.4</ele>
   </trkpt>
   <trkpt lat="43.9987500" lon="5.1030970">
    <ele>224.6</ele>
   </trkpt>
   <trkpt lat="43.9987670" lon="5.1031090">
    <ele>224.6</ele>
   </trkpt>
   <trkpt lat="43.9987860" lon="5.1031360">
    <ele>224.8</ele>
   </trkpt>
   <trkpt lat="43.9988030" lon="5.1031530">
    <ele>225.0</ele>
   </trkpt>
   <trkpt lat="43.9988090" lon="5.1031720">
    <ele>225.2</ele>
   </trkpt>
   <trkpt lat="43.9988140" lon="5.1031890">
    <ele>225.4</ele>
   </trkpt>
   <trkpt lat="43.9988190" lon="5.1032060">
    <ele>225.6</ele>
   </trkpt>
   <trkpt lat="43.9988290" lon="5.1032180">
    <ele>225.8</ele>
   </trkpt>
   <trkpt lat="43.9988410" lon="5.1032290">
    <ele>225.8</ele>
   </trkpt>
   <trkpt lat="43.9988520" lon="5.1032540">
    <ele>226.0</ele>
   </trkpt>
   <trkpt lat="43.9988600" lon="5.1032630">
    <ele>226.0</ele>
   </trkpt>
   <trkpt lat="43.9988710" lon="5.1032750">
    <ele>226.2</ele>
   </trkpt>
   <trkpt lat="43.9988820" lon="5.1032870">
    <ele>226.6</ele>
   </trkpt>
   <trkpt lat="43.9988930" lon="5.1033100">
    <ele>226.8</ele>
   </trkpt>
   <trkpt lat="43.9989070" lon="5.1033320">
    <ele>227.2</ele>
   </trkpt>
   <trkpt lat="43.9989200" lon="5.1033430">
    <ele>227.4</ele>
   </trkpt>
   <trkpt lat="43.9989370" lon="5.1033490">
    <ele>227.6</ele>
   </trkpt>
   <trkpt lat="43.9989610" lon="5.1033540">
    <ele>227.4</ele>
   </trkpt>
   <trkpt lat="43.9989780" lon="5.1033460">
    <ele>227.2</ele>
   </trkpt>
   <trkpt lat="43.9989960" lon="5.1033390">
    <ele>227.0</ele>
   </trkpt>
   <trkpt lat="43.9990150" lon="5.1033390">
    <ele>226.8</ele>
   </trkpt>
   <trkpt lat="43.9990270" lon="5.1033360">
    <ele>226.6</ele>
   </trkpt>
   <trkpt lat="43.9990380" lon="5.1033340">
    <ele>226.4</ele>
   </trkpt>
   <trkpt lat="43.9990490" lon="5.1033310">
    <ele>226.2</ele>
   </trkpt>
   <trkpt lat="43.9990700" lon="5.1033360">
    <ele>225.8</ele>
   </trkpt>
   <trkpt lat="43.9990860" lon="5.1033360">
    <ele>225.6</ele>
   </trkpt>
   <trkpt lat="43.9991040" lon="5.1033380">
    <ele>225.2</ele>
   </trkpt>
   <trkpt lat="43.9991240" lon="5.1033380">
    <ele>224.8</ele>
   </trkpt>
   <trkpt lat="43.9991470" lon="5.1033330">
    <ele>224.8</ele>
   </trkpt>
   <trkpt lat="43.9991730" lon="5.1033370">
    <ele>224.6</ele>
   </trkpt>
   <trkpt lat="43.9991920" lon="5.1033570">
    <ele>224.6</ele>
   </trkpt>
   <trkpt lat="43.9992080" lon="5.1033910">
    <ele>224.4</ele>
   </trkpt>
   <trkpt lat="43.9992280" lon="5.1034170">
    <ele>224.4</ele>
   </trkpt>
   <trkpt lat="43.9992460" lon="5.1034500">
    <ele>224.2</ele>
   </trkpt>
   <trkpt lat="43.9992600" lon="5.1034770">
    <ele>224.2</ele>
   </trkpt>
   <trkpt lat="43.9992720" lon="5.1035130">
    <ele>224.0</ele>
   </trkpt>
   <trkpt lat="43.9992850" lon="5.1035500">
    <ele>224.0</ele>
   </trkpt>
   <trkpt lat="43.9992960" lon="5.1035860">
    <ele>224.2</ele>
   </trkpt>
   <trkpt lat="43.9993090" lon="5.1036160">
    <ele>224.2</ele>
   </trkpt>
   <trkpt lat="43.9993250" lon="5.1036510">
    <ele>224.2</ele>
   </trkpt>
   <trkpt lat="43.9993440" lon="5.1036740">
    <ele>224.4</ele>
   </trkpt>
   <trkpt lat="43.9993600" lon="5.1036940">
    <ele>224.2</ele>
   </trkpt>
   <trkpt lat="43.9993770" lon="5.1037140">
    <ele>224.2</ele>
   </trkpt>
   <trkpt lat="43.9994060" lon="5.1037290">
    <ele>224.0</ele>
   </trkpt>
   <trkpt lat="43.9994320" lon="5.1037470">
    <ele>223.8</ele>
   </trkpt>
   <trkpt lat="43.9994520" lon="5.1037590">
    <ele>223.6</ele>
   </trkpt>
   <trkpt lat="43.9994800" lon="5.1037790">
    <ele>223.4</ele>
   </trkpt>
   <trkpt lat="43.9994980" lon="5.1037930">
    <ele>223.2</ele>
   </trkpt>
   <trkpt lat="43.9995180" lon="5.1038170">
    <ele>222.8</ele>
   </trkpt>
   <trkpt lat="43.9995300" lon="5.1038480">
    <ele>222.6</ele>
   </trkpt>
   <trkpt lat="43.9995410" lon="5.1038800">
    <ele>222.4</ele>
   </trkpt>
   <trkpt lat="43.9995530" lon="5.1039140">
    <ele>222.4</ele>
   </trkpt>
   <trkpt lat="43.9995640" lon="5.1039450">
    <ele>222.2</ele>
   </trkpt>
   <trkpt lat="43.9995740" lon="5.1039930">
    <ele>222.2</ele>
   </trkpt>
   <trkpt lat="43.9995930" lon="5.1040200">
    <ele>222.2</ele>
   </trkpt>
   <trkpt lat="43.9996140" lon="5.1040560">
    <ele>222.2</ele>
   </trkpt>
   <trkpt lat="43.9996400" lon="5.1040890">
    <ele>222.2</ele>
   </trkpt>
   <trkpt lat="43.9996720" lon="5.1041010">
    <ele>222.0</ele>
   </trkpt>
   <trkpt lat="43.9997050" lon="5.1041070">
    <ele>221.6</ele>
   </trkpt>
   <trkpt lat="43.9997320" lon="5.1040900">
    <ele>221.2</ele>
   </trkpt>
   <trkpt lat="43.9997540" lon="5.1040750">
    <ele>221.0</ele>
   </trkpt>
   <trkpt lat="43.9997720" lon="5.1040570">
    <ele>220.6</ele>
   </trkpt>
   <trkpt lat="43.9997890" lon="5.1040290">
    <ele>220.4</ele>
   </trkpt>
   <trkpt lat="43.9998080" lon="5.1040100">
    <ele>220.4</ele>
   </trkpt>
   <trkpt lat="43.9998310" lon="5.1039880">
    <ele>220.2</ele>
   </trkpt>
   <trkpt lat="43.9998430" lon="5.1039620">
    <ele>220.2</ele>
   </trkpt>
   <trkpt lat="43.9998590" lon="5.1039300">
    <ele>220.0</ele>
   </trkpt>
   <trkpt lat="43.9998770" lon="5.1039090">
    <ele>219.8</ele>
   </trkpt>
   <trkpt lat="43.9998960" lon="5.1038810">
    <ele>219.6</ele>
   </trkpt>
   <trkpt lat="43.9999180" lon="5.1038640">
    <ele>219.6</ele>
   </trkpt>
   <trkpt lat="43.9999370" lon="5.1038490">
    <ele>219.6</ele>
   </trkpt>
   <trkpt lat="43.9999590" lon="5.1038390">
    <ele>219.6</ele>
   </trkpt>
   <trkpt lat="43.9999650" lon="5.1038270">
    <ele>219.4</ele>
   </trkpt>
   <trkpt lat="43.9999690" lon="5.1038320">
    <ele>219.4</ele>
   </trkpt>
   <trkpt lat="43.9999700" lon="5.1038320">
    <ele>219.4</ele>
   </trkpt>
   <trkpt lat="43.9999710" lon="5.1038240">
    <ele>219.4</ele>
   </trkpt>
   <trkpt lat="43.9999760" lon="5.1038220">
    <ele>219.4</ele>
   </trkpt>
   <trkpt lat="43.9999780" lon="5.1038220">
    <ele>219.4</ele>
   </trkpt>
   <trkpt lat="43.9999800" lon="5.1038200">
    <ele>219.4</ele>
   </trkpt>
   <trkpt lat="43.9999960" lon="5.1038160">
    <ele>219.2</ele>
   </trkpt>
   <trkpt lat="44.0000060" lon="5.1038070">
    <ele>219.2</ele>
   </trkpt>
   <trkpt lat="44.0000100" lon="5.1037850">
    <ele>219.0</ele>
   </trkpt>
   <trkpt lat="44.0000180" lon="5.1037670">
    <ele>219.0</ele>
   </trkpt>
   <trkpt lat="44.0000270" lon="5.1037570">
    <ele>218.8</ele>
   </trkpt>
   <trkpt lat="44.0000400" lon="5.1037420">
    <ele>218.8</ele>
   </trkpt>
   <trkpt lat="44.0000470" lon="5.1037330">
    <ele>219.0</ele>
   </trkpt>
   <trkpt lat="44.0000580" lon="5.1037190">
    <ele>219.0</ele>
   </trkpt>
   <trkpt lat="44.0000750" lon="5.1037190">
    <ele>219.2</ele>
   </trkpt>
   <trkpt lat="44.0000930" lon="5.1037040">
    <ele>219.2</ele>
   </trkpt>
   <trkpt lat="44.0001120" lon="5.1036930">
    <ele>219.2</ele>
   </trkpt>
   <trkpt lat="44.0001330" lon="5.1036800">
    <ele>219.2</ele>
   </trkpt>
   <trkpt lat="44.0001580" lon="5.1036630">
    <ele>219.2</ele>
   </trkpt>
   <trkpt lat="44.0001760" lon="5.1036440">
    <ele>219.0</ele>
   </trkpt>
   <trkpt lat="44.0002040" lon="5.1036190">
    <ele>219.0</ele>
   </trkpt>
   <trkpt lat="44.0002220" lon="5.1036040">
    <ele>219.0</ele>
   </trkpt>
   <trkpt lat="44.0002400" lon="5.1035820">
    <ele>219.0</ele>
   </trkpt>
   <trkpt lat="44.0002530" lon="5.1035590">
    <ele>219.0</ele>
   </trkpt>
   <trkpt lat="44.0002640" lon="5.1035360">
    <ele>219.0</ele>
   </trkpt>
   <trkpt lat="44.0002800" lon="5.1035140">
    <ele>219.0</ele>
   </trkpt>
   <trkpt lat="44.0003000" lon="5.1035010">
    <ele>218.8</ele>
   </trkpt>
   <trkpt lat="44.0003220" lon="5.1034930">
    <ele>218.6</ele>
   </trkpt>
   <trkpt lat="44.0003380" lon="5.1034770">
    <ele>218.2</ele>
   </trkpt>
   <trkpt lat="44.0003500" lon="5.1034540">
    <ele>217.6</ele>
   </trkpt>
   <trkpt lat="44.0003620" lon="5.1034030">
    <ele>216.8</ele>
   </trkpt>
   <trkpt lat="44.0003660" lon="5.1033620">
    <ele>215.8</ele>
   </trkpt>
   <trkpt lat="44.0003670" lon="5.1033100">
    <ele>215.0</ele>
   </trkpt>
   <trkpt lat="44.0003620" lon="5.1032710">
    <ele>214.2</ele>
   </trkpt>
   <trkpt lat="44.0003520" lon="5.1032320">
    <ele>213.8</ele>
   </trkpt>
   <trkpt lat="44.0003430" lon="5.1032010">
    <ele>213.6</ele>
   </trkpt>
   <trkpt lat="44.0003330" lon="5.1031670">
    <ele>213.6</ele>
   </trkpt>
   <trkpt lat="44.0003270" lon="5.1031290">
    <ele>213.6</ele>
   </trkpt>
   <trkpt lat="44.0003140" lon="5.1030930">
    <ele>213.4</ele>
   </trkpt>
   <trkpt lat="44.0003050" lon="5.1030580">
    <ele>213.4</ele>
   </trkpt>
   <trkpt lat="44.0002980" lon="5.1030310">
    <ele>213.2</ele>
   </trkpt>
   <trkpt lat="44.0003030" lon="5.1029960">
    <ele>212.8</ele>
   </trkpt>
   <trkpt lat="44.0003100" lon="5.1029710">
    <ele>212.4</ele>
   </trkpt>
   <trkpt lat="44.0003230" lon="5.1029550">
    <ele>212.0</ele>
   </trkpt>
   <trkpt lat="44.0003390" lon="5.1029300">
    <ele>211.6</ele>
   </trkpt>
   <trkpt lat="44.0003590" lon="5.1029180">
    <ele>211.0</ele>
   </trkpt>
   <trkpt lat="44.0003700" lon="5.1029060">
    <ele>210.4</ele>
   </trkpt>
   <trkpt lat="44.0003820" lon="5.1028890">
    <ele>209.8</ele>
   </trkpt>
   <trkpt lat="44.0003850" lon="5.1028770">
    <ele>209.4</ele>
   </trkpt>
   <trkpt lat="44.0003940" lon="5.1028540">
    <ele>208.8</ele>
   </trkpt>
   <trkpt lat="44.0004040" lon="5.1028400">
    <ele>208.2</ele>
   </trkpt>
   <trkpt lat="44.0004240" lon="5.1028260">
    <ele>207.6</ele>
   </trkpt>
   <trkpt lat="44.0004400" lon="5.1028130">
    <ele>207.0</ele>
   </trkpt>
   <trkpt lat="44.0004610" lon="5.1027940">
    <ele>206.4</ele>
   </trkpt>
   <trkpt lat="44.0004720" lon="5.1027600">
    <ele>205.8</ele>
   </trkpt>
   <trkpt lat="44.0004860" lon="5.1027200">
    <ele>205.2</ele>
   </trkpt>
   <trkpt lat="44.0004950" lon="5.1026860">
    <ele>204.6</ele>
   </trkpt>
   <trkpt lat="44.0005200" lon="5.1026510">
    <ele>204.0</ele>
   </trkpt>
   <trkpt lat="44.0005500" lon="5.1026300">
    <ele>203.6</ele>
   </trkpt>
   <trkpt lat="44.0005760" lon="5.1026110">
    <ele>203.2</ele>
   </trkpt>
   <trkpt lat="44.0006120" lon="5.1025900">
    <ele>202.8</ele>
   </trkpt>
   <trkpt lat="44.0006330" lon="5.1025670">
    <ele>202.4</ele>
   </trkpt>
   <trkpt lat="44.0006590" lon="5.1025370">
    <ele>202.0</ele>
   </trkpt>
   <trkpt lat="44.0006830" lon="5.1025100">
    <ele>201.4</ele>
   </trkpt>
   <trkpt lat="44.0007030" lon="5.1024840">
    <ele>201.0</ele>
   </trkpt>
   <trkpt lat="44.0007350" lon="5.1024550">
    <ele>200.4</ele>
   </trkpt>
   <trkpt lat="44.0007520" lon="5.1024270">
    <ele>199.8</ele>
   </trkpt>
   <trkpt lat="44.0007820" lon="5.1023970">
    <ele>199.4</ele>
   </trkpt>
   <trkpt lat="44.0008030" lon="5.1023780">
    <ele>198.8</ele>
   </trkpt>
   <trkpt lat="44.0008250" lon="5.1023480">
    <ele>198.2</ele>
   </trkpt>
   <trkpt lat="44.0008510" lon="5.1023220">
    <ele>197.8</ele>
   </trkpt>
   <trkpt lat="44.0008760" lon="5.1022980">
    <ele>197.2</ele>
   </trkpt>
   <trkpt lat="44.0009110" lon="5.1022740">
    <ele>196.8</ele>
   </trkpt>
   <trkpt lat="44.0009380" lon="5.1022510">
    <ele>196.4</ele>
   </trkpt>
   <trkpt lat="44.0009690" lon="5.1022290">
    <ele>195.8</ele>
   </trkpt>
   <trkpt lat="44.0009890" lon="5.1022040">
    <ele>195.2</ele>
   </trkpt>
   <trkpt lat="44.0010170" lon="5.1021810">
    <ele>194.8</ele>
   </trkpt>
   <trkpt lat="44.0010410" lon="5.1021560">
    <ele>194.2</ele>
   </trkpt>
   <trkpt lat="44.0010650" lon="5.1021300">
    <ele>193.8</ele>
   </trkpt>
   <trkpt lat="44.0010970" lon="5.1021090">
    <ele>193.4</ele>
   </trkpt>
   <trkpt lat="44.0011210" lon="5.1020870">
    <ele>193.0</ele>
   </trkpt>
   <trkpt lat="44.0011560" lon="5.1020650">
    <ele>192.6</ele>
   </trkpt>
   <trkpt lat="44.0011790" lon="5.1020460">
    <ele>192.0</ele>
   </trkpt>
   <trkpt lat="44.0012130" lon="5.1020220">
    <ele>191.6</ele>
   </trkpt>
   <trkpt lat="44.0012340" lon="5.1020010">
    <ele>191.2</ele>
   </trkpt>
   <trkpt lat="44.0012610" lon="5.1019750">
    <ele>190.8</ele>
   </trkpt>
   <trkpt lat="44.0012830" lon="5.1019530">
    <ele>190.4</ele>
   </trkpt>
   <trkpt lat="44.0013110" lon="5.1019290">
    <ele>189.8</ele>
   </trkpt>
   <trkpt lat="44.0013390" lon="5.1019100">
    <ele>189.4</ele>
   </trkpt>
   <trkpt lat="44.0013690" lon="5.1018860">
    <ele>189.0</ele>
   </trkpt>
   <trkpt lat="44.0014000" lon="5.1018650">
    <ele>188.6</ele>
   </trkpt>
   <trkpt lat="44.0014300" lon="5.1018440">
    <ele>188.2</ele>
   </trkpt>
   <trkpt lat="44.0014630" lon="5.1018250">
    <ele>187.8</ele>
   </trkpt>
   <trkpt lat="44.0014900" lon="5.1018050">
    <ele>187.6</ele>
   </trkpt>
   <trkpt lat="44.0015200" lon="5.1017890">
    <ele>187.4</ele>
   </trkpt>
   <trkpt lat="44.0015450" lon="5.1017720">
    <ele>187.0</ele>
   </trkpt>
   <trkpt lat="44.0015760" lon="5.1017540">
    <ele>186.8</ele>
   </trkpt>
   <trkpt lat="44.0016030" lon="5.1017360">
    <ele>186.6</ele>
   </trkpt>
   <trkpt lat="44.0016330" lon="5.1017160">
    <ele>186.4</ele>
   </trkpt>
   <trkpt lat="44.0016570" lon="5.1016940">
    <ele>186.2</ele>
   </trkpt>
   <trkpt lat="44.0016900" lon="5.1016720">
    <ele>186.0</ele>
   </trkpt>
   <trkpt lat="44.0017120" lon="5.1016580">
    <ele>185.6</ele>
   </trkpt>
   <trkpt lat="44.0017430" lon="5.1016390">
    <ele>185.4</ele>
   </trkpt>
   <trkpt lat="44.0017650" lon="5.1016130">
    <ele>185.4</ele>
   </trkpt>
   <trkpt lat="44.0017950" lon="5.1015930">
    <ele>185.2</ele>
   </trkpt>
   <trkpt lat="44.0018160" lon="5.1015740">
    <ele>185.2</ele>
   </trkpt>
   <trkpt lat="44.0018440" lon="5.1015530">
    <ele>184.8</ele>
   </trkpt>
   <trkpt lat="44.0018670" lon="5.1015350">
    <ele>184.6</ele>
   </trkpt>
   <trkpt lat="44.0018990" lon="5.1015160">
    <ele>184.4</ele>
   </trkpt>
   <trkpt lat="44.0019220" lon="5.1015000">
    <ele>184.0</ele>
   </trkpt>
   <trkpt lat="44.0019570" lon="5.1014820">
    <ele>183.8</ele>
   </trkpt>
   <trkpt lat="44.0019830" lon="5.1014620">
    <ele>183.8</ele>
   </trkpt>
   <trkpt lat="44.0020180" lon="5.1014420">
    <ele>183.6</ele>
   </trkpt>
   <trkpt lat="44.0020410" lon="5.1014280">
    <ele>183.2</ele>
   </trkpt>
   <trkpt lat="44.0020720" lon="5.1014070">
    <ele>183.0</ele>
   </trkpt>
   <trkpt lat="44.0020950" lon="5.1013880">
    <ele>182.8</ele>
   </trkpt>
   <trkpt lat="44.0021290" lon="5.1013660">
    <ele>182.6</ele>
   </trkpt>
   <trkpt lat="44.0021540" lon="5.1013450">
    <ele>182.2</ele>
   </trkpt>
   <trkpt lat="44.0021850" lon="5.1013220">
    <ele>182.0</ele>
   </trkpt>
   <trkpt lat="44.0022040" lon="5.1013000">
    <ele>181.8</ele>
   </trkpt>
   <trkpt lat="44.0022340" lon="5.1012810">
    <ele>181.8</ele>
   </trkpt>
   <trkpt lat="44.0022570" lon="5.1012580">
    <ele>181.6</ele>
   </trkpt>
   <trkpt lat="44.0022890" lon="5.1012360">
    <ele>181.6</ele>
   </trkpt>
   <trkpt lat="44.0023100" lon="5.1012150">
    <ele>181.4</ele>
   </trkpt>
   <trkpt lat="44.0023450" lon="5.1011900">
    <ele>181.2</ele>
   </trkpt>
   <trkpt lat="44.0023700" lon="5.1011670">
    <ele>181.0</ele>
   </trkpt>
   <trkpt lat="44.0024010" lon="5.1011440">
    <ele>180.8</ele>
   </trkpt>
   <trkpt lat="44.0024240" lon="5.1011210">
    <ele>180.6</ele>
   </trkpt>
   <trkpt lat="44.0024560" lon="5.1010960">
    <ele>180.4</ele>
   </trkpt>
   <trkpt lat="44.0024740" lon="5.1010720">
    <ele>180.0</ele>
   </trkpt>
   <trkpt lat="44.0025020" lon="5.1010490">
    <ele>179.8</ele>
   </trkpt>
   <trkpt lat="44.0025210" lon="5.1010230">
    <ele>179.6</ele>
   </trkpt>
   <trkpt lat="44.0025480" lon="5.1009970">
    <ele>179.4</ele>
   </trkpt>
   <trkpt lat="44.0025720" lon="5.1009760">
    <ele>179.2</ele>
   </trkpt>
   <trkpt lat="44.0026010" lon="5.1009580">
    <ele>179.0</ele>
   </trkpt>
   <trkpt lat="44.0026220" lon="5.1009320">
    <ele>179.0</ele>
   </trkpt>
   <trkpt lat="44.0026510" lon="5.1009100">
    <ele>178.8</ele>
   </trkpt>
   <trkpt lat="44.0026770" lon="5.1008890">
    <ele>178.6</ele>
   </trkpt>
   <trkpt lat="44.0027060" lon="5.1008640">
    <ele>178.4</ele>
   </trkpt>
   <trkpt lat="44.0027340" lon="5.1008460">
    <ele>178.2</ele>
   </trkpt>
   <trkpt lat="44.0027590" lon="5.1008250">
    <ele>178.0</ele>
   </trkpt>
   <trkpt lat="44.0027890" lon="5.1008070">
    <ele>177.8</ele>
   </trkpt>
   <trkpt lat="44.0028160" lon="5.1007860">
    <ele>177.4</ele>
   </trkpt>
   <trkpt lat="44.0028430" lon="5.1007660">
    <ele>177.0</ele>
   </trkpt>
   <trkpt lat="44.0028720" lon="5.1007530">
    <ele>176.6</ele>
   </trkpt>
   <trkpt lat="44.0029050" lon="5.1007450">
    <ele>176.2</ele>
   </trkpt>
   <trkpt lat="44.0029360" lon="5.1007280">
    <ele>176.0</ele>
   </trkpt>
   <trkpt lat="44.0029680" lon="5.1007140">
    <ele>175.8</ele>
   </trkpt>
   <trkpt lat="44.0029940" lon="5.1006950">
    <ele>175.6</ele>
   </trkpt>
   <trkpt lat="44.0030240" lon="5.1006810">
    <ele>175.4</ele>
   </trkpt>
   <trkpt lat="44.0030470" lon="5.1006620">
    <ele>175.2</ele>
   </trkpt>
   <trkpt lat="44.0030780" lon="5.1006480">
    <ele>175.0</ele>
   </trkpt>
   <trkpt lat="44.0030990" lon="5.1006310">
    <ele>174.6</ele>
   </trkpt>
   <trkpt lat="44.0031340" lon="5.1006110">
    <ele>174.4</ele>
   </trkpt>
   <trkpt lat="44.0031560" lon="5.1005910">
    <ele>174.0</ele>
   </trkpt>
   <trkpt lat="44.0031900" lon="5.1005690">
    <ele>173.8</ele>
   </trkpt>
   <trkpt lat="44.0032160" lon="5.1005440">
    <ele>173.4</ele>
   </trkpt>
   <trkpt lat="44.0032460" lon="5.1005240">
    <ele>173.0</ele>
   </trkpt>
   <trkpt lat="44.0032760" lon="5.1005030">
    <ele>172.8</ele>
   </trkpt>
   <trkpt lat="44.0033040" lon="5.1004840">
    <ele>172.6</ele>
   </trkpt>
   <trkpt lat="44.0033320" lon="5.1004730">
    <ele>172.4</ele>
   </trkpt>
   <trkpt lat="44.0033570" lon="5.1004550">
    <ele>172.2</ele>
   </trkpt>
   <trkpt lat="44.0033900" lon="5.1004420">
    <ele>171.6</ele>
   </trkpt>
   <trkpt lat="44.0034180" lon="5.1004240">
    <ele>171.2</ele>
   </trkpt>
   <trkpt lat="44.0034540" lon="5.1004080">
    <ele>170.6</ele>
   </trkpt>
   <trkpt lat="44.0034800" lon="5.1003900">
    <ele>170.0</ele>
   </trkpt>
   <trkpt lat="44.0035160" lon="5.1003730">
    <ele>169.6</ele>
   </trkpt>
   <trkpt lat="44.0035390" lon="5.1003560">
    <ele>169.4</ele>
   </trkpt>
   <trkpt lat="44.0035720" lon="5.1003400">
    <ele>169.2</ele>
   </trkpt>
   <trkpt lat="44.0035940" lon="5.1003210">
    <ele>168.8</ele>
   </trkpt>
   <trkpt lat="44.0036240" lon="5.1003030">
    <ele>168.6</ele>
   </trkpt>
   <trkpt lat="44.0036540" lon="5.1002900">
    <ele>168.4</ele>
   </trkpt>
   <trkpt lat="44.0036830" lon="5.1002720">
    <ele>168.2</ele>
   </trkpt>
   <trkpt lat="44.0037150" lon="5.1002550">
    <ele>167.8</ele>
   </trkpt>
   <trkpt lat="44.0037400" lon="5.1002360">
    <ele>167.6</ele>
   </trkpt>
   <trkpt lat="44.0037730" lon="5.1002180">
    <ele>167.2</ele>
   </trkpt>
   <trkpt lat="44.0038000" lon="5.1001980">
    <ele>166.8</ele>
   </trkpt>
   <trkpt lat="44.0038320" lon="5.1001790">
    <ele>166.6</ele>
   </trkpt>
   <trkpt lat="44.0038540" lon="5.1001560">
    <ele>166.2</ele>
   </trkpt>
   <trkpt lat="44.0038850" lon="5.1001340">
    <ele>166.0</ele>
   </trkpt>
   <trkpt lat="44.0039050" lon="5.1001110">
    <ele>165.6</ele>
   </trkpt>
   <trkpt lat="44.0039370" lon="5.1000860">
    <ele>165.4</ele>
   </trkpt>
   <trkpt lat="44.0039540" lon="5.1000600">
    <ele>165.2</ele>
   </trkpt>
   <trkpt lat="44.0039820" lon="5.1000320">
    <ele>164.8</ele>
   </trkpt>
   <trkpt lat="44.0040030" lon="5.1000070">
    <ele>164.6</ele>
   </trkpt>
   <trkpt lat="44.0040340" lon="5.0999780">
    <ele>164.4</ele>
   </trkpt>
   <trkpt lat="44.0040530" lon="5.0999490">
    <ele>164.0</ele>
   </trkpt>
   <trkpt lat="44.0040820" lon="5.0999190">
    <ele>163.6</ele>
   </trkpt>
   <trkpt lat="44.0041020" lon="5.0998860">
    <ele>163.4</ele>
   </trkpt>
   <trkpt lat="44.0041260" lon="5.0998530">
    <ele>163.2</ele>
   </trkpt>
   <trkpt lat="44.0041470" lon="5.0998240">
    <ele>163.0</ele>
   </trkpt>
   <trkpt lat="44.0041680" lon="5.0997920">
    <ele>162.6</ele>
   </trkpt>
   <trkpt lat="44.0041870" lon="5.0997620">
    <ele>162.4</ele>
   </trkpt>
   <trkpt lat="44.0042050" lon="5.0997310">
    <ele>162.2</ele>
   </trkpt>
   <trkpt lat="44.0042300" lon="5.0997000">
    <ele>161.8</ele>
   </trkpt>
   <trkpt lat="44.0042490" lon="5.0996740">
    <ele>161.6</ele>
   </trkpt>
   <trkpt lat="44.0042810" lon="5.0996600">
    <ele>161.4</ele>
   </trkpt>
   <trkpt lat="44.0043070" lon="5.0996570">
    <ele>161.2</ele>
   </trkpt>
   <trkpt lat="44.0043410" lon="5.0996720">
    <ele>161.0</ele>
   </trkpt>
   <trkpt lat="44.0043650" lon="5.0996880">
    <ele>160.6</ele>
   </trkpt>
   <trkpt lat="44.0043840" lon="5.0997270">
    <ele>160.4</ele>
   </trkpt>
   <trkpt lat="44.0043990" lon="5.0997490">
    <ele>160.2</ele>
   </trkpt>
   <trkpt lat="44.0044140" lon="5.0997900">
    <ele>160.0</ele>
   </trkpt>
   <trkpt lat="44.0044310" lon="5.0998140">
    <ele>160.0</ele>
   </trkpt>
   <trkpt lat="44.0044440" lon="5.0998610">
    <ele>159.8</ele>
   </trkpt>
   <trkpt lat="44.0044530" lon="5.0998930">
    <ele>159.8</ele>
   </trkpt>
   <trkpt lat="44.0044620" lon="5.0999410">
    <ele>159.6</ele>
   </trkpt>
   <trkpt lat="44.0044690" lon="5.0999700">
    <ele>159.6</ele>
   </trkpt>
   <trkpt lat="44.0044790" lon="5.1000150">
    <ele>159.6</ele>
   </trkpt>
   <trkpt lat="44.0044870" lon="5.1000450">
    <ele>159.6</ele>
   </trkpt>
   <trkpt lat="44.0044990" lon="5.1000920">
    <ele>159.4</ele>
   </trkpt>
   <trkpt lat="44.0045090" lon="5.1001250">
    <ele>159.4</ele>
   </trkpt>
   <trkpt lat="44.0045160" lon="5.1001650">
    <ele>159.4</ele>
   </trkpt>
   <trkpt lat="44.0045250" lon="5.1001930">
    <ele>159.4</ele>
   </trkpt>
   <trkpt lat="44.0045340" lon="5.1002400">
    <ele>159.4</ele>
   </trkpt>
   <trkpt lat="44.0045440" lon="5.1002730">
    <ele>159.2</ele>
   </trkpt>
   <trkpt lat="44.0045480" lon="5.1003180">
    <ele>159.2</ele>
   </trkpt>
   <trkpt lat="44.0045510" lon="5.1003530">
    <ele>159.2</ele>
   </trkpt>
   <trkpt lat="44.0045570" lon="5.1004020">
    <ele>159.2</ele>
   </trkpt>
   <trkpt lat="44.0045670" lon="5.1004400">
    <ele>159.2</ele>
   </trkpt>
   <trkpt lat="44.0045840" lon="5.1004750">
    <ele>159.2</ele>
   </trkpt>
   <trkpt lat="44.0046160" lon="5.1004780">
    <ele>159.0</ele>
   </trkpt>
   <trkpt lat="44.0046380" lon="5.1004640">
    <ele>158.8</ele>
   </trkpt>
   <trkpt lat="44.0046580" lon="5.1004330">
    <ele>158.6</ele>
   </trkpt>
   <trkpt lat="44.0046730" lon="5.1004050">
    <ele>158.4</ele>
   </trkpt>
   <trkpt lat="44.0046980" lon="5.1003690">
    <ele>158.0</ele>
   </trkpt>
   <trkpt lat="44.0047110" lon="5.1003360">
    <ele>157.8</ele>
   </trkpt>
   <trkpt lat="44.0047310" lon="5.1002980">
    <ele>157.6</ele>
   </trkpt>
   <trkpt lat="44.0047430" lon="5.1002670">
    <ele>157.4</ele>
   </trkpt>
   <trkpt lat="44.0047630" lon="5.1002290">
    <ele>157.4</ele>
   </trkpt>
   <trkpt lat="44.0047710" lon="5.1001960">
    <ele>157.2</ele>
   </trkpt>
   <trkpt lat="44.0047900" lon="5.1001570">
    <ele>157.0</ele>
   </trkpt>
   <trkpt lat="44.0048000" lon="5.1001240">
    <ele>157.0</ele>
   </trkpt>
   <trkpt lat="44.0048160" lon="5.1000860">
    <ele>156.8</ele>
   </trkpt>
   <trkpt lat="44.0048220" lon="5.1000470">
    <ele>156.8</ele>
   </trkpt>
   <trkpt lat="44.0048370" lon="5.1000110">
    <ele>156.8</ele>
   </trkpt>
   <trkpt lat="44.0048460" lon="5.0999760">
    <ele>156.6</ele>
   </trkpt>
   <trkpt lat="44.0048600" lon="5.0999330">
    <ele>156.6</ele>
   </trkpt>
   <trkpt lat="44.0048690" lon="5.0998930">
    <ele>156.6</ele>
   </trkpt>
   <trkpt lat="44.0048850" lon="5.0998520">
    <ele>156.4</ele>
   </trkpt>
   <trkpt lat="44.0048890" lon="5.0998140">
    <ele>156.2</ele>
   </trkpt>
   <trkpt lat="44.0049040" lon="5.0997730">
    <ele>156.2</ele>
   </trkpt>
   <trkpt lat="44.0049140" lon="5.0997370">
    <ele>156.0</ele>
   </trkpt>
   <trkpt lat="44.0049270" lon="5.0996950">
    <ele>156.0</ele>
   </trkpt>
   <trkpt lat="44.0049380" lon="5.0996590">
    <ele>155.8</ele>
   </trkpt>
   <trkpt lat="44.0049520" lon="5.0996210">
    <ele>155.8</ele>
   </trkpt>
   <trkpt lat="44.0049630" lon="5.0995910">
    <ele>155.6</ele>
   </trkpt>
   <trkpt lat="44.0049800" lon="5.0995560">
    <ele>155.6</ele>
   </trkpt>
   <trkpt lat="44.0049910" lon="5.0995200">
    <ele>155.4</ele>
   </trkpt>
   <trkpt lat="44.0050050" lon="5.0994810">
    <ele>155.4</ele>
   </trkpt>
   <trkpt lat="44.0050160" lon="5.0994450">
    <ele>155.2</ele>
   </trkpt>
   <trkpt lat="44.0050310" lon="5.0994090">
    <ele>155.0</ele>
   </trkpt>
   <trkpt lat="44.0050420" lon="5.0993730">
    <ele>155.0</ele>
   </trkpt>
   <trkpt lat="44.0050570" lon="5.0993360">
    <ele>155.0</ele>
   </trkpt>
   <trkpt lat="44.0050680" lon="5.0992980">
    <ele>154.8</ele>
   </trkpt>
   <trkpt lat="44.0050820" lon="5.0992590">
    <ele>154.8</ele>
   </trkpt>
   <trkpt lat="44.0050960" lon="5.0992230">
    <ele>154.8</ele>
   </trkpt>
   <trkpt lat="44.0051090" lon="5.0991840">
    <ele>154.6</ele>
   </trkpt>
   <trkpt lat="44.0051220" lon="5.0991470">
    <ele>154.4</ele>
   </trkpt>
   <trkpt lat="44.0051360" lon="5.0991100">
    <ele>154.4</ele>
   </trkpt>
   <trkpt lat="44.0051510" lon="5.0990720">
    <ele>154.4</ele>
   </trkpt>
   <trkpt lat="44.0051650" lon="5.0990340">
    <ele>154.2</ele>
   </trkpt>
   <trkpt lat="44.0051790" lon="5.0989970">
    <ele>154.2</ele>
   </trkpt>
   <trkpt lat="44.0051900" lon="5.0989620">
    <ele>154.0</ele>
   </trkpt>
   <trkpt lat="44.0052010" lon="5.0989240">
    <ele>154.0</ele>
   </trkpt>
   <trkpt lat="44.0052130" lon="5.0988880">
    <ele>153.8</ele>
   </trkpt>
   <trkpt lat="44.0052250" lon="5.0988500">
    <ele>153.8</ele>
   </trkpt>
   <trkpt lat="44.0052370" lon="5.0988140">
    <ele>153.6</ele>
   </trkpt>
   <trkpt lat="44.0052480" lon="5.0987770">
    <ele>153.6</ele>
   </trkpt>
   <trkpt lat="44.0052600" lon="5.0987380">
    <ele>153.4</ele>
   </trkpt>
   <trkpt lat="44.0052720" lon="5.0986980">
    <ele>153.4</ele>
   </trkpt>
   <trkpt lat="44.0052840" lon="5.0986570">
    <ele>153.4</ele>
   </trkpt>
   <trkpt lat="44.0052960" lon="5.0986180">
    <ele>153.6</ele>
   </trkpt>
   <trkpt lat="44.0053060" lon="5.0985820">
    <ele>153.4</ele>
   </trkpt>
   <trkpt lat="44.0053160" lon="5.0985460">
    <ele>153.4</ele>
   </trkpt>
   <trkpt lat="44.0053260" lon="5.0985080">
    <ele>153.2</ele>
   </trkpt>
   <trkpt lat="44.0053380" lon="5.0984700">
    <ele>153.0</ele>
   </trkpt>
   <trkpt lat="44.0053500" lon="5.0984350">
    <ele>152.8</ele>
   </trkpt>
   <trkpt lat="44.0053630" lon="5.0983990">
    <ele>152.8</ele>
   </trkpt>
   <trkpt lat="44.0053750" lon="5.0983640">
    <ele>152.6</ele>
   </trkpt>
   <trkpt lat="44.0053880" lon="5.0983310">
    <ele>152.6</ele>
   </trkpt>
   <trkpt lat="44.0054040" lon="5.0982930">
    <ele>152.6</ele>
   </trkpt>
   <trkpt lat="44.0054180" lon="5.0982570">
    <ele>152.6</ele>
   </trkpt>
   <trkpt lat="44.0054320" lon="5.0982220">
    <ele>152.6</ele>
   </trkpt>
   <trkpt lat="44.0054440" lon="5.0981880">
    <ele>152.4</ele>
   </trkpt>
   <trkpt lat="44.0054570" lon="5.0981540">
    <ele>152.4</ele>
   </trkpt>
   <trkpt lat="44.0054670" lon="5.0981200">
    <ele>152.4</ele>
   </trkpt>
   <trkpt lat="44.0054830" lon="5.0980840">
    <ele>152.4</ele>
   </trkpt>
   <trkpt lat="44.0054970" lon="5.0980490">
    <ele>152.2</ele>
   </trkpt>
   <trkpt lat="44.0055100" lon="5.0980110">
    <ele>152.2</ele>
   </trkpt>
   <trkpt lat="44.0055230" lon="5.0979750">
    <ele>152.2</ele>
   </trkpt>
   <trkpt lat="44.0055370" lon="5.0979370">
    <ele>152.0</ele>
   </trkpt>
   <trkpt lat="44.0055490" lon="5.0978990">
    <ele>152.0</ele>
   </trkpt>
   <trkpt lat="44.0055610" lon="5.0978640">
    <ele>152.0</ele>
   </trkpt>
   <trkpt lat="44.0055710" lon="5.0978280">
    <ele>152.0</ele>
   </trkpt>
   <trkpt lat="44.0055840" lon="5.0977920">
    <ele>152.0</ele>
   </trkpt>
   <trkpt lat="44.0055950" lon="5.0977560">
    <ele>152.0</ele>
   </trkpt>
   <trkpt lat="44.0056100" lon="5.0977180">
    <ele>151.8</ele>
   </trkpt>
   <trkpt lat="44.0056220" lon="5.0976800">
    <ele>151.8</ele>
   </trkpt>
   <trkpt lat="44.0056380" lon="5.0976460">
    <ele>151.8</ele>
   </trkpt>
   <trkpt lat="44.0056470" lon="5.0976120">
    <ele>151.8</ele>
   </trkpt>
   <trkpt lat="44.0056600" lon="5.0975780">
    <ele>151.6</ele>
   </trkpt>
   <trkpt lat="44.0056700" lon="5.0975420">
    <ele>151.4</ele>
   </trkpt>
   <trkpt lat="44.0056750" lon="5.0975090">
    <ele>151.4</ele>
   </trkpt>
   <trkpt lat="44.0056860" lon="5.0974740">
    <ele>151.2</ele>
   </trkpt>
   <trkpt lat="44.0056970" lon="5.0974390">
    <ele>151.0</ele>
   </trkpt>
   <trkpt lat="44.0057130" lon="5.0973980">
    <ele>150.8</ele>
   </trkpt>
   <trkpt lat="44.0057240" lon="5.0973650">
    <ele>150.8</ele>
   </trkpt>
   <trkpt lat="44.0057400" lon="5.0973220">
    <ele>150.8</ele>
   </trkpt>
   <trkpt lat="44.0057450" lon="5.0972870">
    <ele>150.8</ele>
   </trkpt>
   <trkpt lat="44.0057610" lon="5.0972440">
    <ele>150.8</ele>
   </trkpt>
   <trkpt lat="44.0057730" lon="5.0972070">
    <ele>150.6</ele>
   </trkpt>
   <trkpt lat="44.0057890" lon="5.0971660">
    <ele>150.6</ele>
   </trkpt>
   <trkpt lat="44.0057940" lon="5.0971340">
    <ele>150.4</ele>
   </trkpt>
   <trkpt lat="44.0058080" lon="5.0970910">
    <ele>150.4</ele>
   </trkpt>
   <trkpt lat="44.0058130" lon="5.0970590">
    <ele>150.6</ele>
   </trkpt>
   <trkpt lat="44.0058290" lon="5.0970220">
    <ele>150.6</ele>
   </trkpt>
   <trkpt lat="44.0058370" lon="5.0969970">
    <ele>150.6</ele>
   </trkpt>
   <trkpt lat="44.0058470" lon="5.0969610">
    <ele>150.6</ele>
   </trkpt>
   <trkpt lat="44.0058540" lon="5.0969320">
    <ele>150.6</ele>
   </trkpt>
   <trkpt lat="44.0058700" lon="5.0968940">
    <ele>150.4</ele>
   </trkpt>
   <trkpt lat="44.0058780" lon="5.0968610">
    <ele>150.2</ele>
   </trkpt>
   <trkpt lat="44.0058930" lon="5.0968230">
    <ele>150.0</ele>
   </trkpt>
   <trkpt lat="44.0059040" lon="5.0967900">
    <ele>150.0</ele>
   </trkpt>
   <trkpt lat="44.0059170" lon="5.0967490">
    <ele>149.8</ele>
   </trkpt>
   <trkpt lat="44.0059230" lon="5.0967150">
    <ele>149.8</ele>
   </trkpt>
   <trkpt lat="44.0059380" lon="5.0966740">
    <ele>149.8</ele>
   </trkpt>
   <trkpt lat="44.0059460" lon="5.0966400">
    <ele>149.6</ele>
   </trkpt>
   <trkpt lat="44.0059610" lon="5.0965990">
    <ele>149.6</ele>
   </trkpt>
   <trkpt lat="44.0059650" lon="5.0965640">
    <ele>149.6</ele>
   </trkpt>
   <trkpt lat="44.0059780" lon="5.0965230">
    <ele>149.4</ele>
   </trkpt>
   <trkpt lat="44.0059850" lon="5.0964830">
    <ele>149.4</ele>
   </trkpt>
   <trkpt lat="44.0059990" lon="5.0964410">
    <ele>149.4</ele>
   </trkpt>
   <trkpt lat="44.0060050" lon="5.0964050">
    <ele>149.2</ele>
   </trkpt>
   <trkpt lat="44.0060160" lon="5.0963690">
    <ele>149.0</ele>
   </trkpt>
   <trkpt lat="44.0060220" lon="5.0963360">
    <ele>149.0</ele>
   </trkpt>
   <trkpt lat="44.0060320" lon="5.0963000">
    <ele>148.8</ele>
   </trkpt>
   <trkpt lat="44.0060360" lon="5.0962650">
    <ele>148.8</ele>
   </trkpt>
   <trkpt lat="44.0060430" lon="5.0962240">
    <ele>148.8</ele>
   </trkpt>
   <trkpt lat="44.0060470" lon="5.0961800">
    <ele>148.6</ele>
   </trkpt>
   <trkpt lat="44.0060520" lon="5.0961460">
    <ele>148.6</ele>
   </trkpt>
   <trkpt lat="44.0060570" lon="5.0961040">
    <ele>148.4</ele>
   </trkpt>
   <trkpt lat="44.0060630" lon="5.0960660">
    <ele>148.4</ele>
   </trkpt>
   <trkpt lat="44.0060680" lon="5.0960280">
    <ele>148.4</ele>
   </trkpt>
   <trkpt lat="44.0060740" lon="5.0959900">
    <ele>148.2</ele>
   </trkpt>
   <trkpt lat="44.0060800" lon="5.0959480">
    <ele>148.2</ele>
   </trkpt>
   <trkpt lat="44.0060860" lon="5.0959110">
    <ele>148.0</ele>
   </trkpt>
   <trkpt lat="44.0060940" lon="5.0958740">
    <ele>148.0</ele>
   </trkpt>
   <trkpt lat="44.0061040" lon="5.0958410">
    <ele>147.8</ele>
   </trkpt>
   <trkpt lat="44.0061140" lon="5.0958020">
    <ele>147.8</ele>
   </trkpt>
   <trkpt lat="44.0061220" lon="5.0957650">
    <ele>147.6</ele>
   </trkpt>
   <trkpt lat="44.0061310" lon="5.0957270">
    <ele>147.4</ele>
   </trkpt>
   <trkpt lat="44.0061430" lon="5.0956880">
    <ele>147.4</ele>
   </trkpt>
   <trkpt lat="44.0061520" lon="5.0956480">
    <ele>147.2</ele>
   </trkpt>
   <trkpt lat="44.0061580" lon="5.0956100">
    <ele>147.2</ele>
   </trkpt>
   <trkpt lat="44.0061680" lon="5.0955690">
    <ele>147.0</ele>
   </trkpt>
   <trkpt lat="44.0061730" lon="5.0955340">
    <ele>147.0</ele>
   </trkpt>
   <trkpt lat="44.0061810" lon="5.0954950">
    <ele>146.8</ele>
   </trkpt>
   <trkpt lat="44.0061840" lon="5.0954630">
    <ele>146.8</ele>
   </trkpt>
   <trkpt lat="44.0061920" lon="5.0954210">
    <ele>146.6</ele>
   </trkpt>
   <trkpt lat="44.0062000" lon="5.0953860">
    <ele>146.6</ele>
   </trkpt>
   <trkpt lat="44.0062090" lon="5.0953500">
    <ele>146.6</ele>
   </trkpt>
   <trkpt lat="44.0062200" lon="5.0953160">
    <ele>146.4</ele>
   </trkpt>
   <trkpt lat="44.0062310" lon="5.0952760">
    <ele>146.2</ele>
   </trkpt>
   <trkpt lat="44.0062380" lon="5.0952440">
    <ele>146.2</ele>
   </trkpt>
   <trkpt lat="44.0062520" lon="5.0952030">
    <ele>146.0</ele>
   </trkpt>
   <trkpt lat="44.0062570" lon="5.0951670">
    <ele>146.0</ele>
   </trkpt>
   <trkpt lat="44.0062650" lon="5.0951320">
    <ele>146.0</ele>
   </trkpt>
   <trkpt lat="44.0062700" lon="5.0950990">
    <ele>145.8</ele>
   </trkpt>
   <trkpt lat="44.0062810" lon="5.0950590">
    <ele>145.8</ele>
   </trkpt>
   <trkpt lat="44.0062900" lon="5.0950220">
    <ele>145.6</ele>
   </trkpt>
   <trkpt lat="44.0063020" lon="5.0949840">
    <ele>145.6</ele>
   </trkpt>
   <trkpt lat="44.0063190" lon="5.0949500">
    <ele>145.4</ele>
   </trkpt>
   <trkpt lat="44.0063480" lon="5.0949330">
    <ele>145.4</ele>
   </trkpt>
   <trkpt lat="44.0063750" lon="5.0949280">
    <ele>145.2</ele>
   </trkpt>
   <trkpt lat="44.0064030" lon="5.0949350">
    <ele>145.2</ele>
   </trkpt>
   <trkpt lat="44.0064300" lon="5.0949410">
    <ele>145.0</ele>
   </trkpt>
   <trkpt lat="44.0064590" lon="5.0949530">
    <ele>145.0</ele>
   </trkpt>
   <trkpt lat="44.0064840" lon="5.0949660">
    <ele>145.0</ele>
   </trkpt>
   <trkpt lat="44.0065140" lon="5.0949820">
    <ele>145.0</ele>
   </trkpt>
   <trkpt lat="44.0065390" lon="5.0949930">
    <ele>144.8</ele>
   </trkpt>
   <trkpt lat="44.0065650" lon="5.0950080">
    <ele>144.8</ele>
   </trkpt>
   <trkpt lat="44.0065900" lon="5.0950150">
    <ele>144.6</ele>
   </trkpt>
   <trkpt lat="44.0066200" lon="5.0950290">
    <ele>144.6</ele>
   </trkpt>
   <trkpt lat="44.0066450" lon="5.0950350">
    <ele>144.4</ele>
   </trkpt>
   <trkpt lat="44.0066730" lon="5.0950480">
    <ele>144.4</ele>
   </trkpt>
   <trkpt lat="44.0066990" lon="5.0950560">
    <ele>144.4</ele>
   </trkpt>
   <trkpt lat="44.0067260" lon="5.0950720">
    <ele>144.2</ele>
   </trkpt>
   <trkpt lat="44.0067530" lon="5.0950820">
    <ele>144.2</ele>
   </trkpt>
   <trkpt lat="44.0067820" lon="5.0950980">
    <ele>144.2</ele>
   </trkpt>
   <trkpt lat="44.0068080" lon="5.0951080">
    <ele>144.2</ele>
   </trkpt>
   <trkpt lat="44.0068370" lon="5.0951210">
    <ele>144.0</ele>
   </trkpt>
   <trkpt lat="44.0068630" lon="5.0951320">
    <ele>143.8</ele>
   </trkpt>
   <trkpt lat="44.0068900" lon="5.0951450">
    <ele>143.8</ele>
   </trkpt>
   <trkpt lat="44.0069180" lon="5.0951600">
    <ele>143.8</ele>
   </trkpt>
   <trkpt lat="44.0069440" lon="5.0951750">
    <ele>143.6</ele>
   </trkpt>
   <trkpt lat="44.0069660" lon="5.0951910">
    <ele>143.6</ele>
   </trkpt>
   <trkpt lat="44.0069890" lon="5.0952050">
    <ele>143.4</ele>
   </trkpt>
   <trkpt lat="44.0070150" lon="5.0952230">
    <ele>143.2</ele>
   </trkpt>
   <trkpt lat="44.0070410" lon="5.0952350">
    <ele>143.0</ele>
   </trkpt>
   <trkpt lat="44.0070690" lon="5.0952540">
    <ele>143.0</ele>
   </trkpt>
   <trkpt lat="44.0070950" lon="5.0952640">
    <ele>142.8</ele>
   </trkpt>
   <trkpt lat="44.0071180" lon="5.0952790">
    <ele>142.8</ele>
   </trkpt>
   <trkpt lat="44.0071510" lon="5.0952980">
    <ele>143.0</ele>
   </trkpt>
   <trkpt lat="44.0071750" lon="5.0953100">
    <ele>143.0</ele>
   </trkpt>
   <trkpt lat="44.0072050" lon="5.0953260">
    <ele>143.0</ele>
   </trkpt>
   <trkpt lat="44.0072290" lon="5.0953360">
    <ele>143.0</ele>
   </trkpt>
   <trkpt lat="44.0072590" lon="5.0953500">
    <ele>142.8</ele>
   </trkpt>
   <trkpt lat="44.0072830" lon="5.0953640">
    <ele>142.8</ele>
   </trkpt>
   <trkpt lat="44.0073130" lon="5.0953810">
    <ele>142.8</ele>
   </trkpt>
   <trkpt lat="44.0073380" lon="5.0953890">
    <ele>142.6</ele>
   </trkpt>
   <trkpt lat="44.0073740" lon="5.0954080">
    <ele>142.4</ele>
   </trkpt>
   <trkpt lat="44.0073970" lon="5.0954180">
    <ele>142.4</ele>
   </trkpt>
   <trkpt lat="44.0074310" lon="5.0954340">
    <ele>142.4</ele>
   </trkpt>
   <trkpt lat="44.0074550" lon="5.0954410">
    <ele>142.2</ele>
   </trkpt>
   <trkpt lat="44.0074850" lon="5.0954520">
    <ele>142.2</ele>
   </trkpt>
   <trkpt lat="44.0075030" lon="5.0954360">
    <ele>142.2</ele>
   </trkpt>
   <trkpt lat="44.0075370" lon="5.0954470">
    <ele>142.2</ele>
   </trkpt>
   <trkpt lat="44.0075640" lon="5.0954490">
    <ele>142.2</ele>
   </trkpt>
   <trkpt lat="44.0075950" lon="5.0954590">
    <ele>142.2</ele>
   </trkpt>
   <trkpt lat="44.0076180" lon="5.0954650">
    <ele>142.0</ele>
   </trkpt>
   <trkpt lat="44.0076470" lon="5.0954820">
    <ele>142.0</ele>
   </trkpt>
   <trkpt lat="44.0076660" lon="5.0954850">
    <ele>141.8</ele>
   </trkpt>
   <trkpt lat="44.0076980" lon="5.0955020">
    <ele>141.8</ele>
   </trkpt>
   <trkpt lat="44.0077190" lon="5.0955070">
    <ele>141.8</ele>
   </trkpt>
   <trkpt lat="44.0077460" lon="5.0955250">
    <ele>141.6</ele>
   </trkpt>
   <trkpt lat="44.0077700" lon="5.0955330">
    <ele>141.6</ele>
   </trkpt>
   <trkpt lat="44.0077990" lon="5.0955500">
    <ele>141.6</ele>
   </trkpt>
   <trkpt lat="44.0078210" lon="5.0955550">
    <ele>141.4</ele>
   </trkpt>
   <trkpt lat="44.0078530" lon="5.0955710">
    <ele>141.4</ele>
   </trkpt>
   <trkpt lat="44.0078780" lon="5.0955770">
    <ele>141.4</ele>
   </trkpt>
   <trkpt lat="44.0079140" lon="5.0955950">
    <ele>141.4</ele>
   </trkpt>
   <trkpt lat="44.0079380" lon="5.0955990">
    <ele>141.4</ele>
   </trkpt>
   <trkpt lat="44.0079750" lon="5.0956170">
    <ele>141.4</ele>
   </trkpt>
   <trkpt lat="44.0079980" lon="5.0956220">
    <ele>141.2</ele>
   </trkpt>
   <trkpt lat="44.0080280" lon="5.0956400">
    <ele>141.2</ele>
   </trkpt>
   <trkpt lat="44.0080510" lon="5.0956490">
    <ele>141.0</ele>
   </trkpt>
   <trkpt lat="44.0080790" lon="5.0956670">
    <ele>141.0</ele>
   </trkpt>
   <trkpt lat="44.0081060" lon="5.0956750">
    <ele>141.0</ele>
   </trkpt>
   <trkpt lat="44.0081350" lon="5.0956950">
    <ele>141.0</ele>
   </trkpt>
   <trkpt lat="44.0081590" lon="5.0957020">
    <ele>141.0</ele>
   </trkpt>
   <trkpt lat="44.0081860" lon="5.0957150">
    <ele>141.0</ele>
   </trkpt>
   <trkpt lat="44.0082120" lon="5.0957240">
    <ele>141.0</ele>
   </trkpt>
   <trkpt lat="44.0082400" lon="5.0957370">
    <ele>140.8</ele>
   </trkpt>
   <trkpt lat="44.0082670" lon="5.0957490">
    <ele>140.8</ele>
   </trkpt>
   <trkpt lat="44.0082930" lon="5.0957590">
    <ele>140.8</ele>
   </trkpt>
   <trkpt lat="44.0083240" lon="5.0957760">
    <ele>140.8</ele>
   </trkpt>
   <trkpt lat="44.0083480" lon="5.0957870">
    <ele>140.6</ele>
   </trkpt>
   <trkpt lat="44.0083770" lon="5.0958050">
    <ele>140.6</ele>
   </trkpt>
   <trkpt lat="44.0084040" lon="5.0958180">
    <ele>140.6</ele>
   </trkpt>
   <trkpt lat="44.0084350" lon="5.0958430">
    <ele>140.6</ele>
   </trkpt>
   <trkpt lat="44.0084610" lon="5.0958530">
    <ele>140.6</ele>
   </trkpt>
   <trkpt lat="44.0084930" lon="5.0958760">
    <ele>140.4</ele>
   </trkpt>
   <trkpt lat="44.0085140" lon="5.0958820">
    <ele>140.6</ele>
   </trkpt>
   <trkpt lat="44.0085430" lon="5.0958990">
    <ele>140.6</ele>
   </trkpt>
   <trkpt lat="44.0085640" lon="5.0959060">
    <ele>140.6</ele>
   </trkpt>
   <trkpt lat="44.0085900" lon="5.0959240">
    <ele>140.8</ele>
   </trkpt>
   <trkpt lat="44.0086130" lon="5.0959280">
    <ele>140.8</ele>
   </trkpt>
   <trkpt lat="44.0086410" lon="5.0959460">
    <ele>140.8</ele>
   </trkpt>
   <trkpt lat="44.0086640" lon="5.0959540">
    <ele>140.8</ele>
   </trkpt>
   <trkpt lat="44.0086900" lon="5.0959690">
    <ele>140.8</ele>
   </trkpt>
   <trkpt lat="44.0087130" lon="5.0959770">
    <ele>140.8</ele>
   </trkpt>
   <trkpt lat="44.0087380" lon="5.0959870">
    <ele>140.8</ele>
   </trkpt>
   <trkpt lat="44.0087630" lon="5.0959990">
    <ele>140.8</ele>
   </trkpt>
   <trkpt lat="44.0087900" lon="5.0960130">
    <ele>140.8</ele>
   </trkpt>
   <trkpt lat="44.0088180" lon="5.0960260">
    <ele>140.8</ele>
   </trkpt>
   <trkpt lat="44.0088450" lon="5.0960370">
    <ele>140.6</ele>
   </trkpt>
   <trkpt lat="44.0088710" lon="5.0960450">
    <ele>140.6</ele>
   </trkpt>
   <trkpt lat="44.0088990" lon="5.0960570">
    <ele>140.6</ele>
   </trkpt>
   <trkpt lat="44.0089250" lon="5.0960660">
    <ele>140.6</ele>
   </trkpt>
   <trkpt lat="44.0089530" lon="5.0960790">
    <ele>140.4</ele>
   </trkpt>
   <trkpt lat="44.0089780" lon="5.0960900">
    <ele>140.4</ele>
   </trkpt>
   <trkpt lat="44.0090080" lon="5.0961050">
    <ele>140.4</ele>
   </trkpt>
   <trkpt lat="44.0090350" lon="5.0961200">
    <ele>140.2</ele>
   </trkpt>
   <trkpt lat="44.0090630" lon="5.0961310">
    <ele>140.0</ele>
   </trkpt>
   <trkpt lat="44.0090900" lon="5.0961400">
    <ele>139.8</ele>
   </trkpt>
   <trkpt lat="44.0091180" lon="5.0961520">
    <ele>139.6</ele>
   </trkpt>
   <trkpt lat="44.0091450" lon="5.0961590">
    <ele>139.4</ele>
   </trkpt>
   <trkpt lat="44.0091740" lon="5.0961730">
    <ele>139.2</ele>
   </trkpt>
   <trkpt lat="44.0091990" lon="5.0961800">
    <ele>139.0</ele>
   </trkpt>
   <trkpt lat="44.0092260" lon="5.0961940">
    <ele>139.0</ele>
   </trkpt>
   <trkpt lat="44.0092510" lon="5.0962010">
    <ele>138.8</ele>
   </trkpt>
   <trkpt lat="44.0092790" lon="5.0962130">
    <ele>138.6</ele>
   </trkpt>
   <trkpt lat="44.0093050" lon="5.0962220">
    <ele>138.4</ele>
   </trkpt>
   <trkpt lat="44.0093340" lon="5.0962360">
    <ele>138.2</ele>
   </trkpt>
   <trkpt lat="44.0093590" lon="5.0962430">
    <ele>138.0</ele>
   </trkpt>
   <trkpt lat="44.0093910" lon="5.0962570">
    <ele>138.0</ele>
   </trkpt>
   <trkpt lat="44.0094190" lon="5.0962640">
    <ele>137.8</ele>
   </trkpt>
   <trkpt lat="44.0094490" lon="5.0962760">
    <ele>137.6</ele>
   </trkpt>
   <trkpt lat="44.0094800" lon="5.0962840">
    <ele>137.6</ele>
   </trkpt>
   <trkpt lat="44.0095090" lon="5.0962980">
    <ele>137.6</ele>
   </trkpt>
   <trkpt lat="44.0095390" lon="5.0963080">
    <ele>137.4</ele>
   </trkpt>
   <trkpt lat="44.0095700" lon="5.0963200">
    <ele>137.4</ele>
   </trkpt>
   <trkpt lat="44.0095990" lon="5.0963310">
    <ele>137.4</ele>
   </trkpt>
   <trkpt lat="44.0096300" lon="5.0963370">
    <ele>137.4</ele>
   </trkpt>
   <trkpt lat="44.0096580" lon="5.0963530">
    <ele>137.4</ele>
   </trkpt>
   <trkpt lat="44.0096850" lon="5.0963580">
    <ele>137.4</ele>
   </trkpt>
   <trkpt lat="44.0097120" lon="5.0963700">
    <ele>137.2</ele>
   </trkpt>
   <trkpt lat="44.0097370" lon="5.0963760">
    <ele>137.2</ele>
   </trkpt>
   <trkpt lat="44.0097640" lon="5.0963930">
    <ele>137.2</ele>
   </trkpt>
   <trkpt lat="44.0097870" lon="5.0963980">
    <ele>137.0</ele>
   </trkpt>
   <trkpt lat="44.0098160" lon="5.0964120">
    <ele>137.0</ele>
   </trkpt>
   <trkpt lat="44.0098410" lon="5.0964180">
    <ele>136.8</ele>
   </trkpt>
   <trkpt lat="44.0098730" lon="5.0964330">
    <ele>136.8</ele>
   </trkpt>
   <trkpt lat="44.0098980" lon="5.0964370">
    <ele>136.8</ele>
   </trkpt>
   <trkpt lat="44.0099280" lon="5.0964520">
    <ele>136.8</ele>
   </trkpt>
   <trkpt lat="44.0099520" lon="5.0964550">
    <ele>136.8</ele>
   </trkpt>
   <trkpt lat="44.0099850" lon="5.0964660">
    <ele>136.6</ele>
   </trkpt>
   <trkpt lat="44.0100090" lon="5.0964700">
    <ele>136.6</ele>
   </trkpt>
   <trkpt lat="44.0100410" lon="5.0964810">
    <ele>136.4</ele>
   </trkpt>
   <trkpt lat="44.0100650" lon="5.0964830">
    <ele>136.4</ele>
   </trkpt>
   <trkpt lat="44.0100970" lon="5.0964960">
    <ele>136.4</ele>
   </trkpt>
   <trkpt lat="44.0101160" lon="5.0964960">
    <ele>136.4</ele>
   </trkpt>
   <trkpt lat="44.0101480" lon="5.0965140">
    <ele>136.4</ele>
   </trkpt>
   <trkpt lat="44.0101700" lon="5.0965160">
    <ele>136.4</ele>
   </trkpt>
   <trkpt lat="44.0102030" lon="5.0965270">
    <ele>136.4</ele>
   </trkpt>
   <trkpt lat="44.0102250" lon="5.0965300">
    <ele>136.2</ele>
   </trkpt>
   <trkpt lat="44.0102560" lon="5.0965400">
    <ele>136.2</ele>
   </trkpt>
   <trkpt lat="44.0102780" lon="5.0965460">
    <ele>136.2</ele>
   </trkpt>
   <trkpt lat="44.0103130" lon="5.0965590">
    <ele>136.2</ele>
   </trkpt>
   <trkpt lat="44.0103380" lon="5.0965590">
    <ele>136.2</ele>
   </trkpt>
   <trkpt lat="44.0103690" lon="5.0965710">
    <ele>136.2</ele>
   </trkpt>
   <trkpt lat="44.0103940" lon="5.0965690">
    <ele>136.2</ele>
   </trkpt>
   <trkpt lat="44.0104250" lon="5.0965810">
    <ele>136.0</ele>
   </trkpt>
   <trkpt lat="44.0104510" lon="5.0965800">
    <ele>136.2</ele>
   </trkpt>
   <trkpt lat="44.0104800" lon="5.0965940">
    <ele>136.2</ele>
   </trkpt>
   <trkpt lat="44.0105060" lon="5.0966020">
    <ele>136.2</ele>
   </trkpt>
   <trkpt lat="44.0105330" lon="5.0966140">
    <ele>136.2</ele>
   </trkpt>
   <trkpt lat="44.0105600" lon="5.0966210">
    <ele>136.2</ele>
   </trkpt>
   <trkpt lat="44.0105850" lon="5.0966300">
    <ele>136.2</ele>
   </trkpt>
   <trkpt lat="44.0106120" lon="5.0966370">
    <ele>136.0</ele>
   </trkpt>
   <trkpt lat="44.0106390" lon="5.0966460">
    <ele>136.0</ele>
   </trkpt>
   <trkpt lat="44.0106650" lon="5.0966520">
    <ele>136.0</ele>
   </trkpt>
   <trkpt lat="44.0106890" lon="5.0966640">
    <ele>136.0</ele>
   </trkpt>
   <trkpt lat="44.0107170" lon="5.0966740">
    <ele>136.0</ele>
   </trkpt>
   <trkpt lat="44.0107430" lon="5.0966890">
    <ele>136.0</ele>
   </trkpt>
   <trkpt lat="44.0107700" lon="5.0967000">
    <ele>136.0</ele>
   </trkpt>
   <trkpt lat="44.0107940" lon="5.0967150">
    <ele>136.0</ele>
   </trkpt>
   <trkpt lat="44.0108200" lon="5.0967250">
    <ele>136.0</ele>
   </trkpt>
   <trkpt lat="44.0108460" lon="5.0967360">
    <ele>136.0</ele>
   </trkpt>
   <trkpt lat="44.0108710" lon="5.0967460">
    <ele>136.0</ele>
   </trkpt>
   <trkpt lat="44.0108950" lon="5.0967580">
    <ele>136.0</ele>
   </trkpt>
   <trkpt lat="44.0109220" lon="5.0967690">
    <ele>136.0</ele>
   </trkpt>
   <trkpt lat="44.0109500" lon="5.0967790">
    <ele>136.0</ele>
   </trkpt>
   <trkpt lat="44.0109770" lon="5.0967900">
    <ele>136.0</ele>
   </trkpt>
   <trkpt lat="44.0110020" lon="5.0968040">
    <ele>136.2</ele>
   </trkpt>
   <trkpt lat="44.0110310" lon="5.0968230">
    <ele>136.2</ele>
   </trkpt>
   <trkpt lat="44.0110530" lon="5.0968430">
    <ele>136.0</ele>
   </trkpt>
   <trkpt lat="44.0110790" lon="5.0968690">
    <ele>136.2</ele>
   </trkpt>
   <trkpt lat="44.0111030" lon="5.0968810">
    <ele>136.2</ele>
   </trkpt>
   <trkpt lat="44.0111320" lon="5.0969090">
    <ele>136.2</ele>
   </trkpt>
   <trkpt lat="44.0111550" lon="5.0969200">
    <ele>136.2</ele>
   </trkpt>
   <trkpt lat="44.0111830" lon="5.0969450">
    <ele>136.2</ele>
   </trkpt>
   <trkpt lat="44.0112060" lon="5.0969530">
    <ele>136.2</ele>
   </trkpt>
   <trkpt lat="44.0112360" lon="5.0969780">
    <ele>136.2</ele>
   </trkpt>
   <trkpt lat="44.0112580" lon="5.0969890">
    <ele>136.2</ele>
   </trkpt>
   <trkpt lat="44.0112870" lon="5.0970130">
    <ele>136.2</ele>
   </trkpt>
   <trkpt lat="44.0113100" lon="5.0970260">
    <ele>136.4</ele>
   </trkpt>
   <trkpt lat="44.0113390" lon="5.0970530">
    <ele>136.4</ele>
   </trkpt>
   <trkpt lat="44.0113620" lon="5.0970640">
    <ele>136.4</ele>
   </trkpt>
   <trkpt lat="44.0113900" lon="5.0970910">
    <ele>136.2</ele>
   </trkpt>
   <trkpt lat="44.0114140" lon="5.0971050">
    <ele>136.2</ele>
   </trkpt>
   <trkpt lat="44.0114400" lon="5.0971310">
    <ele>136.2</ele>
   </trkpt>
   <trkpt lat="44.0114630" lon="5.0971520">
    <ele>136.2</ele>
   </trkpt>
   <trkpt lat="44.0114870" lon="5.0971790">
    <ele>136.2</ele>
   </trkpt>
   <trkpt lat="44.0115110" lon="5.0971990">
    <ele>136.2</ele>
   </trkpt>
   <trkpt lat="44.0115350" lon="5.0972240">
    <ele>136.2</ele>
   </trkpt>
   <trkpt lat="44.0115590" lon="5.0972420">
    <ele>136.2</ele>
   </trkpt>
   <trkpt lat="44.0115800" lon="5.0972650">
    <ele>136.2</ele>
   </trkpt>
   <trkpt lat="44.0116030" lon="5.0972830">
    <ele>136.2</ele>
   </trkpt>
   <trkpt lat="44.0116260" lon="5.0973030">
    <ele>136.2</ele>
   </trkpt>
   <trkpt lat="44.0116500" lon="5.0973210">
    <ele>136.2</ele>
   </trkpt>
   <trkpt lat="44.0116750" lon="5.0973430">
    <ele>136.0</ele>
   </trkpt>
   <trkpt lat="44.0117000" lon="5.0973630">
    <ele>136.0</ele>
   </trkpt>
   <trkpt lat="44.0117250" lon="5.0973780">
    <ele>136.0</ele>
   </trkpt>
   <trkpt lat="44.0117500" lon="5.0973960">
    <ele>136.0</ele>
   </trkpt>
   <trkpt lat="44.0117740" lon="5.0974100">
    <ele>136.0</ele>
   </trkpt>
   <trkpt lat="44.0117980" lon="5.0974390">
    <ele>136.0</ele>
   </trkpt>
   <trkpt lat="44.0118210" lon="5.0974500">
    <ele>135.8</ele>
   </trkpt>
   <trkpt lat="44.0118470" lon="5.0974740">
    <ele>135.8</ele>
   </trkpt>
   <trkpt lat="44.0118700" lon="5.0974850">
    <ele>135.8</ele>
   </trkpt>
   <trkpt lat="44.0119020" lon="5.0975120">
    <ele>135.8</ele>
   </trkpt>
   <trkpt lat="44.0119240" lon="5.0975210">
    <ele>135.8</ele>
   </trkpt>
   <trkpt lat="44.0119560" lon="5.0975460">
    <ele>135.8</ele>
   </trkpt>
   <trkpt lat="44.0119800" lon="5.0975570">
    <ele>135.6</ele>
   </trkpt>
   <trkpt lat="44.0120060" lon="5.0975830">
    <ele>135.6</ele>
   </trkpt>
   <trkpt lat="44.0120270" lon="5.0975950">
    <ele>135.6</ele>
   </trkpt>
   <trkpt lat="44.0120540" lon="5.0976190">
    <ele>135.6</ele>
   </trkpt>
   <trkpt lat="44.0120760" lon="5.0976280">
    <ele>135.6</ele>
   </trkpt>
   <trkpt lat="44.0121050" lon="5.0976510">
    <ele>135.6</ele>
   </trkpt>
   <trkpt lat="44.0121280" lon="5.0976620">
    <ele>135.4</ele>
   </trkpt>
   <trkpt lat="44.0121530" lon="5.0976890">
    <ele>135.4</ele>
   </trkpt>
   <trkpt lat="44.0121770" lon="5.0977050">
    <ele>135.4</ele>
   </trkpt>
   <trkpt lat="44.0122000" lon="5.0977300">
    <ele>135.4</ele>
   </trkpt>
   <trkpt lat="44.0122220" lon="5.0977380">
    <ele>135.2</ele>
   </trkpt>
   <trkpt lat="44.0122460" lon="5.0977630">
    <ele>135.2</ele>
   </trkpt>
   <trkpt lat="44.0122650" lon="5.0977790">
    <ele>135.2</ele>
   </trkpt>
   <trkpt lat="44.0122850" lon="5.0978110">
    <ele>135.2</ele>
   </trkpt>
   <trkpt lat="44.0123020" lon="5.0978360">
    <ele>135.2</ele>
   </trkpt>
   <trkpt lat="44.0123180" lon="5.0978700">
    <ele>135.2</ele>
   </trkpt>
   <trkpt lat="44.0123320" lon="5.0978900">
    <ele>135.2</ele>
   </trkpt>
   <trkpt lat="44.0123470" lon="5.0979290">
    <ele>135.0</ele>
   </trkpt>
   <trkpt lat="44.0123590" lon="5.0979570">
    <ele>135.0</ele>
   </trkpt>
   <trkpt lat="44.0123710" lon="5.0979960">
    <ele>134.8</ele>
   </trkpt>
   <trkpt lat="44.0123850" lon="5.0980320">
    <ele>134.4</ele>
   </trkpt>
   <trkpt lat="44.0123970" lon="5.0980700">
    <ele>134.2</ele>
   </trkpt>
   <trkpt lat="44.0124080" lon="5.0981080">
    <ele>133.8</ele>
   </trkpt>
   <trkpt lat="44.0124200" lon="5.0981440">
    <ele>133.6</ele>
   </trkpt>
   <trkpt lat="44.0124310" lon="5.0981850">
    <ele>133.4</ele>
   </trkpt>
   <trkpt lat="44.0124450" lon="5.0982170">
    <ele>133.0</ele>
   </trkpt>
   <trkpt lat="44.0124530" lon="5.0982550">
    <ele>132.8</ele>
   </trkpt>
   <trkpt lat="44.0124640" lon="5.0982880">
    <ele>132.6</ele>
   </trkpt>
   <trkpt lat="44.0124720" lon="5.0983300">
    <ele>132.4</ele>
   </trkpt>
   <trkpt lat="44.0124830" lon="5.0983630">
    <ele>132.2</ele>
   </trkpt>
   <trkpt lat="44.0124930" lon="5.0984050">
    <ele>132.0</ele>
   </trkpt>
   <trkpt lat="44.0125050" lon="5.0984430">
    <ele>131.8</ele>
   </trkpt>
   <trkpt lat="44.0125130" lon="5.0984840">
    <ele>131.6</ele>
   </trkpt>
   <trkpt lat="44.0125250" lon="5.0985180">
    <ele>131.6</ele>
   </trkpt>
   <trkpt lat="44.0125370" lon="5.0985570">
    <ele>131.4</ele>
   </trkpt>
   <trkpt lat="44.0125500" lon="5.0985940">
    <ele>131.4</ele>
   </trkpt>
   <trkpt lat="44.0125620" lon="5.0986330">
    <ele>131.2</ele>
   </trkpt>
   <trkpt lat="44.0125740" lon="5.0986680">
    <ele>131.0</ele>
   </trkpt>
   <trkpt lat="44.0125860" lon="5.0987070">
    <ele>131.0</ele>
   </trkpt>
   <trkpt lat="44.0126010" lon="5.0987470">
    <ele>130.8</ele>
   </trkpt>
   <trkpt lat="44.0126110" lon="5.0987870">
    <ele>130.8</ele>
   </trkpt>
   <trkpt lat="44.0126220" lon="5.0988270">
    <ele>130.6</ele>
   </trkpt>
   <trkpt lat="44.0126280" lon="5.0988660">
    <ele>130.6</ele>
   </trkpt>
   <trkpt lat="44.0126370" lon="5.0989080">
    <ele>130.4</ele>
   </trkpt>
   <trkpt lat="44.0126440" lon="5.0989490">
    <ele>130.4</ele>
   </trkpt>
   <trkpt lat="44.0126530" lon="5.0989940">
    <ele>130.4</ele>
   </trkpt>
   <trkpt lat="44.0126600" lon="5.0990300">
    <ele>130.4</ele>
   </trkpt>
   <trkpt lat="44.0126680" lon="5.0990730">
    <ele>130.2</ele>
   </trkpt>
   <trkpt lat="44.0126690" lon="5.0991070">
    <ele>130.2</ele>
   </trkpt>
   <trkpt lat="44.0126740" lon="5.0991520">
    <ele>130.2</ele>
   </trkpt>
   <trkpt lat="44.0126750" lon="5.0991840">
    <ele>130.2</ele>
   </trkpt>
   <trkpt lat="44.0126810" lon="5.0992270">
    <ele>130.2</ele>
   </trkpt>
   <trkpt lat="44.0126860" lon="5.0992590">
    <ele>130.0</ele>
   </trkpt>
   <trkpt lat="44.0126910" lon="5.0993070">
    <ele>130.0</ele>
   </trkpt>
   <trkpt lat="44.0126990" lon="5.0993420">
    <ele>130.0</ele>
   </trkpt>
   <trkpt lat="44.0127010" lon="5.0993900">
    <ele>130.0</ele>
   </trkpt>
   <trkpt lat="44.0127080" lon="5.0994250">
    <ele>130.0</ele>
   </trkpt>
   <trkpt lat="44.0127120" lon="5.0994690">
    <ele>130.0</ele>
   </trkpt>
   <trkpt lat="44.0127190" lon="5.0995020">
    <ele>130.0</ele>
   </trkpt>
   <trkpt lat="44.0127230" lon="5.0995440">
    <ele>130.0</ele>
   </trkpt>
   <trkpt lat="44.0127320" lon="5.0995790">
    <ele>130.0</ele>
   </trkpt>
   <trkpt lat="44.0127360" lon="5.0996170">
    <ele>130.2</ele>
   </trkpt>
   <trkpt lat="44.0127440" lon="5.0996530">
    <ele>130.2</ele>
   </trkpt>
   <trkpt lat="44.0127510" lon="5.0996940">
    <ele>130.2</ele>
   </trkpt>
   <trkpt lat="44.0127600" lon="5.0997290">
    <ele>130.2</ele>
   </trkpt>
   <trkpt lat="44.0127640" lon="5.0997690">
    <ele>130.2</ele>
   </trkpt>
   <trkpt lat="44.0127710" lon="5.0998040">
    <ele>130.2</ele>
   </trkpt>
   <trkpt lat="44.0127770" lon="5.0998440">
    <ele>130.2</ele>
   </trkpt>
   <trkpt lat="44.0127830" lon="5.0998810">
    <ele>130.2</ele>
   </trkpt>
   <trkpt lat="44.0127860" lon="5.0999210">
    <ele>130.2</ele>
   </trkpt>
   <trkpt lat="44.0127940" lon="5.0999580">
    <ele>130.4</ele>
   </trkpt>
   <trkpt lat="44.0128010" lon="5.0999960">
    <ele>130.4</ele>
   </trkpt>
   <trkpt lat="44.0128080" lon="5.1000370">
    <ele>130.4</ele>
   </trkpt>
   <trkpt lat="44.0128140" lon="5.1000710">
    <ele>130.4</ele>
   </trkpt>
   <trkpt lat="44.0128190" lon="5.1001130">
    <ele>130.4</ele>
   </trkpt>
   <trkpt lat="44.0128270" lon="5.1001440">
    <ele>130.2</ele>
   </trkpt>
   <trkpt lat="44.0128310" lon="5.1001900">
    <ele>130.2</ele>
   </trkpt>
   <trkpt lat="44.0128380" lon="5.1002220">
    <ele>130.2</ele>
   </trkpt>
   <trkpt lat="44.0128440" lon="5.1002670">
    <ele>130.2</ele>
   </trkpt>
   <trkpt lat="44.0128540" lon="5.1002940">
    <ele>130.0</ele>
   </trkpt>
   <trkpt lat="44.0128600" lon="5.1003380">
    <ele>130.0</ele>
   </trkpt>
   <trkpt lat="44.0128670" lon="5.1003690">
    <ele>129.8</ele>
   </trkpt>
   <trkpt lat="44.0128720" lon="5.1004150">
    <ele>129.8</ele>
   </trkpt>
   <trkpt lat="44.0128810" lon="5.1004430">
    <ele>129.6</ele>
   </trkpt>
   <trkpt lat="44.0128970" lon="5.1004910">
    <ele>129.6</ele>
   </trkpt>
   <trkpt lat="44.0129110" lon="5.1005220">
    <ele>129.6</ele>
   </trkpt>
   <trkpt lat="44.0129250" lon="5.1005620">
    <ele>129.4</ele>
   </trkpt>
   <trkpt lat="44.0129410" lon="5.1005840">
    <ele>129.4</ele>
   </trkpt>
   <trkpt lat="44.0129610" lon="5.1006190">
    <ele>129.2</ele>
   </trkpt>
   <trkpt lat="44.0129810" lon="5.1006350">
    <ele>129.2</ele>
   </trkpt>
   <trkpt lat="44.0130080" lon="5.1006550">
    <ele>128.8</ele>
   </trkpt>
   <trkpt lat="44.0130300" lon="5.1006650">
    <ele>128.6</ele>
   </trkpt>
   <trkpt lat="44.0130570" lon="5.1006900">
    <ele>128.4</ele>
   </trkpt>
   <trkpt lat="44.0130790" lon="5.1007030">
    <ele>128.2</ele>
   </trkpt>
   <trkpt lat="44.0131070" lon="5.1007280">
    <ele>128.2</ele>
   </trkpt>
   <trkpt lat="44.0131310" lon="5.1007380">
    <ele>128.2</ele>
   </trkpt>
   <trkpt lat="44.0131600" lon="5.1007520">
    <ele>128.0</ele>
   </trkpt>
   <trkpt lat="44.0131840" lon="5.1007590">
    <ele>128.0</ele>
   </trkpt>
   <trkpt lat="44.0132130" lon="5.1007740">
    <ele>127.8</ele>
   </trkpt>
   <trkpt lat="44.0132350" lon="5.1007830">
    <ele>127.8</ele>
   </trkpt>
   <trkpt lat="44.0132660" lon="5.1007980">
    <ele>127.8</ele>
   </trkpt>
   <trkpt lat="44.0132880" lon="5.1008050">
    <ele>127.6</ele>
   </trkpt>
   <trkpt lat="44.0133180" lon="5.1008210">
    <ele>127.6</ele>
   </trkpt>
   <trkpt lat="44.0133430" lon="5.1008290">
    <ele>127.4</ele>
   </trkpt>
   <trkpt lat="44.0133730" lon="5.1008480">
    <ele>127.2</ele>
   </trkpt>
   <trkpt lat="44.0133990" lon="5.1008550">
    <ele>127.2</ele>
   </trkpt>
   <trkpt lat="44.0134290" lon="5.1008700">
    <ele>127.2</ele>
   </trkpt>
   <trkpt lat="44.0134540" lon="5.1008740">
    <ele>127.0</ele>
   </trkpt>
   <trkpt lat="44.0134830" lon="5.1008930">
    <ele>127.0</ele>
   </trkpt>
   <trkpt lat="44.0135100" lon="5.1009000">
    <ele>127.0</ele>
   </trkpt>
   <trkpt lat="44.0135370" lon="5.1009160">
    <ele>126.8</ele>
   </trkpt>
   <trkpt lat="44.0135650" lon="5.1009240">
    <ele>126.8</ele>
   </trkpt>
   <trkpt lat="44.0135940" lon="5.1009360">
    <ele>126.8</ele>
   </trkpt>
   <trkpt lat="44.0136200" lon="5.1009460">
    <ele>126.8</ele>
   </trkpt>
   <trkpt lat="44.0136460" lon="5.1009610">
    <ele>126.6</ele>
   </trkpt>
   <trkpt lat="44.0136720" lon="5.1009720">
    <ele>126.6</ele>
   </trkpt>
   <trkpt lat="44.0137000" lon="5.1009830">
    <ele>126.6</ele>
   </trkpt>
   <trkpt lat="44.0137250" lon="5.1009930">
    <ele>126.4</ele>
   </trkpt>
   <trkpt lat="44.0137520" lon="5.1010070">
    <ele>126.4</ele>
   </trkpt>
   <trkpt lat="44.0137790" lon="5.1010180">
    <ele>126.4</ele>
   </trkpt>
   <trkpt lat="44.0138040" lon="5.1010300">
    <ele>126.2</ele>
   </trkpt>
   <trkpt lat="44.0138320" lon="5.1010400">
    <ele>126.2</ele>
   </trkpt>
   <trkpt lat="44.0138610" lon="5.1010550">
    <ele>126.2</ele>
   </trkpt>
   <trkpt lat="44.0138890" lon="5.1010640">
    <ele>126.0</ele>
   </trkpt>
   <trkpt lat="44.0139180" lon="5.1010810">
    <ele>126.0</ele>
   </trkpt>
   <trkpt lat="44.0139440" lon="5.1010900">
    <ele>125.8</ele>
   </trkpt>
   <trkpt lat="44.0139720" lon="5.1011020">
    <ele>125.8</ele>
   </trkpt>
   <trkpt lat="44.0139960" lon="5.1011090">
    <ele>125.8</ele>
   </trkpt>
   <trkpt lat="44.0140220" lon="5.1011200">
    <ele>125.8</ele>
   </trkpt>
   <trkpt lat="44.0140460" lon="5.1011280">
    <ele>125.8</ele>
   </trkpt>
   <trkpt lat="44.0140670" lon="5.1011410">
    <ele>125.6</ele>
   </trkpt>
   <trkpt lat="44.0140940" lon="5.1011490">
    <ele>125.6</ele>
   </trkpt>
   <trkpt lat="44.0141210" lon="5.1011550">
    <ele>125.6</ele>
   </trkpt>
   <trkpt lat="44.0141500" lon="5.1011660">
    <ele>125.4</ele>
   </trkpt>
   <trkpt lat="44.0141800" lon="5.1011740">
    <ele>125.4</ele>
   </trkpt>
   <trkpt lat="44.0142090" lon="5.1011880">
    <ele>125.4</ele>
   </trkpt>
   <trkpt lat="44.0142340" lon="5.1012030">
    <ele>125.4</ele>
   </trkpt>
   <trkpt lat="44.0142620" lon="5.1012250">
    <ele>125.2</ele>
   </trkpt>
   <trkpt lat="44.0142860" lon="5.1012370">
    <ele>125.0</ele>
   </trkpt>
   <trkpt lat="44.0143150" lon="5.1012560">
    <ele>125.0</ele>
   </trkpt>
   <trkpt lat="44.0143370" lon="5.1012760">
    <ele>124.8</ele>
   </trkpt>
   <trkpt lat="44.0143580" lon="5.1013090">
    <ele>124.6</ele>
   </trkpt>
   <trkpt lat="44.0143720" lon="5.1013330">
    <ele>124.6</ele>
   </trkpt>
   <trkpt lat="44.0143860" lon="5.1013700">
    <ele>124.4</ele>
   </trkpt>
   <trkpt lat="44.0143940" lon="5.1014060">
    <ele>124.6</ele>
   </trkpt>
   <trkpt lat="44.0144020" lon="5.1014440">
    <ele>124.6</ele>
   </trkpt>
   <trkpt lat="44.0144060" lon="5.1014740">
    <ele>124.6</ele>
   </trkpt>
   <trkpt lat="44.0144070" lon="5.1015140">
    <ele>124.6</ele>
   </trkpt>
   <trkpt lat="44.0144040" lon="5.1015500">
    <ele>124.6</ele>
   </trkpt>
   <trkpt lat="44.0144010" lon="5.1015930">
    <ele>124.6</ele>
   </trkpt>
   <trkpt lat="44.0144010" lon="5.1016280">
    <ele>124.6</ele>
   </trkpt>
   <trkpt lat="44.0144040" lon="5.1016630">
    <ele>124.4</ele>
   </trkpt>
   <trkpt lat="44.0144060" lon="5.1016960">
    <ele>124.4</ele>
   </trkpt>
   <trkpt lat="44.0144150" lon="5.1017310">
    <ele>124.2</ele>
   </trkpt>
   <trkpt lat="44.0144240" lon="5.1017700">
    <ele>124.2</ele>
   </trkpt>
   <trkpt lat="44.0144390" lon="5.1017980">
    <ele>124.0</ele>
   </trkpt>
   <trkpt lat="44.0144610" lon="5.1018190">
    <ele>123.8</ele>
   </trkpt>
   <trkpt lat="44.0144760" lon="5.1018450">
    <ele>123.8</ele>
   </trkpt>
   <trkpt lat="44.0144940" lon="5.1018790">
    <ele>123.6</ele>
   </trkpt>
   <trkpt lat="44.0145020" lon="5.1019190">
    <ele>123.6</ele>
   </trkpt>
   <trkpt lat="44.0145070" lon="5.1019540">
    <ele>123.6</ele>
   </trkpt>
   <trkpt lat="44.0145140" lon="5.1019890">
    <ele>123.6</ele>
   </trkpt>
   <trkpt lat="44.0145190" lon="5.1020220">
    <ele>123.8</ele>
   </trkpt>
   <trkpt lat="44.0145240" lon="5.1020590">
    <ele>124.0</ele>
   </trkpt>
   <trkpt lat="44.0145340" lon="5.1020880">
    <ele>124.2</ele>
   </trkpt>
   <trkpt lat="44.0145450" lon="5.1021220">
    <ele>124.4</ele>
   </trkpt>
   <trkpt lat="44.0145560" lon="5.1021490">
    <ele>124.4</ele>
   </trkpt>
   <trkpt lat="44.0145750" lon="5.1021700">
    <ele>124.6</ele>
   </trkpt>
   <trkpt lat="44.0145930" lon="5.1021860">
    <ele>124.8</ele>
   </trkpt>
   <trkpt lat="44.0146160" lon="5.1021880">
    <ele>124.8</ele>
   </trkpt>
   <trkpt lat="44.0146480" lon="5.1021980">
    <ele>125.0</ele>
   </trkpt>
   <trkpt lat="44.0146750" lon="5.1021980">
    <ele>125.0</ele>
   </trkpt>
   <trkpt lat="44.0147010" lon="5.1021930">
    <ele>125.0</ele>
   </trkpt>
   <trkpt lat="44.0147220" lon="5.1021860">
    <ele>125.0</ele>
   </trkpt>
   <trkpt lat="44.0147450" lon="5.1021790">
    <ele>125.2</ele>
   </trkpt>
   <trkpt lat="44.0147690" lon="5.1021690">
    <ele>125.2</ele>
   </trkpt>
   <trkpt lat="44.0147890" lon="5.1021600">
    <ele>125.2</ele>
   </trkpt>
   <trkpt lat="44.0148160" lon="5.1021530">
    <ele>125.2</ele>
   </trkpt>
   <trkpt lat="44.0148410" lon="5.1021430">
    <ele>125.2</ele>
   </trkpt>
   <trkpt lat="44.0148720" lon="5.1021300">
    <ele>125.2</ele>
   </trkpt>
   <trkpt lat="44.0148950" lon="5.1021150">
    <ele>125.4</ele>
   </trkpt>
   <trkpt lat="44.0149270" lon="5.1021000">
    <ele>125.4</ele>
   </trkpt>
   <trkpt lat="44.0149480" lon="5.1020880">
    <ele>125.6</ele>
   </trkpt>
   <trkpt lat="44.0149770" lon="5.1020760">
    <ele>125.6</ele>
   </trkpt>
   <trkpt lat="44.0150010" lon="5.1020640">
    <ele>125.8</ele>
   </trkpt>
   <trkpt lat="44.0150310" lon="5.1020520">
    <ele>125.8</ele>
   </trkpt>
   <trkpt lat="44.0150490" lon="5.1020400">
    <ele>126.0</ele>
   </trkpt>
   <trkpt lat="44.0150770" lon="5.1020300">
    <ele>126.0</ele>
   </trkpt>
   <trkpt lat="44.0150990" lon="5.1020190">
    <ele>126.0</ele>
   </trkpt>
   <trkpt lat="44.0151260" lon="5.1020140">
    <ele>126.0</ele>
   </trkpt>
   <trkpt lat="44.0151440" lon="5.1020010">
    <ele>126.2</ele>
   </trkpt>
   <trkpt lat="44.0151750" lon="5.1019920">
    <ele>126.2</ele>
   </trkpt>
   <trkpt lat="44.0151970" lon="5.1019790">
    <ele>126.2</ele>
   </trkpt>
   <trkpt lat="44.0152260" lon="5.1019650">
    <ele>126.2</ele>
   </trkpt>
   <trkpt lat="44.0152510" lon="5.1019540">
    <ele>126.4</ele>
   </trkpt>
   <trkpt lat="44.0152810" lon="5.1019430">
    <ele>126.4</ele>
   </trkpt>
   <trkpt lat="44.0153050" lon="5.1019280">
    <ele>126.4</ele>
   </trkpt>
   <trkpt lat="44.0153310" lon="5.1019190">
    <ele>126.4</ele>
   </trkpt>
   <trkpt lat="44.0153530" lon="5.1019040">
    <ele>126.4</ele>
   </trkpt>
   <trkpt lat="44.0153800" lon="5.1018910">
    <ele>126.6</ele>
   </trkpt>
   <trkpt lat="44.0154020" lon="5.1018780">
    <ele>126.6</ele>
   </trkpt>
   <trkpt lat="44.0154290" lon="5.1018660">
    <ele>126.6</ele>
   </trkpt>
   <trkpt lat="44.0154550" lon="5.1018500">
    <ele>126.6</ele>
   </trkpt>
   <trkpt lat="44.0154820" lon="5.1018330">
    <ele>126.6</ele>
   </trkpt>
   <trkpt lat="44.0155050" lon="5.1018130">
    <ele>126.6</ele>
   </trkpt>
   <trkpt lat="44.0155310" lon="5.1017980">
    <ele>126.6</ele>
   </trkpt>
   <trkpt lat="44.0155540" lon="5.1017780">
    <ele>126.6</ele>
   </trkpt>
   <trkpt lat="44.0155770" lon="5.1017590">
    <ele>126.6</ele>
   </trkpt>
   <trkpt lat="44.0156000" lon="5.1017380">
    <ele>126.6</ele>
   </trkpt>
   <trkpt lat="44.0156250" lon="5.1017230">
    <ele>126.6</ele>
   </trkpt>
   <trkpt lat="44.0156500" lon="5.1017080">
    <ele>126.6</ele>
   </trkpt>
   <trkpt lat="44.0156730" lon="5.1016980">
    <ele>126.8</ele>
   </trkpt>
   <trkpt lat="44.0156990" lon="5.1016910">
    <ele>126.8</ele>
   </trkpt>
   <trkpt lat="44.0157230" lon="5.1016950">
    <ele>127.0</ele>
   </trkpt>
   <trkpt lat="44.0157500" lon="5.1016890">
    <ele>127.2</ele>
   </trkpt>
   <trkpt lat="44.0157730" lon="5.1016840">
    <ele>127.4</ele>
   </trkpt>
   <trkpt lat="44.0158010" lon="5.1016760">
    <ele>127.6</ele>
   </trkpt>
   <trkpt lat="44.0158250" lon="5.1016690">
    <ele>127.8</ele>
   </trkpt>
   <trkpt lat="44.0158510" lon="5.1016630">
    <ele>128.0</ele>
   </trkpt>
   <trkpt lat="44.0158780" lon="5.1016630">
    <ele>128.0</ele>
   </trkpt>
   <trkpt lat="44.0159060" lon="5.1016630">
    <ele>127.8</ele>
   </trkpt>
   <trkpt lat="44.0159320" lon="5.1016670">
    <ele>127.8</ele>
   </trkpt>
   <trkpt lat="44.0159610" lon="5.1016730">
    <ele>127.8</ele>
   </trkpt>
   <trkpt lat="44.0159860" lon="5.1016770">
    <ele>128.0</ele>
   </trkpt>
   <trkpt lat="44.0160090" lon="5.1016950">
    <ele>128.0</ele>
   </trkpt>
   <trkpt lat="44.0160330" lon="5.1017060">
    <ele>128.2</ele>
   </trkpt>
   <trkpt lat="44.0160600" lon="5.1017280">
    <ele>128.4</ele>
   </trkpt>
   <trkpt lat="44.0160810" lon="5.1017370">
    <ele>128.4</ele>
   </trkpt>
   <trkpt lat="44.0161060" lon="5.1017570">
    <ele>128.4</ele>
   </trkpt>
   <trkpt lat="44.0161290" lon="5.1017640">
    <ele>128.6</ele>
   </trkpt>
   <trkpt lat="44.0161530" lon="5.1017850">
    <ele>128.6</ele>
   </trkpt>
  </trkseg>
 </trk>
</gpx>
