<?xml version="1.0" encoding="UTF-8" standalone="no" ?>
<gpx creator="CompeGPS" version="1.1" xsi:schemaLocation="http://www.topografix.com/GPX/1/1 http://www.topografix.com/GPX/1/1/gpx.xsd http://www.garmin.com/xmlschemas/WaypointExtension/v1 http://www8.garmin.com/xmlschemas/WaypointExtensionv1.xsd http://www.garmin.com/xmlschemas/TrackPointExtension/v1 http://www.garmin.com/xmlschemas/TrackPointExtensionv1.xsd http://www.garmin.com/xmlschemas/GpxExtensions/v3 http://www8.garmin.com/xmlschemas/GpxExtensionsv3.xsd http://www.garmin.com/xmlschemas/ActivityExtension/v1 http://www8.garmin.com/xmlschemas/ActivityExtensionv1.xsd http://www.garmin.com/xmlschemas/AdventuresExtensions/v1 http://www8.garmin.com/xmlschemas/AdventuresExtensionv1.xsd http://www.garmin.com/xmlschemas/PressureExtension/v1 http://www.garmin.com/xmlschemas/PressureExtensionv1.xsd http://www.garmin.com/xmlschemas/TripExtensions/v1 http://www.garmin.com/xmlschemas/TripExtensionsv1.xsd http://www.garmin.com/xmlschemas/TripMetaDataExtensions/v1 http://www.garmin.com/xmlschemas/TripMetaDataExtensionsv1.xsd http://www.garmin.com/xmlschemas/ViaPointTransportationModeExtensions/v1 http://www.garmin.com/xmlschemas/ViaPointTransportationModeExtensionsv1.xsd http://www.garmin.com/xmlschemas/CreationTimeExtension/v1 http://www.garmin.com/xmlschemas/CreationTimeExtensionsv1.xsd http://www.garmin.com/xmlschemas/AccelerationExtension/v1 http://www.garmin.com/xmlschemas/AccelerationExtensionv1.xsd http://www.garmin.com/xmlschemas/PowerExtension/v1 http://www.garmin.com/xmlschemas/PowerExtensionv1.xsd http://www.garmin.com/xmlschemas/VideoExtension/v1 http://www.garmin.com/xmlschemas/VideoExtensionv1.xsd" xmlns="http://www.topografix.com/GPX/1/1" xmlns:xsi="http://www.w3.org/2001/XMLSchema-instance" xmlns:wptx1="http://www.garmin.com/xmlschemas/WaypointExtension/v1" xmlns:gpxtrx="http://www.garmin.com/xmlschemas/GpxExtensions/v3" xmlns:gpxtpx="http://www.garmin.com/xmlschemas/TrackPointExtension/v1" xmlns:gpxx="http://www.garmin.com/xmlschemas/GpxExtensions/v3" xmlns:trp="http://www.garmin.com/xmlschemas/TripExtensions/v1" xmlns:adv="http://www.garmin.com/xmlschemas/AdventuresExtensions/v1" xmlns:prs="http://www.garmin.com/xmlschemas/PressureExtension/v1" xmlns:tmd="http://www.garmin.com/xmlschemas/TripMetaDataExtensions/v1" xmlns:vptm="http://www.garmin.com/xmlschemas/ViaPointTransportationModeExtensions/v1" xmlns:ctx="http://www.garmin.com/xmlschemas/CreationTimeExtension/v1" xmlns:gpxacc="http://www.garmin.com/xmlschemas/AccelerationExtension/v1" xmlns:gpxpx="http://www.garmin.com/xmlschemas/PowerExtension/v1" xmlns:vidx1="http://www.garmin.com/xmlschemas/VideoExtension/v1" xmlns:twonav="http://twonav.com/twonav">
  <metadata>
    <author>
      <email id="" domain=""/>
    </author>
    <copyright author="">
      <license></license>
    </copyright>
    <link href="http://www.compegps.com">
      <text>CompeGPS TEAM, SL</text>
    </link>
    <time>2020-06-01T18:38:43.000Z</time>
    <bounds maxlat="44.005320" maxlon="5.224380" minlat="43.949590" minlon="5.131780"/>
  </metadata>
  <trk>
    <name>T10 noir</name>
    <extensions>
      <line xmlns="http://www.topografix.com/GPX/gpx_style/0/2">
        <width>4</width>
      </line>
      <gpxx:TrackExtension>
        <gpxx:DisplayColor>Black</gpxx:DisplayColor>
      </gpxx:TrackExtension>
      <twonav:TwoNavExtension>
        <twonav:activity>4</twonav:activity>
        <twonav:terrain>0</twonav:terrain>
      </twonav:TwoNavExtension>
    </extensions>
    <trkseg>
      <trkpt lat="43.987928" lon="5.150033">
        <ele>321.7</ele>
        <time>2020-06-01T13:43:34.000Z</time>
      </trkpt>
      <trkpt lat="43.988135" lon="5.149419">
        <ele>319.3</ele>
        <time>2020-06-01T13:43:34.000Z</time>
      </trkpt>
      <trkpt lat="43.988396" lon="5.149071">
        <ele>317.1</ele>
        <time>2020-06-01T13:43:34.000Z</time>
      </trkpt>
      <trkpt lat="43.988672" lon="5.148952">
        <ele>313.9</ele>
        <time>2020-06-01T13:43:34.000Z</time>
      </trkpt>
      <trkpt lat="43.989316" lon="5.149181">
        <ele>307.4</ele>
        <time>2020-06-01T13:43:34.000Z</time>
      </trkpt>
      <trkpt lat="43.989724" lon="5.149092">
        <ele>302.9</ele>
        <time>2020-06-01T13:43:34.000Z</time>
      </trkpt>
      <trkpt lat="43.990460" lon="5.148850">
        <ele>298.5</ele>
        <time>2020-06-01T13:43:34.000Z</time>
      </trkpt>
      <trkpt lat="43.990440" lon="5.148750">
        <ele>298.2</ele>
        <time>2020-06-01T13:43:38.000Z</time>
      </trkpt>
      <trkpt lat="43.989570" lon="5.146840">
        <ele>303.7</ele>
        <time>2020-06-01T13:44:59.000Z</time>
      </trkpt>
      <trkpt lat="43.989560" lon="5.146790">
        <ele>303.7</ele>
        <time>2020-06-01T13:45:01.000Z</time>
      </trkpt>
      <trkpt lat="43.989470" lon="5.146740">
        <ele>303.8</ele>
        <time>2020-06-01T13:45:06.000Z</time>
      </trkpt>
      <trkpt lat="43.988630" lon="5.145350">
        <ele>295.3</ele>
        <time>2020-06-01T13:46:11.000Z</time>
      </trkpt>
      <trkpt lat="43.988390" lon="5.144960">
        <ele>291.2</ele>
        <time>2020-06-01T13:46:29.000Z</time>
      </trkpt>
      <trkpt lat="43.988190" lon="5.144990">
        <ele>290.1</ele>
        <time>2020-06-01T13:46:40.000Z</time>
      </trkpt>
      <trkpt lat="43.988140" lon="5.144950">
        <ele>288.7</ele>
        <time>2020-06-01T13:46:42.000Z</time>
      </trkpt>
      <trkpt lat="43.988130" lon="5.144900">
        <ele>287.3</ele>
        <time>2020-06-01T13:46:44.000Z</time>
      </trkpt>
      <trkpt lat="43.988130" lon="5.144900">
        <ele>287.3</ele>
        <time>2020-06-01T13:46:44.000Z</time>
      </trkpt>
      <trkpt lat="43.988250" lon="5.144770">
        <ele>285.7</ele>
        <time>2020-06-01T13:46:52.000Z</time>
      </trkpt>
      <trkpt lat="43.988500" lon="5.144410">
        <ele>279.8</ele>
        <time>2020-06-01T13:47:10.000Z</time>
      </trkpt>
      <trkpt lat="43.988500" lon="5.144370">
        <ele>279.0</ele>
        <time>2020-06-01T13:47:11.000Z</time>
      </trkpt>
      <trkpt lat="43.988470" lon="5.144340">
        <ele>278.2</ele>
        <time>2020-06-01T13:47:13.000Z</time>
      </trkpt>
      <trkpt lat="43.988420" lon="5.144370">
        <ele>278.3</ele>
        <time>2020-06-01T13:47:16.000Z</time>
      </trkpt>
      <trkpt lat="43.988390" lon="5.144420">
        <ele>279.2</ele>
        <time>2020-06-01T13:47:18.000Z</time>
      </trkpt>
      <trkpt lat="43.988370" lon="5.144420">
        <ele>279.0</ele>
        <time>2020-06-01T13:47:19.000Z</time>
      </trkpt>
      <trkpt lat="43.988340" lon="5.144410">
        <ele>278.4</ele>
        <time>2020-06-01T13:47:21.000Z</time>
      </trkpt>
      <trkpt lat="43.988330" lon="5.144350">
        <ele>277.1</ele>
        <time>2020-06-01T13:47:23.000Z</time>
      </trkpt>
      <trkpt lat="43.988400" lon="5.144280">
        <ele>276.1</ele>
        <time>2020-06-01T13:47:27.000Z</time>
      </trkpt>
      <trkpt lat="43.988490" lon="5.144260">
        <ele>276.8</ele>
        <time>2020-06-01T13:47:32.000Z</time>
      </trkpt>
      <trkpt lat="43.988560" lon="5.144220">
        <ele>276.8</ele>
        <time>2020-06-01T13:47:36.000Z</time>
      </trkpt>
      <trkpt lat="43.988580" lon="5.144180">
        <ele>276.2</ele>
        <time>2020-06-01T13:47:37.000Z</time>
      </trkpt>
      <trkpt lat="43.988580" lon="5.144140">
        <ele>275.2</ele>
        <time>2020-06-01T13:47:39.000Z</time>
      </trkpt>
      <trkpt lat="43.988560" lon="5.144100">
        <ele>273.9</ele>
        <time>2020-06-01T13:47:41.000Z</time>
      </trkpt>
      <trkpt lat="43.988520" lon="5.144110">
        <ele>273.4</ele>
        <time>2020-06-01T13:47:43.000Z</time>
      </trkpt>
      <trkpt lat="43.988450" lon="5.144160">
        <ele>274.0</ele>
        <time>2020-06-01T13:47:47.000Z</time>
      </trkpt>
      <trkpt lat="43.988350" lon="5.144190">
        <ele>273.5</ele>
        <time>2020-06-01T13:47:52.000Z</time>
      </trkpt>
      <trkpt lat="43.988200" lon="5.144180">
        <ele>271.2</ele>
        <time>2020-06-01T13:47:59.000Z</time>
      </trkpt>
      <trkpt lat="43.988150" lon="5.144130">
        <ele>269.1</ele>
        <time>2020-06-01T13:48:02.000Z</time>
      </trkpt>
      <trkpt lat="43.987920" lon="5.143550">
        <ele>250.4</ele>
        <time>2020-06-01T13:48:26.000Z</time>
      </trkpt>
      <trkpt lat="43.987730" lon="5.143270">
        <ele>242.4</ele>
        <time>2020-06-01T13:48:40.000Z</time>
      </trkpt>
      <trkpt lat="43.987600" lon="5.143190">
        <ele>240.0</ele>
        <time>2020-06-01T13:48:47.000Z</time>
      </trkpt>
      <trkpt lat="43.987350" lon="5.143240">
        <ele>239.2</ele>
        <time>2020-06-01T13:49:00.000Z</time>
      </trkpt>
      <trkpt lat="43.986700" lon="5.143220">
        <ele>235.2</ele>
        <time>2020-06-01T13:49:32.000Z</time>
      </trkpt>
      <trkpt lat="43.986700" lon="5.143220">
        <ele>235.2</ele>
        <time>2020-06-01T13:49:32.000Z</time>
      </trkpt>
      <trkpt lat="43.986600" lon="5.143170">
        <ele>233.8</ele>
        <time>2020-06-01T13:49:38.000Z</time>
      </trkpt>
      <trkpt lat="43.986549" lon="5.143141">
        <ele>233.2</ele>
        <time>2020-06-01T13:49:40.000Z</time>
      </trkpt>
      <trkpt lat="43.986496" lon="5.142892">
        <ele>229.7</ele>
        <time>2020-06-01T13:51:10.498Z</time>
      </trkpt>
      <trkpt lat="43.986442" lon="5.142482">
        <ele>225.6</ele>
        <time>2020-06-01T13:51:43.605Z</time>
      </trkpt>
      <trkpt lat="43.986388" lon="5.142039">
        <ele>238.1</ele>
        <time>2020-06-01T13:53:13.000Z</time>
      </trkpt>
      <trkpt lat="43.986398" lon="5.141909">
        <ele>241.5</ele>
        <time>2020-06-01T13:53:17.626Z</time>
      </trkpt>
      <trkpt lat="43.986400" lon="5.141840">
        <ele>243.3</ele>
        <time>2020-06-01T13:53:22.000Z</time>
      </trkpt>
      <trkpt lat="43.986350" lon="5.141770">
        <ele>245.7</ele>
        <time>2020-06-01T13:53:26.000Z</time>
      </trkpt>
      <trkpt lat="43.986370" lon="5.141550">
        <ele>252.5</ele>
        <time>2020-06-01T13:53:33.000Z</time>
      </trkpt>
      <trkpt lat="43.986420" lon="5.141430">
        <ele>256.5</ele>
        <time>2020-06-01T13:53:38.000Z</time>
      </trkpt>
      <trkpt lat="43.986420" lon="5.141370">
        <ele>258.4</ele>
        <time>2020-06-01T13:53:41.000Z</time>
      </trkpt>
      <trkpt lat="43.986340" lon="5.141290">
        <ele>262.4</ele>
        <time>2020-06-01T13:53:46.000Z</time>
      </trkpt>
      <trkpt lat="43.986000" lon="5.141210">
        <ele>269.7</ele>
        <time>2020-06-01T13:54:03.000Z</time>
      </trkpt>
      <trkpt lat="43.985960" lon="5.141130">
        <ele>273.4</ele>
        <time>2020-06-01T13:54:06.000Z</time>
      </trkpt>
      <trkpt lat="43.985960" lon="5.141070">
        <ele>275.2</ele>
        <time>2020-06-01T13:54:09.000Z</time>
      </trkpt>
      <trkpt lat="43.985960" lon="5.141070">
        <ele>275.2</ele>
        <time>2020-06-01T13:54:09.000Z</time>
      </trkpt>
      <trkpt lat="43.986010" lon="5.140950">
        <ele>278.7</ele>
        <time>2020-06-01T13:54:14.000Z</time>
      </trkpt>
      <trkpt lat="43.985990" lon="5.140850">
        <ele>282.7</ele>
        <time>2020-06-01T13:54:17.000Z</time>
      </trkpt>
      <trkpt lat="43.986040" lon="5.140640">
        <ele>285.5</ele>
        <time>2020-06-01T13:54:25.000Z</time>
      </trkpt>
      <trkpt lat="43.986040" lon="5.140570">
        <ele>286.8</ele>
        <time>2020-06-01T13:54:28.000Z</time>
      </trkpt>
      <trkpt lat="43.986070" lon="5.140410">
        <ele>289.0</ele>
        <time>2020-06-01T13:54:34.000Z</time>
      </trkpt>
      <trkpt lat="43.986140" lon="5.139700">
        <ele>298.2</ele>
        <time>2020-06-01T13:54:59.000Z</time>
      </trkpt>
      <trkpt lat="43.986190" lon="5.139370">
        <ele>301.4</ele>
        <time>2020-06-01T13:55:12.000Z</time>
      </trkpt>
      <trkpt lat="43.986254" lon="5.139167">
        <ele>303.0</ele>
        <time>2020-06-01T13:55:24.000Z</time>
      </trkpt>
      <trkpt lat="43.986180" lon="5.139070">
        <ele>303.6</ele>
        <time>2020-06-01T13:55:32.000Z</time>
      </trkpt>
      <trkpt lat="43.986180" lon="5.138910">
        <ele>304.0</ele>
        <time>2020-06-01T13:55:38.000Z</time>
      </trkpt>
      <trkpt lat="43.986020" lon="5.138460">
        <ele>305.8</ele>
        <time>2020-06-01T13:55:56.000Z</time>
      </trkpt>
      <trkpt lat="43.985810" lon="5.137940">
        <ele>303.7</ele>
        <time>2020-06-01T13:56:18.000Z</time>
      </trkpt>
      <trkpt lat="43.985790" lon="5.137830">
        <ele>302.9</ele>
        <time>2020-06-01T13:56:22.000Z</time>
      </trkpt>
      <trkpt lat="43.985800" lon="5.137710">
        <ele>301.9</ele>
        <time>2020-06-01T13:56:26.000Z</time>
      </trkpt>
      <trkpt lat="43.986020" lon="5.137120">
        <ele>297.8</ele>
        <time>2020-06-01T13:56:50.000Z</time>
      </trkpt>
      <trkpt lat="43.986020" lon="5.137120">
        <ele>297.8</ele>
        <time>2020-06-01T13:56:50.000Z</time>
      </trkpt>
      <trkpt lat="43.986180" lon="5.136810">
        <ele>295.6</ele>
        <time>2020-06-01T13:57:04.000Z</time>
      </trkpt>
      <trkpt lat="43.986610" lon="5.136180">
        <ele>290.9</ele>
        <time>2020-06-01T13:57:35.000Z</time>
      </trkpt>
      <trkpt lat="43.986810" lon="5.135850">
        <ele>290.1</ele>
        <time>2020-06-01T13:57:51.000Z</time>
      </trkpt>
      <trkpt lat="43.986860" lon="5.135690">
        <ele>289.6</ele>
        <time>2020-06-01T13:57:57.000Z</time>
      </trkpt>
      <trkpt lat="43.986920" lon="5.135600">
        <ele>289.4</ele>
        <time>2020-06-01T13:58:01.000Z</time>
      </trkpt>
      <trkpt lat="43.986650" lon="5.135390">
        <ele>287.0</ele>
        <time>2020-06-01T13:58:17.000Z</time>
      </trkpt>
      <trkpt lat="43.986570" lon="5.135260">
        <ele>286.9</ele>
        <time>2020-06-01T13:58:23.000Z</time>
      </trkpt>
      <trkpt lat="43.986270" lon="5.134640">
        <ele>288.3</ele>
        <time>2020-06-01T13:58:50.000Z</time>
      </trkpt>
      <trkpt lat="43.986180" lon="5.134420">
        <ele>289.2</ele>
        <time>2020-06-01T13:58:59.000Z</time>
      </trkpt>
      <trkpt lat="43.986110" lon="5.134320">
        <ele>289.8</ele>
        <time>2020-06-01T13:59:04.000Z</time>
      </trkpt>
      <trkpt lat="43.985970" lon="5.134240">
        <ele>290.9</ele>
        <time>2020-06-01T13:59:12.000Z</time>
      </trkpt>
      <trkpt lat="43.985870" lon="5.134260">
        <ele>291.6</ele>
        <time>2020-06-01T13:59:17.000Z</time>
      </trkpt>
      <trkpt lat="43.985750" lon="5.134250">
        <ele>292.1</ele>
        <time>2020-06-01T13:59:23.000Z</time>
      </trkpt>
      <trkpt lat="43.985440" lon="5.134090">
        <ele>292.7</ele>
        <time>2020-06-01T13:59:39.000Z</time>
      </trkpt>
      <trkpt lat="43.985200" lon="5.133850">
        <ele>292.7</ele>
        <time>2020-06-01T13:59:54.000Z</time>
      </trkpt>
      <trkpt lat="43.985160" lon="5.133780">
        <ele>292.8</ele>
        <time>2020-06-01T13:59:57.000Z</time>
      </trkpt>
      <trkpt lat="43.985160" lon="5.133730">
        <ele>292.7</ele>
        <time>2020-06-01T13:59:59.000Z</time>
      </trkpt>
      <trkpt lat="43.985130" lon="5.133690">
        <ele>292.7</ele>
        <time>2020-06-01T14:00:01.000Z</time>
      </trkpt>
      <trkpt lat="43.985040" lon="5.133480">
        <ele>292.9</ele>
        <time>2020-06-01T14:00:10.000Z</time>
      </trkpt>
      <trkpt lat="43.984820" lon="5.133270">
        <ele>295.1</ele>
        <time>2020-06-01T14:00:23.000Z</time>
      </trkpt>
      <trkpt lat="43.984800" lon="5.133230">
        <ele>295.5</ele>
        <time>2020-06-01T14:00:25.000Z</time>
      </trkpt>
      <trkpt lat="43.984810" lon="5.133040">
        <ele>296.6</ele>
        <time>2020-06-01T14:00:32.000Z</time>
      </trkpt>
      <trkpt lat="43.984660" lon="5.132800">
        <ele>298.8</ele>
        <time>2020-06-01T14:00:43.000Z</time>
      </trkpt>
      <trkpt lat="43.984660" lon="5.132800">
        <ele>298.8</ele>
        <time>2020-06-01T14:00:43.000Z</time>
      </trkpt>
      <trkpt lat="43.983680" lon="5.131890">
        <ele>300.7</ele>
        <time>2020-06-01T14:01:42.000Z</time>
      </trkpt>
      <trkpt lat="43.983570" lon="5.131800">
        <ele>300.4</ele>
        <time>2020-06-01T14:01:49.000Z</time>
      </trkpt>
      <trkpt lat="43.983530" lon="5.131790">
        <ele>300.4</ele>
        <time>2020-06-01T14:01:51.000Z</time>
      </trkpt>
      <trkpt lat="43.983310" lon="5.131780">
        <ele>300.3</ele>
        <time>2020-06-01T14:02:02.000Z</time>
      </trkpt>
      <trkpt lat="43.983190" lon="5.131800">
        <ele>300.3</ele>
        <time>2020-06-01T14:02:08.000Z</time>
      </trkpt>
      <trkpt lat="43.983070" lon="5.131860">
        <ele>300.3</ele>
        <time>2020-06-01T14:02:14.000Z</time>
      </trkpt>
      <trkpt lat="43.982800" lon="5.132060">
        <ele>300.8</ele>
        <time>2020-06-01T14:02:29.000Z</time>
      </trkpt>
      <trkpt lat="43.982690" lon="5.132120">
        <ele>300.8</ele>
        <time>2020-06-01T14:02:35.000Z</time>
      </trkpt>
      <trkpt lat="43.982440" lon="5.132130">
        <ele>300.0</ele>
        <time>2020-06-01T14:02:48.000Z</time>
      </trkpt>
      <trkpt lat="43.982280" lon="5.132160">
        <ele>298.5</ele>
        <time>2020-06-01T14:02:56.000Z</time>
      </trkpt>
      <trkpt lat="43.982110" lon="5.132230">
        <ele>297.2</ele>
        <time>2020-06-01T14:03:05.000Z</time>
      </trkpt>
      <trkpt lat="43.982010" lon="5.132300">
        <ele>296.7</ele>
        <time>2020-06-01T14:03:10.000Z</time>
      </trkpt>
      <trkpt lat="43.981880" lon="5.132440">
        <ele>296.9</ele>
        <time>2020-06-01T14:03:19.000Z</time>
      </trkpt>
      <trkpt lat="43.981800" lon="5.132560">
        <ele>297.6</ele>
        <time>2020-06-01T14:03:25.000Z</time>
      </trkpt>
      <trkpt lat="43.981300" lon="5.132740">
        <ele>293.5</ele>
        <time>2020-06-01T14:03:50.000Z</time>
      </trkpt>
      <trkpt lat="43.981140" lon="5.132740">
        <ele>291.0</ele>
        <time>2020-06-01T14:03:58.000Z</time>
      </trkpt>
      <trkpt lat="43.981020" lon="5.132710">
        <ele>288.9</ele>
        <time>2020-06-01T14:04:04.000Z</time>
      </trkpt>
      <trkpt lat="43.980810" lon="5.132940">
        <ele>288.9</ele>
        <time>2020-06-01T14:04:18.000Z</time>
      </trkpt>
      <trkpt lat="43.980540" lon="5.133030">
        <ele>286.4</ele>
        <time>2020-06-01T14:04:32.000Z</time>
      </trkpt>
      <trkpt lat="43.980330" lon="5.133030">
        <ele>283.4</ele>
        <time>2020-06-01T14:04:42.000Z</time>
      </trkpt>
      <trkpt lat="43.980180" lon="5.133110">
        <ele>282.1</ele>
        <time>2020-06-01T14:04:50.000Z</time>
      </trkpt>
      <trkpt lat="43.980060" lon="5.133230">
        <ele>281.2</ele>
        <time>2020-06-01T14:04:58.000Z</time>
      </trkpt>
      <trkpt lat="43.980000" lon="5.133250">
        <ele>280.3</ele>
        <time>2020-06-01T14:05:01.000Z</time>
      </trkpt>
      <trkpt lat="43.979810" lon="5.133370">
        <ele>281.7</ele>
        <time>2020-06-01T14:05:11.000Z</time>
      </trkpt>
      <trkpt lat="43.979810" lon="5.133370">
        <ele>281.7</ele>
        <time>2020-06-01T14:05:11.000Z</time>
      </trkpt>
      <trkpt lat="43.979620" lon="5.133370">
        <ele>282.0</ele>
        <time>2020-06-01T14:05:21.000Z</time>
      </trkpt>
      <trkpt lat="43.979360" lon="5.133340">
        <ele>282.5</ele>
        <time>2020-06-01T14:05:34.000Z</time>
      </trkpt>
      <trkpt lat="43.979290" lon="5.133310">
        <ele>282.9</ele>
        <time>2020-06-01T14:05:37.000Z</time>
      </trkpt>
      <trkpt lat="43.979230" lon="5.133200">
        <ele>283.9</ele>
        <time>2020-06-01T14:05:42.000Z</time>
      </trkpt>
      <trkpt lat="43.979160" lon="5.133160">
        <ele>284.6</ele>
        <time>2020-06-01T14:05:46.000Z</time>
      </trkpt>
      <trkpt lat="43.979170" lon="5.133260">
        <ele>283.6</ele>
        <time>2020-06-01T14:05:50.000Z</time>
      </trkpt>
      <trkpt lat="43.979200" lon="5.133340">
        <ele>282.9</ele>
        <time>2020-06-01T14:05:53.000Z</time>
      </trkpt>
      <trkpt lat="43.979210" lon="5.133820">
        <ele>282.1</ele>
        <time>2020-06-01T14:06:10.000Z</time>
      </trkpt>
      <trkpt lat="43.979140" lon="5.134100">
        <ele>281.7</ele>
        <time>2020-06-01T14:06:21.000Z</time>
      </trkpt>
      <trkpt lat="43.978980" lon="5.134600">
        <ele>286.7</ele>
        <time>2020-06-01T14:06:41.000Z</time>
      </trkpt>
      <trkpt lat="43.978590" lon="5.135460">
        <ele>292.1</ele>
        <time>2020-06-01T14:07:17.000Z</time>
      </trkpt>
      <trkpt lat="43.978510" lon="5.135720">
        <ele>292.1</ele>
        <time>2020-06-01T14:07:28.000Z</time>
      </trkpt>
      <trkpt lat="43.978510" lon="5.136110">
        <ele>292.5</ele>
        <time>2020-06-01T14:07:42.000Z</time>
      </trkpt>
      <trkpt lat="43.978620" lon="5.136430">
        <ele>293.7</ele>
        <time>2020-06-01T14:07:54.000Z</time>
      </trkpt>
      <trkpt lat="43.978630" lon="5.136620">
        <ele>294.3</ele>
        <time>2020-06-01T14:08:01.000Z</time>
      </trkpt>
      <trkpt lat="43.978590" lon="5.136940">
        <ele>295.5</ele>
        <time>2020-06-01T14:08:13.000Z</time>
      </trkpt>
      <trkpt lat="43.978600" lon="5.137050">
        <ele>296.2</ele>
        <time>2020-06-01T14:08:17.000Z</time>
      </trkpt>
      <trkpt lat="43.978680" lon="5.137720">
        <ele>300.8</ele>
        <time>2020-06-01T14:08:41.000Z</time>
      </trkpt>
      <trkpt lat="43.978770" lon="5.138190">
        <ele>304.5</ele>
        <time>2020-06-01T14:08:59.000Z</time>
      </trkpt>
      <trkpt lat="43.978770" lon="5.138190">
        <ele>304.5</ele>
        <time>2020-06-01T14:08:59.000Z</time>
      </trkpt>
      <trkpt lat="43.978860" lon="5.138880">
        <ele>309.8</ele>
        <time>2020-06-01T14:09:24.000Z</time>
      </trkpt>
      <trkpt lat="43.978790" lon="5.139140">
        <ele>310.1</ele>
        <time>2020-06-01T14:09:34.000Z</time>
      </trkpt>
      <trkpt lat="43.978540" lon="5.139920">
        <ele>311.0</ele>
        <time>2020-06-01T14:10:05.000Z</time>
      </trkpt>
      <trkpt lat="43.978740" lon="5.140320">
        <ele>319.5</ele>
        <time>2020-06-01T14:10:22.000Z</time>
      </trkpt>
      <trkpt lat="43.978900" lon="5.140290">
        <ele>322.5</ele>
        <time>2020-06-01T14:10:31.000Z</time>
      </trkpt>
      <trkpt lat="43.978930" lon="5.140470">
        <ele>325.3</ele>
        <time>2020-06-01T14:10:37.000Z</time>
      </trkpt>
      <trkpt lat="43.979170" lon="5.140590">
        <ele>331.3</ele>
        <time>2020-06-01T14:10:50.000Z</time>
      </trkpt>
      <trkpt lat="43.979190" lon="5.140630">
        <ele>331.9</ele>
        <time>2020-06-01T14:10:52.000Z</time>
      </trkpt>
      <trkpt lat="43.979110" lon="5.140950">
        <ele>333.7</ele>
        <time>2020-06-01T14:11:04.000Z</time>
      </trkpt>
      <trkpt lat="43.978920" lon="5.141310">
        <ele>333.4</ele>
        <time>2020-06-01T14:11:20.000Z</time>
      </trkpt>
      <trkpt lat="43.978840" lon="5.141530">
        <ele>334.5</ele>
        <time>2020-06-01T14:11:29.000Z</time>
      </trkpt>
      <trkpt lat="43.978560" lon="5.142160">
        <ele>339.0</ele>
        <time>2020-06-01T14:11:56.000Z</time>
      </trkpt>
      <trkpt lat="43.978550" lon="5.142230">
        <ele>339.7</ele>
        <time>2020-06-01T14:11:58.000Z</time>
      </trkpt>
      <trkpt lat="43.978580" lon="5.142270">
        <ele>340.2</ele>
        <time>2020-06-01T14:12:00.000Z</time>
      </trkpt>
      <trkpt lat="43.978480" lon="5.142320">
        <ele>340.9</ele>
        <time>2020-06-01T14:12:06.000Z</time>
      </trkpt>
      <trkpt lat="43.978280" lon="5.142500">
        <ele>343.4</ele>
        <time>2020-06-01T14:12:17.000Z</time>
      </trkpt>
      <trkpt lat="43.978220" lon="5.142690">
        <ele>344.7</ele>
        <time>2020-06-01T14:12:25.000Z</time>
      </trkpt>
      <trkpt lat="43.978090" lon="5.142880">
        <ele>345.9</ele>
        <time>2020-06-01T14:12:34.000Z</time>
      </trkpt>
      <trkpt lat="43.978020" lon="5.143020">
        <ele>347.3</ele>
        <time>2020-06-01T14:12:40.000Z</time>
      </trkpt>
      <trkpt lat="43.977800" lon="5.143530">
        <ele>351.3</ele>
        <time>2020-06-01T14:13:02.000Z</time>
      </trkpt>
      <trkpt lat="43.977800" lon="5.143530">
        <ele>351.3</ele>
        <time>2020-06-01T14:13:02.000Z</time>
      </trkpt>
      <trkpt lat="43.977710" lon="5.143790">
        <ele>352.7</ele>
        <time>2020-06-01T14:13:12.000Z</time>
      </trkpt>
      <trkpt lat="43.977550" lon="5.144060">
        <ele>355.5</ele>
        <time>2020-06-01T14:13:25.000Z</time>
      </trkpt>
      <trkpt lat="43.977330" lon="5.144530">
        <ele>354.3</ele>
        <time>2020-06-01T14:13:45.000Z</time>
      </trkpt>
      <trkpt lat="43.977180" lon="5.145030">
        <ele>353.4</ele>
        <time>2020-06-01T14:14:05.000Z</time>
      </trkpt>
      <trkpt lat="43.977110" lon="5.145190">
        <ele>352.7</ele>
        <time>2020-06-01T14:14:11.000Z</time>
      </trkpt>
      <trkpt lat="43.977070" lon="5.145390">
        <ele>351.4</ele>
        <time>2020-06-01T14:14:19.000Z</time>
      </trkpt>
      <trkpt lat="43.977140" lon="5.145340">
        <ele>351.0</ele>
        <time>2020-06-01T14:14:23.000Z</time>
      </trkpt>
      <trkpt lat="43.977070" lon="5.145390">
        <ele>351.4</ele>
        <time>2020-06-01T14:14:27.000Z</time>
      </trkpt>
      <trkpt lat="43.976680" lon="5.145870">
        <ele>352.8</ele>
        <time>2020-06-01T14:14:53.000Z</time>
      </trkpt>
      <trkpt lat="43.976280" lon="5.146500">
        <ele>359.1</ele>
        <time>2020-06-01T14:15:23.000Z</time>
      </trkpt>
      <trkpt lat="43.976170" lon="5.146560">
        <ele>361.0</ele>
        <time>2020-06-01T14:15:29.000Z</time>
      </trkpt>
      <trkpt lat="43.975950" lon="5.146610">
        <ele>364.8</ele>
        <time>2020-06-01T14:15:40.000Z</time>
      </trkpt>
      <trkpt lat="43.975460" lon="5.146650">
        <ele>370.3</ele>
        <time>2020-06-01T14:16:05.000Z</time>
      </trkpt>
      <trkpt lat="43.974960" lon="5.146710">
        <ele>375.8</ele>
        <time>2020-06-01T14:16:30.000Z</time>
      </trkpt>
      <trkpt lat="43.974960" lon="5.146710">
        <ele>375.8</ele>
        <time>2020-06-01T14:16:30.000Z</time>
      </trkpt>
      <trkpt lat="43.974480" lon="5.146740">
        <ele>378.7</ele>
        <time>2020-06-01T14:16:54.000Z</time>
      </trkpt>
      <trkpt lat="43.974290" lon="5.146790">
        <ele>380.8</ele>
        <time>2020-06-01T14:17:03.000Z</time>
      </trkpt>
      <trkpt lat="43.974130" lon="5.146910">
        <ele>383.7</ele>
        <time>2020-06-01T14:17:13.000Z</time>
      </trkpt>
      <trkpt lat="43.973960" lon="5.147100">
        <ele>386.2</ele>
        <time>2020-06-01T14:17:23.000Z</time>
      </trkpt>
      <trkpt lat="43.973890" lon="5.147270">
        <ele>389.0</ele>
        <time>2020-06-01T14:17:31.000Z</time>
      </trkpt>
      <trkpt lat="43.973870" lon="5.147390">
        <ele>391.3</ele>
        <time>2020-06-01T14:17:35.000Z</time>
      </trkpt>
      <trkpt lat="43.973840" lon="5.148350">
        <ele>402.3</ele>
        <time>2020-06-01T14:18:10.000Z</time>
      </trkpt>
      <trkpt lat="43.973650" lon="5.148940">
        <ele>404.2</ele>
        <time>2020-06-01T14:18:33.000Z</time>
      </trkpt>
      <trkpt lat="43.973570" lon="5.149030">
        <ele>404.3</ele>
        <time>2020-06-01T14:18:38.000Z</time>
      </trkpt>
      <trkpt lat="43.973540" lon="5.149140">
        <ele>404.8</ele>
        <time>2020-06-01T14:18:42.000Z</time>
      </trkpt>
      <trkpt lat="43.973420" lon="5.149260">
        <ele>405.2</ele>
        <time>2020-06-01T14:18:50.000Z</time>
      </trkpt>
      <trkpt lat="43.973270" lon="5.149350">
        <ele>403.3</ele>
        <time>2020-06-01T14:18:58.000Z</time>
      </trkpt>
      <trkpt lat="43.972860" lon="5.149430">
        <ele>389.5</ele>
        <time>2020-06-01T14:19:19.000Z</time>
      </trkpt>
      <trkpt lat="43.972600" lon="5.149430">
        <ele>380.4</ele>
        <time>2020-06-01T14:19:32.000Z</time>
      </trkpt>
      <trkpt lat="43.972510" lon="5.149490">
        <ele>377.7</ele>
        <time>2020-06-01T14:19:37.000Z</time>
      </trkpt>
      <trkpt lat="43.972440" lon="5.149590">
        <ele>378.1</ele>
        <time>2020-06-01T14:19:42.000Z</time>
      </trkpt>
      <trkpt lat="43.972410" lon="5.149510">
        <ele>377.2</ele>
        <time>2020-06-01T14:19:45.000Z</time>
      </trkpt>
      <trkpt lat="43.972340" lon="5.149470">
        <ele>376.5</ele>
        <time>2020-06-01T14:19:49.000Z</time>
      </trkpt>
      <trkpt lat="43.972260" lon="5.149500">
        <ele>376.3</ele>
        <time>2020-06-01T14:19:53.000Z</time>
      </trkpt>
      <trkpt lat="43.972200" lon="5.149560">
        <ele>376.5</ele>
        <time>2020-06-01T14:19:56.000Z</time>
      </trkpt>
      <trkpt lat="43.972070" lon="5.149840">
        <ele>377.4</ele>
        <time>2020-06-01T14:20:08.000Z</time>
      </trkpt>
      <trkpt lat="43.972040" lon="5.149880">
        <ele>377.3</ele>
        <time>2020-06-01T14:20:11.000Z</time>
      </trkpt>
      <trkpt lat="43.971940" lon="5.149930">
        <ele>376.6</ele>
        <time>2020-06-01T14:20:16.000Z</time>
      </trkpt>
      <trkpt lat="43.971890" lon="5.149940">
        <ele>376.2</ele>
        <time>2020-06-01T14:20:18.000Z</time>
      </trkpt>
      <trkpt lat="43.971930" lon="5.149820">
        <ele>376.1</ele>
        <time>2020-06-01T14:20:23.000Z</time>
      </trkpt>
      <trkpt lat="43.971980" lon="5.149570">
        <ele>375.3</ele>
        <time>2020-06-01T14:20:32.000Z</time>
      </trkpt>
      <trkpt lat="43.971980" lon="5.149350">
        <ele>374.3</ele>
        <time>2020-06-01T14:20:40.000Z</time>
      </trkpt>
      <trkpt lat="43.972010" lon="5.149120">
        <ele>373.3</ele>
        <time>2020-06-01T14:20:49.000Z</time>
      </trkpt>
      <trkpt lat="43.971900" lon="5.148750">
        <ele>372.4</ele>
        <time>2020-06-01T14:21:03.000Z</time>
      </trkpt>
      <trkpt lat="43.971900" lon="5.148750">
        <ele>372.4</ele>
        <time>2020-06-01T14:21:03.000Z</time>
      </trkpt>
      <trkpt lat="43.971890" lon="5.148220">
        <ele>372.0</ele>
        <time>2020-06-01T14:21:22.000Z</time>
      </trkpt>
      <trkpt lat="43.971860" lon="5.148000">
        <ele>373.0</ele>
        <time>2020-06-01T14:21:30.000Z</time>
      </trkpt>
      <trkpt lat="43.971900" lon="5.147290">
        <ele>375.2</ele>
        <time>2020-06-01T14:21:56.000Z</time>
      </trkpt>
      <trkpt lat="43.971850" lon="5.147090">
        <ele>377.6</ele>
        <time>2020-06-01T14:22:04.000Z</time>
      </trkpt>
      <trkpt lat="43.972000" lon="5.146710">
        <ele>374.8</ele>
        <time>2020-06-01T14:22:19.000Z</time>
      </trkpt>
      <trkpt lat="43.972000" lon="5.146540">
        <ele>374.9</ele>
        <time>2020-06-01T14:22:25.000Z</time>
      </trkpt>
      <trkpt lat="43.971950" lon="5.146470">
        <ele>376.7</ele>
        <time>2020-06-01T14:22:29.000Z</time>
      </trkpt>
      <trkpt lat="43.971890" lon="5.146450">
        <ele>378.7</ele>
        <time>2020-06-01T14:22:32.000Z</time>
      </trkpt>
      <trkpt lat="43.971190" lon="5.146500">
        <ele>399.1</ele>
        <time>2020-06-01T14:23:07.000Z</time>
      </trkpt>
      <trkpt lat="43.970640" lon="5.146480">
        <ele>411.4</ele>
        <time>2020-06-01T14:23:35.000Z</time>
      </trkpt>
      <trkpt lat="43.970530" lon="5.146450">
        <ele>413.0</ele>
        <time>2020-06-01T14:23:40.000Z</time>
      </trkpt>
      <trkpt lat="43.970380" lon="5.146290">
        <ele>414.1</ele>
        <time>2020-06-01T14:23:50.000Z</time>
      </trkpt>
      <trkpt lat="43.970380" lon="5.146290">
        <ele>414.1</ele>
        <time>2020-06-01T14:23:50.000Z</time>
      </trkpt>
      <trkpt lat="43.970150" lon="5.145890">
        <ele>414.9</ele>
        <time>2020-06-01T14:24:08.000Z</time>
      </trkpt>
      <trkpt lat="43.970110" lon="5.145860">
        <ele>415.3</ele>
        <time>2020-06-01T14:24:10.000Z</time>
      </trkpt>
      <trkpt lat="43.970150" lon="5.145890">
        <ele>414.9</ele>
        <time>2020-06-01T14:24:13.000Z</time>
      </trkpt>
      <trkpt lat="43.970200" lon="5.145970">
        <ele>414.6</ele>
        <time>2020-06-01T14:24:17.000Z</time>
      </trkpt>
      <trkpt lat="43.970230" lon="5.145920">
        <ele>413.7</ele>
        <time>2020-06-01T14:24:19.000Z</time>
      </trkpt>
      <trkpt lat="43.970220" lon="5.145840">
        <ele>413.3</ele>
        <time>2020-06-01T14:24:22.000Z</time>
      </trkpt>
      <trkpt lat="43.970170" lon="5.145700">
        <ele>414.2</ele>
        <time>2020-06-01T14:24:27.000Z</time>
      </trkpt>
      <trkpt lat="43.969960" lon="5.145290">
        <ele>417.2</ele>
        <time>2020-06-01T14:24:46.000Z</time>
      </trkpt>
      <trkpt lat="43.969860" lon="5.145140">
        <ele>417.8</ele>
        <time>2020-06-01T14:24:53.000Z</time>
      </trkpt>
      <trkpt lat="43.969650" lon="5.144220">
        <ele>417.6</ele>
        <time>2020-06-01T14:25:28.000Z</time>
      </trkpt>
      <trkpt lat="43.969550" lon="5.143940">
        <ele>416.7</ele>
        <time>2020-06-01T14:25:39.000Z</time>
      </trkpt>
      <trkpt lat="43.969380" lon="5.143690">
        <ele>417.0</ele>
        <time>2020-06-01T14:25:51.000Z</time>
      </trkpt>
      <trkpt lat="43.968820" lon="5.142970">
        <ele>416.7</ele>
        <time>2020-06-01T14:26:30.000Z</time>
      </trkpt>
      <trkpt lat="43.968540" lon="5.142400">
        <ele>414.1</ele>
        <time>2020-06-01T14:26:54.000Z</time>
      </trkpt>
      <trkpt lat="43.968330" lon="5.141800">
        <ele>410.3</ele>
        <time>2020-06-01T14:27:18.000Z</time>
      </trkpt>
      <trkpt lat="43.968030" lon="5.141210">
        <ele>413.9</ele>
        <time>2020-06-01T14:27:44.000Z</time>
      </trkpt>
      <trkpt lat="43.967950" lon="5.140960">
        <ele>415.0</ele>
        <time>2020-06-01T14:27:54.000Z</time>
      </trkpt>
      <trkpt lat="43.967920" lon="5.140760">
        <ele>415.8</ele>
        <time>2020-06-01T14:28:02.000Z</time>
      </trkpt>
      <trkpt lat="43.967910" lon="5.140570">
        <ele>416.9</ele>
        <time>2020-06-01T14:28:08.000Z</time>
      </trkpt>
      <trkpt lat="43.967950" lon="5.140390">
        <ele>417.2</ele>
        <time>2020-06-01T14:28:15.000Z</time>
      </trkpt>
      <trkpt lat="43.968020" lon="5.140220">
        <ele>417.4</ele>
        <time>2020-06-01T14:28:22.000Z</time>
      </trkpt>
      <trkpt lat="43.968150" lon="5.139970">
        <ele>417.5</ele>
        <time>2020-06-01T14:28:33.000Z</time>
      </trkpt>
      <trkpt lat="43.968370" lon="5.139640">
        <ele>416.2</ele>
        <time>2020-06-01T14:28:50.000Z</time>
      </trkpt>
      <trkpt lat="43.968370" lon="5.139640">
        <ele>416.2</ele>
        <time>2020-06-01T14:28:50.000Z</time>
      </trkpt>
      <trkpt lat="43.968450" lon="5.139560">
        <ele>415.9</ele>
        <time>2020-06-01T14:28:55.000Z</time>
      </trkpt>
      <trkpt lat="43.968910" lon="5.139310">
        <ele>414.9</ele>
        <time>2020-06-01T14:29:19.000Z</time>
      </trkpt>
      <trkpt lat="43.969100" lon="5.139250">
        <ele>414.6</ele>
        <time>2020-06-01T14:29:29.000Z</time>
      </trkpt>
      <trkpt lat="43.969260" lon="5.139130">
        <ele>414.1</ele>
        <time>2020-06-01T14:29:38.000Z</time>
      </trkpt>
      <trkpt lat="43.969280" lon="5.139030">
        <ele>412.7</ele>
        <time>2020-06-01T14:29:42.000Z</time>
      </trkpt>
      <trkpt lat="43.969170" lon="5.139080">
        <ele>413.7</ele>
        <time>2020-06-01T14:29:48.000Z</time>
      </trkpt>
      <trkpt lat="43.969000" lon="5.139130">
        <ele>414.7</ele>
        <time>2020-06-01T14:29:56.000Z</time>
      </trkpt>
      <trkpt lat="43.968740" lon="5.139150">
        <ele>415.5</ele>
        <time>2020-06-01T14:30:09.000Z</time>
      </trkpt>
      <trkpt lat="43.968570" lon="5.139210">
        <ele>416.3</ele>
        <time>2020-06-01T14:30:18.000Z</time>
      </trkpt>
      <trkpt lat="43.968400" lon="5.139230">
        <ele>416.7</ele>
        <time>2020-06-01T14:30:27.000Z</time>
      </trkpt>
      <trkpt lat="43.967610" lon="5.139140">
        <ele>411.8</ele>
        <time>2020-06-01T14:31:06.000Z</time>
      </trkpt>
      <trkpt lat="43.967270" lon="5.139300">
        <ele>412.4</ele>
        <time>2020-06-01T14:31:24.000Z</time>
      </trkpt>
      <trkpt lat="43.967060" lon="5.139360">
        <ele>412.5</ele>
        <time>2020-06-01T14:31:35.000Z</time>
      </trkpt>
      <trkpt lat="43.967060" lon="5.139360">
        <ele>412.5</ele>
        <time>2020-06-01T14:31:35.000Z</time>
      </trkpt>
      <trkpt lat="43.966530" lon="5.139440">
        <ele>411.9</ele>
        <time>2020-06-01T14:32:02.000Z</time>
      </trkpt>
      <trkpt lat="43.966200" lon="5.139460">
        <ele>410.1</ele>
        <time>2020-06-01T14:32:18.000Z</time>
      </trkpt>
      <trkpt lat="43.965940" lon="5.139520">
        <ele>410.5</ele>
        <time>2020-06-01T14:32:31.000Z</time>
      </trkpt>
      <trkpt lat="43.965850" lon="5.139620">
        <ele>413.0</ele>
        <time>2020-06-01T14:32:37.000Z</time>
      </trkpt>
      <trkpt lat="43.965750" lon="5.139780">
        <ele>416.5</ele>
        <time>2020-06-01T14:32:45.000Z</time>
      </trkpt>
      <trkpt lat="43.965600" lon="5.140170">
        <ele>421.9</ele>
        <time>2020-06-01T14:33:01.000Z</time>
      </trkpt>
      <trkpt lat="43.965060" lon="5.141180">
        <ele>426.9</ele>
        <time>2020-06-01T14:33:46.000Z</time>
      </trkpt>
      <trkpt lat="43.964870" lon="5.141350">
        <ele>425.5</ele>
        <time>2020-06-01T14:33:57.000Z</time>
      </trkpt>
      <trkpt lat="43.964610" lon="5.141490">
        <ele>420.9</ele>
        <time>2020-06-01T14:34:11.000Z</time>
      </trkpt>
      <trkpt lat="43.964540" lon="5.141480">
        <ele>418.8</ele>
        <time>2020-06-01T14:34:15.000Z</time>
      </trkpt>
      <trkpt lat="43.964410" lon="5.141680">
        <ele>419.0</ele>
        <time>2020-06-01T14:34:25.000Z</time>
      </trkpt>
      <trkpt lat="43.964370" lon="5.141720">
        <ele>418.9</ele>
        <time>2020-06-01T14:34:27.000Z</time>
      </trkpt>
      <trkpt lat="43.964320" lon="5.141740">
        <ele>417.8</ele>
        <time>2020-06-01T14:34:30.000Z</time>
      </trkpt>
      <trkpt lat="43.964260" lon="5.141710">
        <ele>415.6</ele>
        <time>2020-06-01T14:34:33.000Z</time>
      </trkpt>
      <trkpt lat="43.964230" lon="5.141660">
        <ele>413.6</ele>
        <time>2020-06-01T14:34:35.000Z</time>
      </trkpt>
      <trkpt lat="43.964230" lon="5.141600">
        <ele>412.6</ele>
        <time>2020-06-01T14:34:37.000Z</time>
      </trkpt>
      <trkpt lat="43.964110" lon="5.141610">
        <ele>410.7</ele>
        <time>2020-06-01T14:34:43.000Z</time>
      </trkpt>
      <trkpt lat="43.964030" lon="5.141580">
        <ele>410.2</ele>
        <time>2020-06-01T14:34:48.000Z</time>
      </trkpt>
      <trkpt lat="43.963970" lon="5.141600">
        <ele>410.5</ele>
        <time>2020-06-01T14:34:51.000Z</time>
      </trkpt>
      <trkpt lat="43.963830" lon="5.141820">
        <ele>413.7</ele>
        <time>2020-06-01T14:35:01.000Z</time>
      </trkpt>
      <trkpt lat="43.963710" lon="5.141950">
        <ele>415.2</ele>
        <time>2020-06-01T14:35:09.000Z</time>
      </trkpt>
      <trkpt lat="43.963540" lon="5.142090">
        <ele>415.9</ele>
        <time>2020-06-01T14:35:19.000Z</time>
      </trkpt>
      <trkpt lat="43.963460" lon="5.142110">
        <ele>415.3</ele>
        <time>2020-06-01T14:35:23.000Z</time>
      </trkpt>
      <trkpt lat="43.963380" lon="5.142090">
        <ele>414.1</ele>
        <time>2020-06-01T14:35:27.000Z</time>
      </trkpt>
      <trkpt lat="43.963300" lon="5.142110">
        <ele>414.6</ele>
        <time>2020-06-01T14:35:31.000Z</time>
      </trkpt>
      <trkpt lat="43.962990" lon="5.142270">
        <ele>423.4</ele>
        <time>2020-06-01T14:35:47.000Z</time>
      </trkpt>
      <trkpt lat="43.962910" lon="5.142260">
        <ele>425.3</ele>
        <time>2020-06-01T14:35:51.000Z</time>
      </trkpt>
      <trkpt lat="43.962850" lon="5.142290">
        <ele>426.7</ele>
        <time>2020-06-01T14:35:55.000Z</time>
      </trkpt>
      <trkpt lat="43.962780" lon="5.142360">
        <ele>428.4</ele>
        <time>2020-06-01T14:35:59.000Z</time>
      </trkpt>
      <trkpt lat="43.962770" lon="5.142500">
        <ele>428.8</ele>
        <time>2020-06-01T14:36:04.000Z</time>
      </trkpt>
      <trkpt lat="43.962670" lon="5.142630">
        <ele>432.5</ele>
        <time>2020-06-01T14:36:11.000Z</time>
      </trkpt>
      <trkpt lat="43.962560" lon="5.142830">
        <ele>437.4</ele>
        <time>2020-06-01T14:36:20.000Z</time>
      </trkpt>
      <trkpt lat="43.962220" lon="5.143520">
        <ele>449.8</ele>
        <time>2020-06-01T14:36:50.000Z</time>
      </trkpt>
      <trkpt lat="43.962220" lon="5.143520">
        <ele>449.8</ele>
        <time>2020-06-01T14:36:50.000Z</time>
      </trkpt>
      <trkpt lat="43.962140" lon="5.143540">
        <ele>451.2</ele>
        <time>2020-06-01T14:36:54.000Z</time>
      </trkpt>
      <trkpt lat="43.962120" lon="5.143470">
        <ele>450.6</ele>
        <time>2020-06-01T14:36:57.000Z</time>
      </trkpt>
      <trkpt lat="43.962120" lon="5.143110">
        <ele>446.3</ele>
        <time>2020-06-01T14:37:10.000Z</time>
      </trkpt>
      <trkpt lat="43.962190" lon="5.142900">
        <ele>442.8</ele>
        <time>2020-06-01T14:37:18.000Z</time>
      </trkpt>
      <trkpt lat="43.962180" lon="5.142820">
        <ele>441.9</ele>
        <time>2020-06-01T14:37:21.000Z</time>
      </trkpt>
      <trkpt lat="43.962140" lon="5.142770">
        <ele>441.6</ele>
        <time>2020-06-01T14:37:24.000Z</time>
      </trkpt>
      <trkpt lat="43.961920" lon="5.142870">
        <ele>445.3</ele>
        <time>2020-06-01T14:37:35.000Z</time>
      </trkpt>
      <trkpt lat="43.961780" lon="5.142850">
        <ele>446.6</ele>
        <time>2020-06-01T14:37:42.000Z</time>
      </trkpt>
      <trkpt lat="43.961700" lon="5.142790">
        <ele>446.7</ele>
        <time>2020-06-01T14:37:47.000Z</time>
      </trkpt>
      <trkpt lat="43.961630" lon="5.142700">
        <ele>447.4</ele>
        <time>2020-06-01T14:37:52.000Z</time>
      </trkpt>
      <trkpt lat="43.961580" lon="5.142670">
        <ele>449.0</ele>
        <time>2020-06-01T14:37:54.000Z</time>
      </trkpt>
      <trkpt lat="43.961520" lon="5.142670">
        <ele>451.3</ele>
        <time>2020-06-01T14:37:57.000Z</time>
      </trkpt>
      <trkpt lat="43.961100" lon="5.142830">
        <ele>469.2</ele>
        <time>2020-06-01T14:38:19.000Z</time>
      </trkpt>
      <trkpt lat="43.960990" lon="5.142810">
        <ele>473.1</ele>
        <time>2020-06-01T14:38:25.000Z</time>
      </trkpt>
      <trkpt lat="43.960930" lon="5.142820">
        <ele>475.5</ele>
        <time>2020-06-01T14:38:28.000Z</time>
      </trkpt>
      <trkpt lat="43.960820" lon="5.142800">
        <ele>479.5</ele>
        <time>2020-06-01T14:38:33.000Z</time>
      </trkpt>
      <trkpt lat="43.960640" lon="5.142740">
        <ele>484.8</ele>
        <time>2020-06-01T14:38:43.000Z</time>
      </trkpt>
      <trkpt lat="43.960580" lon="5.142660">
        <ele>485.6</ele>
        <time>2020-06-01T14:38:47.000Z</time>
      </trkpt>
      <trkpt lat="43.960490" lon="5.142620">
        <ele>488.0</ele>
        <time>2020-06-01T14:38:52.000Z</time>
      </trkpt>
      <trkpt lat="43.960350" lon="5.142620">
        <ele>493.0</ele>
        <time>2020-06-01T14:38:59.000Z</time>
      </trkpt>
      <trkpt lat="43.960350" lon="5.142620">
        <ele>493.0</ele>
        <time>2020-06-01T14:38:59.000Z</time>
      </trkpt>
      <trkpt lat="43.960280" lon="5.142590">
        <ele>495.0</ele>
        <time>2020-06-01T14:39:02.000Z</time>
      </trkpt>
      <trkpt lat="43.960180" lon="5.142590">
        <ele>498.4</ele>
        <time>2020-06-01T14:39:07.000Z</time>
      </trkpt>
      <trkpt lat="43.960070" lon="5.142560">
        <ele>501.6</ele>
        <time>2020-06-01T14:39:13.000Z</time>
      </trkpt>
      <trkpt lat="43.960030" lon="5.142500">
        <ele>502.0</ele>
        <time>2020-06-01T14:39:16.000Z</time>
      </trkpt>
      <trkpt lat="43.959910" lon="5.142180">
        <ele>512.5</ele>
        <time>2020-06-01T14:39:29.000Z</time>
      </trkpt>
      <trkpt lat="43.959850" lon="5.142140">
        <ele>515.4</ele>
        <time>2020-06-01T14:39:32.000Z</time>
      </trkpt>
      <trkpt lat="43.959700" lon="5.142110">
        <ele>521.1</ele>
        <time>2020-06-01T14:39:40.000Z</time>
      </trkpt>
      <trkpt lat="43.959600" lon="5.142130">
        <ele>524.5</ele>
        <time>2020-06-01T14:39:45.000Z</time>
      </trkpt>
      <trkpt lat="43.959440" lon="5.142120">
        <ele>530.3</ele>
        <time>2020-06-01T14:39:53.000Z</time>
      </trkpt>
      <trkpt lat="43.959290" lon="5.142190">
        <ele>535.2</ele>
        <time>2020-06-01T14:40:01.000Z</time>
      </trkpt>
      <trkpt lat="43.959170" lon="5.142210">
        <ele>539.6</ele>
        <time>2020-06-01T14:40:07.000Z</time>
      </trkpt>
      <trkpt lat="43.959110" lon="5.142260">
        <ele>540.8</ele>
        <time>2020-06-01T14:40:10.000Z</time>
      </trkpt>
      <trkpt lat="43.958930" lon="5.142250">
        <ele>544.8</ele>
        <time>2020-06-01T14:40:19.000Z</time>
      </trkpt>
      <trkpt lat="43.958830" lon="5.142400">
        <ele>547.0</ele>
        <time>2020-06-01T14:40:27.000Z</time>
      </trkpt>
      <trkpt lat="43.958690" lon="5.142500">
        <ele>550.4</ele>
        <time>2020-06-01T14:40:34.000Z</time>
      </trkpt>
      <trkpt lat="43.958650" lon="5.142580">
        <ele>553.6</ele>
        <time>2020-06-01T14:40:38.000Z</time>
      </trkpt>
      <trkpt lat="43.958620" lon="5.142700">
        <ele>557.8</ele>
        <time>2020-06-01T14:40:43.000Z</time>
      </trkpt>
      <trkpt lat="43.958620" lon="5.142830">
        <ele>561.6</ele>
        <time>2020-06-01T14:40:47.000Z</time>
      </trkpt>
      <trkpt lat="43.958520" lon="5.142980">
        <ele>568.3</ele>
        <time>2020-06-01T14:40:55.000Z</time>
      </trkpt>
      <trkpt lat="43.958350" lon="5.143180">
        <ele>577.4</ele>
        <time>2020-06-01T14:41:06.000Z</time>
      </trkpt>
      <trkpt lat="43.958190" lon="5.143420">
        <ele>582.3</ele>
        <time>2020-06-01T14:41:18.000Z</time>
      </trkpt>
      <trkpt lat="43.957840" lon="5.143660">
        <ele>584.9</ele>
        <time>2020-06-01T14:41:37.000Z</time>
      </trkpt>
      <trkpt lat="43.957620" lon="5.143710">
        <ele>584.7</ele>
        <time>2020-06-01T14:41:48.000Z</time>
      </trkpt>
      <trkpt lat="43.957510" lon="5.143700">
        <ele>583.8</ele>
        <time>2020-06-01T14:41:54.000Z</time>
      </trkpt>
      <trkpt lat="43.957370" lon="5.143860">
        <ele>588.1</ele>
        <time>2020-06-01T14:42:03.000Z</time>
      </trkpt>
      <trkpt lat="43.957300" lon="5.143890">
        <ele>588.9</ele>
        <time>2020-06-01T14:42:06.000Z</time>
      </trkpt>
      <trkpt lat="43.957140" lon="5.143830">
        <ele>588.6</ele>
        <time>2020-06-01T14:42:15.000Z</time>
      </trkpt>
      <trkpt lat="43.956770" lon="5.143770">
        <ele>589.9</ele>
        <time>2020-06-01T14:42:33.000Z</time>
      </trkpt>
      <trkpt lat="43.956580" lon="5.143710">
        <ele>591.4</ele>
        <time>2020-06-01T14:42:43.000Z</time>
      </trkpt>
      <trkpt lat="43.956350" lon="5.143740">
        <ele>594.8</ele>
        <time>2020-06-01T14:42:55.000Z</time>
      </trkpt>
      <trkpt lat="43.956090" lon="5.143690">
        <ele>598.2</ele>
        <time>2020-06-01T14:43:08.000Z</time>
      </trkpt>
      <trkpt lat="43.955960" lon="5.143630">
        <ele>599.9</ele>
        <time>2020-06-01T14:43:15.000Z</time>
      </trkpt>
      <trkpt lat="43.955340" lon="5.143160">
        <ele>606.0</ele>
        <time>2020-06-01T14:43:50.000Z</time>
      </trkpt>
      <trkpt lat="43.955270" lon="5.143140">
        <ele>606.8</ele>
        <time>2020-06-01T14:43:54.000Z</time>
      </trkpt>
      <trkpt lat="43.955090" lon="5.143130">
        <ele>609.0</ele>
        <time>2020-06-01T14:44:03.000Z</time>
      </trkpt>
      <trkpt lat="43.955090" lon="5.143130">
        <ele>609.0</ele>
        <time>2020-06-01T14:44:03.000Z</time>
      </trkpt>
      <trkpt lat="43.954930" lon="5.143040">
        <ele>612.2</ele>
        <time>2020-06-01T14:44:11.000Z</time>
      </trkpt>
      <trkpt lat="43.954710" lon="5.143000">
        <ele>616.6</ele>
        <time>2020-06-01T14:44:22.000Z</time>
      </trkpt>
      <trkpt lat="43.954620" lon="5.142950">
        <ele>618.6</ele>
        <time>2020-06-01T14:44:27.000Z</time>
      </trkpt>
      <trkpt lat="43.954520" lon="5.142720">
        <ele>621.9</ele>
        <time>2020-06-01T14:44:37.000Z</time>
      </trkpt>
      <trkpt lat="43.954370" lon="5.142620">
        <ele>625.1</ele>
        <time>2020-06-01T14:44:45.000Z</time>
      </trkpt>
      <trkpt lat="43.954330" lon="5.142530">
        <ele>626.3</ele>
        <time>2020-06-01T14:44:49.000Z</time>
      </trkpt>
      <trkpt lat="43.954240" lon="5.142610">
        <ele>627.3</ele>
        <time>2020-06-01T14:44:54.000Z</time>
      </trkpt>
      <trkpt lat="43.954170" lon="5.142580">
        <ele>628.6</ele>
        <time>2020-06-01T14:44:58.000Z</time>
      </trkpt>
      <trkpt lat="43.954140" lon="5.142500">
        <ele>629.2</ele>
        <time>2020-06-01T14:45:01.000Z</time>
      </trkpt>
      <trkpt lat="43.954110" lon="5.142500">
        <ele>629.3</ele>
        <time>2020-06-01T14:45:03.000Z</time>
      </trkpt>
      <trkpt lat="43.954060" lon="5.142530">
        <ele>629.5</ele>
        <time>2020-06-01T14:45:06.000Z</time>
      </trkpt>
      <trkpt lat="43.954040" lon="5.142570">
        <ele>629.5</ele>
        <time>2020-06-01T14:45:07.000Z</time>
      </trkpt>
      <trkpt lat="43.954040" lon="5.142670">
        <ele>629.1</ele>
        <time>2020-06-01T14:45:11.000Z</time>
      </trkpt>
      <trkpt lat="43.954020" lon="5.142720">
        <ele>629.1</ele>
        <time>2020-06-01T14:45:13.000Z</time>
      </trkpt>
      <trkpt lat="43.953930" lon="5.142780">
        <ele>629.6</ele>
        <time>2020-06-01T14:45:18.000Z</time>
      </trkpt>
      <trkpt lat="43.953860" lon="5.142790">
        <ele>630.2</ele>
        <time>2020-06-01T14:45:21.000Z</time>
      </trkpt>
      <trkpt lat="43.953810" lon="5.142890">
        <ele>630.5</ele>
        <time>2020-06-01T14:45:26.000Z</time>
      </trkpt>
      <trkpt lat="43.953740" lon="5.142930">
        <ele>631.1</ele>
        <time>2020-06-01T14:45:30.000Z</time>
      </trkpt>
      <trkpt lat="43.953710" lon="5.142990">
        <ele>631.3</ele>
        <time>2020-06-01T14:45:32.000Z</time>
      </trkpt>
      <trkpt lat="43.953610" lon="5.143070">
        <ele>632.3</ele>
        <time>2020-06-01T14:45:38.000Z</time>
      </trkpt>
      <trkpt lat="43.953500" lon="5.143420">
        <ele>634.6</ele>
        <time>2020-06-01T14:45:52.000Z</time>
      </trkpt>
      <trkpt lat="43.953450" lon="5.143540">
        <ele>636.6</ele>
        <time>2020-06-01T14:45:57.000Z</time>
      </trkpt>
      <trkpt lat="43.953170" lon="5.143920">
        <ele>642.7</ele>
        <time>2020-06-01T14:46:16.000Z</time>
      </trkpt>
      <trkpt lat="43.953170" lon="5.143920">
        <ele>642.7</ele>
        <time>2020-06-01T14:46:16.000Z</time>
      </trkpt>
      <trkpt lat="43.952990" lon="5.144230">
        <ele>646.4</ele>
        <time>2020-06-01T14:46:31.000Z</time>
      </trkpt>
      <trkpt lat="43.952850" lon="5.144330">
        <ele>648.1</ele>
        <time>2020-06-01T14:46:39.000Z</time>
      </trkpt>
      <trkpt lat="43.952750" lon="5.144460">
        <ele>650.0</ele>
        <time>2020-06-01T14:46:45.000Z</time>
      </trkpt>
      <trkpt lat="43.952700" lon="5.144590">
        <ele>651.5</ele>
        <time>2020-06-01T14:46:51.000Z</time>
      </trkpt>
      <trkpt lat="43.952710" lon="5.144670">
        <ele>652.3</ele>
        <time>2020-06-01T14:46:54.000Z</time>
      </trkpt>
      <trkpt lat="43.952980" lon="5.145330">
        <ele>658.2</ele>
        <time>2020-06-01T14:47:21.000Z</time>
      </trkpt>
      <trkpt lat="43.952980" lon="5.145420">
        <ele>658.8</ele>
        <time>2020-06-01T14:47:24.000Z</time>
      </trkpt>
      <trkpt lat="43.953010" lon="5.145580">
        <ele>659.9</ele>
        <time>2020-06-01T14:47:30.000Z</time>
      </trkpt>
      <trkpt lat="43.953040" lon="5.145830">
        <ele>661.6</ele>
        <time>2020-06-01T14:47:39.000Z</time>
      </trkpt>
      <trkpt lat="43.953030" lon="5.145920">
        <ele>661.8</ele>
        <time>2020-06-01T14:47:43.000Z</time>
      </trkpt>
      <trkpt lat="43.953020" lon="5.146030">
        <ele>662.2</ele>
        <time>2020-06-01T14:47:47.000Z</time>
      </trkpt>
      <trkpt lat="43.952870" lon="5.146480">
        <ele>662.9</ele>
        <time>2020-06-01T14:48:05.000Z</time>
      </trkpt>
      <trkpt lat="43.952790" lon="5.146760">
        <ele>663.0</ele>
        <time>2020-06-01T14:48:15.000Z</time>
      </trkpt>
      <trkpt lat="43.952770" lon="5.146890">
        <ele>662.8</ele>
        <time>2020-06-01T14:48:20.000Z</time>
      </trkpt>
      <trkpt lat="43.952760" lon="5.146950">
        <ele>662.7</ele>
        <time>2020-06-01T14:48:22.000Z</time>
      </trkpt>
      <trkpt lat="43.952740" lon="5.146990">
        <ele>662.7</ele>
        <time>2020-06-01T14:48:24.000Z</time>
      </trkpt>
      <trkpt lat="43.952740" lon="5.147030">
        <ele>662.6</ele>
        <time>2020-06-01T14:48:26.000Z</time>
      </trkpt>
      <trkpt lat="43.952740" lon="5.147080">
        <ele>662.6</ele>
        <time>2020-06-01T14:48:27.000Z</time>
      </trkpt>
      <trkpt lat="43.952620" lon="5.147660">
        <ele>661.6</ele>
        <time>2020-06-01T14:48:49.000Z</time>
      </trkpt>
      <trkpt lat="43.952540" lon="5.147920">
        <ele>660.6</ele>
        <time>2020-06-01T14:48:59.000Z</time>
      </trkpt>
      <trkpt lat="43.952500" lon="5.148180">
        <ele>659.6</ele>
        <time>2020-06-01T14:49:09.000Z</time>
      </trkpt>
      <trkpt lat="43.952230" lon="5.148970">
        <ele>657.1</ele>
        <time>2020-06-01T14:49:40.000Z</time>
      </trkpt>
      <trkpt lat="43.952210" lon="5.149160">
        <ele>656.7</ele>
        <time>2020-06-01T14:49:47.000Z</time>
      </trkpt>
      <trkpt lat="43.952220" lon="5.149320">
        <ele>656.5</ele>
        <time>2020-06-01T14:49:53.000Z</time>
      </trkpt>
      <trkpt lat="43.952170" lon="5.149490">
        <ele>656.2</ele>
        <time>2020-06-01T14:50:00.000Z</time>
      </trkpt>
      <trkpt lat="43.951900" lon="5.149710">
        <ele>655.6</ele>
        <time>2020-06-01T14:50:15.000Z</time>
      </trkpt>
      <trkpt lat="43.951560" lon="5.150270">
        <ele>653.7</ele>
        <time>2020-06-01T14:50:42.000Z</time>
      </trkpt>
      <trkpt lat="43.951470" lon="5.150500">
        <ele>652.7</ele>
        <time>2020-06-01T14:50:51.000Z</time>
      </trkpt>
      <trkpt lat="43.950900" lon="5.151550">
        <ele>650.0</ele>
        <time>2020-06-01T14:51:39.000Z</time>
      </trkpt>
      <trkpt lat="43.950900" lon="5.151550">
        <ele>650.0</ele>
        <time>2020-06-01T14:51:39.000Z</time>
      </trkpt>
      <trkpt lat="43.950740" lon="5.151810">
        <ele>649.8</ele>
        <time>2020-06-01T14:51:51.000Z</time>
      </trkpt>
      <trkpt lat="43.950620" lon="5.152300">
        <ele>649.8</ele>
        <time>2020-06-01T14:52:10.000Z</time>
      </trkpt>
      <trkpt lat="43.950460" lon="5.153050">
        <ele>649.3</ele>
        <time>2020-06-01T14:52:38.000Z</time>
      </trkpt>
      <trkpt lat="43.950430" lon="5.153730">
        <ele>649.8</ele>
        <time>2020-06-01T14:53:02.000Z</time>
      </trkpt>
      <trkpt lat="43.950350" lon="5.154120">
        <ele>649.9</ele>
        <time>2020-06-01T14:53:17.000Z</time>
      </trkpt>
      <trkpt lat="43.950140" lon="5.154740">
        <ele>649.2</ele>
        <time>2020-06-01T14:53:42.000Z</time>
      </trkpt>
      <trkpt lat="43.950090" lon="5.154850">
        <ele>649.1</ele>
        <time>2020-06-01T14:53:46.000Z</time>
      </trkpt>
      <trkpt lat="43.950000" lon="5.154920">
        <ele>648.8</ele>
        <time>2020-06-01T14:53:51.000Z</time>
      </trkpt>
      <trkpt lat="43.950000" lon="5.154920">
        <ele>648.8</ele>
        <time>2020-06-01T14:53:51.000Z</time>
      </trkpt>
      <trkpt lat="43.949780" lon="5.155010">
        <ele>646.6</ele>
        <time>2020-06-01T14:54:03.000Z</time>
      </trkpt>
      <trkpt lat="43.949650" lon="5.155100">
        <ele>644.7</ele>
        <time>2020-06-01T14:54:10.000Z</time>
      </trkpt>
      <trkpt lat="43.949620" lon="5.155150">
        <ele>644.1</ele>
        <time>2020-06-01T14:54:13.000Z</time>
      </trkpt>
      <trkpt lat="43.949600" lon="5.155210">
        <ele>643.5</ele>
        <time>2020-06-01T14:54:15.000Z</time>
      </trkpt>
      <trkpt lat="43.949590" lon="5.155370">
        <ele>642.6</ele>
        <time>2020-06-01T14:54:21.000Z</time>
      </trkpt>
      <trkpt lat="43.949630" lon="5.155580">
        <ele>641.9</ele>
        <time>2020-06-01T14:54:29.000Z</time>
      </trkpt>
      <trkpt lat="43.949650" lon="5.155640">
        <ele>641.7</ele>
        <time>2020-06-01T14:54:31.000Z</time>
      </trkpt>
      <trkpt lat="43.949670" lon="5.155700">
        <ele>641.6</ele>
        <time>2020-06-01T14:54:33.000Z</time>
      </trkpt>
      <trkpt lat="43.949700" lon="5.155700">
        <ele>641.9</ele>
        <time>2020-06-01T14:54:35.000Z</time>
      </trkpt>
      <trkpt lat="43.949760" lon="5.155750">
        <ele>642.2</ele>
        <time>2020-06-01T14:54:38.000Z</time>
      </trkpt>
      <trkpt lat="43.949780" lon="5.155820">
        <ele>642.0</ele>
        <time>2020-06-01T14:54:41.000Z</time>
      </trkpt>
      <trkpt lat="43.949810" lon="5.156090">
        <ele>640.3</ele>
        <time>2020-06-01T14:54:51.000Z</time>
      </trkpt>
      <trkpt lat="43.949850" lon="5.156210">
        <ele>639.6</ele>
        <time>2020-06-01T14:54:56.000Z</time>
      </trkpt>
      <trkpt lat="43.949930" lon="5.156330">
        <ele>639.3</ele>
        <time>2020-06-01T14:55:01.000Z</time>
      </trkpt>
      <trkpt lat="43.950810" lon="5.156810">
        <ele>640.8</ele>
        <time>2020-06-01T14:55:49.000Z</time>
      </trkpt>
      <trkpt lat="43.950880" lon="5.156840">
        <ele>640.7</ele>
        <time>2020-06-01T14:55:52.000Z</time>
      </trkpt>
      <trkpt lat="43.950970" lon="5.156840">
        <ele>640.6</ele>
        <time>2020-06-01T14:55:57.000Z</time>
      </trkpt>
      <trkpt lat="43.951220" lon="5.156730">
        <ele>641.1</ele>
        <time>2020-06-01T14:56:10.000Z</time>
      </trkpt>
      <trkpt lat="43.951350" lon="5.156730">
        <ele>640.9</ele>
        <time>2020-06-01T14:56:17.000Z</time>
      </trkpt>
      <trkpt lat="43.951530" lon="5.156800">
        <ele>640.2</ele>
        <time>2020-06-01T14:56:26.000Z</time>
      </trkpt>
      <trkpt lat="43.951720" lon="5.156830">
        <ele>639.7</ele>
        <time>2020-06-01T14:56:36.000Z</time>
      </trkpt>
      <trkpt lat="43.952050" lon="5.156800">
        <ele>638.7</ele>
        <time>2020-06-01T14:56:52.000Z</time>
      </trkpt>
      <trkpt lat="43.952140" lon="5.156820">
        <ele>638.3</ele>
        <time>2020-06-01T14:56:57.000Z</time>
      </trkpt>
      <trkpt lat="43.952220" lon="5.156880">
        <ele>637.5</ele>
        <time>2020-06-01T14:57:01.000Z</time>
      </trkpt>
      <trkpt lat="43.952370" lon="5.157080">
        <ele>635.6</ele>
        <time>2020-06-01T14:57:12.000Z</time>
      </trkpt>
      <trkpt lat="43.952450" lon="5.157100">
        <ele>635.1</ele>
        <time>2020-06-01T14:57:16.000Z</time>
      </trkpt>
      <trkpt lat="43.952790" lon="5.157010">
        <ele>635.8</ele>
        <time>2020-06-01T14:57:33.000Z</time>
      </trkpt>
      <trkpt lat="43.953100" lon="5.157020">
        <ele>636.1</ele>
        <time>2020-06-01T14:57:49.000Z</time>
      </trkpt>
      <trkpt lat="43.953840" lon="5.157120">
        <ele>636.8</ele>
        <time>2020-06-01T14:58:26.000Z</time>
      </trkpt>
      <trkpt lat="43.954420" lon="5.157140">
        <ele>637.8</ele>
        <time>2020-06-01T14:58:55.000Z</time>
      </trkpt>
      <trkpt lat="43.954660" lon="5.157210">
        <ele>638.0</ele>
        <time>2020-06-01T14:59:07.000Z</time>
      </trkpt>
      <trkpt lat="43.954760" lon="5.157310">
        <ele>637.6</ele>
        <time>2020-06-01T14:59:13.000Z</time>
      </trkpt>
      <trkpt lat="43.954830" lon="5.157420">
        <ele>637.1</ele>
        <time>2020-06-01T14:59:18.000Z</time>
      </trkpt>
      <trkpt lat="43.954930" lon="5.157700">
        <ele>636.1</ele>
        <time>2020-06-01T14:59:30.000Z</time>
      </trkpt>
      <trkpt lat="43.954930" lon="5.157700">
        <ele>636.1</ele>
        <time>2020-06-01T14:59:30.000Z</time>
      </trkpt>
      <trkpt lat="43.954970" lon="5.157930">
        <ele>635.4</ele>
        <time>2020-06-01T14:59:38.000Z</time>
      </trkpt>
      <trkpt lat="43.954960" lon="5.158090">
        <ele>634.8</ele>
        <time>2020-06-01T14:59:44.000Z</time>
      </trkpt>
      <trkpt lat="43.955020" lon="5.158100">
        <ele>634.7</ele>
        <time>2020-06-01T14:59:47.000Z</time>
      </trkpt>
      <trkpt lat="43.955090" lon="5.158110">
        <ele>634.2</ele>
        <time>2020-06-01T14:59:51.000Z</time>
      </trkpt>
      <trkpt lat="43.955580" lon="5.158020">
        <ele>631.6</ele>
        <time>2020-06-01T15:00:15.000Z</time>
      </trkpt>
      <trkpt lat="43.955690" lon="5.157980">
        <ele>631.1</ele>
        <time>2020-06-01T15:00:21.000Z</time>
      </trkpt>
      <trkpt lat="43.955840" lon="5.157960">
        <ele>630.3</ele>
        <time>2020-06-01T15:00:29.000Z</time>
      </trkpt>
      <trkpt lat="43.956220" lon="5.157980">
        <ele>626.2</ele>
        <time>2020-06-01T15:00:48.000Z</time>
      </trkpt>
      <trkpt lat="43.956270" lon="5.157960">
        <ele>625.8</ele>
        <time>2020-06-01T15:00:50.000Z</time>
      </trkpt>
      <trkpt lat="43.956310" lon="5.157920">
        <ele>625.6</ele>
        <time>2020-06-01T15:00:53.000Z</time>
      </trkpt>
      <trkpt lat="43.956460" lon="5.157910">
        <ele>624.2</ele>
        <time>2020-06-01T15:01:00.000Z</time>
      </trkpt>
      <trkpt lat="43.956690" lon="5.157890">
        <ele>622.0</ele>
        <time>2020-06-01T15:01:12.000Z</time>
      </trkpt>
      <trkpt lat="43.956690" lon="5.157890">
        <ele>622.0</ele>
        <time>2020-06-01T15:01:12.000Z</time>
      </trkpt>
      <trkpt lat="43.957460" lon="5.158030">
        <ele>613.7</ele>
        <time>2020-06-01T15:01:51.000Z</time>
      </trkpt>
      <trkpt lat="43.958160" lon="5.158250">
        <ele>605.1</ele>
        <time>2020-06-01T15:02:26.000Z</time>
      </trkpt>
      <trkpt lat="43.958420" lon="5.158210">
        <ele>602.9</ele>
        <time>2020-06-01T15:02:40.000Z</time>
      </trkpt>
      <trkpt lat="43.958760" lon="5.158120">
        <ele>600.0</ele>
        <time>2020-06-01T15:02:57.000Z</time>
      </trkpt>
      <trkpt lat="43.959070" lon="5.158100">
        <ele>596.8</ele>
        <time>2020-06-01T15:03:12.000Z</time>
      </trkpt>
      <trkpt lat="43.959350" lon="5.157980">
        <ele>594.7</ele>
        <time>2020-06-01T15:03:27.000Z</time>
      </trkpt>
      <trkpt lat="43.959550" lon="5.157940">
        <ele>592.9</ele>
        <time>2020-06-01T15:03:37.000Z</time>
      </trkpt>
      <trkpt lat="43.959830" lon="5.158000">
        <ele>590.9</ele>
        <time>2020-06-01T15:03:51.000Z</time>
      </trkpt>
      <trkpt lat="43.960060" lon="5.158030">
        <ele>589.6</ele>
        <time>2020-06-01T15:04:03.000Z</time>
      </trkpt>
      <trkpt lat="43.960150" lon="5.157990">
        <ele>588.6</ele>
        <time>2020-06-01T15:04:08.000Z</time>
      </trkpt>
      <trkpt lat="43.960480" lon="5.157930">
        <ele>585.6</ele>
        <time>2020-06-01T15:04:24.000Z</time>
      </trkpt>
      <trkpt lat="43.960530" lon="5.157900">
        <ele>584.3</ele>
        <time>2020-06-01T15:04:27.000Z</time>
      </trkpt>
      <trkpt lat="43.960640" lon="5.157900">
        <ele>583.5</ele>
        <time>2020-06-01T15:04:33.000Z</time>
      </trkpt>
      <trkpt lat="43.960760" lon="5.157860">
        <ele>581.4</ele>
        <time>2020-06-01T15:04:39.000Z</time>
      </trkpt>
      <trkpt lat="43.961120" lon="5.157630">
        <ele>574.8</ele>
        <time>2020-06-01T15:04:59.000Z</time>
      </trkpt>
      <trkpt lat="43.961220" lon="5.157530">
        <ele>571.7</ele>
        <time>2020-06-01T15:05:05.000Z</time>
      </trkpt>
      <trkpt lat="43.961300" lon="5.157370">
        <ele>568.6</ele>
        <time>2020-06-01T15:05:12.000Z</time>
      </trkpt>
      <trkpt lat="43.961320" lon="5.157150">
        <ele>563.9</ele>
        <time>2020-06-01T15:05:20.000Z</time>
      </trkpt>
      <trkpt lat="43.961350" lon="5.157090">
        <ele>562.2</ele>
        <time>2020-06-01T15:05:22.000Z</time>
      </trkpt>
      <trkpt lat="43.961440" lon="5.156990">
        <ele>558.6</ele>
        <time>2020-06-01T15:05:28.000Z</time>
      </trkpt>
      <trkpt lat="43.961600" lon="5.156930">
        <ele>554.8</ele>
        <time>2020-06-01T15:05:36.000Z</time>
      </trkpt>
      <trkpt lat="43.961660" lon="5.156960">
        <ele>554.7</ele>
        <time>2020-06-01T15:05:40.000Z</time>
      </trkpt>
      <trkpt lat="43.961670" lon="5.157030">
        <ele>557.2</ele>
        <time>2020-06-01T15:05:42.000Z</time>
      </trkpt>
      <trkpt lat="43.961700" lon="5.157060">
        <ele>557.9</ele>
        <time>2020-06-01T15:05:44.000Z</time>
      </trkpt>
      <trkpt lat="43.961830" lon="5.157030">
        <ele>556.1</ele>
        <time>2020-06-01T15:05:51.000Z</time>
      </trkpt>
      <trkpt lat="43.961970" lon="5.156890">
        <ele>549.7</ele>
        <time>2020-06-01T15:05:59.000Z</time>
      </trkpt>
      <trkpt lat="43.962090" lon="5.156730">
        <ele>542.5</ele>
        <time>2020-06-01T15:06:08.000Z</time>
      </trkpt>
      <trkpt lat="43.962190" lon="5.156640">
        <ele>538.4</ele>
        <time>2020-06-01T15:06:14.000Z</time>
      </trkpt>
      <trkpt lat="43.962240" lon="5.156530">
        <ele>536.2</ele>
        <time>2020-06-01T15:06:18.000Z</time>
      </trkpt>
      <trkpt lat="43.962320" lon="5.156460">
        <ele>533.8</ele>
        <time>2020-06-01T15:06:23.000Z</time>
      </trkpt>
      <trkpt lat="43.962490" lon="5.156410">
        <ele>529.6</ele>
        <time>2020-06-01T15:06:32.000Z</time>
      </trkpt>
      <trkpt lat="43.962550" lon="5.156350">
        <ele>527.9</ele>
        <time>2020-06-01T15:06:35.000Z</time>
      </trkpt>
      <trkpt lat="43.962580" lon="5.156270">
        <ele>526.0</ele>
        <time>2020-06-01T15:06:39.000Z</time>
      </trkpt>
      <trkpt lat="43.962640" lon="5.156210">
        <ele>524.5</ele>
        <time>2020-06-01T15:06:42.000Z</time>
      </trkpt>
      <trkpt lat="43.963200" lon="5.155990">
        <ele>513.5</ele>
        <time>2020-06-01T15:07:11.000Z</time>
      </trkpt>
      <trkpt lat="43.963330" lon="5.155900">
        <ele>508.6</ele>
        <time>2020-06-01T15:07:19.000Z</time>
      </trkpt>
      <trkpt lat="43.963430" lon="5.155870">
        <ele>508.9</ele>
        <time>2020-06-01T15:07:24.000Z</time>
      </trkpt>
      <trkpt lat="43.963430" lon="5.155870">
        <ele>508.9</ele>
        <time>2020-06-01T15:07:24.000Z</time>
      </trkpt>
      <trkpt lat="43.963490" lon="5.155840">
        <ele>509.0</ele>
        <time>2020-06-01T15:07:27.000Z</time>
      </trkpt>
      <trkpt lat="43.963540" lon="5.155830">
        <ele>509.8</ele>
        <time>2020-06-01T15:07:30.000Z</time>
      </trkpt>
      <trkpt lat="43.963660" lon="5.155890">
        <ele>514.2</ele>
        <time>2020-06-01T15:07:36.000Z</time>
      </trkpt>
      <trkpt lat="43.963810" lon="5.155850">
        <ele>515.6</ele>
        <time>2020-06-01T15:07:44.000Z</time>
      </trkpt>
      <trkpt lat="43.963910" lon="5.155700">
        <ele>513.3</ele>
        <time>2020-06-01T15:07:51.000Z</time>
      </trkpt>
      <trkpt lat="43.964110" lon="5.155450">
        <ele>508.1</ele>
        <time>2020-06-01T15:08:04.000Z</time>
      </trkpt>
      <trkpt lat="43.964230" lon="5.155340">
        <ele>505.8</ele>
        <time>2020-06-01T15:08:12.000Z</time>
      </trkpt>
      <trkpt lat="43.964230" lon="5.155340">
        <ele>505.8</ele>
        <time>2020-06-01T15:08:12.000Z</time>
      </trkpt>
      <trkpt lat="43.964880" lon="5.154830">
        <ele>501.4</ele>
        <time>2020-06-01T15:08:49.000Z</time>
      </trkpt>
      <trkpt lat="43.965000" lon="5.154650">
        <ele>497.2</ele>
        <time>2020-06-01T15:08:58.000Z</time>
      </trkpt>
      <trkpt lat="43.965070" lon="5.154220">
        <ele>483.9</ele>
        <time>2020-06-01T15:09:14.000Z</time>
      </trkpt>
      <trkpt lat="43.965080" lon="5.153850">
        <ele>475.0</ele>
        <time>2020-06-01T15:09:27.000Z</time>
      </trkpt>
      <trkpt lat="43.965160" lon="5.153710">
        <ele>473.0</ele>
        <time>2020-06-01T15:09:33.000Z</time>
      </trkpt>
      <trkpt lat="43.965820" lon="5.153340">
        <ele>468.9</ele>
        <time>2020-06-01T15:10:09.000Z</time>
      </trkpt>
      <trkpt lat="43.965980" lon="5.153280">
        <ele>467.6</ele>
        <time>2020-06-01T15:10:17.000Z</time>
      </trkpt>
      <trkpt lat="43.966250" lon="5.152790">
        <ele>450.8</ele>
        <time>2020-06-01T15:10:40.000Z</time>
      </trkpt>
      <trkpt lat="43.966370" lon="5.152660">
        <ele>445.4</ele>
        <time>2020-06-01T15:10:47.000Z</time>
      </trkpt>
      <trkpt lat="43.966480" lon="5.152580">
        <ele>441.7</ele>
        <time>2020-06-01T15:10:53.000Z</time>
      </trkpt>
      <trkpt lat="43.966610" lon="5.152530">
        <ele>438.5</ele>
        <time>2020-06-01T15:11:00.000Z</time>
      </trkpt>
      <trkpt lat="43.966730" lon="5.152410">
        <ele>434.1</ele>
        <time>2020-06-01T15:11:08.000Z</time>
      </trkpt>
      <trkpt lat="43.966840" lon="5.152170">
        <ele>428.2</ele>
        <time>2020-06-01T15:11:18.000Z</time>
      </trkpt>
      <trkpt lat="43.966920" lon="5.152060">
        <ele>425.3</ele>
        <time>2020-06-01T15:11:23.000Z</time>
      </trkpt>
      <trkpt lat="43.967020" lon="5.151960">
        <ele>422.1</ele>
        <time>2020-06-01T15:11:30.000Z</time>
      </trkpt>
      <trkpt lat="43.967270" lon="5.151850">
        <ele>416.4</ele>
        <time>2020-06-01T15:11:43.000Z</time>
      </trkpt>
      <trkpt lat="43.967400" lon="5.151710">
        <ele>412.9</ele>
        <time>2020-06-01T15:11:51.000Z</time>
      </trkpt>
      <trkpt lat="43.967600" lon="5.151350">
        <ele>413.6</ele>
        <time>2020-06-01T15:12:07.000Z</time>
      </trkpt>
      <trkpt lat="43.967700" lon="5.151640">
        <ele>409.4</ele>
        <time>2020-06-01T15:12:19.000Z</time>
      </trkpt>
      <trkpt lat="43.967750" lon="5.152060">
        <ele>412.4</ele>
        <time>2020-06-01T15:12:34.000Z</time>
      </trkpt>
      <trkpt lat="43.967920" lon="5.152760">
        <ele>421.8</ele>
        <time>2020-06-01T15:13:01.000Z</time>
      </trkpt>
      <trkpt lat="43.968140" lon="5.153270">
        <ele>431.2</ele>
        <time>2020-06-01T15:13:22.000Z</time>
      </trkpt>
      <trkpt lat="43.968210" lon="5.153570">
        <ele>434.3</ele>
        <time>2020-06-01T15:13:34.000Z</time>
      </trkpt>
      <trkpt lat="43.968460" lon="5.153710">
        <ele>433.0</ele>
        <time>2020-06-01T15:13:47.000Z</time>
      </trkpt>
      <trkpt lat="43.968640" lon="5.153950">
        <ele>433.2</ele>
        <time>2020-06-01T15:14:00.000Z</time>
      </trkpt>
      <trkpt lat="43.969020" lon="5.154500">
        <ele>429.4</ele>
        <time>2020-06-01T15:14:27.000Z</time>
      </trkpt>
      <trkpt lat="43.969090" lon="5.154660">
        <ele>427.5</ele>
        <time>2020-06-01T15:14:34.000Z</time>
      </trkpt>
      <trkpt lat="43.969220" lon="5.155080">
        <ele>424.4</ele>
        <time>2020-06-01T15:14:50.000Z</time>
      </trkpt>
      <trkpt lat="43.969200" lon="5.155270">
        <ele>425.1</ele>
        <time>2020-06-01T15:14:57.000Z</time>
      </trkpt>
      <trkpt lat="43.969510" lon="5.155580">
        <ele>424.0</ele>
        <time>2020-06-01T15:15:16.000Z</time>
      </trkpt>
      <trkpt lat="43.969600" lon="5.155740">
        <ele>423.0</ele>
        <time>2020-06-01T15:15:24.000Z</time>
      </trkpt>
      <trkpt lat="43.969600" lon="5.155740">
        <ele>423.0</ele>
        <time>2020-06-01T15:15:24.000Z</time>
      </trkpt>
      <trkpt lat="43.969700" lon="5.155820">
        <ele>421.6</ele>
        <time>2020-06-01T15:15:29.000Z</time>
      </trkpt>
      <trkpt lat="43.969820" lon="5.155800">
        <ele>420.4</ele>
        <time>2020-06-01T15:15:35.000Z</time>
      </trkpt>
      <trkpt lat="43.969930" lon="5.155740">
        <ele>419.6</ele>
        <time>2020-06-01T15:15:41.000Z</time>
      </trkpt>
      <trkpt lat="43.970000" lon="5.155660">
        <ele>419.5</ele>
        <time>2020-06-01T15:15:46.000Z</time>
      </trkpt>
      <trkpt lat="43.970080" lon="5.155500">
        <ele>420.4</ele>
        <time>2020-06-01T15:15:53.000Z</time>
      </trkpt>
      <trkpt lat="43.970200" lon="5.155370">
        <ele>420.5</ele>
        <time>2020-06-01T15:16:00.000Z</time>
      </trkpt>
      <trkpt lat="43.970310" lon="5.155280">
        <ele>420.1</ele>
        <time>2020-06-01T15:16:07.000Z</time>
      </trkpt>
      <trkpt lat="43.970310" lon="5.155280">
        <ele>420.1</ele>
        <time>2020-06-01T15:16:07.000Z</time>
      </trkpt>
      <trkpt lat="43.971020" lon="5.155440">
        <ele>419.5</ele>
        <time>2020-06-01T15:16:43.000Z</time>
      </trkpt>
      <trkpt lat="43.971200" lon="5.155420">
        <ele>422.6</ele>
        <time>2020-06-01T15:16:52.000Z</time>
      </trkpt>
      <trkpt lat="43.971350" lon="5.155320">
        <ele>424.3</ele>
        <time>2020-06-01T15:17:00.000Z</time>
      </trkpt>
      <trkpt lat="43.971630" lon="5.155080">
        <ele>425.7</ele>
        <time>2020-06-01T15:17:17.000Z</time>
      </trkpt>
      <trkpt lat="43.971750" lon="5.155040">
        <ele>427.5</ele>
        <time>2020-06-01T15:17:23.000Z</time>
      </trkpt>
      <trkpt lat="43.971940" lon="5.155040">
        <ele>431.7</ele>
        <time>2020-06-01T15:17:32.000Z</time>
      </trkpt>
      <trkpt lat="43.972060" lon="5.154990">
        <ele>433.8</ele>
        <time>2020-06-01T15:17:39.000Z</time>
      </trkpt>
      <trkpt lat="43.972130" lon="5.154900">
        <ele>434.5</ele>
        <time>2020-06-01T15:17:43.000Z</time>
      </trkpt>
      <trkpt lat="43.972060" lon="5.154990">
        <ele>433.8</ele>
        <time>2020-06-01T15:17:48.000Z</time>
      </trkpt>
      <trkpt lat="43.972370" lon="5.154750">
        <ele>438.9</ele>
        <time>2020-06-01T15:18:06.000Z</time>
      </trkpt>
      <trkpt lat="43.972560" lon="5.154430">
        <ele>439.3</ele>
        <time>2020-06-01T15:18:21.000Z</time>
      </trkpt>
      <trkpt lat="43.972710" lon="5.154090">
        <ele>435.5</ele>
        <time>2020-06-01T15:18:35.000Z</time>
      </trkpt>
      <trkpt lat="43.973020" lon="5.153070">
        <ele>428.3</ele>
        <time>2020-06-01T15:19:15.000Z</time>
      </trkpt>
      <trkpt lat="43.973070" lon="5.152760">
        <ele>427.8</ele>
        <time>2020-06-01T15:19:27.000Z</time>
      </trkpt>
      <trkpt lat="43.973320" lon="5.152210">
        <ele>426.6</ele>
        <time>2020-06-01T15:19:50.000Z</time>
      </trkpt>
      <trkpt lat="43.973360" lon="5.152040">
        <ele>426.0</ele>
        <time>2020-06-01T15:19:56.000Z</time>
      </trkpt>
      <trkpt lat="43.973440" lon="5.152040">
        <ele>424.5</ele>
        <time>2020-06-01T15:20:00.000Z</time>
      </trkpt>
      <trkpt lat="43.973610" lon="5.152070">
        <ele>421.4</ele>
        <time>2020-06-01T15:20:09.000Z</time>
      </trkpt>
      <trkpt lat="43.973810" lon="5.152010">
        <ele>418.0</ele>
        <time>2020-06-01T15:20:19.000Z</time>
      </trkpt>
      <trkpt lat="43.973980" lon="5.151920">
        <ele>415.7</ele>
        <time>2020-06-01T15:20:28.000Z</time>
      </trkpt>
      <trkpt lat="43.973810" lon="5.152320">
        <ele>416.4</ele>
        <time>2020-06-01T15:20:45.000Z</time>
      </trkpt>
      <trkpt lat="43.973780" lon="5.152480">
        <ele>416.4</ele>
        <time>2020-06-01T15:20:51.000Z</time>
      </trkpt>
      <trkpt lat="43.973780" lon="5.152910">
        <ele>414.5</ele>
        <time>2020-06-01T15:21:07.000Z</time>
      </trkpt>
      <trkpt lat="43.973740" lon="5.153220">
        <ele>414.3</ele>
        <time>2020-06-01T15:21:18.000Z</time>
      </trkpt>
      <trkpt lat="43.973700" lon="5.153410">
        <ele>415.2</ele>
        <time>2020-06-01T15:21:25.000Z</time>
      </trkpt>
      <trkpt lat="43.973680" lon="5.153880">
        <ele>417.1</ele>
        <time>2020-06-01T15:21:42.000Z</time>
      </trkpt>
      <trkpt lat="43.973700" lon="5.154020">
        <ele>416.8</ele>
        <time>2020-06-01T15:21:47.000Z</time>
      </trkpt>
      <trkpt lat="43.973720" lon="5.154150">
        <ele>416.5</ele>
        <time>2020-06-01T15:21:52.000Z</time>
      </trkpt>
      <trkpt lat="43.973720" lon="5.154230">
        <ele>417.0</ele>
        <time>2020-06-01T15:21:55.000Z</time>
      </trkpt>
      <trkpt lat="43.973710" lon="5.154500">
        <ele>419.4</ele>
        <time>2020-06-01T15:22:05.000Z</time>
      </trkpt>
      <trkpt lat="43.973640" lon="5.155230">
        <ele>427.1</ele>
        <time>2020-06-01T15:22:31.000Z</time>
      </trkpt>
      <trkpt lat="43.973640" lon="5.155430">
        <ele>428.1</ele>
        <time>2020-06-01T15:22:38.000Z</time>
      </trkpt>
      <trkpt lat="43.973650" lon="5.155630">
        <ele>428.6</ele>
        <time>2020-06-01T15:22:45.000Z</time>
      </trkpt>
      <trkpt lat="43.973730" lon="5.155940">
        <ele>427.0</ele>
        <time>2020-06-01T15:22:57.000Z</time>
      </trkpt>
      <trkpt lat="43.973750" lon="5.156180">
        <ele>425.9</ele>
        <time>2020-06-01T15:23:06.000Z</time>
      </trkpt>
      <trkpt lat="43.973770" lon="5.156360">
        <ele>424.9</ele>
        <time>2020-06-01T15:23:13.000Z</time>
      </trkpt>
      <trkpt lat="43.973740" lon="5.156870">
        <ele>423.5</ele>
        <time>2020-06-01T15:23:31.000Z</time>
      </trkpt>
      <trkpt lat="43.973740" lon="5.156870">
        <ele>423.5</ele>
        <time>2020-06-01T15:23:31.000Z</time>
      </trkpt>
      <trkpt lat="43.973680" lon="5.157190">
        <ele>422.9</ele>
        <time>2020-06-01T15:23:43.000Z</time>
      </trkpt>
      <trkpt lat="43.973570" lon="5.157480">
        <ele>425.4</ele>
        <time>2020-06-01T15:23:55.000Z</time>
      </trkpt>
      <trkpt lat="43.973570" lon="5.157480">
        <ele>425.4</ele>
        <time>2020-06-01T15:23:55.000Z</time>
      </trkpt>
      <trkpt lat="43.973350" lon="5.157840">
        <ele>433.2</ele>
        <time>2020-06-01T15:24:12.000Z</time>
      </trkpt>
      <trkpt lat="43.973310" lon="5.157940">
        <ele>434.1</ele>
        <time>2020-06-01T15:24:16.000Z</time>
      </trkpt>
      <trkpt lat="43.973250" lon="5.158410">
        <ele>433.7</ele>
        <time>2020-06-01T15:24:33.000Z</time>
      </trkpt>
      <trkpt lat="43.973200" lon="5.158510">
        <ele>435.6</ele>
        <time>2020-06-01T15:24:37.000Z</time>
      </trkpt>
      <trkpt lat="43.973170" lon="5.158600">
        <ele>436.6</ele>
        <time>2020-06-01T15:24:41.000Z</time>
      </trkpt>
      <trkpt lat="43.973180" lon="5.158680">
        <ele>436.3</ele>
        <time>2020-06-01T15:24:44.000Z</time>
      </trkpt>
      <trkpt lat="43.973280" lon="5.158980">
        <ele>431.8</ele>
        <time>2020-06-01T15:24:56.000Z</time>
      </trkpt>
      <trkpt lat="43.973330" lon="5.159690">
        <ele>432.9</ele>
        <time>2020-06-01T15:25:22.000Z</time>
      </trkpt>
      <trkpt lat="43.973330" lon="5.159840">
        <ele>434.0</ele>
        <time>2020-06-01T15:25:27.000Z</time>
      </trkpt>
      <trkpt lat="43.973310" lon="5.159880">
        <ele>435.3</ele>
        <time>2020-06-01T15:25:29.000Z</time>
      </trkpt>
      <trkpt lat="43.973340" lon="5.159920">
        <ele>434.1</ele>
        <time>2020-06-01T15:25:31.000Z</time>
      </trkpt>
      <trkpt lat="43.973350" lon="5.160010">
        <ele>434.1</ele>
        <time>2020-06-01T15:25:34.000Z</time>
      </trkpt>
      <trkpt lat="43.973330" lon="5.160090">
        <ele>436.1</ele>
        <time>2020-06-01T15:25:37.000Z</time>
      </trkpt>
      <trkpt lat="43.973240" lon="5.160320">
        <ele>443.0</ele>
        <time>2020-06-01T15:25:47.000Z</time>
      </trkpt>
      <trkpt lat="43.973260" lon="5.160410">
        <ele>442.8</ele>
        <time>2020-06-01T15:25:50.000Z</time>
      </trkpt>
      <trkpt lat="43.973260" lon="5.160520">
        <ele>443.9</ele>
        <time>2020-06-01T15:25:54.000Z</time>
      </trkpt>
      <trkpt lat="43.973310" lon="5.160650">
        <ele>442.5</ele>
        <time>2020-06-01T15:25:59.000Z</time>
      </trkpt>
      <trkpt lat="43.973310" lon="5.160840">
        <ele>444.3</ele>
        <time>2020-06-01T15:26:06.000Z</time>
      </trkpt>
      <trkpt lat="43.973360" lon="5.161100">
        <ele>447.1</ele>
        <time>2020-06-01T15:26:16.000Z</time>
      </trkpt>
      <trkpt lat="43.973370" lon="5.161390">
        <ele>452.5</ele>
        <time>2020-06-01T15:26:26.000Z</time>
      </trkpt>
      <trkpt lat="43.973510" lon="5.161730">
        <ele>454.4</ele>
        <time>2020-06-01T15:26:40.000Z</time>
      </trkpt>
      <trkpt lat="43.973520" lon="5.161980">
        <ele>461.4</ele>
        <time>2020-06-01T15:26:49.000Z</time>
      </trkpt>
      <trkpt lat="43.973580" lon="5.162230">
        <ele>466.1</ele>
        <time>2020-06-01T15:26:59.000Z</time>
      </trkpt>
      <trkpt lat="43.973630" lon="5.162420">
        <ele>469.5</ele>
        <time>2020-06-01T15:27:06.000Z</time>
      </trkpt>
      <trkpt lat="43.973670" lon="5.162470">
        <ele>468.6</ele>
        <time>2020-06-01T15:27:09.000Z</time>
      </trkpt>
      <trkpt lat="43.973670" lon="5.162530">
        <ele>469.7</ele>
        <time>2020-06-01T15:27:11.000Z</time>
      </trkpt>
      <trkpt lat="43.973640" lon="5.162610">
        <ele>471.1</ele>
        <time>2020-06-01T15:27:14.000Z</time>
      </trkpt>
      <trkpt lat="43.973660" lon="5.162700">
        <ele>469.8</ele>
        <time>2020-06-01T15:27:18.000Z</time>
      </trkpt>
      <trkpt lat="43.973650" lon="5.162840">
        <ele>470.0</ele>
        <time>2020-06-01T15:27:23.000Z</time>
      </trkpt>
      <trkpt lat="43.973630" lon="5.162890">
        <ele>471.0</ele>
        <time>2020-06-01T15:27:25.000Z</time>
      </trkpt>
      <trkpt lat="43.973560" lon="5.162940">
        <ele>474.3</ele>
        <time>2020-06-01T15:27:29.000Z</time>
      </trkpt>
      <trkpt lat="43.973320" lon="5.163480">
        <ele>479.8</ele>
        <time>2020-06-01T15:27:51.000Z</time>
      </trkpt>
      <trkpt lat="43.973240" lon="5.163570">
        <ele>478.8</ele>
        <time>2020-06-01T15:27:57.000Z</time>
      </trkpt>
      <trkpt lat="43.973000" lon="5.163750">
        <ele>480.3</ele>
        <time>2020-06-01T15:28:10.000Z</time>
      </trkpt>
      <trkpt lat="43.972870" lon="5.163780">
        <ele>484.0</ele>
        <time>2020-06-01T15:28:17.000Z</time>
      </trkpt>
      <trkpt lat="43.972790" lon="5.163830">
        <ele>485.1</ele>
        <time>2020-06-01T15:28:21.000Z</time>
      </trkpt>
      <trkpt lat="43.972620" lon="5.164060">
        <ele>484.0</ele>
        <time>2020-06-01T15:28:33.000Z</time>
      </trkpt>
      <trkpt lat="43.972440" lon="5.164170">
        <ele>485.8</ele>
        <time>2020-06-01T15:28:43.000Z</time>
      </trkpt>
      <trkpt lat="43.972350" lon="5.164260">
        <ele>483.8</ele>
        <time>2020-06-01T15:28:49.000Z</time>
      </trkpt>
      <trkpt lat="43.972310" lon="5.164380">
        <ele>480.0</ele>
        <time>2020-06-01T15:28:53.000Z</time>
      </trkpt>
      <trkpt lat="43.972180" lon="5.164550">
        <ele>475.7</ele>
        <time>2020-06-01T15:29:02.000Z</time>
      </trkpt>
      <trkpt lat="43.972070" lon="5.164790">
        <ele>468.3</ele>
        <time>2020-06-01T15:29:12.000Z</time>
      </trkpt>
      <trkpt lat="43.971980" lon="5.165050">
        <ele>460.9</ele>
        <time>2020-06-01T15:29:23.000Z</time>
      </trkpt>
      <trkpt lat="43.971900" lon="5.165160">
        <ele>458.8</ele>
        <time>2020-06-01T15:29:29.000Z</time>
      </trkpt>
      <trkpt lat="43.971620" lon="5.165350">
        <ele>458.5</ele>
        <time>2020-06-01T15:29:44.000Z</time>
      </trkpt>
      <trkpt lat="43.971580" lon="5.165410">
        <ele>458.0</ele>
        <time>2020-06-01T15:29:47.000Z</time>
      </trkpt>
      <trkpt lat="43.971530" lon="5.165430">
        <ele>458.5</ele>
        <time>2020-06-01T15:29:50.000Z</time>
      </trkpt>
      <trkpt lat="43.971380" lon="5.165610">
        <ele>456.3</ele>
        <time>2020-06-01T15:30:00.000Z</time>
      </trkpt>
      <trkpt lat="43.971250" lon="5.165700">
        <ele>456.4</ele>
        <time>2020-06-01T15:30:07.000Z</time>
      </trkpt>
      <trkpt lat="43.971170" lon="5.165770">
        <ele>455.2</ele>
        <time>2020-06-01T15:30:12.000Z</time>
      </trkpt>
      <trkpt lat="43.971060" lon="5.165790">
        <ele>456.8</ele>
        <time>2020-06-01T15:30:17.000Z</time>
      </trkpt>
      <trkpt lat="43.970830" lon="5.165700">
        <ele>464.9</ele>
        <time>2020-06-01T15:30:29.000Z</time>
      </trkpt>
      <trkpt lat="43.970470" lon="5.165620">
        <ele>474.2</ele>
        <time>2020-06-01T15:30:47.000Z</time>
      </trkpt>
      <trkpt lat="43.970130" lon="5.165580">
        <ele>481.7</ele>
        <time>2020-06-01T15:31:04.000Z</time>
      </trkpt>
      <trkpt lat="43.970130" lon="5.165580">
        <ele>481.7</ele>
        <time>2020-06-01T15:31:04.000Z</time>
      </trkpt>
      <trkpt lat="43.969660" lon="5.165350">
        <ele>492.1</ele>
        <time>2020-06-01T15:31:29.000Z</time>
      </trkpt>
      <trkpt lat="43.969510" lon="5.165300">
        <ele>493.3</ele>
        <time>2020-06-01T15:31:37.000Z</time>
      </trkpt>
      <trkpt lat="43.969510" lon="5.165300">
        <ele>493.3</ele>
        <time>2020-06-01T15:31:37.000Z</time>
      </trkpt>
      <trkpt lat="43.969370" lon="5.165320">
        <ele>492.3</ele>
        <time>2020-06-01T15:31:44.000Z</time>
      </trkpt>
      <trkpt lat="43.969270" lon="5.165380">
        <ele>490.2</ele>
        <time>2020-06-01T15:31:50.000Z</time>
      </trkpt>
      <trkpt lat="43.969200" lon="5.165380">
        <ele>490.0</ele>
        <time>2020-06-01T15:31:53.000Z</time>
      </trkpt>
      <trkpt lat="43.969150" lon="5.165420">
        <ele>489.1</ele>
        <time>2020-06-01T15:31:56.000Z</time>
      </trkpt>
      <trkpt lat="43.969140" lon="5.165500">
        <ele>487.3</ele>
        <time>2020-06-01T15:31:59.000Z</time>
      </trkpt>
      <trkpt lat="43.969050" lon="5.165730">
        <ele>482.4</ele>
        <time>2020-06-01T15:32:08.000Z</time>
      </trkpt>
      <trkpt lat="43.968740" lon="5.166110">
        <ele>488.8</ele>
        <time>2020-06-01T15:32:29.000Z</time>
      </trkpt>
      <trkpt lat="43.968430" lon="5.166580">
        <ele>501.4</ele>
        <time>2020-06-01T15:32:52.000Z</time>
      </trkpt>
      <trkpt lat="43.968340" lon="5.166620">
        <ele>502.8</ele>
        <time>2020-06-01T15:32:57.000Z</time>
      </trkpt>
      <trkpt lat="43.968200" lon="5.166800">
        <ele>506.2</ele>
        <time>2020-06-01T15:33:06.000Z</time>
      </trkpt>
      <trkpt lat="43.967960" lon="5.166980">
        <ele>507.4</ele>
        <time>2020-06-01T15:33:20.000Z</time>
      </trkpt>
      <trkpt lat="43.967610" lon="5.167340">
        <ele>508.4</ele>
        <time>2020-06-01T15:33:42.000Z</time>
      </trkpt>
      <trkpt lat="43.967430" lon="5.167420">
        <ele>506.9</ele>
        <time>2020-06-01T15:33:51.000Z</time>
      </trkpt>
      <trkpt lat="43.967240" lon="5.167460">
        <ele>505.5</ele>
        <time>2020-06-01T15:34:01.000Z</time>
      </trkpt>
      <trkpt lat="43.967080" lon="5.167570">
        <ele>505.8</ele>
        <time>2020-06-01T15:34:10.000Z</time>
      </trkpt>
      <trkpt lat="43.966700" lon="5.168180">
        <ele>515.2</ele>
        <time>2020-06-01T15:34:39.000Z</time>
      </trkpt>
      <trkpt lat="43.966290" lon="5.168460">
        <ele>517.3</ele>
        <time>2020-06-01T15:35:02.000Z</time>
      </trkpt>
      <trkpt lat="43.965950" lon="5.169070">
        <ele>527.5</ele>
        <time>2020-06-01T15:35:29.000Z</time>
      </trkpt>
      <trkpt lat="43.965870" lon="5.169280">
        <ele>529.7</ele>
        <time>2020-06-01T15:35:38.000Z</time>
      </trkpt>
      <trkpt lat="43.965710" lon="5.169380">
        <ele>529.4</ele>
        <time>2020-06-01T15:35:47.000Z</time>
      </trkpt>
      <trkpt lat="43.965350" lon="5.169760">
        <ele>530.9</ele>
        <time>2020-06-01T15:36:09.000Z</time>
      </trkpt>
      <trkpt lat="43.964620" lon="5.170000">
        <ele>531.0</ele>
        <time>2020-06-01T15:36:47.000Z</time>
      </trkpt>
      <trkpt lat="43.964460" lon="5.170120">
        <ele>533.4</ele>
        <time>2020-06-01T15:36:56.000Z</time>
      </trkpt>
      <trkpt lat="43.964420" lon="5.170330">
        <ele>537.6</ele>
        <time>2020-06-01T15:37:04.000Z</time>
      </trkpt>
      <trkpt lat="43.964320" lon="5.170530">
        <ele>541.3</ele>
        <time>2020-06-01T15:37:13.000Z</time>
      </trkpt>
      <trkpt lat="43.963970" lon="5.170830">
        <ele>545.4</ele>
        <time>2020-06-01T15:37:33.000Z</time>
      </trkpt>
      <trkpt lat="43.963530" lon="5.171110">
        <ele>546.1</ele>
        <time>2020-06-01T15:37:57.000Z</time>
      </trkpt>
      <trkpt lat="43.963300" lon="5.171380">
        <ele>548.9</ele>
        <time>2020-06-01T15:38:12.000Z</time>
      </trkpt>
      <trkpt lat="43.963150" lon="5.171740">
        <ele>552.0</ele>
        <time>2020-06-01T15:38:27.000Z</time>
      </trkpt>
      <trkpt lat="43.963150" lon="5.171740">
        <ele>552.0</ele>
        <time>2020-06-01T15:38:27.000Z</time>
      </trkpt>
      <trkpt lat="43.963120" lon="5.171860">
        <ele>552.1</ele>
        <time>2020-06-01T15:38:32.000Z</time>
      </trkpt>
      <trkpt lat="43.962770" lon="5.172310">
        <ele>551.9</ele>
        <time>2020-06-01T15:38:56.000Z</time>
      </trkpt>
      <trkpt lat="43.962740" lon="5.172380">
        <ele>552.1</ele>
        <time>2020-06-01T15:38:59.000Z</time>
      </trkpt>
      <trkpt lat="43.962740" lon="5.172460">
        <ele>552.4</ele>
        <time>2020-06-01T15:39:02.000Z</time>
      </trkpt>
      <trkpt lat="43.963120" lon="5.172510">
        <ele>553.5</ele>
        <time>2020-06-01T15:39:21.000Z</time>
      </trkpt>
      <trkpt lat="43.963120" lon="5.172510">
        <ele>553.5</ele>
        <time>2020-06-01T15:39:21.000Z</time>
      </trkpt>
      <trkpt lat="43.963800" lon="5.172500">
        <ele>554.0</ele>
        <time>2020-06-01T15:39:55.000Z</time>
      </trkpt>
      <trkpt lat="43.963860" lon="5.172520">
        <ele>554.0</ele>
        <time>2020-06-01T15:39:58.000Z</time>
      </trkpt>
      <trkpt lat="43.964050" lon="5.172640">
        <ele>553.4</ele>
        <time>2020-06-01T15:40:08.000Z</time>
      </trkpt>
      <trkpt lat="43.964250" lon="5.172860">
        <ele>551.4</ele>
        <time>2020-06-01T15:40:21.000Z</time>
      </trkpt>
      <trkpt lat="43.964330" lon="5.172930">
        <ele>550.4</ele>
        <time>2020-06-01T15:40:26.000Z</time>
      </trkpt>
      <trkpt lat="43.964510" lon="5.172980">
        <ele>548.9</ele>
        <time>2020-06-01T15:40:35.000Z</time>
      </trkpt>
      <trkpt lat="43.964600" lon="5.173060">
        <ele>547.7</ele>
        <time>2020-06-01T15:40:40.000Z</time>
      </trkpt>
      <trkpt lat="43.964760" lon="5.173130">
        <ele>546.0</ele>
        <time>2020-06-01T15:40:49.000Z</time>
      </trkpt>
      <trkpt lat="43.964850" lon="5.173210">
        <ele>544.6</ele>
        <time>2020-06-01T15:40:54.000Z</time>
      </trkpt>
      <trkpt lat="43.965210" lon="5.173820">
        <ele>539.8</ele>
        <time>2020-06-01T15:41:23.000Z</time>
      </trkpt>
      <trkpt lat="43.965260" lon="5.173860">
        <ele>539.5</ele>
        <time>2020-06-01T15:41:25.000Z</time>
      </trkpt>
      <trkpt lat="43.965460" lon="5.173970">
        <ele>538.2</ele>
        <time>2020-06-01T15:41:36.000Z</time>
      </trkpt>
      <trkpt lat="43.965620" lon="5.174030">
        <ele>537.4</ele>
        <time>2020-06-01T15:41:44.000Z</time>
      </trkpt>
      <trkpt lat="43.965690" lon="5.174150">
        <ele>536.7</ele>
        <time>2020-06-01T15:41:50.000Z</time>
      </trkpt>
      <trkpt lat="43.965720" lon="5.174280">
        <ele>536.4</ele>
        <time>2020-06-01T15:41:55.000Z</time>
      </trkpt>
      <trkpt lat="43.965730" lon="5.174610">
        <ele>535.9</ele>
        <time>2020-06-01T15:42:07.000Z</time>
      </trkpt>
      <trkpt lat="43.965800" lon="5.174480">
        <ele>535.8</ele>
        <time>2020-06-01T15:42:13.000Z</time>
      </trkpt>
      <trkpt lat="43.966020" lon="5.173970">
        <ele>537.3</ele>
        <time>2020-06-01T15:42:34.000Z</time>
      </trkpt>
      <trkpt lat="43.966100" lon="5.173650">
        <ele>537.9</ele>
        <time>2020-06-01T15:42:46.000Z</time>
      </trkpt>
      <trkpt lat="43.966250" lon="5.173380">
        <ele>538.0</ele>
        <time>2020-06-01T15:42:59.000Z</time>
      </trkpt>
      <trkpt lat="43.966310" lon="5.173310">
        <ele>538.1</ele>
        <time>2020-06-01T15:43:03.000Z</time>
      </trkpt>
      <trkpt lat="43.966510" lon="5.173140">
        <ele>538.7</ele>
        <time>2020-06-01T15:43:14.000Z</time>
      </trkpt>
      <trkpt lat="43.966800" lon="5.172730">
        <ele>539.4</ele>
        <time>2020-06-01T15:43:35.000Z</time>
      </trkpt>
      <trkpt lat="43.966870" lon="5.172700">
        <ele>539.4</ele>
        <time>2020-06-01T15:43:39.000Z</time>
      </trkpt>
      <trkpt lat="43.966910" lon="5.172720">
        <ele>539.3</ele>
        <time>2020-06-01T15:43:41.000Z</time>
      </trkpt>
      <trkpt lat="43.967030" lon="5.172860">
        <ele>538.8</ele>
        <time>2020-06-01T15:43:49.000Z</time>
      </trkpt>
      <trkpt lat="43.967110" lon="5.172890">
        <ele>538.6</ele>
        <time>2020-06-01T15:43:53.000Z</time>
      </trkpt>
      <trkpt lat="43.967190" lon="5.173050">
        <ele>537.9</ele>
        <time>2020-06-01T15:44:00.000Z</time>
      </trkpt>
      <trkpt lat="43.967290" lon="5.173100">
        <ele>537.5</ele>
        <time>2020-06-01T15:44:05.000Z</time>
      </trkpt>
      <trkpt lat="43.967360" lon="5.173180">
        <ele>537.0</ele>
        <time>2020-06-01T15:44:10.000Z</time>
      </trkpt>
      <trkpt lat="43.967440" lon="5.173220">
        <ele>536.7</ele>
        <time>2020-06-01T15:44:14.000Z</time>
      </trkpt>
      <trkpt lat="43.967510" lon="5.173200">
        <ele>536.5</ele>
        <time>2020-06-01T15:44:17.000Z</time>
      </trkpt>
      <trkpt lat="43.967560" lon="5.173210">
        <ele>535.4</ele>
        <time>2020-06-01T15:44:20.000Z</time>
      </trkpt>
      <trkpt lat="43.967670" lon="5.173460">
        <ele>535.2</ele>
        <time>2020-06-01T15:44:31.000Z</time>
      </trkpt>
      <trkpt lat="43.967720" lon="5.173490">
        <ele>535.2</ele>
        <time>2020-06-01T15:44:33.000Z</time>
      </trkpt>
      <trkpt lat="43.967760" lon="5.173420">
        <ele>532.6</ele>
        <time>2020-06-01T15:44:36.000Z</time>
      </trkpt>
      <trkpt lat="43.967800" lon="5.173430">
        <ele>532.2</ele>
        <time>2020-06-01T15:44:38.000Z</time>
      </trkpt>
      <trkpt lat="43.967850" lon="5.173470">
        <ele>532.2</ele>
        <time>2020-06-01T15:44:41.000Z</time>
      </trkpt>
      <trkpt lat="43.967930" lon="5.173390">
        <ele>528.7</ele>
        <time>2020-06-01T15:44:46.000Z</time>
      </trkpt>
      <trkpt lat="43.967980" lon="5.173400">
        <ele>528.0</ele>
        <time>2020-06-01T15:44:49.000Z</time>
      </trkpt>
      <trkpt lat="43.968020" lon="5.173450">
        <ele>528.7</ele>
        <time>2020-06-01T15:44:52.000Z</time>
      </trkpt>
      <trkpt lat="43.968100" lon="5.173440">
        <ele>526.8</ele>
        <time>2020-06-01T15:44:56.000Z</time>
      </trkpt>
      <trkpt lat="43.968160" lon="5.173520">
        <ele>528.1</ele>
        <time>2020-06-01T15:45:00.000Z</time>
      </trkpt>
      <trkpt lat="43.968310" lon="5.173540">
        <ele>526.4</ele>
        <time>2020-06-01T15:45:07.000Z</time>
      </trkpt>
      <trkpt lat="43.968510" lon="5.173740">
        <ele>532.1</ele>
        <time>2020-06-01T15:45:20.000Z</time>
      </trkpt>
      <trkpt lat="43.968660" lon="5.173860">
        <ele>535.8</ele>
        <time>2020-06-01T15:45:28.000Z</time>
      </trkpt>
      <trkpt lat="43.968770" lon="5.173920">
        <ele>537.9</ele>
        <time>2020-06-01T15:45:34.000Z</time>
      </trkpt>
      <trkpt lat="43.968910" lon="5.173950">
        <ele>538.5</ele>
        <time>2020-06-01T15:45:41.000Z</time>
      </trkpt>
      <trkpt lat="43.968960" lon="5.173980">
        <ele>539.3</ele>
        <time>2020-06-01T15:45:44.000Z</time>
      </trkpt>
      <trkpt lat="43.968980" lon="5.174030">
        <ele>541.1</ele>
        <time>2020-06-01T15:45:46.000Z</time>
      </trkpt>
      <trkpt lat="43.969100" lon="5.174120">
        <ele>544.2</ele>
        <time>2020-06-01T15:45:53.000Z</time>
      </trkpt>
      <trkpt lat="43.969100" lon="5.174120">
        <ele>544.2</ele>
        <time>2020-06-01T15:45:53.000Z</time>
      </trkpt>
      <trkpt lat="43.969290" lon="5.174150">
        <ele>543.6</ele>
        <time>2020-06-01T15:46:02.000Z</time>
      </trkpt>
      <trkpt lat="43.969360" lon="5.174240">
        <ele>545.2</ele>
        <time>2020-06-01T15:46:07.000Z</time>
      </trkpt>
      <trkpt lat="43.969620" lon="5.174250">
        <ele>542.7</ele>
        <time>2020-06-01T15:46:20.000Z</time>
      </trkpt>
      <trkpt lat="43.969710" lon="5.174300">
        <ele>543.2</ele>
        <time>2020-06-01T15:46:25.000Z</time>
      </trkpt>
      <trkpt lat="43.969920" lon="5.174220">
        <ele>538.6</ele>
        <time>2020-06-01T15:46:36.000Z</time>
      </trkpt>
      <trkpt lat="43.970020" lon="5.174040">
        <ele>531.5</ele>
        <time>2020-06-01T15:46:44.000Z</time>
      </trkpt>
      <trkpt lat="43.970020" lon="5.174040">
        <ele>531.5</ele>
        <time>2020-06-01T15:46:44.000Z</time>
      </trkpt>
      <trkpt lat="43.970050" lon="5.174040">
        <ele>531.1</ele>
        <time>2020-06-01T15:46:46.000Z</time>
      </trkpt>
      <trkpt lat="43.970110" lon="5.174100">
        <ele>532.6</ele>
        <time>2020-06-01T15:46:49.000Z</time>
      </trkpt>
      <trkpt lat="43.970230" lon="5.174120">
        <ele>531.7</ele>
        <time>2020-06-01T15:46:55.000Z</time>
      </trkpt>
      <trkpt lat="43.970320" lon="5.174080">
        <ele>529.2</ele>
        <time>2020-06-01T15:47:00.000Z</time>
      </trkpt>
      <trkpt lat="43.970390" lon="5.174000">
        <ele>525.5</ele>
        <time>2020-06-01T15:47:05.000Z</time>
      </trkpt>
      <trkpt lat="43.970580" lon="5.173900">
        <ele>519.1</ele>
        <time>2020-06-01T15:47:15.000Z</time>
      </trkpt>
      <trkpt lat="43.970670" lon="5.173840">
        <ele>515.7</ele>
        <time>2020-06-01T15:47:20.000Z</time>
      </trkpt>
      <trkpt lat="43.970760" lon="5.173710">
        <ele>509.0</ele>
        <time>2020-06-01T15:47:26.000Z</time>
      </trkpt>
      <trkpt lat="43.970840" lon="5.173550">
        <ele>500.6</ele>
        <time>2020-06-01T15:47:33.000Z</time>
      </trkpt>
      <trkpt lat="43.970900" lon="5.173510">
        <ele>497.8</ele>
        <time>2020-06-01T15:47:37.000Z</time>
      </trkpt>
      <trkpt lat="43.971180" lon="5.173550">
        <ele>494.4</ele>
        <time>2020-06-01T15:47:51.000Z</time>
      </trkpt>
      <trkpt lat="43.971320" lon="5.173410">
        <ele>485.3</ele>
        <time>2020-06-01T15:47:59.000Z</time>
      </trkpt>
      <trkpt lat="43.971400" lon="5.173410">
        <ele>483.7</ele>
        <time>2020-06-01T15:48:03.000Z</time>
      </trkpt>
      <trkpt lat="43.971590" lon="5.173460">
        <ele>481.9</ele>
        <time>2020-06-01T15:48:13.000Z</time>
      </trkpt>
      <trkpt lat="43.971710" lon="5.173580">
        <ele>488.0</ele>
        <time>2020-06-01T15:48:20.000Z</time>
      </trkpt>
      <trkpt lat="43.971880" lon="5.173650">
        <ele>492.9</ele>
        <time>2020-06-01T15:48:29.000Z</time>
      </trkpt>
      <trkpt lat="43.972010" lon="5.173630">
        <ele>492.5</ele>
        <time>2020-06-01T15:48:36.000Z</time>
      </trkpt>
      <trkpt lat="43.972190" lon="5.173670">
        <ele>496.9</ele>
        <time>2020-06-01T15:48:45.000Z</time>
      </trkpt>
      <trkpt lat="43.972370" lon="5.173640">
        <ele>496.0</ele>
        <time>2020-06-01T15:48:54.000Z</time>
      </trkpt>
      <trkpt lat="43.972490" lon="5.173550">
        <ele>491.4</ele>
        <time>2020-06-01T15:49:01.000Z</time>
      </trkpt>
      <trkpt lat="43.972540" lon="5.173580">
        <ele>493.4</ele>
        <time>2020-06-01T15:49:04.000Z</time>
      </trkpt>
      <trkpt lat="43.972790" lon="5.173170">
        <ele>470.3</ele>
        <time>2020-06-01T15:49:23.000Z</time>
      </trkpt>
      <trkpt lat="43.972800" lon="5.173060">
        <ele>466.2</ele>
        <time>2020-06-01T15:49:27.000Z</time>
      </trkpt>
      <trkpt lat="43.972890" lon="5.172920">
        <ele>460.0</ele>
        <time>2020-06-01T15:49:34.000Z</time>
      </trkpt>
      <trkpt lat="43.972960" lon="5.172870">
        <ele>457.4</ele>
        <time>2020-06-01T15:49:38.000Z</time>
      </trkpt>
      <trkpt lat="43.973230" lon="5.172810">
        <ele>452.7</ele>
        <time>2020-06-01T15:49:51.000Z</time>
      </trkpt>
      <trkpt lat="43.973490" lon="5.172620">
        <ele>442.3</ele>
        <time>2020-06-01T15:50:06.000Z</time>
      </trkpt>
      <trkpt lat="43.973550" lon="5.172570">
        <ele>439.6</ele>
        <time>2020-06-01T15:50:10.000Z</time>
      </trkpt>
      <trkpt lat="43.973620" lon="5.172480">
        <ele>437.2</ele>
        <time>2020-06-01T15:50:14.000Z</time>
      </trkpt>
      <trkpt lat="43.973810" lon="5.172380">
        <ele>437.9</ele>
        <time>2020-06-01T15:50:24.000Z</time>
      </trkpt>
      <trkpt lat="43.973900" lon="5.172390">
        <ele>436.7</ele>
        <time>2020-06-01T15:50:29.000Z</time>
      </trkpt>
      <trkpt lat="43.974130" lon="5.172490">
        <ele>430.9</ele>
        <time>2020-06-01T15:50:41.000Z</time>
      </trkpt>
      <trkpt lat="43.974280" lon="5.172590">
        <ele>431.0</ele>
        <time>2020-06-01T15:50:49.000Z</time>
      </trkpt>
      <trkpt lat="43.974800" lon="5.172840">
        <ele>428.8</ele>
        <time>2020-06-01T15:51:17.000Z</time>
      </trkpt>
      <trkpt lat="43.974960" lon="5.172840">
        <ele>426.7</ele>
        <time>2020-06-01T15:51:25.000Z</time>
      </trkpt>
      <trkpt lat="43.975120" lon="5.172880">
        <ele>424.3</ele>
        <time>2020-06-01T15:51:33.000Z</time>
      </trkpt>
      <trkpt lat="43.975520" lon="5.173010">
        <ele>418.1</ele>
        <time>2020-06-01T15:51:54.000Z</time>
      </trkpt>
      <trkpt lat="43.975720" lon="5.173150">
        <ele>415.3</ele>
        <time>2020-06-01T15:52:05.000Z</time>
      </trkpt>
      <trkpt lat="43.975920" lon="5.173380">
        <ele>418.0</ele>
        <time>2020-06-01T15:52:18.000Z</time>
      </trkpt>
      <trkpt lat="43.976040" lon="5.173340">
        <ele>420.3</ele>
        <time>2020-06-01T15:52:24.000Z</time>
      </trkpt>
      <trkpt lat="43.976100" lon="5.173360">
        <ele>422.9</ele>
        <time>2020-06-01T15:52:27.000Z</time>
      </trkpt>
      <trkpt lat="43.976450" lon="5.173630">
        <ele>440.8</ele>
        <time>2020-06-01T15:52:47.000Z</time>
      </trkpt>
      <trkpt lat="43.976490" lon="5.173630">
        <ele>441.9</ele>
        <time>2020-06-01T15:52:49.000Z</time>
      </trkpt>
      <trkpt lat="43.976660" lon="5.173560">
        <ele>444.7</ele>
        <time>2020-06-01T15:52:58.000Z</time>
      </trkpt>
      <trkpt lat="43.976800" lon="5.173460">
        <ele>445.1</ele>
        <time>2020-06-01T15:53:06.000Z</time>
      </trkpt>
      <trkpt lat="43.976970" lon="5.173380">
        <ele>446.7</ele>
        <time>2020-06-01T15:53:15.000Z</time>
      </trkpt>
      <trkpt lat="43.976970" lon="5.173380">
        <ele>446.7</ele>
        <time>2020-06-01T15:53:15.000Z</time>
      </trkpt>
      <trkpt lat="43.977080" lon="5.173240">
        <ele>444.2</ele>
        <time>2020-06-01T15:53:22.000Z</time>
      </trkpt>
      <trkpt lat="43.977150" lon="5.173120">
        <ele>441.2</ele>
        <time>2020-06-01T15:53:28.000Z</time>
      </trkpt>
      <trkpt lat="43.977200" lon="5.173010">
        <ele>438.0</ele>
        <time>2020-06-01T15:53:33.000Z</time>
      </trkpt>
      <trkpt lat="43.977190" lon="5.172910">
        <ele>433.9</ele>
        <time>2020-06-01T15:53:36.000Z</time>
      </trkpt>
      <trkpt lat="43.977130" lon="5.172810">
        <ele>429.3</ele>
        <time>2020-06-01T15:53:41.000Z</time>
      </trkpt>
      <trkpt lat="43.977070" lon="5.172620">
        <ele>422.1</ele>
        <time>2020-06-01T15:53:48.000Z</time>
      </trkpt>
      <trkpt lat="43.977100" lon="5.172450">
        <ele>416.0</ele>
        <time>2020-06-01T15:53:55.000Z</time>
      </trkpt>
      <trkpt lat="43.977140" lon="5.172340">
        <ele>411.5</ele>
        <time>2020-06-01T15:53:59.000Z</time>
      </trkpt>
      <trkpt lat="43.977220" lon="5.172250">
        <ele>407.8</ele>
        <time>2020-06-01T15:54:04.000Z</time>
      </trkpt>
      <trkpt lat="43.977220" lon="5.172250">
        <ele>407.8</ele>
        <time>2020-06-01T15:54:04.000Z</time>
      </trkpt>
      <trkpt lat="43.977270" lon="5.172130">
        <ele>402.8</ele>
        <time>2020-06-01T15:54:09.000Z</time>
      </trkpt>
      <trkpt lat="43.977600" lon="5.171960">
        <ele>392.0</ele>
        <time>2020-06-01T15:54:27.000Z</time>
      </trkpt>
      <trkpt lat="43.977670" lon="5.171950">
        <ele>389.7</ele>
        <time>2020-06-01T15:54:30.000Z</time>
      </trkpt>
      <trkpt lat="43.977770" lon="5.172000">
        <ele>389.7</ele>
        <time>2020-06-01T15:54:36.000Z</time>
      </trkpt>
      <trkpt lat="43.977990" lon="5.171840">
        <ele>377.9</ele>
        <time>2020-06-01T15:54:48.000Z</time>
      </trkpt>
      <trkpt lat="43.978050" lon="5.171840">
        <ele>376.6</ele>
        <time>2020-06-01T15:54:51.000Z</time>
      </trkpt>
      <trkpt lat="43.978120" lon="5.171890">
        <ele>377.1</ele>
        <time>2020-06-01T15:54:55.000Z</time>
      </trkpt>
      <trkpt lat="43.978220" lon="5.171880">
        <ele>374.3</ele>
        <time>2020-06-01T15:55:00.000Z</time>
      </trkpt>
      <trkpt lat="43.978280" lon="5.171960">
        <ele>375.9</ele>
        <time>2020-06-01T15:55:04.000Z</time>
      </trkpt>
      <trkpt lat="43.978410" lon="5.171990">
        <ele>370.9</ele>
        <time>2020-06-01T15:55:11.000Z</time>
      </trkpt>
      <trkpt lat="43.978510" lon="5.171980">
        <ele>364.7</ele>
        <time>2020-06-01T15:55:16.000Z</time>
      </trkpt>
      <trkpt lat="43.978730" lon="5.171840">
        <ele>347.6</ele>
        <time>2020-06-01T15:55:28.000Z</time>
      </trkpt>
      <trkpt lat="43.978850" lon="5.171890">
        <ele>341.9</ele>
        <time>2020-06-01T15:55:34.000Z</time>
      </trkpt>
      <trkpt lat="43.979380" lon="5.172330">
        <ele>324.6</ele>
        <time>2020-06-01T15:56:05.000Z</time>
      </trkpt>
      <trkpt lat="43.979530" lon="5.172480">
        <ele>321.8</ele>
        <time>2020-06-01T15:56:14.000Z</time>
      </trkpt>
      <trkpt lat="43.979720" lon="5.172790">
        <ele>322.0</ele>
        <time>2020-06-01T15:56:29.000Z</time>
      </trkpt>
      <trkpt lat="43.979780" lon="5.172830">
        <ele>320.5</ele>
        <time>2020-06-01T15:56:32.000Z</time>
      </trkpt>
      <trkpt lat="43.979810" lon="5.172960">
        <ele>321.7</ele>
        <time>2020-06-01T15:56:37.000Z</time>
      </trkpt>
      <trkpt lat="43.979890" lon="5.173160">
        <ele>321.4</ele>
        <time>2020-06-01T15:56:46.000Z</time>
      </trkpt>
      <trkpt lat="43.980070" lon="5.173530">
        <ele>322.4</ele>
        <time>2020-06-01T15:57:02.000Z</time>
      </trkpt>
      <trkpt lat="43.980200" lon="5.173670">
        <ele>323.4</ele>
        <time>2020-06-01T15:57:10.000Z</time>
      </trkpt>
      <trkpt lat="43.980300" lon="5.173850">
        <ele>325.0</ele>
        <time>2020-06-01T15:57:18.000Z</time>
      </trkpt>
      <trkpt lat="43.980360" lon="5.174080">
        <ele>328.1</ele>
        <time>2020-06-01T15:57:27.000Z</time>
      </trkpt>
      <trkpt lat="43.980410" lon="5.174190">
        <ele>329.0</ele>
        <time>2020-06-01T15:57:32.000Z</time>
      </trkpt>
      <trkpt lat="43.980530" lon="5.174360">
        <ele>330.4</ele>
        <time>2020-06-01T15:57:40.000Z</time>
      </trkpt>
      <trkpt lat="43.980640" lon="5.174440">
        <ele>329.4</ele>
        <time>2020-06-01T15:57:46.000Z</time>
      </trkpt>
      <trkpt lat="43.980770" lon="5.174640">
        <ele>330.2</ele>
        <time>2020-06-01T15:57:56.000Z</time>
      </trkpt>
      <trkpt lat="43.980910" lon="5.174730">
        <ele>328.9</ele>
        <time>2020-06-01T15:58:04.000Z</time>
      </trkpt>
      <trkpt lat="43.981070" lon="5.174800">
        <ele>326.7</ele>
        <time>2020-06-01T15:58:12.000Z</time>
      </trkpt>
      <trkpt lat="43.981260" lon="5.174940">
        <ele>324.4</ele>
        <time>2020-06-01T15:58:23.000Z</time>
      </trkpt>
      <trkpt lat="43.981520" lon="5.174990">
        <ele>318.6</ele>
        <time>2020-06-01T15:58:36.000Z</time>
      </trkpt>
      <trkpt lat="43.981680" lon="5.174950">
        <ele>314.8</ele>
        <time>2020-06-01T15:58:44.000Z</time>
      </trkpt>
      <trkpt lat="43.981780" lon="5.174960">
        <ele>315.2</ele>
        <time>2020-06-01T15:58:49.000Z</time>
      </trkpt>
      <trkpt lat="43.981920" lon="5.175010">
        <ele>315.9</ele>
        <time>2020-06-01T15:58:56.000Z</time>
      </trkpt>
      <trkpt lat="43.982010" lon="5.175080">
        <ele>316.8</ele>
        <time>2020-06-01T15:59:02.000Z</time>
      </trkpt>
      <trkpt lat="43.982240" lon="5.175390">
        <ele>319.5</ele>
        <time>2020-06-01T15:59:18.000Z</time>
      </trkpt>
      <trkpt lat="43.982370" lon="5.175670">
        <ele>321.2</ele>
        <time>2020-06-01T15:59:30.000Z</time>
      </trkpt>
      <trkpt lat="43.982390" lon="5.175740">
        <ele>321.6</ele>
        <time>2020-06-01T15:59:32.000Z</time>
      </trkpt>
      <trkpt lat="43.982370" lon="5.175810">
        <ele>322.0</ele>
        <time>2020-06-01T15:59:35.000Z</time>
      </trkpt>
      <trkpt lat="43.982370" lon="5.175890">
        <ele>322.8</ele>
        <time>2020-06-01T15:59:38.000Z</time>
      </trkpt>
      <trkpt lat="43.982420" lon="5.176030">
        <ele>324.4</ele>
        <time>2020-06-01T15:59:44.000Z</time>
      </trkpt>
      <trkpt lat="43.982480" lon="5.176110">
        <ele>325.3</ele>
        <time>2020-06-01T15:59:48.000Z</time>
      </trkpt>
      <trkpt lat="43.982320" lon="5.176370">
        <ele>328.6</ele>
        <time>2020-06-01T16:00:00.000Z</time>
      </trkpt>
      <trkpt lat="43.982110" lon="5.176990">
        <ele>339.6</ele>
        <time>2020-06-01T16:00:25.000Z</time>
      </trkpt>
      <trkpt lat="43.982110" lon="5.176990">
        <ele>339.6</ele>
        <time>2020-06-01T16:00:25.000Z</time>
      </trkpt>
      <trkpt lat="43.981940" lon="5.177320">
        <ele>347.8</ele>
        <time>2020-06-01T16:00:39.000Z</time>
      </trkpt>
      <trkpt lat="43.981800" lon="5.177430">
        <ele>350.7</ele>
        <time>2020-06-01T16:00:47.000Z</time>
      </trkpt>
      <trkpt lat="43.981660" lon="5.177490">
        <ele>352.6</ele>
        <time>2020-06-01T16:00:55.000Z</time>
      </trkpt>
      <trkpt lat="43.981530" lon="5.177610">
        <ele>352.4</ele>
        <time>2020-06-01T16:01:03.000Z</time>
      </trkpt>
      <trkpt lat="43.981420" lon="5.177820">
        <ele>353.6</ele>
        <time>2020-06-01T16:01:12.000Z</time>
      </trkpt>
      <trkpt lat="43.981390" lon="5.178050">
        <ele>356.2</ele>
        <time>2020-06-01T16:01:20.000Z</time>
      </trkpt>
      <trkpt lat="43.981400" lon="5.178250">
        <ele>359.0</ele>
        <time>2020-06-01T16:01:27.000Z</time>
      </trkpt>
      <trkpt lat="43.981440" lon="5.178440">
        <ele>360.5</ele>
        <time>2020-06-01T16:01:35.000Z</time>
      </trkpt>
      <trkpt lat="43.981390" lon="5.178660">
        <ele>359.4</ele>
        <time>2020-06-01T16:01:43.000Z</time>
      </trkpt>
      <trkpt lat="43.981390" lon="5.178660">
        <ele>359.4</ele>
        <time>2020-06-01T16:01:43.000Z</time>
      </trkpt>
      <trkpt lat="43.981330" lon="5.178830">
        <ele>358.6</ele>
        <time>2020-06-01T16:01:50.000Z</time>
      </trkpt>
      <trkpt lat="43.981340" lon="5.179060">
        <ele>358.4</ele>
        <time>2020-06-01T16:01:58.000Z</time>
      </trkpt>
      <trkpt lat="43.981410" lon="5.179190">
        <ele>358.7</ele>
        <time>2020-06-01T16:02:04.000Z</time>
      </trkpt>
      <trkpt lat="43.981540" lon="5.179220">
        <ele>359.7</ele>
        <time>2020-06-01T16:02:10.000Z</time>
      </trkpt>
      <trkpt lat="43.981670" lon="5.179210">
        <ele>359.6</ele>
        <time>2020-06-01T16:02:17.000Z</time>
      </trkpt>
      <trkpt lat="43.982030" lon="5.178940">
        <ele>361.4</ele>
        <time>2020-06-01T16:02:37.000Z</time>
      </trkpt>
      <trkpt lat="43.982210" lon="5.178860">
        <ele>362.0</ele>
        <time>2020-06-01T16:02:47.000Z</time>
      </trkpt>
      <trkpt lat="43.982410" lon="5.178820">
        <ele>362.4</ele>
        <time>2020-06-01T16:02:57.000Z</time>
      </trkpt>
      <trkpt lat="43.982530" lon="5.178860">
        <ele>362.5</ele>
        <time>2020-06-01T16:03:03.000Z</time>
      </trkpt>
      <trkpt lat="43.982580" lon="5.178930">
        <ele>362.4</ele>
        <time>2020-06-01T16:03:07.000Z</time>
      </trkpt>
      <trkpt lat="43.982620" lon="5.179190">
        <ele>363.0</ele>
        <time>2020-06-01T16:03:16.000Z</time>
      </trkpt>
      <trkpt lat="43.982630" lon="5.179510">
        <ele>363.3</ele>
        <time>2020-06-01T16:03:28.000Z</time>
      </trkpt>
      <trkpt lat="43.982680" lon="5.179790">
        <ele>363.4</ele>
        <time>2020-06-01T16:03:38.000Z</time>
      </trkpt>
      <trkpt lat="43.982770" lon="5.180020">
        <ele>363.5</ele>
        <time>2020-06-01T16:03:48.000Z</time>
      </trkpt>
      <trkpt lat="43.982850" lon="5.180180">
        <ele>364.8</ele>
        <time>2020-06-01T16:03:55.000Z</time>
      </trkpt>
      <trkpt lat="43.982970" lon="5.180310">
        <ele>365.6</ele>
        <time>2020-06-01T16:04:02.000Z</time>
      </trkpt>
      <trkpt lat="43.983080" lon="5.180390">
        <ele>366.0</ele>
        <time>2020-06-01T16:04:09.000Z</time>
      </trkpt>
      <trkpt lat="43.983280" lon="5.180430">
        <ele>365.3</ele>
        <time>2020-06-01T16:04:19.000Z</time>
      </trkpt>
      <trkpt lat="43.983320" lon="5.180470">
        <ele>365.4</ele>
        <time>2020-06-01T16:04:21.000Z</time>
      </trkpt>
      <trkpt lat="43.983500" lon="5.180470">
        <ele>365.6</ele>
        <time>2020-06-01T16:04:30.000Z</time>
      </trkpt>
      <trkpt lat="43.983590" lon="5.180520">
        <ele>366.1</ele>
        <time>2020-06-01T16:04:35.000Z</time>
      </trkpt>
      <trkpt lat="43.983740" lon="5.180690">
        <ele>367.8</ele>
        <time>2020-06-01T16:04:45.000Z</time>
      </trkpt>
      <trkpt lat="43.983720" lon="5.180770">
        <ele>368.4</ele>
        <time>2020-06-01T16:04:48.000Z</time>
      </trkpt>
      <trkpt lat="43.983690" lon="5.180790">
        <ele>368.4</ele>
        <time>2020-06-01T16:04:49.000Z</time>
      </trkpt>
      <trkpt lat="43.983600" lon="5.180710">
        <ele>367.6</ele>
        <time>2020-06-01T16:04:55.000Z</time>
      </trkpt>
      <trkpt lat="43.983500" lon="5.180790">
        <ele>368.0</ele>
        <time>2020-06-01T16:05:00.000Z</time>
      </trkpt>
      <trkpt lat="43.983080" lon="5.180880">
        <ele>370.3</ele>
        <time>2020-06-01T16:05:22.000Z</time>
      </trkpt>
      <trkpt lat="43.982950" lon="5.180940">
        <ele>372.0</ele>
        <time>2020-06-01T16:05:29.000Z</time>
      </trkpt>
      <trkpt lat="43.982810" lon="5.181030">
        <ele>374.2</ele>
        <time>2020-06-01T16:05:36.000Z</time>
      </trkpt>
      <trkpt lat="43.982530" lon="5.181160">
        <ele>378.0</ele>
        <time>2020-06-01T16:05:51.000Z</time>
      </trkpt>
      <trkpt lat="43.982330" lon="5.181200">
        <ele>385.8</ele>
        <time>2020-06-01T16:06:01.000Z</time>
      </trkpt>
      <trkpt lat="43.982170" lon="5.181200">
        <ele>392.5</ele>
        <time>2020-06-01T16:06:09.000Z</time>
      </trkpt>
      <trkpt lat="43.982150" lon="5.181420">
        <ele>398.6</ele>
        <time>2020-06-01T16:06:17.000Z</time>
      </trkpt>
      <trkpt lat="43.982180" lon="5.181490">
        <ele>398.7</ele>
        <time>2020-06-01T16:06:20.000Z</time>
      </trkpt>
      <trkpt lat="43.982420" lon="5.181660">
        <ele>389.2</ele>
        <time>2020-06-01T16:06:34.000Z</time>
      </trkpt>
      <trkpt lat="43.982490" lon="5.181740">
        <ele>386.2</ele>
        <time>2020-06-01T16:06:38.000Z</time>
      </trkpt>
      <trkpt lat="43.982520" lon="5.181800">
        <ele>386.1</ele>
        <time>2020-06-01T16:06:41.000Z</time>
      </trkpt>
      <trkpt lat="43.982490" lon="5.181920">
        <ele>388.0</ele>
        <time>2020-06-01T16:06:45.000Z</time>
      </trkpt>
      <trkpt lat="43.982430" lon="5.181940">
        <ele>392.0</ele>
        <time>2020-06-01T16:06:48.000Z</time>
      </trkpt>
      <trkpt lat="43.982380" lon="5.182010">
        <ele>396.1</ele>
        <time>2020-06-01T16:06:52.000Z</time>
      </trkpt>
      <trkpt lat="43.982230" lon="5.182090">
        <ele>407.2</ele>
        <time>2020-06-01T16:07:00.000Z</time>
      </trkpt>
      <trkpt lat="43.982030" lon="5.182060">
        <ele>419.9</ele>
        <time>2020-06-01T16:07:10.000Z</time>
      </trkpt>
      <trkpt lat="43.981450" lon="5.181760">
        <ele>442.9</ele>
        <time>2020-06-01T16:07:41.000Z</time>
      </trkpt>
      <trkpt lat="43.981410" lon="5.181760">
        <ele>444.5</ele>
        <time>2020-06-01T16:07:43.000Z</time>
      </trkpt>
      <trkpt lat="43.981260" lon="5.181840">
        <ele>452.8</ele>
        <time>2020-06-01T16:07:51.000Z</time>
      </trkpt>
      <trkpt lat="43.981260" lon="5.181840">
        <ele>452.8</ele>
        <time>2020-06-01T16:07:51.000Z</time>
      </trkpt>
      <trkpt lat="43.981160" lon="5.181850">
        <ele>457.0</ele>
        <time>2020-06-01T16:07:56.000Z</time>
      </trkpt>
      <trkpt lat="43.981120" lon="5.181890">
        <ele>459.9</ele>
        <time>2020-06-01T16:07:59.000Z</time>
      </trkpt>
      <trkpt lat="43.981100" lon="5.181960">
        <ele>462.9</ele>
        <time>2020-06-01T16:08:01.000Z</time>
      </trkpt>
      <trkpt lat="43.981180" lon="5.182380">
        <ele>473.9</ele>
        <time>2020-06-01T16:08:17.000Z</time>
      </trkpt>
      <trkpt lat="43.981190" lon="5.182520">
        <ele>478.2</ele>
        <time>2020-06-01T16:08:22.000Z</time>
      </trkpt>
      <trkpt lat="43.981180" lon="5.182650">
        <ele>480.7</ele>
        <time>2020-06-01T16:08:27.000Z</time>
      </trkpt>
      <trkpt lat="43.981060" lon="5.182880">
        <ele>489.4</ele>
        <time>2020-06-01T16:08:37.000Z</time>
      </trkpt>
      <trkpt lat="43.981050" lon="5.182950">
        <ele>490.9</ele>
        <time>2020-06-01T16:08:40.000Z</time>
      </trkpt>
      <trkpt lat="43.981050" lon="5.183070">
        <ele>492.8</ele>
        <time>2020-06-01T16:08:44.000Z</time>
      </trkpt>
      <trkpt lat="43.981090" lon="5.183280">
        <ele>494.7</ele>
        <time>2020-06-01T16:08:52.000Z</time>
      </trkpt>
      <trkpt lat="43.981050" lon="5.183440">
        <ele>497.6</ele>
        <time>2020-06-01T16:08:58.000Z</time>
      </trkpt>
      <trkpt lat="43.981030" lon="5.183560">
        <ele>499.0</ele>
        <time>2020-06-01T16:09:02.000Z</time>
      </trkpt>
      <trkpt lat="43.981030" lon="5.183560">
        <ele>499.0</ele>
        <time>2020-06-01T16:09:02.000Z</time>
      </trkpt>
      <trkpt lat="43.981080" lon="5.183660">
        <ele>497.5</ele>
        <time>2020-06-01T16:09:07.000Z</time>
      </trkpt>
      <trkpt lat="43.981080" lon="5.183770">
        <ele>498.0</ele>
        <time>2020-06-01T16:09:11.000Z</time>
      </trkpt>
      <trkpt lat="43.980940" lon="5.184190">
        <ele>505.6</ele>
        <time>2020-06-01T16:09:27.000Z</time>
      </trkpt>
      <trkpt lat="43.980720" lon="5.184410">
        <ele>511.4</ele>
        <time>2020-06-01T16:09:41.000Z</time>
      </trkpt>
      <trkpt lat="43.980630" lon="5.184560">
        <ele>512.9</ele>
        <time>2020-06-01T16:09:48.000Z</time>
      </trkpt>
      <trkpt lat="43.980530" lon="5.184680">
        <ele>515.1</ele>
        <time>2020-06-01T16:09:54.000Z</time>
      </trkpt>
      <trkpt lat="43.980380" lon="5.184780">
        <ele>518.7</ele>
        <time>2020-06-01T16:10:03.000Z</time>
      </trkpt>
      <trkpt lat="43.980280" lon="5.184930">
        <ele>521.3</ele>
        <time>2020-06-01T16:10:10.000Z</time>
      </trkpt>
      <trkpt lat="43.979740" lon="5.185330">
        <ele>529.7</ele>
        <time>2020-06-01T16:10:41.000Z</time>
      </trkpt>
      <trkpt lat="43.979710" lon="5.185420">
        <ele>529.8</ele>
        <time>2020-06-01T16:10:44.000Z</time>
      </trkpt>
      <trkpt lat="43.979590" lon="5.185640">
        <ele>530.6</ele>
        <time>2020-06-01T16:10:54.000Z</time>
      </trkpt>
      <trkpt lat="43.979520" lon="5.185830">
        <ele>531.2</ele>
        <time>2020-06-01T16:11:02.000Z</time>
      </trkpt>
      <trkpt lat="43.979450" lon="5.185950">
        <ele>531.1</ele>
        <time>2020-06-01T16:11:08.000Z</time>
      </trkpt>
      <trkpt lat="43.978910" lon="5.186740">
        <ele>531.2</ele>
        <time>2020-06-01T16:11:47.000Z</time>
      </trkpt>
      <trkpt lat="43.978840" lon="5.186770">
        <ele>531.1</ele>
        <time>2020-06-01T16:11:50.000Z</time>
      </trkpt>
      <trkpt lat="43.978650" lon="5.187000">
        <ele>530.1</ele>
        <time>2020-06-01T16:12:03.000Z</time>
      </trkpt>
      <trkpt lat="43.978480" lon="5.187130">
        <ele>530.5</ele>
        <time>2020-06-01T16:12:13.000Z</time>
      </trkpt>
      <trkpt lat="43.978320" lon="5.187220">
        <ele>531.4</ele>
        <time>2020-06-01T16:12:21.000Z</time>
      </trkpt>
      <trkpt lat="43.978090" lon="5.187440">
        <ele>531.9</ele>
        <time>2020-06-01T16:12:35.000Z</time>
      </trkpt>
      <trkpt lat="43.977900" lon="5.187720">
        <ele>532.7</ele>
        <time>2020-06-01T16:12:49.000Z</time>
      </trkpt>
      <trkpt lat="43.977830" lon="5.187900">
        <ele>533.1</ele>
        <time>2020-06-01T16:12:57.000Z</time>
      </trkpt>
      <trkpt lat="43.977790" lon="5.187990">
        <ele>533.5</ele>
        <time>2020-06-01T16:13:00.000Z</time>
      </trkpt>
      <trkpt lat="43.977660" lon="5.188270">
        <ele>534.9</ele>
        <time>2020-06-01T16:13:12.000Z</time>
      </trkpt>
      <trkpt lat="43.977620" lon="5.188420">
        <ele>535.7</ele>
        <time>2020-06-01T16:13:18.000Z</time>
      </trkpt>
      <trkpt lat="43.977590" lon="5.188720">
        <ele>537.1</ele>
        <time>2020-06-01T16:13:29.000Z</time>
      </trkpt>
      <trkpt lat="43.977590" lon="5.188730">
        <ele>537.1</ele>
        <time>2020-06-01T16:13:29.000Z</time>
      </trkpt>
      <trkpt lat="43.977986" lon="5.188891">
        <ele>531.8</ele>
        <time>2020-06-01T16:15:30.122Z</time>
      </trkpt>
      <trkpt lat="43.978234" lon="5.189006">
        <ele>528.3</ele>
        <time>2020-06-01T16:15:46.116Z</time>
      </trkpt>
      <trkpt lat="43.978762" lon="5.189085">
        <ele>522.5</ele>
        <time>2020-06-01T16:16:18.589Z</time>
      </trkpt>
      <trkpt lat="43.979061" lon="5.189465">
        <ele>521.8</ele>
        <time>2020-06-01T16:16:43.366Z</time>
      </trkpt>
      <trkpt lat="43.979258" lon="5.190411">
        <ele>523.3</ele>
        <time>2020-06-01T16:17:26.702Z</time>
      </trkpt>
      <trkpt lat="43.979646" lon="5.190933">
        <ele>514.1</ele>
        <time>2020-06-01T16:17:59.710Z</time>
      </trkpt>
      <trkpt lat="43.980046" lon="5.191384">
        <ele>498.4</ele>
        <time>2020-06-01T16:18:31.237Z</time>
      </trkpt>
      <trkpt lat="43.979976" lon="5.192259">
        <ele>490.3</ele>
        <time>2020-06-01T16:19:09.983Z</time>
      </trkpt>
      <trkpt lat="43.979881" lon="5.192692">
        <ele>490.7</ele>
        <time>2020-06-01T16:19:29.918Z</time>
      </trkpt>
      <trkpt lat="43.979480" lon="5.192860">
        <ele>498.1</ele>
        <time>2020-06-01T16:19:55.512Z</time>
      </trkpt>
      <trkpt lat="43.979792" lon="5.193240">
        <ele>493.8</ele>
        <time>2020-06-01T16:20:20.869Z</time>
      </trkpt>
      <trkpt lat="43.980129" lon="5.193425">
        <ele>496.4</ele>
        <time>2020-06-01T16:20:43.043Z</time>
      </trkpt>
      <trkpt lat="43.980568" lon="5.193434">
        <ele>506.1</ele>
        <time>2020-06-01T16:21:09.889Z</time>
      </trkpt>
      <trkpt lat="43.980663" lon="5.193920">
        <ele>512.5</ele>
        <time>2020-06-01T16:21:32.064Z</time>
      </trkpt>
      <trkpt lat="43.980924" lon="5.194513">
        <ele>522.0</ele>
        <time>2020-06-01T16:22:02.622Z</time>
      </trkpt>
      <trkpt lat="43.980943" lon="5.194999">
        <ele>523.8</ele>
        <time>2020-06-01T16:22:24.049Z</time>
      </trkpt>
      <trkpt lat="43.981077" lon="5.195397">
        <ele>528.9</ele>
        <time>2020-06-01T16:22:43.368Z</time>
      </trkpt>
      <trkpt lat="43.981172" lon="5.195936">
        <ele>533.4</ele>
        <time>2020-06-01T16:23:07.800Z</time>
      </trkpt>
      <trkpt lat="43.981261" lon="5.196943">
        <ele>538.6</ele>
        <time>2020-06-01T16:23:52.479Z</time>
      </trkpt>
      <trkpt lat="43.981541" lon="5.196749">
        <ele>540.5</ele>
        <time>2020-06-01T16:24:11.611Z</time>
      </trkpt>
      <trkpt lat="43.981465" lon="5.197156">
        <ele>539.8</ele>
        <time>2020-06-01T16:24:30.106Z</time>
      </trkpt>
      <trkpt lat="43.981369" lon="5.197394">
        <ele>539.9</ele>
        <time>2020-06-01T16:24:42.119Z</time>
      </trkpt>
      <trkpt lat="43.981147" lon="5.197810">
        <ele>542.6</ele>
        <time>2020-06-01T16:25:04.915Z</time>
      </trkpt>
      <trkpt lat="43.981319" lon="5.197925">
        <ele>541.9</ele>
        <time>2020-06-01T16:25:16.579Z</time>
      </trkpt>
      <trkpt lat="43.981643" lon="5.197739">
        <ele>539.1</ele>
        <time>2020-06-01T16:25:38.032Z</time>
      </trkpt>
      <trkpt lat="43.982082" lon="5.197536">
        <ele>527.4</ele>
        <time>2020-06-01T16:26:06.325Z</time>
      </trkpt>
      <trkpt lat="43.982432" lon="5.196625">
        <ele>536.2</ele>
        <time>2020-06-01T16:26:51.744Z</time>
      </trkpt>
      <trkpt lat="43.982712" lon="5.196325">
        <ele>537.2</ele>
        <time>2020-06-01T16:27:13.373Z</time>
      </trkpt>
      <trkpt lat="43.982839" lon="5.197368">
        <ele>516.4</ele>
        <time>2020-06-01T16:27:59.925Z</time>
      </trkpt>
      <trkpt lat="43.982979" lon="5.198446">
        <ele>497.5</ele>
        <time>2020-06-01T16:28:48.147Z</time>
      </trkpt>
      <trkpt lat="43.983201" lon="5.198190">
        <ele>497.3</ele>
        <time>2020-06-01T16:29:05.836Z</time>
      </trkpt>
      <trkpt lat="43.983277" lon="5.197783">
        <ele>504.7</ele>
        <time>2020-06-01T16:29:24.328Z</time>
      </trkpt>
      <trkpt lat="43.983526" lon="5.197810">
        <ele>500.8</ele>
        <time>2020-06-01T16:29:39.546Z</time>
      </trkpt>
      <trkpt lat="43.984041" lon="5.198649">
        <ele>483.0</ele>
        <time>2020-06-01T16:30:28.106Z</time>
      </trkpt>
      <trkpt lat="43.984416" lon="5.198994">
        <ele>479.0</ele>
        <time>2020-06-01T16:30:55.623Z</time>
      </trkpt>
      <trkpt lat="43.984022" lon="5.199242">
        <ele>477.3</ele>
        <time>2020-06-01T16:31:22.090Z</time>
      </trkpt>
      <trkpt lat="43.983723" lon="5.199586">
        <ele>481.9</ele>
        <time>2020-06-01T16:31:45.840Z</time>
      </trkpt>
      <trkpt lat="43.983767" lon="5.200108">
        <ele>487.8</ele>
        <time>2020-06-01T16:32:08.950Z</time>
      </trkpt>
      <trkpt lat="43.983252" lon="5.200771">
        <ele>501.5</ele>
        <time>2020-06-01T16:32:51.890Z</time>
      </trkpt>
      <trkpt lat="43.982661" lon="5.200815">
        <ele>493.5</ele>
        <time>2020-06-01T16:33:28.113Z</time>
      </trkpt>
      <trkpt lat="43.982069" lon="5.201054">
        <ele>497.0</ele>
        <time>2020-06-01T16:34:05.778Z</time>
      </trkpt>
      <trkpt lat="43.981720" lon="5.202280">
        <ele>515.2</ele>
        <time>2020-06-01T16:36:07.000Z</time>
      </trkpt>
      <trkpt lat="43.981710" lon="5.202380">
        <ele>517.0</ele>
        <time>2020-06-01T16:36:10.000Z</time>
      </trkpt>
      <trkpt lat="43.981780" lon="5.202590">
        <ele>521.5</ele>
        <time>2020-06-01T16:36:19.000Z</time>
      </trkpt>
      <trkpt lat="43.981960" lon="5.202920">
        <ele>527.4</ele>
        <time>2020-06-01T16:36:33.000Z</time>
      </trkpt>
      <trkpt lat="43.981980" lon="5.203070">
        <ele>529.2</ele>
        <time>2020-06-01T16:36:39.000Z</time>
      </trkpt>
      <trkpt lat="43.981980" lon="5.203180">
        <ele>530.3</ele>
        <time>2020-06-01T16:36:43.000Z</time>
      </trkpt>
      <trkpt lat="43.981910" lon="5.203380">
        <ele>530.7</ele>
        <time>2020-06-01T16:36:51.000Z</time>
      </trkpt>
      <trkpt lat="43.981770" lon="5.203550">
        <ele>529.8</ele>
        <time>2020-06-01T16:37:00.000Z</time>
      </trkpt>
      <trkpt lat="43.981630" lon="5.203640">
        <ele>528.1</ele>
        <time>2020-06-01T16:37:08.000Z</time>
      </trkpt>
      <trkpt lat="43.981620" lon="5.203720">
        <ele>528.8</ele>
        <time>2020-06-01T16:37:11.000Z</time>
      </trkpt>
      <trkpt lat="43.981550" lon="5.203850">
        <ele>528.6</ele>
        <time>2020-06-01T16:37:17.000Z</time>
      </trkpt>
      <trkpt lat="43.981550" lon="5.203910">
        <ele>529.4</ele>
        <time>2020-06-01T16:37:19.000Z</time>
      </trkpt>
      <trkpt lat="43.981630" lon="5.204240">
        <ele>535.7</ele>
        <time>2020-06-01T16:37:31.000Z</time>
      </trkpt>
      <trkpt lat="43.981630" lon="5.204240">
        <ele>535.7</ele>
        <time>2020-06-01T16:37:31.000Z</time>
      </trkpt>
      <trkpt lat="43.981770" lon="5.204620">
        <ele>542.6</ele>
        <time>2020-06-01T16:37:47.000Z</time>
      </trkpt>
      <trkpt lat="43.981780" lon="5.204750">
        <ele>544.2</ele>
        <time>2020-06-01T16:37:51.000Z</time>
      </trkpt>
      <trkpt lat="43.981750" lon="5.204950">
        <ele>546.2</ele>
        <time>2020-06-01T16:37:59.000Z</time>
      </trkpt>
      <trkpt lat="43.981670" lon="5.205220">
        <ele>548.4</ele>
        <time>2020-06-01T16:38:09.000Z</time>
      </trkpt>
      <trkpt lat="43.981640" lon="5.205470">
        <ele>550.5</ele>
        <time>2020-06-01T16:38:18.000Z</time>
      </trkpt>
      <trkpt lat="43.981660" lon="5.205610">
        <ele>552.5</ele>
        <time>2020-06-01T16:38:24.000Z</time>
      </trkpt>
      <trkpt lat="43.981870" lon="5.206410">
        <ele>559.4</ele>
        <time>2020-06-01T16:38:54.000Z</time>
      </trkpt>
      <trkpt lat="43.981930" lon="5.206590">
        <ele>560.8</ele>
        <time>2020-06-01T16:39:01.000Z</time>
      </trkpt>
      <trkpt lat="43.982150" lon="5.207050">
        <ele>564.6</ele>
        <time>2020-06-01T16:39:21.000Z</time>
      </trkpt>
      <trkpt lat="43.982190" lon="5.207150">
        <ele>565.4</ele>
        <time>2020-06-01T16:39:25.000Z</time>
      </trkpt>
      <trkpt lat="43.982220" lon="5.207270">
        <ele>566.0</ele>
        <time>2020-06-01T16:39:30.000Z</time>
      </trkpt>
      <trkpt lat="43.982160" lon="5.207890">
        <ele>568.5</ele>
        <time>2020-06-01T16:39:53.000Z</time>
      </trkpt>
      <trkpt lat="43.982160" lon="5.207890">
        <ele>568.5</ele>
        <time>2020-06-01T16:39:53.000Z</time>
      </trkpt>
      <trkpt lat="43.982190" lon="5.208290">
        <ele>570.6</ele>
        <time>2020-06-01T16:40:07.000Z</time>
      </trkpt>
      <trkpt lat="43.982250" lon="5.208580">
        <ele>572.1</ele>
        <time>2020-06-01T16:40:18.000Z</time>
      </trkpt>
      <trkpt lat="43.982250" lon="5.208700">
        <ele>572.6</ele>
        <time>2020-06-01T16:40:22.000Z</time>
      </trkpt>
      <trkpt lat="43.982210" lon="5.208910">
        <ele>573.3</ele>
        <time>2020-06-01T16:40:30.000Z</time>
      </trkpt>
      <trkpt lat="43.982190" lon="5.209150">
        <ele>574.2</ele>
        <time>2020-06-01T16:40:39.000Z</time>
      </trkpt>
      <trkpt lat="43.982260" lon="5.209370">
        <ele>575.3</ele>
        <time>2020-06-01T16:40:47.000Z</time>
      </trkpt>
      <trkpt lat="43.982290" lon="5.209940">
        <ele>578.0</ele>
        <time>2020-06-01T16:41:08.000Z</time>
      </trkpt>
      <trkpt lat="43.982290" lon="5.210270">
        <ele>581.0</ele>
        <time>2020-06-01T16:41:20.000Z</time>
      </trkpt>
      <trkpt lat="43.982310" lon="5.210350">
        <ele>581.9</ele>
        <time>2020-06-01T16:41:23.000Z</time>
      </trkpt>
      <trkpt lat="43.982360" lon="5.210450">
        <ele>582.7</ele>
        <time>2020-06-01T16:41:27.000Z</time>
      </trkpt>
      <trkpt lat="43.982330" lon="5.210650">
        <ele>584.9</ele>
        <time>2020-06-01T16:41:35.000Z</time>
      </trkpt>
      <trkpt lat="43.982350" lon="5.210830">
        <ele>586.6</ele>
        <time>2020-06-01T16:41:41.000Z</time>
      </trkpt>
      <trkpt lat="43.982450" lon="5.211880">
        <ele>597.3</ele>
        <time>2020-06-01T16:42:19.000Z</time>
      </trkpt>
      <trkpt lat="43.982470" lon="5.212260">
        <ele>600.8</ele>
        <time>2020-06-01T16:42:33.000Z</time>
      </trkpt>
      <trkpt lat="43.982450" lon="5.212410">
        <ele>602.5</ele>
        <time>2020-06-01T16:42:39.000Z</time>
      </trkpt>
      <trkpt lat="43.982480" lon="5.212570">
        <ele>603.2</ele>
        <time>2020-06-01T16:42:44.000Z</time>
      </trkpt>
      <trkpt lat="43.982480" lon="5.212660">
        <ele>603.3</ele>
        <time>2020-06-01T16:42:48.000Z</time>
      </trkpt>
      <trkpt lat="43.982440" lon="5.212930">
        <ele>603.9</ele>
        <time>2020-06-01T16:42:58.000Z</time>
      </trkpt>
      <trkpt lat="43.982440" lon="5.213000">
        <ele>604.0</ele>
        <time>2020-06-01T16:43:00.000Z</time>
      </trkpt>
      <trkpt lat="43.982500" lon="5.213150">
        <ele>603.8</ele>
        <time>2020-06-01T16:43:06.000Z</time>
      </trkpt>
      <trkpt lat="43.982710" lon="5.213370">
        <ele>601.5</ele>
        <time>2020-06-01T16:43:20.000Z</time>
      </trkpt>
      <trkpt lat="43.982740" lon="5.213460">
        <ele>601.5</ele>
        <time>2020-06-01T16:43:23.000Z</time>
      </trkpt>
      <trkpt lat="43.983220" lon="5.214470">
        <ele>604.6</ele>
        <time>2020-06-01T16:44:07.000Z</time>
      </trkpt>
      <trkpt lat="43.983290" lon="5.214650">
        <ele>606.0</ele>
        <time>2020-06-01T16:44:14.000Z</time>
      </trkpt>
      <trkpt lat="43.983340" lon="5.214850">
        <ele>607.7</ele>
        <time>2020-06-01T16:44:22.000Z</time>
      </trkpt>
      <trkpt lat="43.983570" lon="5.215320">
        <ele>608.7</ele>
        <time>2020-06-01T16:44:42.000Z</time>
      </trkpt>
      <trkpt lat="43.983960" lon="5.215820">
        <ele>607.2</ele>
        <time>2020-06-01T16:45:09.000Z</time>
      </trkpt>
      <trkpt lat="43.983960" lon="5.215820">
        <ele>607.2</ele>
        <time>2020-06-01T16:45:09.000Z</time>
      </trkpt>
      <trkpt lat="43.984440" lon="5.216080">
        <ele>602.6</ele>
        <time>2020-06-01T16:45:34.000Z</time>
      </trkpt>
      <trkpt lat="43.984520" lon="5.216140">
        <ele>601.8</ele>
        <time>2020-06-01T16:45:39.000Z</time>
      </trkpt>
      <trkpt lat="43.984610" lon="5.216240">
        <ele>601.4</ele>
        <time>2020-06-01T16:45:45.000Z</time>
      </trkpt>
      <trkpt lat="43.984670" lon="5.216360">
        <ele>601.5</ele>
        <time>2020-06-01T16:45:50.000Z</time>
      </trkpt>
      <trkpt lat="43.984820" lon="5.216850">
        <ele>603.7</ele>
        <time>2020-06-01T16:46:09.000Z</time>
      </trkpt>
      <trkpt lat="43.984820" lon="5.217050">
        <ele>604.6</ele>
        <time>2020-06-01T16:46:16.000Z</time>
      </trkpt>
      <trkpt lat="43.984970" lon="5.217180">
        <ele>604.6</ele>
        <time>2020-06-01T16:46:25.000Z</time>
      </trkpt>
      <trkpt lat="43.984990" lon="5.217230">
        <ele>604.7</ele>
        <time>2020-06-01T16:46:27.000Z</time>
      </trkpt>
      <trkpt lat="43.984990" lon="5.217340">
        <ele>605.2</ele>
        <time>2020-06-01T16:46:31.000Z</time>
      </trkpt>
      <trkpt lat="43.985050" lon="5.217450">
        <ele>604.9</ele>
        <time>2020-06-01T16:46:36.000Z</time>
      </trkpt>
      <trkpt lat="43.985060" lon="5.217570">
        <ele>605.0</ele>
        <time>2020-06-01T16:46:41.000Z</time>
      </trkpt>
      <trkpt lat="43.985040" lon="5.217630">
        <ele>605.3</ele>
        <time>2020-06-01T16:46:43.000Z</time>
      </trkpt>
      <trkpt lat="43.984980" lon="5.217720">
        <ele>606.1</ele>
        <time>2020-06-01T16:46:47.000Z</time>
      </trkpt>
      <trkpt lat="43.984980" lon="5.217760">
        <ele>606.1</ele>
        <time>2020-06-01T16:46:49.000Z</time>
      </trkpt>
      <trkpt lat="43.985020" lon="5.217870">
        <ele>605.7</ele>
        <time>2020-06-01T16:46:53.000Z</time>
      </trkpt>
      <trkpt lat="43.985120" lon="5.217970">
        <ele>604.3</ele>
        <time>2020-06-01T16:46:59.000Z</time>
      </trkpt>
      <trkpt lat="43.985130" lon="5.218030">
        <ele>604.2</ele>
        <time>2020-06-01T16:47:02.000Z</time>
      </trkpt>
      <trkpt lat="43.985070" lon="5.218140">
        <ele>605.1</ele>
        <time>2020-06-01T16:47:07.000Z</time>
      </trkpt>
      <trkpt lat="43.985080" lon="5.218200">
        <ele>605.0</ele>
        <time>2020-06-01T16:47:09.000Z</time>
      </trkpt>
      <trkpt lat="43.985100" lon="5.218290">
        <ele>604.8</ele>
        <time>2020-06-01T16:47:12.000Z</time>
      </trkpt>
      <trkpt lat="43.985170" lon="5.218380">
        <ele>604.4</ele>
        <time>2020-06-01T16:47:17.000Z</time>
      </trkpt>
      <trkpt lat="43.985180" lon="5.218450">
        <ele>605.2</ele>
        <time>2020-06-01T16:47:20.000Z</time>
      </trkpt>
      <trkpt lat="43.985010" lon="5.218770">
        <ele>610.5</ele>
        <time>2020-06-01T16:47:34.000Z</time>
      </trkpt>
      <trkpt lat="43.984920" lon="5.218870">
        <ele>612.4</ele>
        <time>2020-06-01T16:47:40.000Z</time>
      </trkpt>
      <trkpt lat="43.984920" lon="5.218870">
        <ele>612.4</ele>
        <time>2020-06-01T16:47:40.000Z</time>
      </trkpt>
      <trkpt lat="43.984570" lon="5.219430">
        <ele>621.1</ele>
        <time>2020-06-01T16:48:06.000Z</time>
      </trkpt>
      <trkpt lat="43.984450" lon="5.219570">
        <ele>623.2</ele>
        <time>2020-06-01T16:48:14.000Z</time>
      </trkpt>
      <trkpt lat="43.984430" lon="5.219620">
        <ele>623.6</ele>
        <time>2020-06-01T16:48:16.000Z</time>
      </trkpt>
      <trkpt lat="43.984430" lon="5.219680">
        <ele>624.2</ele>
        <time>2020-06-01T16:48:18.000Z</time>
      </trkpt>
      <trkpt lat="43.984370" lon="5.219820">
        <ele>625.7</ele>
        <time>2020-06-01T16:48:24.000Z</time>
      </trkpt>
      <trkpt lat="43.984420" lon="5.220050">
        <ele>627.2</ele>
        <time>2020-06-01T16:48:33.000Z</time>
      </trkpt>
      <trkpt lat="43.984430" lon="5.220480">
        <ele>628.4</ele>
        <time>2020-06-01T16:48:48.000Z</time>
      </trkpt>
      <trkpt lat="43.984350" lon="5.220740">
        <ele>629.9</ele>
        <time>2020-06-01T16:48:59.000Z</time>
      </trkpt>
      <trkpt lat="43.984270" lon="5.220820">
        <ele>630.9</ele>
        <time>2020-06-01T16:49:04.000Z</time>
      </trkpt>
      <trkpt lat="43.984210" lon="5.220950">
        <ele>631.4</ele>
        <time>2020-06-01T16:49:09.000Z</time>
      </trkpt>
      <trkpt lat="43.984210" lon="5.221150">
        <ele>631.2</ele>
        <time>2020-06-01T16:49:16.000Z</time>
      </trkpt>
      <trkpt lat="43.984300" lon="5.221350">
        <ele>630.0</ele>
        <time>2020-06-01T16:49:25.000Z</time>
      </trkpt>
      <trkpt lat="43.984540" lon="5.221690">
        <ele>626.9</ele>
        <time>2020-06-01T16:49:42.000Z</time>
      </trkpt>
      <trkpt lat="43.984580" lon="5.221800">
        <ele>625.9</ele>
        <time>2020-06-01T16:49:46.000Z</time>
      </trkpt>
      <trkpt lat="43.984610" lon="5.221940">
        <ele>624.9</ele>
        <time>2020-06-01T16:49:52.000Z</time>
      </trkpt>
      <trkpt lat="43.984800" lon="5.222420">
        <ele>621.5</ele>
        <time>2020-06-01T16:50:11.000Z</time>
      </trkpt>
      <trkpt lat="43.985020" lon="5.222700">
        <ele>619.5</ele>
        <time>2020-06-01T16:50:26.000Z</time>
      </trkpt>
      <trkpt lat="43.985030" lon="5.222760">
        <ele>619.2</ele>
        <time>2020-06-01T16:50:29.000Z</time>
      </trkpt>
      <trkpt lat="43.985080" lon="5.222840">
        <ele>618.5</ele>
        <time>2020-06-01T16:50:32.000Z</time>
      </trkpt>
      <trkpt lat="43.985170" lon="5.222900">
        <ele>617.2</ele>
        <time>2020-06-01T16:50:37.000Z</time>
      </trkpt>
      <trkpt lat="43.985260" lon="5.223020">
        <ele>616.1</ele>
        <time>2020-06-01T16:50:44.000Z</time>
      </trkpt>
      <trkpt lat="43.985290" lon="5.223170">
        <ele>615.8</ele>
        <time>2020-06-01T16:50:49.000Z</time>
      </trkpt>
      <trkpt lat="43.985150" lon="5.223260">
        <ele>617.4</ele>
        <time>2020-06-01T16:50:57.000Z</time>
      </trkpt>
      <trkpt lat="43.985320" lon="5.223490">
        <ele>616.8</ele>
        <time>2020-06-01T16:51:09.000Z</time>
      </trkpt>
      <trkpt lat="43.985460" lon="5.223790">
        <ele>618.7</ele>
        <time>2020-06-01T16:51:22.000Z</time>
      </trkpt>
      <trkpt lat="43.985510" lon="5.223830">
        <ele>618.9</ele>
        <time>2020-06-01T16:51:25.000Z</time>
      </trkpt>
      <trkpt lat="43.985710" lon="5.224210">
        <ele>623.1</ele>
        <time>2020-06-01T16:51:41.000Z</time>
      </trkpt>
      <trkpt lat="43.985920" lon="5.224130">
        <ele>622.6</ele>
        <time>2020-06-01T16:51:52.000Z</time>
      </trkpt>
      <trkpt lat="43.986160" lon="5.224280">
        <ele>624.9</ele>
        <time>2020-06-01T16:52:06.000Z</time>
      </trkpt>
      <trkpt lat="43.986260" lon="5.224320">
        <ele>625.7</ele>
        <time>2020-06-01T16:52:11.000Z</time>
      </trkpt>
      <trkpt lat="43.986580" lon="5.224380">
        <ele>627.7</ele>
        <time>2020-06-01T16:52:27.000Z</time>
      </trkpt>
      <trkpt lat="43.986580" lon="5.224380">
        <ele>627.7</ele>
        <time>2020-06-01T16:52:27.000Z</time>
      </trkpt>
      <trkpt lat="43.987180" lon="5.224290">
        <ele>628.4</ele>
        <time>2020-06-01T16:52:57.000Z</time>
      </trkpt>
      <trkpt lat="43.987390" lon="5.224220">
        <ele>628.2</ele>
        <time>2020-06-01T16:53:08.000Z</time>
      </trkpt>
      <trkpt lat="43.987940" lon="5.224300">
        <ele>629.0</ele>
        <time>2020-06-01T16:53:36.000Z</time>
      </trkpt>
      <trkpt lat="43.988160" lon="5.224280">
        <ele>628.4</ele>
        <time>2020-06-01T16:53:47.000Z</time>
      </trkpt>
      <trkpt lat="43.988550" lon="5.224010">
        <ele>622.7</ele>
        <time>2020-06-01T16:54:08.000Z</time>
      </trkpt>
      <trkpt lat="43.988730" lon="5.224020">
        <ele>620.9</ele>
        <time>2020-06-01T16:54:17.000Z</time>
      </trkpt>
      <trkpt lat="43.988850" lon="5.224000">
        <ele>619.6</ele>
        <time>2020-06-01T16:54:24.000Z</time>
      </trkpt>
      <trkpt lat="43.988950" lon="5.223880">
        <ele>617.8</ele>
        <time>2020-06-01T16:54:30.000Z</time>
      </trkpt>
      <trkpt lat="43.989130" lon="5.223730">
        <ele>615.7</ele>
        <time>2020-06-01T16:54:41.000Z</time>
      </trkpt>
      <trkpt lat="43.989280" lon="5.223640">
        <ele>613.2</ele>
        <time>2020-06-01T16:54:49.000Z</time>
      </trkpt>
      <trkpt lat="43.989430" lon="5.223680">
        <ele>610.7</ele>
        <time>2020-06-01T16:54:56.000Z</time>
      </trkpt>
      <trkpt lat="43.989570" lon="5.223590">
        <ele>608.4</ele>
        <time>2020-06-01T16:55:04.000Z</time>
      </trkpt>
      <trkpt lat="43.989770" lon="5.223570">
        <ele>605.2</ele>
        <time>2020-06-01T16:55:14.000Z</time>
      </trkpt>
      <trkpt lat="43.989920" lon="5.223530">
        <ele>603.0</ele>
        <time>2020-06-01T16:55:22.000Z</time>
      </trkpt>
      <trkpt lat="43.990020" lon="5.223440">
        <ele>602.1</ele>
        <time>2020-06-01T16:55:28.000Z</time>
      </trkpt>
      <trkpt lat="43.990610" lon="5.223310">
        <ele>593.1</ele>
        <time>2020-06-01T16:55:58.000Z</time>
      </trkpt>
      <trkpt lat="43.990610" lon="5.223310">
        <ele>593.1</ele>
        <time>2020-06-01T16:55:58.000Z</time>
      </trkpt>
      <trkpt lat="43.991060" lon="5.223300">
        <ele>587.3</ele>
        <time>2020-06-01T16:56:20.000Z</time>
      </trkpt>
      <trkpt lat="43.991540" lon="5.223130">
        <ele>583.3</ele>
        <time>2020-06-01T16:56:45.000Z</time>
      </trkpt>
      <trkpt lat="43.991790" lon="5.223100">
        <ele>580.3</ele>
        <time>2020-06-01T16:56:58.000Z</time>
      </trkpt>
      <trkpt lat="43.991920" lon="5.223020">
        <ele>578.8</ele>
        <time>2020-06-01T16:57:05.000Z</time>
      </trkpt>
      <trkpt lat="43.992030" lon="5.222900">
        <ele>577.5</ele>
        <time>2020-06-01T16:57:12.000Z</time>
      </trkpt>
      <trkpt lat="43.992220" lon="5.222810">
        <ele>574.8</ele>
        <time>2020-06-01T16:57:22.000Z</time>
      </trkpt>
      <trkpt lat="43.992570" lon="5.222580">
        <ele>569.9</ele>
        <time>2020-06-01T16:57:41.000Z</time>
      </trkpt>
      <trkpt lat="43.992790" lon="5.222510">
        <ele>569.0</ele>
        <time>2020-06-01T16:57:52.000Z</time>
      </trkpt>
      <trkpt lat="43.992950" lon="5.222400">
        <ele>568.4</ele>
        <time>2020-06-01T16:58:01.000Z</time>
      </trkpt>
      <trkpt lat="43.993010" lon="5.222280">
        <ele>568.2</ele>
        <time>2020-06-01T16:58:07.000Z</time>
      </trkpt>
      <trkpt lat="43.993120" lon="5.222010">
        <ele>567.8</ele>
        <time>2020-06-01T16:58:18.000Z</time>
      </trkpt>
      <trkpt lat="43.993400" lon="5.221720">
        <ele>566.7</ele>
        <time>2020-06-01T16:58:35.000Z</time>
      </trkpt>
      <trkpt lat="43.993520" lon="5.221450">
        <ele>564.6</ele>
        <time>2020-06-01T16:58:47.000Z</time>
      </trkpt>
      <trkpt lat="43.993710" lon="5.221360">
        <ele>563.0</ele>
        <time>2020-06-01T16:58:57.000Z</time>
      </trkpt>
      <trkpt lat="43.993810" lon="5.221380">
        <ele>562.6</ele>
        <time>2020-06-01T16:59:02.000Z</time>
      </trkpt>
      <trkpt lat="43.993890" lon="5.221270">
        <ele>561.3</ele>
        <time>2020-06-01T16:59:07.000Z</time>
      </trkpt>
      <trkpt lat="43.994110" lon="5.221200">
        <ele>559.4</ele>
        <time>2020-06-01T16:59:19.000Z</time>
      </trkpt>
      <trkpt lat="43.994580" lon="5.220870">
        <ele>552.7</ele>
        <time>2020-06-01T16:59:45.000Z</time>
      </trkpt>
      <trkpt lat="43.994580" lon="5.220870">
        <ele>552.7</ele>
        <time>2020-06-01T16:59:45.000Z</time>
      </trkpt>
      <trkpt lat="43.995170" lon="5.220310">
        <ele>542.9</ele>
        <time>2020-06-01T17:00:21.000Z</time>
      </trkpt>
      <trkpt lat="43.995350" lon="5.220220">
        <ele>543.3</ele>
        <time>2020-06-01T17:00:30.000Z</time>
      </trkpt>
      <trkpt lat="43.995610" lon="5.220160">
        <ele>544.7</ele>
        <time>2020-06-01T17:00:44.000Z</time>
      </trkpt>
      <trkpt lat="43.995800" lon="5.220170">
        <ele>546.2</ele>
        <time>2020-06-01T17:00:53.000Z</time>
      </trkpt>
      <trkpt lat="43.996370" lon="5.220730">
        <ele>562.6</ele>
        <time>2020-06-01T17:01:28.000Z</time>
      </trkpt>
      <trkpt lat="43.996470" lon="5.220960">
        <ele>566.1</ele>
        <time>2020-06-01T17:01:38.000Z</time>
      </trkpt>
      <trkpt lat="43.996470" lon="5.221010">
        <ele>566.3</ele>
        <time>2020-06-01T17:01:39.000Z</time>
      </trkpt>
      <trkpt lat="43.996470" lon="5.220960">
        <ele>566.1</ele>
        <time>2020-06-01T17:01:41.000Z</time>
      </trkpt>
      <trkpt lat="43.996390" lon="5.220760">
        <ele>563.2</ele>
        <time>2020-06-01T17:01:49.000Z</time>
      </trkpt>
      <trkpt lat="43.996400" lon="5.220680">
        <ele>563.3</ele>
        <time>2020-06-01T17:01:52.000Z</time>
      </trkpt>
      <trkpt lat="43.996390" lon="5.220540">
        <ele>562.6</ele>
        <time>2020-06-01T17:01:57.000Z</time>
      </trkpt>
      <trkpt lat="43.996360" lon="5.220450">
        <ele>561.6</ele>
        <time>2020-06-01T17:02:01.000Z</time>
      </trkpt>
      <trkpt lat="43.996210" lon="5.220170">
        <ele>556.8</ele>
        <time>2020-06-01T17:02:14.000Z</time>
      </trkpt>
      <trkpt lat="43.995900" lon="5.219320">
        <ele>547.6</ele>
        <time>2020-06-01T17:02:48.000Z</time>
      </trkpt>
      <trkpt lat="43.995810" lon="5.219150">
        <ele>546.0</ele>
        <time>2020-06-01T17:02:56.000Z</time>
      </trkpt>
      <trkpt lat="43.995710" lon="5.219020">
        <ele>546.1</ele>
        <time>2020-06-01T17:03:02.000Z</time>
      </trkpt>
      <trkpt lat="43.995600" lon="5.218900">
        <ele>545.7</ele>
        <time>2020-06-01T17:03:09.000Z</time>
      </trkpt>
      <trkpt lat="43.995250" lon="5.218580">
        <ele>542.7</ele>
        <time>2020-06-01T17:03:30.000Z</time>
      </trkpt>
      <trkpt lat="43.995160" lon="5.218440">
        <ele>542.3</ele>
        <time>2020-06-01T17:03:37.000Z</time>
      </trkpt>
      <trkpt lat="43.995110" lon="5.218250">
        <ele>543.4</ele>
        <time>2020-06-01T17:03:44.000Z</time>
      </trkpt>
      <trkpt lat="43.995110" lon="5.218250">
        <ele>543.4</ele>
        <time>2020-06-01T17:03:44.000Z</time>
      </trkpt>
      <trkpt lat="43.995080" lon="5.217870">
        <ele>547.0</ele>
        <time>2020-06-01T17:03:58.000Z</time>
      </trkpt>
      <trkpt lat="43.994910" lon="5.217310">
        <ele>546.8</ele>
        <time>2020-06-01T17:04:20.000Z</time>
      </trkpt>
      <trkpt lat="43.994880" lon="5.217110">
        <ele>546.1</ele>
        <time>2020-06-01T17:04:27.000Z</time>
      </trkpt>
      <trkpt lat="43.994870" lon="5.216880">
        <ele>546.2</ele>
        <time>2020-06-01T17:04:36.000Z</time>
      </trkpt>
      <trkpt lat="43.994910" lon="5.216440">
        <ele>545.3</ele>
        <time>2020-06-01T17:04:52.000Z</time>
      </trkpt>
      <trkpt lat="43.994960" lon="5.216220">
        <ele>544.3</ele>
        <time>2020-06-01T17:05:00.000Z</time>
      </trkpt>
      <trkpt lat="43.995180" lon="5.215560">
        <ele>547.3</ele>
        <time>2020-06-01T17:05:26.000Z</time>
      </trkpt>
      <trkpt lat="43.995270" lon="5.215180">
        <ele>550.1</ele>
        <time>2020-06-01T17:05:41.000Z</time>
      </trkpt>
      <trkpt lat="43.995270" lon="5.215030">
        <ele>549.7</ele>
        <time>2020-06-01T17:05:46.000Z</time>
      </trkpt>
      <trkpt lat="43.995180" lon="5.214730">
        <ele>546.3</ele>
        <time>2020-06-01T17:05:58.000Z</time>
      </trkpt>
      <trkpt lat="43.995180" lon="5.214530">
        <ele>546.8</ele>
        <time>2020-06-01T17:06:05.000Z</time>
      </trkpt>
      <trkpt lat="43.995150" lon="5.214370">
        <ele>545.9</ele>
        <time>2020-06-01T17:06:11.000Z</time>
      </trkpt>
      <trkpt lat="43.995080" lon="5.214230">
        <ele>543.3</ele>
        <time>2020-06-01T17:06:17.000Z</time>
      </trkpt>
      <trkpt lat="43.994840" lon="5.214100">
        <ele>535.2</ele>
        <time>2020-06-01T17:06:30.000Z</time>
      </trkpt>
      <trkpt lat="43.994790" lon="5.214040">
        <ele>534.3</ele>
        <time>2020-06-01T17:06:33.000Z</time>
      </trkpt>
      <trkpt lat="43.994740" lon="5.213940">
        <ele>534.0</ele>
        <time>2020-06-01T17:06:38.000Z</time>
      </trkpt>
      <trkpt lat="43.994680" lon="5.213750">
        <ele>534.6</ele>
        <time>2020-06-01T17:06:45.000Z</time>
      </trkpt>
      <trkpt lat="43.994620" lon="5.213650">
        <ele>534.1</ele>
        <time>2020-06-01T17:06:50.000Z</time>
      </trkpt>
      <trkpt lat="43.994570" lon="5.213570">
        <ele>533.5</ele>
        <time>2020-06-01T17:06:53.000Z</time>
      </trkpt>
      <trkpt lat="43.994340" lon="5.213510">
        <ele>527.0</ele>
        <time>2020-06-01T17:07:05.000Z</time>
      </trkpt>
      <trkpt lat="43.994240" lon="5.213390">
        <ele>525.6</ele>
        <time>2020-06-01T17:07:12.000Z</time>
      </trkpt>
      <trkpt lat="43.994190" lon="5.213310">
        <ele>524.9</ele>
        <time>2020-06-01T17:07:16.000Z</time>
      </trkpt>
      <trkpt lat="43.994160" lon="5.213190">
        <ele>524.5</ele>
        <time>2020-06-01T17:07:20.000Z</time>
      </trkpt>
      <trkpt lat="43.994070" lon="5.213020">
        <ele>522.4</ele>
        <time>2020-06-01T17:07:28.000Z</time>
      </trkpt>
      <trkpt lat="43.994070" lon="5.213020">
        <ele>522.4</ele>
        <time>2020-06-01T17:07:28.000Z</time>
      </trkpt>
      <trkpt lat="43.993910" lon="5.212880">
        <ele>517.0</ele>
        <time>2020-06-01T17:07:37.000Z</time>
      </trkpt>
      <trkpt lat="43.993860" lon="5.212790">
        <ele>515.2</ele>
        <time>2020-06-01T17:07:41.000Z</time>
      </trkpt>
      <trkpt lat="43.993830" lon="5.212670">
        <ele>513.8</ele>
        <time>2020-06-01T17:07:46.000Z</time>
      </trkpt>
      <trkpt lat="43.993830" lon="5.212540">
        <ele>513.6</ele>
        <time>2020-06-01T17:07:51.000Z</time>
      </trkpt>
      <trkpt lat="43.993880" lon="5.212410">
        <ele>514.3</ele>
        <time>2020-06-01T17:07:56.000Z</time>
      </trkpt>
      <trkpt lat="43.993910" lon="5.212250">
        <ele>513.1</ele>
        <time>2020-06-01T17:08:02.000Z</time>
      </trkpt>
      <trkpt lat="43.994280" lon="5.211190">
        <ele>515.5</ele>
        <time>2020-06-01T17:08:44.000Z</time>
      </trkpt>
      <trkpt lat="43.994290" lon="5.211020">
        <ele>514.2</ele>
        <time>2020-06-01T17:08:50.000Z</time>
      </trkpt>
      <trkpt lat="43.994280" lon="5.210570">
        <ele>503.0</ele>
        <time>2020-06-01T17:09:07.000Z</time>
      </trkpt>
      <trkpt lat="43.994300" lon="5.210430">
        <ele>500.1</ele>
        <time>2020-06-01T17:09:12.000Z</time>
      </trkpt>
      <trkpt lat="43.994370" lon="5.210260">
        <ele>498.9</ele>
        <time>2020-06-01T17:09:19.000Z</time>
      </trkpt>
      <trkpt lat="43.994810" lon="5.209740">
        <ele>508.1</ele>
        <time>2020-06-01T17:09:48.000Z</time>
      </trkpt>
      <trkpt lat="43.994840" lon="5.209620">
        <ele>505.5</ele>
        <time>2020-06-01T17:09:52.000Z</time>
      </trkpt>
      <trkpt lat="43.994830" lon="5.209260">
        <ele>494.0</ele>
        <time>2020-06-01T17:10:05.000Z</time>
      </trkpt>
      <trkpt lat="43.994840" lon="5.208720">
        <ele>476.5</ele>
        <time>2020-06-01T17:10:25.000Z</time>
      </trkpt>
      <trkpt lat="43.994890" lon="5.208340">
        <ele>464.7</ele>
        <time>2020-06-01T17:10:39.000Z</time>
      </trkpt>
      <trkpt lat="43.995160" lon="5.207900">
        <ele>454.4</ele>
        <time>2020-06-01T17:10:59.000Z</time>
      </trkpt>
      <trkpt lat="43.995420" lon="5.207380">
        <ele>445.7</ele>
        <time>2020-06-01T17:11:22.000Z</time>
      </trkpt>
      <trkpt lat="43.995420" lon="5.207380">
        <ele>445.7</ele>
        <time>2020-06-01T17:11:22.000Z</time>
      </trkpt>
      <trkpt lat="43.995560" lon="5.207250">
        <ele>447.7</ele>
        <time>2020-06-01T17:11:31.000Z</time>
      </trkpt>
      <trkpt lat="43.995770" lon="5.207160">
        <ele>448.2</ele>
        <time>2020-06-01T17:11:42.000Z</time>
      </trkpt>
      <trkpt lat="43.995850" lon="5.207170">
        <ele>447.5</ele>
        <time>2020-06-01T17:11:46.000Z</time>
      </trkpt>
      <trkpt lat="43.995910" lon="5.207240">
        <ele>444.8</ele>
        <time>2020-06-01T17:11:50.000Z</time>
      </trkpt>
      <trkpt lat="43.996170" lon="5.207380">
        <ele>438.0</ele>
        <time>2020-06-01T17:12:04.000Z</time>
      </trkpt>
      <trkpt lat="43.996430" lon="5.207450">
        <ele>433.3</ele>
        <time>2020-06-01T17:12:17.000Z</time>
      </trkpt>
      <trkpt lat="43.996590" lon="5.207460">
        <ele>431.0</ele>
        <time>2020-06-01T17:12:25.000Z</time>
      </trkpt>
      <trkpt lat="43.996840" lon="5.207400">
        <ele>430.3</ele>
        <time>2020-06-01T17:12:38.000Z</time>
      </trkpt>
      <trkpt lat="43.997130" lon="5.207350">
        <ele>430.5</ele>
        <time>2020-06-01T17:12:52.000Z</time>
      </trkpt>
      <trkpt lat="43.997270" lon="5.207260">
        <ele>429.4</ele>
        <time>2020-06-01T17:13:00.000Z</time>
      </trkpt>
      <trkpt lat="43.997670" lon="5.207160">
        <ele>433.3</ele>
        <time>2020-06-01T17:13:20.000Z</time>
      </trkpt>
      <trkpt lat="43.997890" lon="5.207120">
        <ele>439.4</ele>
        <time>2020-06-01T17:13:31.000Z</time>
      </trkpt>
      <trkpt lat="43.998190" lon="5.206950">
        <ele>445.6</ele>
        <time>2020-06-01T17:13:48.000Z</time>
      </trkpt>
      <trkpt lat="43.998270" lon="5.206880">
        <ele>446.8</ele>
        <time>2020-06-01T17:13:52.000Z</time>
      </trkpt>
      <trkpt lat="43.998310" lon="5.206790">
        <ele>445.9</ele>
        <time>2020-06-01T17:13:56.000Z</time>
      </trkpt>
      <trkpt lat="43.998330" lon="5.206700">
        <ele>444.5</ele>
        <time>2020-06-01T17:13:59.000Z</time>
      </trkpt>
      <trkpt lat="43.998320" lon="5.206570">
        <ele>442.1</ele>
        <time>2020-06-01T17:14:04.000Z</time>
      </trkpt>
      <trkpt lat="43.998270" lon="5.206360">
        <ele>437.7</ele>
        <time>2020-06-01T17:14:12.000Z</time>
      </trkpt>
      <trkpt lat="43.998140" lon="5.206050">
        <ele>430.0</ele>
        <time>2020-06-01T17:14:25.000Z</time>
      </trkpt>
      <trkpt lat="43.998050" lon="5.205930">
        <ele>426.3</ele>
        <time>2020-06-01T17:14:31.000Z</time>
      </trkpt>
      <trkpt lat="43.997810" lon="5.205840">
        <ele>419.5</ele>
        <time>2020-06-01T17:14:44.000Z</time>
      </trkpt>
      <trkpt lat="43.997750" lon="5.205750">
        <ele>416.1</ele>
        <time>2020-06-01T17:14:48.000Z</time>
      </trkpt>
      <trkpt lat="43.997750" lon="5.205750">
        <ele>416.1</ele>
        <time>2020-06-01T17:14:48.000Z</time>
      </trkpt>
      <trkpt lat="43.997690" lon="5.205440">
        <ele>408.4</ele>
        <time>2020-06-01T17:15:00.000Z</time>
      </trkpt>
      <trkpt lat="43.997680" lon="5.205300">
        <ele>405.6</ele>
        <time>2020-06-01T17:15:05.000Z</time>
      </trkpt>
      <trkpt lat="43.997700" lon="5.205200">
        <ele>403.9</ele>
        <time>2020-06-01T17:15:08.000Z</time>
      </trkpt>
      <trkpt lat="43.997760" lon="5.205080">
        <ele>402.6</ele>
        <time>2020-06-01T17:15:14.000Z</time>
      </trkpt>
      <trkpt lat="43.997830" lon="5.204980">
        <ele>402.0</ele>
        <time>2020-06-01T17:15:19.000Z</time>
      </trkpt>
      <trkpt lat="43.998010" lon="5.204850">
        <ele>403.4</ele>
        <time>2020-06-01T17:15:29.000Z</time>
      </trkpt>
      <trkpt lat="43.998430" lon="5.204810">
        <ele>409.8</ele>
        <time>2020-06-01T17:15:50.000Z</time>
      </trkpt>
      <trkpt lat="43.998580" lon="5.204700">
        <ele>410.0</ele>
        <time>2020-06-01T17:15:58.000Z</time>
      </trkpt>
      <trkpt lat="43.998620" lon="5.204570">
        <ele>407.9</ele>
        <time>2020-06-01T17:16:04.000Z</time>
      </trkpt>
      <trkpt lat="43.998630" lon="5.204440">
        <ele>405.3</ele>
        <time>2020-06-01T17:16:08.000Z</time>
      </trkpt>
      <trkpt lat="43.998620" lon="5.204370">
        <ele>403.5</ele>
        <time>2020-06-01T17:16:11.000Z</time>
      </trkpt>
      <trkpt lat="43.998470" lon="5.204170">
        <ele>397.6</ele>
        <time>2020-06-01T17:16:21.000Z</time>
      </trkpt>
      <trkpt lat="43.998420" lon="5.204040">
        <ele>393.7</ele>
        <time>2020-06-01T17:16:27.000Z</time>
      </trkpt>
      <trkpt lat="43.998380" lon="5.203860">
        <ele>388.6</ele>
        <time>2020-06-01T17:16:33.000Z</time>
      </trkpt>
      <trkpt lat="43.998390" lon="5.203600">
        <ele>382.0</ele>
        <time>2020-06-01T17:16:43.000Z</time>
      </trkpt>
      <trkpt lat="43.998430" lon="5.203530">
        <ele>380.6</ele>
        <time>2020-06-01T17:16:46.000Z</time>
      </trkpt>
      <trkpt lat="43.998620" lon="5.203450">
        <ele>379.6</ele>
        <time>2020-06-01T17:16:56.000Z</time>
      </trkpt>
      <trkpt lat="43.998710" lon="5.203370">
        <ele>377.6</ele>
        <time>2020-06-01T17:17:01.000Z</time>
      </trkpt>
      <trkpt lat="43.998810" lon="5.203120">
        <ele>374.8</ele>
        <time>2020-06-01T17:17:11.000Z</time>
      </trkpt>
      <trkpt lat="43.998880" lon="5.203000">
        <ele>373.1</ele>
        <time>2020-06-01T17:17:17.000Z</time>
      </trkpt>
      <trkpt lat="43.998970" lon="5.202960">
        <ele>372.0</ele>
        <time>2020-06-01T17:17:22.000Z</time>
      </trkpt>
      <trkpt lat="43.999540" lon="5.202990">
        <ele>373.0</ele>
        <time>2020-06-01T17:17:50.000Z</time>
      </trkpt>
      <trkpt lat="43.999610" lon="5.202980">
        <ele>373.2</ele>
        <time>2020-06-01T17:17:54.000Z</time>
      </trkpt>
      <trkpt lat="43.999710" lon="5.202810">
        <ele>368.9</ele>
        <time>2020-06-01T17:18:02.000Z</time>
      </trkpt>
      <trkpt lat="43.999770" lon="5.202510">
        <ele>361.0</ele>
        <time>2020-06-01T17:18:13.000Z</time>
      </trkpt>
      <trkpt lat="44.000140" lon="5.202060">
        <ele>351.4</ele>
        <time>2020-06-01T17:18:38.000Z</time>
      </trkpt>
      <trkpt lat="43.999910" lon="5.201790">
        <ele>348.0</ele>
        <time>2020-06-01T17:18:53.000Z</time>
      </trkpt>
      <trkpt lat="43.999910" lon="5.201790">
        <ele>348.0</ele>
        <time>2020-06-01T17:18:53.000Z</time>
      </trkpt>
      <trkpt lat="43.999780" lon="5.201690">
        <ele>348.9</ele>
        <time>2020-06-01T17:19:00.000Z</time>
      </trkpt>
      <trkpt lat="43.999700" lon="5.201540">
        <ele>351.0</ele>
        <time>2020-06-01T17:19:07.000Z</time>
      </trkpt>
      <trkpt lat="43.999630" lon="5.201460">
        <ele>353.3</ele>
        <time>2020-06-01T17:19:11.000Z</time>
      </trkpt>
      <trkpt lat="43.999530" lon="5.201390">
        <ele>356.8</ele>
        <time>2020-06-01T17:19:17.000Z</time>
      </trkpt>
      <trkpt lat="43.999480" lon="5.201300">
        <ele>359.3</ele>
        <time>2020-06-01T17:19:21.000Z</time>
      </trkpt>
      <trkpt lat="43.999460" lon="5.201250">
        <ele>360.5</ele>
        <time>2020-06-01T17:19:23.000Z</time>
      </trkpt>
      <trkpt lat="43.999360" lon="5.201170">
        <ele>365.0</ele>
        <time>2020-06-01T17:19:29.000Z</time>
      </trkpt>
      <trkpt lat="43.999290" lon="5.201040">
        <ele>369.7</ele>
        <time>2020-06-01T17:19:35.000Z</time>
      </trkpt>
      <trkpt lat="43.999210" lon="5.200830">
        <ele>377.0</ele>
        <time>2020-06-01T17:19:43.000Z</time>
      </trkpt>
      <trkpt lat="43.999230" lon="5.200790">
        <ele>376.4</ele>
        <time>2020-06-01T17:19:45.000Z</time>
      </trkpt>
      <trkpt lat="43.999310" lon="5.200720">
        <ele>373.1</ele>
        <time>2020-06-01T17:19:50.000Z</time>
      </trkpt>
      <trkpt lat="43.999390" lon="5.200620">
        <ele>369.6</ele>
        <time>2020-06-01T17:19:55.000Z</time>
      </trkpt>
      <trkpt lat="43.999410" lon="5.200530">
        <ele>369.0</ele>
        <time>2020-06-01T17:19:59.000Z</time>
      </trkpt>
      <trkpt lat="43.999400" lon="5.200470">
        <ele>369.8</ele>
        <time>2020-06-01T17:20:01.000Z</time>
      </trkpt>
      <trkpt lat="43.999320" lon="5.200320">
        <ele>375.2</ele>
        <time>2020-06-01T17:20:07.000Z</time>
      </trkpt>
      <trkpt lat="43.999330" lon="5.200270">
        <ele>375.0</ele>
        <time>2020-06-01T17:20:09.000Z</time>
      </trkpt>
      <trkpt lat="43.999380" lon="5.200240">
        <ele>372.1</ele>
        <time>2020-06-01T17:20:12.000Z</time>
      </trkpt>
      <trkpt lat="43.999380" lon="5.200200">
        <ele>372.3</ele>
        <time>2020-06-01T17:20:13.000Z</time>
      </trkpt>
      <trkpt lat="43.999250" lon="5.199980">
        <ele>381.8</ele>
        <time>2020-06-01T17:20:24.000Z</time>
      </trkpt>
      <trkpt lat="43.999220" lon="5.199890">
        <ele>384.2</ele>
        <time>2020-06-01T17:20:27.000Z</time>
      </trkpt>
      <trkpt lat="43.999210" lon="5.199800">
        <ele>385.4</ele>
        <time>2020-06-01T17:20:31.000Z</time>
      </trkpt>
      <trkpt lat="43.999280" lon="5.199700">
        <ele>381.7</ele>
        <time>2020-06-01T17:20:36.000Z</time>
      </trkpt>
      <trkpt lat="43.999210" lon="5.199460">
        <ele>387.5</ele>
        <time>2020-06-01T17:20:45.000Z</time>
      </trkpt>
      <trkpt lat="43.999170" lon="5.199450">
        <ele>390.2</ele>
        <time>2020-06-01T17:20:47.000Z</time>
      </trkpt>
      <trkpt lat="43.999130" lon="5.199400">
        <ele>391.6</ele>
        <time>2020-06-01T17:20:50.000Z</time>
      </trkpt>
      <trkpt lat="43.999050" lon="5.199430">
        <ele>393.8</ele>
        <time>2020-06-01T17:20:54.000Z</time>
      </trkpt>
      <trkpt lat="43.998660" lon="5.198910">
        <ele>408.3</ele>
        <time>2020-06-01T17:21:21.000Z</time>
      </trkpt>
      <trkpt lat="43.998470" lon="5.198620">
        <ele>415.4</ele>
        <time>2020-06-01T17:21:35.000Z</time>
      </trkpt>
      <trkpt lat="43.998210" lon="5.198560">
        <ele>421.5</ele>
        <time>2020-06-01T17:21:48.000Z</time>
      </trkpt>
      <trkpt lat="43.998140" lon="5.198490">
        <ele>422.8</ele>
        <time>2020-06-01T17:21:52.000Z</time>
      </trkpt>
      <trkpt lat="43.998060" lon="5.198370">
        <ele>425.0</ele>
        <time>2020-06-01T17:21:58.000Z</time>
      </trkpt>
      <trkpt lat="43.998080" lon="5.198190">
        <ele>425.7</ele>
        <time>2020-06-01T17:22:05.000Z</time>
      </trkpt>
      <trkpt lat="43.998060" lon="5.198140">
        <ele>426.3</ele>
        <time>2020-06-01T17:22:07.000Z</time>
      </trkpt>
      <trkpt lat="43.998060" lon="5.198140">
        <ele>426.3</ele>
        <time>2020-06-01T17:22:07.000Z</time>
      </trkpt>
      <trkpt lat="43.997800" lon="5.197890">
        <ele>431.8</ele>
        <time>2020-06-01T17:22:23.000Z</time>
      </trkpt>
      <trkpt lat="43.997040" lon="5.197350">
        <ele>443.5</ele>
        <time>2020-06-01T17:23:06.000Z</time>
      </trkpt>
      <trkpt lat="43.996760" lon="5.197120">
        <ele>445.8</ele>
        <time>2020-06-01T17:23:22.000Z</time>
      </trkpt>
      <trkpt lat="43.996630" lon="5.197070">
        <ele>447.2</ele>
        <time>2020-06-01T17:23:29.000Z</time>
      </trkpt>
      <trkpt lat="43.996580" lon="5.197020">
        <ele>447.3</ele>
        <time>2020-06-01T17:23:32.000Z</time>
      </trkpt>
      <trkpt lat="43.996220" lon="5.196780">
        <ele>449.0</ele>
        <time>2020-06-01T17:23:52.000Z</time>
      </trkpt>
      <trkpt lat="43.995790" lon="5.196620">
        <ele>451.9</ele>
        <time>2020-06-01T17:24:14.000Z</time>
      </trkpt>
      <trkpt lat="43.995590" lon="5.196510">
        <ele>452.1</ele>
        <time>2020-06-01T17:24:25.000Z</time>
      </trkpt>
      <trkpt lat="43.995510" lon="5.196430">
        <ele>452.1</ele>
        <time>2020-06-01T17:24:30.000Z</time>
      </trkpt>
      <trkpt lat="43.995270" lon="5.196250">
        <ele>452.9</ele>
        <time>2020-06-01T17:24:43.000Z</time>
      </trkpt>
      <trkpt lat="43.995020" lon="5.195990">
        <ele>454.0</ele>
        <time>2020-06-01T17:24:59.000Z</time>
      </trkpt>
      <trkpt lat="43.994760" lon="5.195670">
        <ele>454.7</ele>
        <time>2020-06-01T17:25:16.000Z</time>
      </trkpt>
      <trkpt lat="43.994450" lon="5.195380">
        <ele>455.4</ele>
        <time>2020-06-01T17:25:35.000Z</time>
      </trkpt>
      <trkpt lat="43.994230" lon="5.195090">
        <ele>455.9</ele>
        <time>2020-06-01T17:25:50.000Z</time>
      </trkpt>
      <trkpt lat="43.994110" lon="5.194880">
        <ele>455.9</ele>
        <time>2020-06-01T17:26:00.000Z</time>
      </trkpt>
      <trkpt lat="43.994140" lon="5.194800">
        <ele>455.6</ele>
        <time>2020-06-01T17:26:03.000Z</time>
      </trkpt>
      <trkpt lat="43.994400" lon="5.194280">
        <ele>453.9</ele>
        <time>2020-06-01T17:26:26.000Z</time>
      </trkpt>
      <trkpt lat="43.994400" lon="5.194280">
        <ele>453.9</ele>
        <time>2020-06-01T17:26:26.000Z</time>
      </trkpt>
      <trkpt lat="43.994460" lon="5.194110">
        <ele>453.7</ele>
        <time>2020-06-01T17:26:33.000Z</time>
      </trkpt>
      <trkpt lat="43.994510" lon="5.193820">
        <ele>454.2</ele>
        <time>2020-06-01T17:26:43.000Z</time>
      </trkpt>
      <trkpt lat="43.994640" lon="5.193580">
        <ele>455.1</ele>
        <time>2020-06-01T17:26:54.000Z</time>
      </trkpt>
      <trkpt lat="43.994760" lon="5.193430">
        <ele>456.2</ele>
        <time>2020-06-01T17:27:02.000Z</time>
      </trkpt>
      <trkpt lat="43.994790" lon="5.193350">
        <ele>456.7</ele>
        <time>2020-06-01T17:27:05.000Z</time>
      </trkpt>
      <trkpt lat="43.994830" lon="5.193010">
        <ele>454.4</ele>
        <time>2020-06-01T17:27:18.000Z</time>
      </trkpt>
      <trkpt lat="43.994780" lon="5.192700">
        <ele>451.7</ele>
        <time>2020-06-01T17:27:29.000Z</time>
      </trkpt>
      <trkpt lat="43.994780" lon="5.192430">
        <ele>449.2</ele>
        <time>2020-06-01T17:27:39.000Z</time>
      </trkpt>
      <trkpt lat="43.994840" lon="5.192060">
        <ele>444.8</ele>
        <time>2020-06-01T17:27:53.000Z</time>
      </trkpt>
      <trkpt lat="43.994840" lon="5.191910">
        <ele>442.8</ele>
        <time>2020-06-01T17:27:58.000Z</time>
      </trkpt>
      <trkpt lat="43.994910" lon="5.191810">
        <ele>441.7</ele>
        <time>2020-06-01T17:28:03.000Z</time>
      </trkpt>
      <trkpt lat="43.994920" lon="5.191760">
        <ele>441.1</ele>
        <time>2020-06-01T17:28:05.000Z</time>
      </trkpt>
      <trkpt lat="43.994910" lon="5.191660">
        <ele>439.8</ele>
        <time>2020-06-01T17:28:09.000Z</time>
      </trkpt>
      <trkpt lat="43.994920" lon="5.191610">
        <ele>439.2</ele>
        <time>2020-06-01T17:28:10.000Z</time>
      </trkpt>
      <trkpt lat="43.995030" lon="5.191540">
        <ele>438.5</ele>
        <time>2020-06-01T17:28:17.000Z</time>
      </trkpt>
      <trkpt lat="43.995070" lon="5.191490">
        <ele>437.9</ele>
        <time>2020-06-01T17:28:19.000Z</time>
      </trkpt>
      <trkpt lat="43.995120" lon="5.191450">
        <ele>437.4</ele>
        <time>2020-06-01T17:28:22.000Z</time>
      </trkpt>
      <trkpt lat="43.995270" lon="5.191190">
        <ele>434.1</ele>
        <time>2020-06-01T17:28:34.000Z</time>
      </trkpt>
      <trkpt lat="43.995360" lon="5.191090">
        <ele>432.6</ele>
        <time>2020-06-01T17:28:40.000Z</time>
      </trkpt>
      <trkpt lat="43.995450" lon="5.190950">
        <ele>430.8</ele>
        <time>2020-06-01T17:28:47.000Z</time>
      </trkpt>
      <trkpt lat="43.995640" lon="5.190780">
        <ele>428.1</ele>
        <time>2020-06-01T17:28:58.000Z</time>
      </trkpt>
      <trkpt lat="43.995750" lon="5.190650">
        <ele>426.3</ele>
        <time>2020-06-01T17:29:05.000Z</time>
      </trkpt>
      <trkpt lat="43.995780" lon="5.190590">
        <ele>425.5</ele>
        <time>2020-06-01T17:29:08.000Z</time>
      </trkpt>
      <trkpt lat="43.995810" lon="5.190420">
        <ele>423.6</ele>
        <time>2020-06-01T17:29:14.000Z</time>
      </trkpt>
      <trkpt lat="43.995930" lon="5.190240">
        <ele>420.2</ele>
        <time>2020-06-01T17:29:23.000Z</time>
      </trkpt>
      <trkpt lat="43.995990" lon="5.190180">
        <ele>418.5</ele>
        <time>2020-06-01T17:29:27.000Z</time>
      </trkpt>
      <trkpt lat="43.996210" lon="5.189830">
        <ele>411.4</ele>
        <time>2020-06-01T17:29:43.000Z</time>
      </trkpt>
      <trkpt lat="43.996210" lon="5.189830">
        <ele>411.4</ele>
        <time>2020-06-01T17:29:43.000Z</time>
      </trkpt>
      <trkpt lat="43.996270" lon="5.189690">
        <ele>409.2</ele>
        <time>2020-06-01T17:29:49.000Z</time>
      </trkpt>
      <trkpt lat="43.996720" lon="5.189370">
        <ele>397.2</ele>
        <time>2020-06-01T17:30:15.000Z</time>
      </trkpt>
      <trkpt lat="43.996850" lon="5.189380">
        <ele>395.1</ele>
        <time>2020-06-01T17:30:21.000Z</time>
      </trkpt>
      <trkpt lat="43.996910" lon="5.189300">
        <ele>392.9</ele>
        <time>2020-06-01T17:30:25.000Z</time>
      </trkpt>
      <trkpt lat="43.997040" lon="5.189220">
        <ele>388.9</ele>
        <time>2020-06-01T17:30:32.000Z</time>
      </trkpt>
      <trkpt lat="43.997080" lon="5.189180">
        <ele>387.3</ele>
        <time>2020-06-01T17:30:35.000Z</time>
      </trkpt>
      <trkpt lat="43.997110" lon="5.189090">
        <ele>386.3</ele>
        <time>2020-06-01T17:30:38.000Z</time>
      </trkpt>
      <trkpt lat="43.997140" lon="5.189050">
        <ele>385.6</ele>
        <time>2020-06-01T17:30:40.000Z</time>
      </trkpt>
      <trkpt lat="43.997200" lon="5.188870">
        <ele>383.9</ele>
        <time>2020-06-01T17:30:48.000Z</time>
      </trkpt>
      <trkpt lat="43.997270" lon="5.188830">
        <ele>382.1</ele>
        <time>2020-06-01T17:30:51.000Z</time>
      </trkpt>
      <trkpt lat="43.997360" lon="5.188670">
        <ele>379.6</ele>
        <time>2020-06-01T17:30:59.000Z</time>
      </trkpt>
      <trkpt lat="43.997440" lon="5.188630">
        <ele>377.5</ele>
        <time>2020-06-01T17:31:03.000Z</time>
      </trkpt>
      <trkpt lat="43.997530" lon="5.188460">
        <ele>374.5</ele>
        <time>2020-06-01T17:31:11.000Z</time>
      </trkpt>
      <trkpt lat="43.997830" lon="5.188210">
        <ele>366.0</ele>
        <time>2020-06-01T17:31:28.000Z</time>
      </trkpt>
      <trkpt lat="43.997970" lon="5.188040">
        <ele>363.7</ele>
        <time>2020-06-01T17:31:37.000Z</time>
      </trkpt>
      <trkpt lat="43.998000" lon="5.188030">
        <ele>363.0</ele>
        <time>2020-06-01T17:31:39.000Z</time>
      </trkpt>
      <trkpt lat="43.998050" lon="5.188040">
        <ele>361.4</ele>
        <time>2020-06-01T17:31:41.000Z</time>
      </trkpt>
      <trkpt lat="43.998180" lon="5.187980">
        <ele>358.4</ele>
        <time>2020-06-01T17:31:48.000Z</time>
      </trkpt>
      <trkpt lat="43.998300" lon="5.187870">
        <ele>356.6</ele>
        <time>2020-06-01T17:31:55.000Z</time>
      </trkpt>
      <trkpt lat="43.998460" lon="5.187790">
        <ele>353.9</ele>
        <time>2020-06-01T17:32:04.000Z</time>
      </trkpt>
      <trkpt lat="43.998550" lon="5.187790">
        <ele>351.7</ele>
        <time>2020-06-01T17:32:08.000Z</time>
      </trkpt>
      <trkpt lat="43.998700" lon="5.187750">
        <ele>348.4</ele>
        <time>2020-06-01T17:32:16.000Z</time>
      </trkpt>
      <trkpt lat="43.998880" lon="5.187790">
        <ele>343.9</ele>
        <time>2020-06-01T17:32:25.000Z</time>
      </trkpt>
      <trkpt lat="43.998970" lon="5.187750">
        <ele>341.7</ele>
        <time>2020-06-01T17:32:30.000Z</time>
      </trkpt>
      <trkpt lat="43.999050" lon="5.187760">
        <ele>339.8</ele>
        <time>2020-06-01T17:32:34.000Z</time>
      </trkpt>
      <trkpt lat="43.999110" lon="5.187730">
        <ele>338.2</ele>
        <time>2020-06-01T17:32:37.000Z</time>
      </trkpt>
      <trkpt lat="43.999210" lon="5.187720">
        <ele>335.6</ele>
        <time>2020-06-01T17:32:42.000Z</time>
      </trkpt>
      <trkpt lat="43.999260" lon="5.187700">
        <ele>334.2</ele>
        <time>2020-06-01T17:32:45.000Z</time>
      </trkpt>
      <trkpt lat="43.999370" lon="5.187710">
        <ele>331.4</ele>
        <time>2020-06-01T17:32:50.000Z</time>
      </trkpt>
      <trkpt lat="43.999600" lon="5.187660">
        <ele>324.7</ele>
        <time>2020-06-01T17:33:02.000Z</time>
      </trkpt>
      <trkpt lat="43.999830" lon="5.187540">
        <ele>316.1</ele>
        <time>2020-06-01T17:33:14.000Z</time>
      </trkpt>
      <trkpt lat="43.999960" lon="5.187400">
        <ele>312.4</ele>
        <time>2020-06-01T17:33:22.000Z</time>
      </trkpt>
      <trkpt lat="44.000370" lon="5.187160">
        <ele>301.1</ele>
        <time>2020-06-01T17:33:45.000Z</time>
      </trkpt>
      <trkpt lat="44.000480" lon="5.187080">
        <ele>297.5</ele>
        <time>2020-06-01T17:33:51.000Z</time>
      </trkpt>
      <trkpt lat="44.001060" lon="5.186510">
        <ele>279.2</ele>
        <time>2020-06-01T17:34:27.000Z</time>
      </trkpt>
      <trkpt lat="44.001060" lon="5.186510">
        <ele>279.2</ele>
        <time>2020-06-01T17:34:27.000Z</time>
      </trkpt>
      <trkpt lat="44.001310" lon="5.186420">
        <ele>272.7</ele>
        <time>2020-06-01T17:34:39.000Z</time>
      </trkpt>
      <trkpt lat="44.001360" lon="5.186360">
        <ele>272.1</ele>
        <time>2020-06-01T17:34:43.000Z</time>
      </trkpt>
      <trkpt lat="44.001450" lon="5.186200">
        <ele>271.0</ele>
        <time>2020-06-01T17:34:50.000Z</time>
      </trkpt>
      <trkpt lat="44.001510" lon="5.186150">
        <ele>269.6</ele>
        <time>2020-06-01T17:34:54.000Z</time>
      </trkpt>
      <trkpt lat="44.001660" lon="5.186110">
        <ele>264.6</ele>
        <time>2020-06-01T17:35:01.000Z</time>
      </trkpt>
      <trkpt lat="44.001890" lon="5.185990">
        <ele>259.5</ele>
        <time>2020-06-01T17:35:13.000Z</time>
      </trkpt>
      <trkpt lat="44.002180" lon="5.185980">
        <ele>251.8</ele>
        <time>2020-06-01T17:35:28.000Z</time>
      </trkpt>
      <trkpt lat="44.002480" lon="5.185870">
        <ele>243.6</ele>
        <time>2020-06-01T17:35:44.000Z</time>
      </trkpt>
      <trkpt lat="44.002600" lon="5.185870">
        <ele>241.2</ele>
        <time>2020-06-01T17:35:50.000Z</time>
      </trkpt>
      <trkpt lat="44.002690" lon="5.185750">
        <ele>239.0</ele>
        <time>2020-06-01T17:35:56.000Z</time>
      </trkpt>
      <trkpt lat="44.002810" lon="5.185470">
        <ele>235.2</ele>
        <time>2020-06-01T17:36:08.000Z</time>
      </trkpt>
      <trkpt lat="44.002850" lon="5.185420">
        <ele>234.2</ele>
        <time>2020-06-01T17:36:10.000Z</time>
      </trkpt>
      <trkpt lat="44.002860" lon="5.185460">
        <ele>234.2</ele>
        <time>2020-06-01T17:36:12.000Z</time>
      </trkpt>
      <trkpt lat="44.002880" lon="5.185500">
        <ele>234.1</ele>
        <time>2020-06-01T17:36:13.000Z</time>
      </trkpt>
      <trkpt lat="44.002880" lon="5.185470">
        <ele>234.0</ele>
        <time>2020-06-01T17:36:15.000Z</time>
      </trkpt>
      <trkpt lat="44.002910" lon="5.185440">
        <ele>233.2</ele>
        <time>2020-06-01T17:36:16.000Z</time>
      </trkpt>
      <trkpt lat="44.002920" lon="5.185440">
        <ele>233.0</ele>
        <time>2020-06-01T17:36:17.000Z</time>
      </trkpt>
      <trkpt lat="44.003010" lon="5.185450">
        <ele>231.5</ele>
        <time>2020-06-01T17:36:21.000Z</time>
      </trkpt>
      <trkpt lat="44.003330" lon="5.185690">
        <ele>227.2</ele>
        <time>2020-06-01T17:36:40.000Z</time>
      </trkpt>
      <trkpt lat="44.003430" lon="5.185730">
        <ele>226.9</ele>
        <time>2020-06-01T17:36:45.000Z</time>
      </trkpt>
      <trkpt lat="44.003510" lon="5.185690">
        <ele>226.4</ele>
        <time>2020-06-01T17:36:49.000Z</time>
      </trkpt>
      <trkpt lat="44.003570" lon="5.185630">
        <ele>225.8</ele>
        <time>2020-06-01T17:36:53.000Z</time>
      </trkpt>
      <trkpt lat="44.003620" lon="5.185540">
        <ele>225.1</ele>
        <time>2020-06-01T17:36:57.000Z</time>
      </trkpt>
      <trkpt lat="44.003670" lon="5.185450">
        <ele>224.4</ele>
        <time>2020-06-01T17:37:01.000Z</time>
      </trkpt>
      <trkpt lat="44.003710" lon="5.185430">
        <ele>224.2</ele>
        <time>2020-06-01T17:37:03.000Z</time>
      </trkpt>
      <trkpt lat="44.003710" lon="5.185430">
        <ele>224.2</ele>
        <time>2020-06-01T17:37:03.000Z</time>
      </trkpt>
      <trkpt lat="44.003780" lon="5.185380">
        <ele>223.7</ele>
        <time>2020-06-01T17:37:07.000Z</time>
      </trkpt>
      <trkpt lat="44.003940" lon="5.185360">
        <ele>223.0</ele>
        <time>2020-06-01T17:37:15.000Z</time>
      </trkpt>
      <trkpt lat="44.004090" lon="5.185290">
        <ele>222.3</ele>
        <time>2020-06-01T17:37:23.000Z</time>
      </trkpt>
      <trkpt lat="44.004240" lon="5.185130">
        <ele>221.4</ele>
        <time>2020-06-01T17:37:32.000Z</time>
      </trkpt>
      <trkpt lat="44.004470" lon="5.184820">
        <ele>220.4</ele>
        <time>2020-06-01T17:37:48.000Z</time>
      </trkpt>
      <trkpt lat="44.004660" lon="5.184570">
        <ele>219.9</ele>
        <time>2020-06-01T17:38:02.000Z</time>
      </trkpt>
      <trkpt lat="44.005030" lon="5.184040">
        <ele>219.1</ele>
        <time>2020-06-01T17:38:28.000Z</time>
      </trkpt>
      <trkpt lat="44.005050" lon="5.184010">
        <ele>219.2</ele>
        <time>2020-06-01T17:38:30.000Z</time>
      </trkpt>
      <trkpt lat="44.005100" lon="5.183940">
        <ele>219.4</ele>
        <time>2020-06-01T17:38:33.000Z</time>
      </trkpt>
      <trkpt lat="44.005180" lon="5.183900">
        <ele>219.8</ele>
        <time>2020-06-01T17:38:37.000Z</time>
      </trkpt>
      <trkpt lat="44.005270" lon="5.183880">
        <ele>220.2</ele>
        <time>2020-06-01T17:38:42.000Z</time>
      </trkpt>
      <trkpt lat="44.005290" lon="5.183870">
        <ele>220.3</ele>
        <time>2020-06-01T17:38:43.000Z</time>
      </trkpt>
      <trkpt lat="44.005310" lon="5.183850">
        <ele>220.4</ele>
        <time>2020-06-01T17:38:44.000Z</time>
      </trkpt>
      <trkpt lat="44.005320" lon="5.183810">
        <ele>220.5</ele>
        <time>2020-06-01T17:38:46.000Z</time>
      </trkpt>
      <trkpt lat="44.005290" lon="5.183680">
        <ele>220.5</ele>
        <time>2020-06-01T17:38:51.000Z</time>
      </trkpt>
      <trkpt lat="44.005210" lon="5.183490">
        <ele>220.2</ele>
        <time>2020-06-01T17:38:59.000Z</time>
      </trkpt>
      <trkpt lat="44.005160" lon="5.183420">
        <ele>219.9</ele>
        <time>2020-06-01T17:39:02.000Z</time>
      </trkpt>
      <trkpt lat="44.005130" lon="5.183350">
        <ele>219.8</ele>
        <time>2020-06-01T17:39:05.000Z</time>
      </trkpt>
      <trkpt lat="44.005080" lon="5.182910">
        <ele>219.2</ele>
        <time>2020-06-01T17:39:21.000Z</time>
      </trkpt>
      <trkpt lat="44.004910" lon="5.182540">
        <ele>218.3</ele>
        <time>2020-06-01T17:39:37.000Z</time>
      </trkpt>
      <trkpt lat="44.004700" lon="5.182040">
        <ele>218.9</ele>
        <time>2020-06-01T17:39:58.000Z</time>
      </trkpt>
      <trkpt lat="44.004660" lon="5.181830">
        <ele>219.0</ele>
        <time>2020-06-01T17:40:06.000Z</time>
      </trkpt>
      <trkpt lat="44.004590" lon="5.181590">
        <ele>219.1</ele>
        <time>2020-06-01T17:40:15.000Z</time>
      </trkpt>
      <trkpt lat="44.004430" lon="5.181230">
        <ele>219.3</ele>
        <time>2020-06-01T17:40:30.000Z</time>
      </trkpt>
      <trkpt lat="44.004310" lon="5.181050">
        <ele>218.9</ele>
        <time>2020-06-01T17:40:39.000Z</time>
      </trkpt>
      <trkpt lat="44.004190" lon="5.180910">
        <ele>218.2</ele>
        <time>2020-06-01T17:40:47.000Z</time>
      </trkpt>
      <trkpt lat="44.004140" lon="5.180740">
        <ele>218.1</ele>
        <time>2020-06-01T17:40:53.000Z</time>
      </trkpt>
      <trkpt lat="44.004130" lon="5.180560">
        <ele>218.3</ele>
        <time>2020-06-01T17:41:00.000Z</time>
      </trkpt>
      <trkpt lat="44.004150" lon="5.180340">
        <ele>218.6</ele>
        <time>2020-06-01T17:41:08.000Z</time>
      </trkpt>
      <trkpt lat="44.004130" lon="5.180260">
        <ele>218.6</ele>
        <time>2020-06-01T17:41:11.000Z</time>
      </trkpt>
      <trkpt lat="44.004090" lon="5.180180">
        <ele>218.7</ele>
        <time>2020-06-01T17:41:15.000Z</time>
      </trkpt>
      <trkpt lat="44.004010" lon="5.180140">
        <ele>218.6</ele>
        <time>2020-06-01T17:41:19.000Z</time>
      </trkpt>
      <trkpt lat="44.003810" lon="5.180140">
        <ele>218.2</ele>
        <time>2020-06-01T17:41:29.000Z</time>
      </trkpt>
      <trkpt lat="44.003810" lon="5.180140">
        <ele>218.2</ele>
        <time>2020-06-01T17:41:29.000Z</time>
      </trkpt>
      <trkpt lat="44.003730" lon="5.180110">
        <ele>218.0</ele>
        <time>2020-06-01T17:41:33.000Z</time>
      </trkpt>
      <trkpt lat="44.003600" lon="5.179870">
        <ele>217.9</ele>
        <time>2020-06-01T17:41:44.000Z</time>
      </trkpt>
      <trkpt lat="44.003430" lon="5.179730">
        <ele>217.4</ele>
        <time>2020-06-01T17:41:54.000Z</time>
      </trkpt>
      <trkpt lat="44.003210" lon="5.179520">
        <ele>216.9</ele>
        <time>2020-06-01T17:42:07.000Z</time>
      </trkpt>
      <trkpt lat="44.003040" lon="5.179300">
        <ele>216.6</ele>
        <time>2020-06-01T17:42:19.000Z</time>
      </trkpt>
      <trkpt lat="44.002940" lon="5.179270">
        <ele>216.5</ele>
        <time>2020-06-01T17:42:24.000Z</time>
      </trkpt>
      <trkpt lat="44.002700" lon="5.179240">
        <ele>216.2</ele>
        <time>2020-06-01T17:42:36.000Z</time>
      </trkpt>
      <trkpt lat="44.002700" lon="5.179240">
        <ele>216.2</ele>
        <time>2020-06-01T17:42:58.000Z</time>
      </trkpt>
      <trkpt lat="44.002850" lon="5.179990">
        <ele>216.4</ele>
        <time>2020-06-01T17:43:26.000Z</time>
      </trkpt>
      <trkpt lat="44.002930" lon="5.180110">
        <ele>216.8</ele>
        <time>2020-06-01T17:43:32.000Z</time>
      </trkpt>
      <trkpt lat="44.002910" lon="5.180180">
        <ele>216.9</ele>
        <time>2020-06-01T17:43:35.000Z</time>
      </trkpt>
      <trkpt lat="44.002920" lon="5.180310">
        <ele>217.2</ele>
        <time>2020-06-01T17:43:40.000Z</time>
      </trkpt>
      <trkpt lat="44.002900" lon="5.180410">
        <ele>217.4</ele>
        <time>2020-06-01T17:43:43.000Z</time>
      </trkpt>
      <trkpt lat="44.003000" lon="5.180690">
        <ele>218.3</ele>
        <time>2020-06-01T17:43:55.000Z</time>
      </trkpt>
      <trkpt lat="44.003030" lon="5.180830">
        <ele>218.6</ele>
        <time>2020-06-01T17:44:00.000Z</time>
      </trkpt>
      <trkpt lat="44.003030" lon="5.181030">
        <ele>219.0</ele>
        <time>2020-06-01T17:44:07.000Z</time>
      </trkpt>
      <trkpt lat="44.003010" lon="5.181130">
        <ele>219.1</ele>
        <time>2020-06-01T17:44:11.000Z</time>
      </trkpt>
      <trkpt lat="44.002920" lon="5.181270">
        <ele>219.5</ele>
        <time>2020-06-01T17:44:18.000Z</time>
      </trkpt>
      <trkpt lat="44.002900" lon="5.181380">
        <ele>219.8</ele>
        <time>2020-06-01T17:44:22.000Z</time>
      </trkpt>
      <trkpt lat="44.002870" lon="5.181870">
        <ele>220.7</ele>
        <time>2020-06-01T17:44:39.000Z</time>
      </trkpt>
      <trkpt lat="44.002870" lon="5.181870">
        <ele>220.7</ele>
        <time>2020-06-01T17:44:39.000Z</time>
      </trkpt>
      <trkpt lat="44.002850" lon="5.181940">
        <ele>220.9</ele>
        <time>2020-06-01T17:44:42.000Z</time>
      </trkpt>
      <trkpt lat="44.002790" lon="5.182010">
        <ele>221.3</ele>
        <time>2020-06-01T17:44:46.000Z</time>
      </trkpt>
      <trkpt lat="44.002540" lon="5.182220">
        <ele>223.6</ele>
        <time>2020-06-01T17:45:01.000Z</time>
      </trkpt>
      <trkpt lat="44.002220" lon="5.182430">
        <ele>230.2</ele>
        <time>2020-06-01T17:45:18.000Z</time>
      </trkpt>
      <trkpt lat="44.002140" lon="5.182450">
        <ele>231.8</ele>
        <time>2020-06-01T17:45:22.000Z</time>
      </trkpt>
      <trkpt lat="44.001980" lon="5.182630">
        <ele>236.2</ele>
        <time>2020-06-01T17:45:33.000Z</time>
      </trkpt>
      <trkpt lat="44.001740" lon="5.182780">
        <ele>243.2</ele>
        <time>2020-06-01T17:45:46.000Z</time>
      </trkpt>
      <trkpt lat="44.001660" lon="5.182890">
        <ele>246.8</ele>
        <time>2020-06-01T17:45:51.000Z</time>
      </trkpt>
      <trkpt lat="44.001620" lon="5.182910">
        <ele>248.2</ele>
        <time>2020-06-01T17:45:54.000Z</time>
      </trkpt>
      <trkpt lat="44.001160" lon="5.182790">
        <ele>260.5</ele>
        <time>2020-06-01T17:46:17.000Z</time>
      </trkpt>
      <trkpt lat="44.001070" lon="5.182800">
        <ele>263.4</ele>
        <time>2020-06-01T17:46:22.000Z</time>
      </trkpt>
      <trkpt lat="44.001000" lon="5.182840">
        <ele>266.0</ele>
        <time>2020-06-01T17:46:25.000Z</time>
      </trkpt>
      <trkpt lat="44.000950" lon="5.182890">
        <ele>268.2</ele>
        <time>2020-06-01T17:46:28.000Z</time>
      </trkpt>
      <trkpt lat="44.000800" lon="5.183120">
        <ele>274.8</ele>
        <time>2020-06-01T17:46:40.000Z</time>
      </trkpt>
      <trkpt lat="44.000630" lon="5.183250">
        <ele>278.6</ele>
        <time>2020-06-01T17:46:49.000Z</time>
      </trkpt>
      <trkpt lat="44.000580" lon="5.183340">
        <ele>280.0</ele>
        <time>2020-06-01T17:46:53.000Z</time>
      </trkpt>
      <trkpt lat="44.000290" lon="5.183640">
        <ele>293.6</ele>
        <time>2020-06-01T17:47:11.000Z</time>
      </trkpt>
      <trkpt lat="44.000120" lon="5.183650">
        <ele>296.5</ele>
        <time>2020-06-01T17:47:20.000Z</time>
      </trkpt>
      <trkpt lat="43.999840" lon="5.183740">
        <ele>302.8</ele>
        <time>2020-06-01T17:47:34.000Z</time>
      </trkpt>
      <trkpt lat="43.999750" lon="5.183770">
        <ele>304.4</ele>
        <time>2020-06-01T17:47:39.000Z</time>
      </trkpt>
      <trkpt lat="43.999660" lon="5.183840">
        <ele>307.3</ele>
        <time>2020-06-01T17:47:44.000Z</time>
      </trkpt>
      <trkpt lat="43.999520" lon="5.183830">
        <ele>307.7</ele>
        <time>2020-06-01T17:47:51.000Z</time>
      </trkpt>
      <trkpt lat="43.999430" lon="5.183880">
        <ele>309.5</ele>
        <time>2020-06-01T17:47:56.000Z</time>
      </trkpt>
      <trkpt lat="43.998960" lon="5.183960">
        <ele>315.5</ele>
        <time>2020-06-01T17:48:20.000Z</time>
      </trkpt>
      <trkpt lat="43.998690" lon="5.184080">
        <ele>320.9</ele>
        <time>2020-06-01T17:48:34.000Z</time>
      </trkpt>
      <trkpt lat="43.998660" lon="5.184080">
        <ele>321.3</ele>
        <time>2020-06-01T17:48:35.000Z</time>
      </trkpt>
      <trkpt lat="43.998580" lon="5.183980">
        <ele>321.7</ele>
        <time>2020-06-01T17:48:41.000Z</time>
      </trkpt>
      <trkpt lat="43.998540" lon="5.183980">
        <ele>322.3</ele>
        <time>2020-06-01T17:48:43.000Z</time>
      </trkpt>
      <trkpt lat="43.998380" lon="5.184140">
        <ele>325.3</ele>
        <time>2020-06-01T17:48:53.000Z</time>
      </trkpt>
      <trkpt lat="43.998160" lon="5.184340">
        <ele>333.8</ele>
        <time>2020-06-01T17:49:06.000Z</time>
      </trkpt>
      <trkpt lat="43.998160" lon="5.184340">
        <ele>333.8</ele>
        <time>2020-06-01T17:49:06.000Z</time>
      </trkpt>
      <trkpt lat="43.997820" lon="5.184900">
        <ele>348.1</ele>
        <time>2020-06-01T17:49:32.000Z</time>
      </trkpt>
      <trkpt lat="43.997710" lon="5.185040">
        <ele>349.7</ele>
        <time>2020-06-01T17:49:40.000Z</time>
      </trkpt>
      <trkpt lat="43.997550" lon="5.185290">
        <ele>353.5</ele>
        <time>2020-06-01T17:49:52.000Z</time>
      </trkpt>
      <trkpt lat="43.997350" lon="5.185390">
        <ele>355.0</ele>
        <time>2020-06-01T17:50:02.000Z</time>
      </trkpt>
      <trkpt lat="43.997270" lon="5.185520">
        <ele>357.2</ele>
        <time>2020-06-01T17:50:08.000Z</time>
      </trkpt>
      <trkpt lat="43.996990" lon="5.185610">
        <ele>356.7</ele>
        <time>2020-06-01T17:50:23.000Z</time>
      </trkpt>
      <trkpt lat="43.996920" lon="5.185650">
        <ele>356.6</ele>
        <time>2020-06-01T17:50:27.000Z</time>
      </trkpt>
      <trkpt lat="43.996660" lon="5.185950">
        <ele>358.1</ele>
        <time>2020-06-01T17:50:44.000Z</time>
      </trkpt>
      <trkpt lat="43.996530" lon="5.186190">
        <ele>363.9</ele>
        <time>2020-06-01T17:50:54.000Z</time>
      </trkpt>
      <trkpt lat="43.996470" lon="5.186240">
        <ele>364.9</ele>
        <time>2020-06-01T17:50:58.000Z</time>
      </trkpt>
      <trkpt lat="43.996210" lon="5.186310">
        <ele>364.9</ele>
        <time>2020-06-01T17:51:11.000Z</time>
      </trkpt>
      <trkpt lat="43.996080" lon="5.186380">
        <ele>365.1</ele>
        <time>2020-06-01T17:51:18.000Z</time>
      </trkpt>
      <trkpt lat="43.995750" lon="5.186460">
        <ele>364.3</ele>
        <time>2020-06-01T17:51:35.000Z</time>
      </trkpt>
      <trkpt lat="43.995640" lon="5.186470">
        <ele>365.0</ele>
        <time>2020-06-01T17:51:40.000Z</time>
      </trkpt>
      <trkpt lat="43.995490" lon="5.186360">
        <ele>366.3</ele>
        <time>2020-06-01T17:51:49.000Z</time>
      </trkpt>
      <trkpt lat="43.995300" lon="5.186330">
        <ele>368.3</ele>
        <time>2020-06-01T17:51:58.000Z</time>
      </trkpt>
      <trkpt lat="43.995210" lon="5.186360">
        <ele>368.9</ele>
        <time>2020-06-01T17:52:03.000Z</time>
      </trkpt>
      <trkpt lat="43.995210" lon="5.186360">
        <ele>368.9</ele>
        <time>2020-06-01T17:52:03.000Z</time>
      </trkpt>
      <trkpt lat="43.995120" lon="5.186440">
        <ele>368.8</ele>
        <time>2020-06-01T17:52:08.000Z</time>
      </trkpt>
      <trkpt lat="43.994810" lon="5.186900">
        <ele>373.8</ele>
        <time>2020-06-01T17:52:31.000Z</time>
      </trkpt>
      <trkpt lat="43.994160" lon="5.187590">
        <ele>383.3</ele>
        <time>2020-06-01T17:53:12.000Z</time>
      </trkpt>
      <trkpt lat="43.994080" lon="5.187760">
        <ele>385.5</ele>
        <time>2020-06-01T17:53:19.000Z</time>
      </trkpt>
      <trkpt lat="43.994020" lon="5.187940">
        <ele>387.5</ele>
        <time>2020-06-01T17:53:26.000Z</time>
      </trkpt>
      <trkpt lat="43.993900" lon="5.188070">
        <ele>388.2</ele>
        <time>2020-06-01T17:53:34.000Z</time>
      </trkpt>
      <trkpt lat="43.993690" lon="5.188210">
        <ele>387.9</ele>
        <time>2020-06-01T17:53:46.000Z</time>
      </trkpt>
      <trkpt lat="43.993440" lon="5.188310">
        <ele>386.1</ele>
        <time>2020-06-01T17:53:59.000Z</time>
      </trkpt>
      <trkpt lat="43.993330" lon="5.188380">
        <ele>385.6</ele>
        <time>2020-06-01T17:54:05.000Z</time>
      </trkpt>
      <trkpt lat="43.993300" lon="5.188370">
        <ele>385.8</ele>
        <time>2020-06-01T17:54:06.000Z</time>
      </trkpt>
      <trkpt lat="43.993180" lon="5.188260">
        <ele>386.6</ele>
        <time>2020-06-01T17:54:14.000Z</time>
      </trkpt>
      <trkpt lat="43.993100" lon="5.188270">
        <ele>387.5</ele>
        <time>2020-06-01T17:54:18.000Z</time>
      </trkpt>
      <trkpt lat="43.992910" lon="5.188330">
        <ele>389.6</ele>
        <time>2020-06-01T17:54:27.000Z</time>
      </trkpt>
      <trkpt lat="43.992560" lon="5.188560">
        <ele>395.8</ele>
        <time>2020-06-01T17:54:47.000Z</time>
      </trkpt>
      <trkpt lat="43.992350" lon="5.188580">
        <ele>398.9</ele>
        <time>2020-06-01T17:54:57.000Z</time>
      </trkpt>
      <trkpt lat="43.992200" lon="5.188540">
        <ele>400.8</ele>
        <time>2020-06-01T17:55:05.000Z</time>
      </trkpt>
      <trkpt lat="43.991900" lon="5.188520">
        <ele>405.3</ele>
        <time>2020-06-01T17:55:20.000Z</time>
      </trkpt>
      <trkpt lat="43.991780" lon="5.188490">
        <ele>407.2</ele>
        <time>2020-06-01T17:55:26.000Z</time>
      </trkpt>
      <trkpt lat="43.991660" lon="5.188510">
        <ele>409.0</ele>
        <time>2020-06-01T17:55:32.000Z</time>
      </trkpt>
      <trkpt lat="43.991400" lon="5.188360">
        <ele>410.3</ele>
        <time>2020-06-01T17:55:46.000Z</time>
      </trkpt>
      <trkpt lat="43.991320" lon="5.188280">
        <ele>410.8</ele>
        <time>2020-06-01T17:55:51.000Z</time>
      </trkpt>
      <trkpt lat="43.991190" lon="5.188120">
        <ele>411.6</ele>
        <time>2020-06-01T17:56:00.000Z</time>
      </trkpt>
      <trkpt lat="43.990840" lon="5.187780">
        <ele>412.3</ele>
        <time>2020-06-01T17:56:21.000Z</time>
      </trkpt>
      <trkpt lat="43.991200" lon="5.187270">
        <ele>411.9</ele>
        <time>2020-06-01T17:56:47.000Z</time>
      </trkpt>
      <trkpt lat="43.991200" lon="5.187270">
        <ele>411.9</ele>
        <time>2020-06-01T17:56:47.000Z</time>
      </trkpt>
      <trkpt lat="43.991290" lon="5.187190">
        <ele>411.8</ele>
        <time>2020-06-01T17:56:52.000Z</time>
      </trkpt>
      <trkpt lat="43.991410" lon="5.187130">
        <ele>411.8</ele>
        <time>2020-06-01T17:56:59.000Z</time>
      </trkpt>
      <trkpt lat="43.991760" lon="5.187010">
        <ele>411.3</ele>
        <time>2020-06-01T17:57:17.000Z</time>
      </trkpt>
      <trkpt lat="43.991940" lon="5.186910">
        <ele>410.5</ele>
        <time>2020-06-01T17:57:26.000Z</time>
      </trkpt>
      <trkpt lat="43.992110" lon="5.186770">
        <ele>410.5</ele>
        <time>2020-06-01T17:57:36.000Z</time>
      </trkpt>
      <trkpt lat="43.993140" lon="5.185620">
        <ele>409.3</ele>
        <time>2020-06-01T17:58:42.000Z</time>
      </trkpt>
      <trkpt lat="43.993520" lon="5.185250">
        <ele>408.0</ele>
        <time>2020-06-01T17:59:06.000Z</time>
      </trkpt>
      <trkpt lat="43.993730" lon="5.185100">
        <ele>407.2</ele>
        <time>2020-06-01T17:59:17.000Z</time>
      </trkpt>
      <trkpt lat="43.993730" lon="5.185100">
        <ele>407.2</ele>
        <time>2020-06-01T17:59:17.000Z</time>
      </trkpt>
      <trkpt lat="43.994140" lon="5.184730">
        <ele>404.3</ele>
        <time>2020-06-01T17:59:42.000Z</time>
      </trkpt>
      <trkpt lat="43.994270" lon="5.184650">
        <ele>402.8</ele>
        <time>2020-06-01T17:59:49.000Z</time>
      </trkpt>
      <trkpt lat="43.994420" lon="5.184620">
        <ele>401.1</ele>
        <time>2020-06-01T17:59:57.000Z</time>
      </trkpt>
      <trkpt lat="43.994570" lon="5.184620">
        <ele>399.4</ele>
        <time>2020-06-01T18:00:04.000Z</time>
      </trkpt>
      <trkpt lat="43.994780" lon="5.184690">
        <ele>397.1</ele>
        <time>2020-06-01T18:00:15.000Z</time>
      </trkpt>
      <trkpt lat="43.995090" lon="5.184750">
        <ele>392.9</ele>
        <time>2020-06-01T18:00:31.000Z</time>
      </trkpt>
      <trkpt lat="43.995190" lon="5.184740">
        <ele>390.9</ele>
        <time>2020-06-01T18:00:36.000Z</time>
      </trkpt>
      <trkpt lat="43.995290" lon="5.184660">
        <ele>389.1</ele>
        <time>2020-06-01T18:00:41.000Z</time>
      </trkpt>
      <trkpt lat="43.995440" lon="5.184490">
        <ele>387.0</ele>
        <time>2020-06-01T18:00:51.000Z</time>
      </trkpt>
      <trkpt lat="43.995550" lon="5.184320">
        <ele>386.0</ele>
        <time>2020-06-01T18:00:59.000Z</time>
      </trkpt>
      <trkpt lat="43.995630" lon="5.184140">
        <ele>385.6</ele>
        <time>2020-06-01T18:01:07.000Z</time>
      </trkpt>
      <trkpt lat="43.995710" lon="5.184040">
        <ele>384.3</ele>
        <time>2020-06-01T18:01:12.000Z</time>
      </trkpt>
      <trkpt lat="43.995980" lon="5.183820">
        <ele>379.3</ele>
        <time>2020-06-01T18:01:28.000Z</time>
      </trkpt>
      <trkpt lat="43.996180" lon="5.183630">
        <ele>375.8</ele>
        <time>2020-06-01T18:01:40.000Z</time>
      </trkpt>
      <trkpt lat="43.996320" lon="5.183430">
        <ele>374.2</ele>
        <time>2020-06-01T18:01:50.000Z</time>
      </trkpt>
      <trkpt lat="43.996610" lon="5.182740">
        <ele>367.0</ele>
        <time>2020-06-01T18:02:19.000Z</time>
      </trkpt>
      <trkpt lat="43.996630" lon="5.182560">
        <ele>365.7</ele>
        <time>2020-06-01T18:02:25.000Z</time>
      </trkpt>
      <trkpt lat="43.996610" lon="5.182440">
        <ele>365.0</ele>
        <time>2020-06-01T18:02:30.000Z</time>
      </trkpt>
      <trkpt lat="43.996510" lon="5.182320">
        <ele>364.9</ele>
        <time>2020-06-01T18:02:36.000Z</time>
      </trkpt>
      <trkpt lat="43.996330" lon="5.182170">
        <ele>365.2</ele>
        <time>2020-06-01T18:02:47.000Z</time>
      </trkpt>
      <trkpt lat="43.996260" lon="5.182020">
        <ele>364.5</ele>
        <time>2020-06-01T18:02:53.000Z</time>
      </trkpt>
      <trkpt lat="43.996250" lon="5.181840">
        <ele>362.7</ele>
        <time>2020-06-01T18:03:00.000Z</time>
      </trkpt>
      <trkpt lat="43.996500" lon="5.181250">
        <ele>354.9</ele>
        <time>2020-06-01T18:03:25.000Z</time>
      </trkpt>
      <trkpt lat="43.996710" lon="5.180580">
        <ele>346.0</ele>
        <time>2020-06-01T18:03:51.000Z</time>
      </trkpt>
      <trkpt lat="43.996760" lon="5.180250">
        <ele>343.2</ele>
        <time>2020-06-01T18:04:03.000Z</time>
      </trkpt>
      <trkpt lat="43.996820" lon="5.180060">
        <ele>341.6</ele>
        <time>2020-06-01T18:04:10.000Z</time>
      </trkpt>
      <trkpt lat="43.997340" lon="5.179130">
        <ele>331.6</ele>
        <time>2020-06-01T18:04:53.000Z</time>
      </trkpt>
      <trkpt lat="43.997340" lon="5.179130">
        <ele>331.6</ele>
        <time>2020-06-01T18:04:53.000Z</time>
      </trkpt>
      <trkpt lat="43.997410" lon="5.178910">
        <ele>328.5</ele>
        <time>2020-06-01T18:05:01.000Z</time>
      </trkpt>
      <trkpt lat="43.997430" lon="5.178720">
        <ele>326.3</ele>
        <time>2020-06-01T18:05:08.000Z</time>
      </trkpt>
      <trkpt lat="43.997420" lon="5.178530">
        <ele>324.7</ele>
        <time>2020-06-01T18:05:15.000Z</time>
      </trkpt>
      <trkpt lat="43.997440" lon="5.178360">
        <ele>322.6</ele>
        <time>2020-06-01T18:05:21.000Z</time>
      </trkpt>
      <trkpt lat="43.997690" lon="5.177930">
        <ele>319.7</ele>
        <time>2020-06-01T18:05:41.000Z</time>
      </trkpt>
      <trkpt lat="43.997690" lon="5.177860">
        <ele>320.0</ele>
        <time>2020-06-01T18:05:44.000Z</time>
      </trkpt>
      <trkpt lat="43.997670" lon="5.177820">
        <ele>320.7</ele>
        <time>2020-06-01T18:05:46.000Z</time>
      </trkpt>
      <trkpt lat="43.997640" lon="5.177790">
        <ele>321.6</ele>
        <time>2020-06-01T18:05:47.000Z</time>
      </trkpt>
      <trkpt lat="43.997570" lon="5.177800">
        <ele>323.1</ele>
        <time>2020-06-01T18:05:51.000Z</time>
      </trkpt>
      <trkpt lat="43.997080" lon="5.177960">
        <ele>329.9</ele>
        <time>2020-06-01T18:06:16.000Z</time>
      </trkpt>
      <trkpt lat="43.996680" lon="5.178200">
        <ele>338.2</ele>
        <time>2020-06-01T18:06:38.000Z</time>
      </trkpt>
      <trkpt lat="43.996450" lon="5.178440">
        <ele>338.0</ele>
        <time>2020-06-01T18:06:52.000Z</time>
      </trkpt>
      <trkpt lat="43.996450" lon="5.178440">
        <ele>338.0</ele>
        <time>2020-06-01T18:06:52.000Z</time>
      </trkpt>
      <trkpt lat="43.996180" lon="5.178650">
        <ele>338.1</ele>
        <time>2020-06-01T18:07:08.000Z</time>
      </trkpt>
      <trkpt lat="43.995900" lon="5.178710">
        <ele>338.3</ele>
        <time>2020-06-01T18:07:22.000Z</time>
      </trkpt>
      <trkpt lat="43.995800" lon="5.178740">
        <ele>338.4</ele>
        <time>2020-06-01T18:07:50.000Z</time>
      </trkpt>
      <trkpt lat="43.995810" lon="5.178620">
        <ele>335.9</ele>
        <time>2020-06-01T18:07:55.000Z</time>
      </trkpt>
      <trkpt lat="43.995860" lon="5.178460">
        <ele>332.8</ele>
        <time>2020-06-01T18:08:01.000Z</time>
      </trkpt>
      <trkpt lat="43.995930" lon="5.178340">
        <ele>331.2</ele>
        <time>2020-06-01T18:08:06.000Z</time>
      </trkpt>
      <trkpt lat="43.996020" lon="5.178230">
        <ele>330.7</ele>
        <time>2020-06-01T18:08:12.000Z</time>
      </trkpt>
      <trkpt lat="43.996100" lon="5.178080">
        <ele>329.3</ele>
        <time>2020-06-01T18:08:19.000Z</time>
      </trkpt>
      <trkpt lat="43.996360" lon="5.177450">
        <ele>324.8</ele>
        <time>2020-06-01T18:08:45.000Z</time>
      </trkpt>
      <trkpt lat="43.996340" lon="5.177340">
        <ele>322.9</ele>
        <time>2020-06-01T18:08:49.000Z</time>
      </trkpt>
      <trkpt lat="43.996250" lon="5.177150">
        <ele>319.3</ele>
        <time>2020-06-01T18:08:58.000Z</time>
      </trkpt>
      <trkpt lat="43.996190" lon="5.177110">
        <ele>318.0</ele>
        <time>2020-06-01T18:09:01.000Z</time>
      </trkpt>
      <trkpt lat="43.996180" lon="5.177080">
        <ele>317.5</ele>
        <time>2020-06-01T18:09:02.000Z</time>
      </trkpt>
      <trkpt lat="43.996200" lon="5.177030">
        <ele>317.3</ele>
        <time>2020-06-01T18:09:04.000Z</time>
      </trkpt>
      <trkpt lat="43.996190" lon="5.176980">
        <ele>316.5</ele>
        <time>2020-06-01T18:09:06.000Z</time>
      </trkpt>
      <trkpt lat="43.996090" lon="5.176920">
        <ele>314.7</ele>
        <time>2020-06-01T18:09:11.000Z</time>
      </trkpt>
      <trkpt lat="43.996080" lon="5.176900">
        <ele>314.4</ele>
        <time>2020-06-01T18:09:12.000Z</time>
      </trkpt>
      <trkpt lat="43.996130" lon="5.176630">
        <ele>312.3</ele>
        <time>2020-06-01T18:09:22.000Z</time>
      </trkpt>
      <trkpt lat="43.996160" lon="5.176590">
        <ele>312.4</ele>
        <time>2020-06-01T18:09:24.000Z</time>
      </trkpt>
      <trkpt lat="43.996190" lon="5.176590">
        <ele>312.5</ele>
        <time>2020-06-01T18:09:26.000Z</time>
      </trkpt>
      <trkpt lat="43.996260" lon="5.176500">
        <ele>312.2</ele>
        <time>2020-06-01T18:09:31.000Z</time>
      </trkpt>
      <trkpt lat="43.996330" lon="5.176360">
        <ele>311.0</ele>
        <time>2020-06-01T18:09:37.000Z</time>
      </trkpt>
      <trkpt lat="43.996330" lon="5.176180">
        <ele>309.1</ele>
        <time>2020-06-01T18:09:43.000Z</time>
      </trkpt>
      <trkpt lat="43.996300" lon="5.176110">
        <ele>308.7</ele>
        <time>2020-06-01T18:09:46.000Z</time>
      </trkpt>
      <trkpt lat="43.996270" lon="5.175980">
        <ele>307.9</ele>
        <time>2020-06-01T18:09:51.000Z</time>
      </trkpt>
      <trkpt lat="43.996280" lon="5.175820">
        <ele>306.3</ele>
        <time>2020-06-01T18:09:57.000Z</time>
      </trkpt>
      <trkpt lat="43.996350" lon="5.175610">
        <ele>303.0</ele>
        <time>2020-06-01T18:10:05.000Z</time>
      </trkpt>
      <trkpt lat="43.996360" lon="5.175350">
        <ele>300.1</ele>
        <time>2020-06-01T18:10:15.000Z</time>
      </trkpt>
      <trkpt lat="43.996310" lon="5.175240">
        <ele>299.9</ele>
        <time>2020-06-01T18:10:19.000Z</time>
      </trkpt>
      <trkpt lat="43.996140" lon="5.175040">
        <ele>301.9</ele>
        <time>2020-06-01T18:10:30.000Z</time>
      </trkpt>
      <trkpt lat="43.996100" lon="5.175030">
        <ele>302.8</ele>
        <time>2020-06-01T18:10:32.000Z</time>
      </trkpt>
      <trkpt lat="43.996050" lon="5.175040">
        <ele>304.1</ele>
        <time>2020-06-01T18:10:35.000Z</time>
      </trkpt>
      <trkpt lat="43.995980" lon="5.175090">
        <ele>306.1</ele>
        <time>2020-06-01T18:10:39.000Z</time>
      </trkpt>
      <trkpt lat="43.995780" lon="5.175140">
        <ele>310.0</ele>
        <time>2020-06-01T18:10:49.000Z</time>
      </trkpt>
      <trkpt lat="43.995500" lon="5.175280">
        <ele>312.6</ele>
        <time>2020-06-01T18:11:04.000Z</time>
      </trkpt>
      <trkpt lat="43.995450" lon="5.175280">
        <ele>312.9</ele>
        <time>2020-06-01T18:11:07.000Z</time>
      </trkpt>
      <trkpt lat="43.995370" lon="5.175260">
        <ele>313.2</ele>
        <time>2020-06-01T18:11:11.000Z</time>
      </trkpt>
      <trkpt lat="43.995180" lon="5.175090">
        <ele>311.9</ele>
        <time>2020-06-01T18:11:22.000Z</time>
      </trkpt>
      <trkpt lat="43.995130" lon="5.174990">
        <ele>310.4</ele>
        <time>2020-06-01T18:11:26.000Z</time>
      </trkpt>
      <trkpt lat="43.995110" lon="5.174870">
        <ele>308.0</ele>
        <time>2020-06-01T18:11:31.000Z</time>
      </trkpt>
      <trkpt lat="43.995130" lon="5.174690">
        <ele>304.2</ele>
        <time>2020-06-01T18:11:37.000Z</time>
      </trkpt>
      <trkpt lat="43.995120" lon="5.174600">
        <ele>302.3</ele>
        <time>2020-06-01T18:11:41.000Z</time>
      </trkpt>
      <trkpt lat="43.995090" lon="5.174550">
        <ele>301.2</ele>
        <time>2020-06-01T18:11:43.000Z</time>
      </trkpt>
      <trkpt lat="43.995040" lon="5.174510">
        <ele>300.4</ele>
        <time>2020-06-01T18:11:46.000Z</time>
      </trkpt>
      <trkpt lat="43.994920" lon="5.174460">
        <ele>299.6</ele>
        <time>2020-06-01T18:11:52.000Z</time>
      </trkpt>
      <trkpt lat="43.994860" lon="5.174390">
        <ele>298.6</ele>
        <time>2020-06-01T18:11:56.000Z</time>
      </trkpt>
      <trkpt lat="43.994820" lon="5.174170">
        <ele>294.3</ele>
        <time>2020-06-01T18:12:04.000Z</time>
      </trkpt>
      <trkpt lat="43.994860" lon="5.174090">
        <ele>292.8</ele>
        <time>2020-06-01T18:12:08.000Z</time>
      </trkpt>
      <trkpt lat="43.994860" lon="5.174090">
        <ele>292.8</ele>
        <time>2020-06-01T18:12:08.000Z</time>
      </trkpt>
      <trkpt lat="43.994980" lon="5.173950">
        <ele>289.5</ele>
        <time>2020-06-01T18:12:15.000Z</time>
      </trkpt>
      <trkpt lat="43.995150" lon="5.173710">
        <ele>285.9</ele>
        <time>2020-06-01T18:12:28.000Z</time>
      </trkpt>
      <trkpt lat="43.995230" lon="5.173420">
        <ele>281.1</ele>
        <time>2020-06-01T18:12:39.000Z</time>
      </trkpt>
      <trkpt lat="43.995240" lon="5.173220">
        <ele>278.8</ele>
        <time>2020-06-01T18:12:46.000Z</time>
      </trkpt>
      <trkpt lat="43.995290" lon="5.173180">
        <ele>278.4</ele>
        <time>2020-06-01T18:12:49.000Z</time>
      </trkpt>
      <trkpt lat="43.995310" lon="5.172890">
        <ele>275.4</ele>
        <time>2020-06-01T18:12:59.000Z</time>
      </trkpt>
      <trkpt lat="43.995230" lon="5.172620">
        <ele>273.3</ele>
        <time>2020-06-01T18:13:10.000Z</time>
      </trkpt>
      <trkpt lat="43.995210" lon="5.172520">
        <ele>272.6</ele>
        <time>2020-06-01T18:13:14.000Z</time>
      </trkpt>
      <trkpt lat="43.995240" lon="5.172440">
        <ele>272.8</ele>
        <time>2020-06-01T18:13:17.000Z</time>
      </trkpt>
      <trkpt lat="43.995520" lon="5.172160">
        <ele>271.1</ele>
        <time>2020-06-01T18:13:34.000Z</time>
      </trkpt>
      <trkpt lat="43.995770" lon="5.171840">
        <ele>267.9</ele>
        <time>2020-06-01T18:13:51.000Z</time>
      </trkpt>
      <trkpt lat="43.996020" lon="5.171450">
        <ele>263.7</ele>
        <time>2020-06-01T18:14:10.000Z</time>
      </trkpt>
      <trkpt lat="43.996020" lon="5.171450">
        <ele>263.7</ele>
        <time>2020-06-01T18:14:10.000Z</time>
      </trkpt>
      <trkpt lat="43.996370" lon="5.170910">
        <ele>255.4</ele>
        <time>2020-06-01T18:14:36.000Z</time>
      </trkpt>
      <trkpt lat="43.996420" lon="5.170780">
        <ele>254.2</ele>
        <time>2020-06-01T18:14:41.000Z</time>
      </trkpt>
      <trkpt lat="43.996540" lon="5.170330">
        <ele>253.6</ele>
        <time>2020-06-01T18:14:59.000Z</time>
      </trkpt>
      <trkpt lat="43.996530" lon="5.170220">
        <ele>254.7</ele>
        <time>2020-06-01T18:15:03.000Z</time>
      </trkpt>
      <trkpt lat="43.996520" lon="5.170080">
        <ele>256.1</ele>
        <time>2020-06-01T18:15:08.000Z</time>
      </trkpt>
      <trkpt lat="43.996480" lon="5.170010">
        <ele>258.0</ele>
        <time>2020-06-01T18:15:11.000Z</time>
      </trkpt>
      <trkpt lat="43.996380" lon="5.169930">
        <ele>261.5</ele>
        <time>2020-06-01T18:15:17.000Z</time>
      </trkpt>
      <trkpt lat="43.996280" lon="5.169790">
        <ele>264.8</ele>
        <time>2020-06-01T18:15:24.000Z</time>
      </trkpt>
      <trkpt lat="43.996180" lon="5.169720">
        <ele>268.1</ele>
        <time>2020-06-01T18:15:29.000Z</time>
      </trkpt>
      <trkpt lat="43.996050" lon="5.169570">
        <ele>272.3</ele>
        <time>2020-06-01T18:15:38.000Z</time>
      </trkpt>
      <trkpt lat="43.995920" lon="5.169480">
        <ele>276.4</ele>
        <time>2020-06-01T18:15:45.000Z</time>
      </trkpt>
      <trkpt lat="43.995610" lon="5.169190">
        <ele>281.4</ele>
        <time>2020-06-01T18:16:04.000Z</time>
      </trkpt>
      <trkpt lat="43.995560" lon="5.169150">
        <ele>282.0</ele>
        <time>2020-06-01T18:16:07.000Z</time>
      </trkpt>
      <trkpt lat="43.995370" lon="5.169000">
        <ele>284.1</ele>
        <time>2020-06-01T18:16:18.000Z</time>
      </trkpt>
      <trkpt lat="43.995270" lon="5.168940">
        <ele>285.4</ele>
        <time>2020-06-01T18:16:23.000Z</time>
      </trkpt>
      <trkpt lat="43.995190" lon="5.168830">
        <ele>286.5</ele>
        <time>2020-06-01T18:16:29.000Z</time>
      </trkpt>
      <trkpt lat="43.994950" lon="5.168310">
        <ele>290.0</ele>
        <time>2020-06-01T18:16:51.000Z</time>
      </trkpt>
      <trkpt lat="43.994860" lon="5.168200">
        <ele>289.9</ele>
        <time>2020-06-01T18:16:57.000Z</time>
      </trkpt>
      <trkpt lat="43.994760" lon="5.168130">
        <ele>289.6</ele>
        <time>2020-06-01T18:17:03.000Z</time>
      </trkpt>
      <trkpt lat="43.994620" lon="5.168090">
        <ele>289.2</ele>
        <time>2020-06-01T18:17:10.000Z</time>
      </trkpt>
      <trkpt lat="43.994610" lon="5.168050">
        <ele>289.0</ele>
        <time>2020-06-01T18:17:11.000Z</time>
      </trkpt>
      <trkpt lat="43.994690" lon="5.167590">
        <ele>287.4</ele>
        <time>2020-06-01T18:17:28.000Z</time>
      </trkpt>
      <trkpt lat="43.994670" lon="5.167210">
        <ele>284.0</ele>
        <time>2020-06-01T18:17:42.000Z</time>
      </trkpt>
      <trkpt lat="43.994650" lon="5.167110">
        <ele>283.0</ele>
        <time>2020-06-01T18:17:46.000Z</time>
      </trkpt>
      <trkpt lat="43.994630" lon="5.167020">
        <ele>282.0</ele>
        <time>2020-06-01T18:17:49.000Z</time>
      </trkpt>
      <trkpt lat="43.994630" lon="5.166960">
        <ele>281.4</ele>
        <time>2020-06-01T18:17:51.000Z</time>
      </trkpt>
      <trkpt lat="43.994630" lon="5.166940">
        <ele>281.3</ele>
        <time>2020-06-01T18:17:52.000Z</time>
      </trkpt>
      <trkpt lat="43.994610" lon="5.166830">
        <ele>280.1</ele>
        <time>2020-06-01T18:17:56.000Z</time>
      </trkpt>
      <trkpt lat="43.994560" lon="5.166680">
        <ele>278.5</ele>
        <time>2020-06-01T18:18:02.000Z</time>
      </trkpt>
      <trkpt lat="43.994510" lon="5.166580">
        <ele>277.2</ele>
        <time>2020-06-01T18:18:06.000Z</time>
      </trkpt>
      <trkpt lat="43.994450" lon="5.166380">
        <ele>275.2</ele>
        <time>2020-06-01T18:18:14.000Z</time>
      </trkpt>
      <trkpt lat="43.994440" lon="5.166170">
        <ele>273.3</ele>
        <time>2020-06-01T18:18:22.000Z</time>
      </trkpt>
      <trkpt lat="43.994570" lon="5.165630">
        <ele>268.4</ele>
        <time>2020-06-01T18:18:42.000Z</time>
      </trkpt>
      <trkpt lat="43.994630" lon="5.165330">
        <ele>265.9</ele>
        <time>2020-06-01T18:18:54.000Z</time>
      </trkpt>
      <trkpt lat="43.994650" lon="5.165000">
        <ele>263.3</ele>
        <time>2020-06-01T18:19:05.000Z</time>
      </trkpt>
      <trkpt lat="43.994710" lon="5.164740">
        <ele>261.9</ele>
        <time>2020-06-01T18:19:15.000Z</time>
      </trkpt>
      <trkpt lat="43.994900" lon="5.164130">
        <ele>259.5</ele>
        <time>2020-06-01T18:19:39.000Z</time>
      </trkpt>
      <trkpt lat="43.995010" lon="5.163790">
        <ele>257.2</ele>
        <time>2020-06-01T18:19:53.000Z</time>
      </trkpt>
      <trkpt lat="43.995100" lon="5.163540">
        <ele>255.0</ele>
        <time>2020-06-01T18:20:03.000Z</time>
      </trkpt>
      <trkpt lat="43.995100" lon="5.163540">
        <ele>255.0</ele>
        <time>2020-06-01T18:20:03.000Z</time>
      </trkpt>
      <trkpt lat="43.995170" lon="5.162850">
        <ele>247.0</ele>
        <time>2020-06-01T18:20:28.000Z</time>
      </trkpt>
      <trkpt lat="43.995240" lon="5.162570">
        <ele>243.4</ele>
        <time>2020-06-01T18:20:39.000Z</time>
      </trkpt>
      <trkpt lat="43.995560" lon="5.162010">
        <ele>233.8</ele>
        <time>2020-06-01T18:21:04.000Z</time>
      </trkpt>
      <trkpt lat="43.995720" lon="5.161780">
        <ele>229.2</ele>
        <time>2020-06-01T18:21:16.000Z</time>
      </trkpt>
      <trkpt lat="43.996070" lon="5.161400">
        <ele>215.9</ele>
        <time>2020-06-01T18:21:38.000Z</time>
      </trkpt>
      <trkpt lat="43.996200" lon="5.161210">
        <ele>209.7</ele>
        <time>2020-06-01T18:21:47.000Z</time>
      </trkpt>
      <trkpt lat="43.996200" lon="5.161210">
        <ele>209.7</ele>
        <time>2020-06-01T18:21:47.000Z</time>
      </trkpt>
      <trkpt lat="43.996850" lon="5.160640">
        <ele>193.4</ele>
        <time>2020-06-01T18:22:26.000Z</time>
      </trkpt>
      <trkpt lat="43.996970" lon="5.160580">
        <ele>192.8</ele>
        <time>2020-06-01T18:22:32.000Z</time>
      </trkpt>
      <trkpt lat="43.997070" lon="5.160460">
        <ele>192.1</ele>
        <time>2020-06-01T18:22:39.000Z</time>
      </trkpt>
      <trkpt lat="43.997180" lon="5.160260">
        <ele>191.5</ele>
        <time>2020-06-01T18:22:48.000Z</time>
      </trkpt>
      <trkpt lat="43.997270" lon="5.160060">
        <ele>191.1</ele>
        <time>2020-06-01T18:22:56.000Z</time>
      </trkpt>
      <trkpt lat="43.997310" lon="5.159900">
        <ele>190.7</ele>
        <time>2020-06-01T18:23:03.000Z</time>
      </trkpt>
      <trkpt lat="43.997310" lon="5.159690">
        <ele>190.1</ele>
        <time>2020-06-01T18:23:10.000Z</time>
      </trkpt>
      <trkpt lat="43.997300" lon="5.159520">
        <ele>189.7</ele>
        <time>2020-06-01T18:23:16.000Z</time>
      </trkpt>
      <trkpt lat="43.997350" lon="5.159350">
        <ele>189.1</ele>
        <time>2020-06-01T18:23:23.000Z</time>
      </trkpt>
      <trkpt lat="43.997400" lon="5.159180">
        <ele>188.4</ele>
        <time>2020-06-01T18:23:29.000Z</time>
      </trkpt>
      <trkpt lat="43.997460" lon="5.159060">
        <ele>188.3</ele>
        <time>2020-06-01T18:23:35.000Z</time>
      </trkpt>
      <trkpt lat="43.997590" lon="5.158920">
        <ele>189.8</ele>
        <time>2020-06-01T18:23:43.000Z</time>
      </trkpt>
      <trkpt lat="43.997680" lon="5.158900">
        <ele>191.5</ele>
        <time>2020-06-01T18:23:48.000Z</time>
      </trkpt>
      <trkpt lat="43.997730" lon="5.158910">
        <ele>192.2</ele>
        <time>2020-06-01T18:23:50.000Z</time>
      </trkpt>
      <trkpt lat="43.997770" lon="5.158950">
        <ele>192.8</ele>
        <time>2020-06-01T18:23:53.000Z</time>
      </trkpt>
      <trkpt lat="43.997860" lon="5.159180">
        <ele>193.2</ele>
        <time>2020-06-01T18:24:02.000Z</time>
      </trkpt>
      <trkpt lat="43.998040" lon="5.159360">
        <ele>195.3</ele>
        <time>2020-06-01T18:24:13.000Z</time>
      </trkpt>
      <trkpt lat="43.998070" lon="5.159380">
        <ele>195.6</ele>
        <time>2020-06-01T18:24:15.000Z</time>
      </trkpt>
      <trkpt lat="43.998150" lon="5.159390">
        <ele>196.5</ele>
        <time>2020-06-01T18:24:19.000Z</time>
      </trkpt>
      <trkpt lat="43.998170" lon="5.159400">
        <ele>196.7</ele>
        <time>2020-06-01T18:24:20.000Z</time>
      </trkpt>
      <trkpt lat="43.998190" lon="5.159420">
        <ele>196.9</ele>
        <time>2020-06-01T18:24:21.000Z</time>
      </trkpt>
      <trkpt lat="43.998220" lon="5.159420">
        <ele>197.2</ele>
        <time>2020-06-01T18:24:23.000Z</time>
      </trkpt>
      <trkpt lat="43.998270" lon="5.159370">
        <ele>198.1</ele>
        <time>2020-06-01T18:24:26.000Z</time>
      </trkpt>
      <trkpt lat="43.998290" lon="5.159340">
        <ele>198.5</ele>
        <time>2020-06-01T18:24:27.000Z</time>
      </trkpt>
      <trkpt lat="43.998100" lon="5.158060">
        <ele>205.0</ele>
        <time>2020-06-01T18:25:14.000Z</time>
      </trkpt>
      <trkpt lat="43.998070" lon="5.157760">
        <ele>206.7</ele>
        <time>2020-06-01T18:25:25.000Z</time>
      </trkpt>
      <trkpt lat="43.998060" lon="5.157420">
        <ele>208.7</ele>
        <time>2020-06-01T18:25:37.000Z</time>
      </trkpt>
      <trkpt lat="43.998080" lon="5.157290">
        <ele>209.7</ele>
        <time>2020-06-01T18:25:42.000Z</time>
      </trkpt>
      <trkpt lat="43.998260" lon="5.156640">
        <ele>217.5</ele>
        <time>2020-06-01T18:26:07.000Z</time>
      </trkpt>
      <trkpt lat="43.998280" lon="5.156430">
        <ele>217.1</ele>
        <time>2020-06-01T18:26:15.000Z</time>
      </trkpt>
      <trkpt lat="43.998350" lon="5.153200">
        <ele>200.8</ele>
        <time>2020-06-01T18:28:11.000Z</time>
      </trkpt>
      <trkpt lat="43.998350" lon="5.153200">
        <ele>200.8</ele>
        <time>2020-06-01T18:28:11.000Z</time>
      </trkpt>
      <trkpt lat="43.998350" lon="5.152750">
        <ele>195.5</ele>
        <time>2020-06-01T18:28:27.000Z</time>
      </trkpt>
      <trkpt lat="43.998330" lon="5.152200">
        <ele>189.5</ele>
        <time>2020-06-01T18:28:47.000Z</time>
      </trkpt>
      <trkpt lat="43.998340" lon="5.151990">
        <ele>187.8</ele>
        <time>2020-06-01T18:28:55.000Z</time>
      </trkpt>
      <trkpt lat="43.998430" lon="5.151370">
        <ele>186.4</ele>
        <time>2020-06-01T18:29:17.000Z</time>
      </trkpt>
      <trkpt lat="43.998430" lon="5.151370">
        <ele>186.4</ele>
        <time>2020-06-01T18:29:17.000Z</time>
      </trkpt>
      <trkpt lat="43.998480" lon="5.151190">
        <ele>186.7</ele>
        <time>2020-06-01T18:29:24.000Z</time>
      </trkpt>
      <trkpt lat="43.998720" lon="5.150650">
        <ele>188.9</ele>
        <time>2020-06-01T18:29:47.000Z</time>
      </trkpt>
      <trkpt lat="43.998930" lon="5.150090">
        <ele>188.2</ele>
        <time>2020-06-01T18:30:10.000Z</time>
      </trkpt>
      <trkpt lat="43.999130" lon="5.149620">
        <ele>189.6</ele>
        <time>2020-06-01T18:30:30.000Z</time>
      </trkpt>
      <trkpt lat="43.999130" lon="5.149610">
        <ele>189.6</ele>
        <time>2020-06-01T18:30:30.000Z</time>
      </trkpt>
      <trkpt lat="43.999110" lon="5.149530">
        <ele>189.4</ele>
        <time>2020-06-01T18:30:33.000Z</time>
      </trkpt>
      <trkpt lat="43.999070" lon="5.149340">
        <ele>189.1</ele>
        <time>2020-06-01T18:30:40.000Z</time>
      </trkpt>
      <trkpt lat="43.999030" lon="5.149230">
        <ele>188.7</ele>
        <time>2020-06-01T18:30:45.000Z</time>
      </trkpt>
      <trkpt lat="43.998910" lon="5.149080">
        <ele>187.4</ele>
        <time>2020-06-01T18:30:53.000Z</time>
      </trkpt>
      <trkpt lat="43.998650" lon="5.148890">
        <ele>184.5</ele>
        <time>2020-06-01T18:31:07.000Z</time>
      </trkpt>
      <trkpt lat="43.998370" lon="5.148630">
        <ele>181.1</ele>
        <time>2020-06-01T18:31:24.000Z</time>
      </trkpt>
      <trkpt lat="43.998250" lon="5.148590">
        <ele>181.1</ele>
        <time>2020-06-01T18:31:30.000Z</time>
      </trkpt>
      <trkpt lat="43.997920" lon="5.148600">
        <ele>183.3</ele>
        <time>2020-06-01T18:31:47.000Z</time>
      </trkpt>
      <trkpt lat="43.997720" lon="5.148520">
        <ele>184.5</ele>
        <time>2020-06-01T18:31:57.000Z</time>
      </trkpt>
      <trkpt lat="43.997670" lon="5.148450">
        <ele>184.8</ele>
        <time>2020-06-01T18:32:01.000Z</time>
      </trkpt>
      <trkpt lat="43.997680" lon="5.148250">
        <ele>185.3</ele>
        <time>2020-06-01T18:32:08.000Z</time>
      </trkpt>
      <trkpt lat="43.997670" lon="5.148210">
        <ele>185.6</ele>
        <time>2020-06-01T18:32:10.000Z</time>
      </trkpt>
      <trkpt lat="43.997530" lon="5.148460">
        <ele>185.8</ele>
        <time>2020-06-01T18:32:21.000Z</time>
      </trkpt>
      <trkpt lat="43.997420" lon="5.148430">
        <ele>187.9</ele>
        <time>2020-06-01T18:32:27.000Z</time>
      </trkpt>
      <trkpt lat="43.997320" lon="5.148320">
        <ele>190.6</ele>
        <time>2020-06-01T18:32:33.000Z</time>
      </trkpt>
      <trkpt lat="43.997310" lon="5.148250">
        <ele>191.7</ele>
        <time>2020-06-01T18:32:36.000Z</time>
      </trkpt>
      <trkpt lat="43.997330" lon="5.148080">
        <ele>192.9</ele>
        <time>2020-06-01T18:32:42.000Z</time>
      </trkpt>
      <trkpt lat="43.997340" lon="5.147670">
        <ele>196.7</ele>
        <time>2020-06-01T18:32:57.000Z</time>
      </trkpt>
      <trkpt lat="43.997290" lon="5.147330">
        <ele>202.9</ele>
        <time>2020-06-01T18:33:09.000Z</time>
      </trkpt>
      <trkpt lat="43.997270" lon="5.147290">
        <ele>204.3</ele>
        <time>2020-06-01T18:33:11.000Z</time>
      </trkpt>
      <trkpt lat="43.997150" lon="5.147300">
        <ele>208.4</ele>
        <time>2020-06-01T18:33:17.000Z</time>
      </trkpt>
      <trkpt lat="43.997060" lon="5.147280">
        <ele>211.8</ele>
        <time>2020-06-01T18:33:21.000Z</time>
      </trkpt>
      <trkpt lat="43.997010" lon="5.147240">
        <ele>214.1</ele>
        <time>2020-06-01T18:33:24.000Z</time>
      </trkpt>
      <trkpt lat="43.996950" lon="5.147150">
        <ele>217.9</ele>
        <time>2020-06-01T18:33:29.000Z</time>
      </trkpt>
      <trkpt lat="43.996900" lon="5.147000">
        <ele>222.5</ele>
        <time>2020-06-01T18:33:35.000Z</time>
      </trkpt>
      <trkpt lat="43.996850" lon="5.146790">
        <ele>228.1</ele>
        <time>2020-06-01T18:33:43.000Z</time>
      </trkpt>
      <trkpt lat="43.996850" lon="5.146720">
        <ele>229.3</ele>
        <time>2020-06-01T18:33:45.000Z</time>
      </trkpt>
      <trkpt lat="43.997000" lon="5.146470">
        <ele>229.0</ele>
        <time>2020-06-01T18:33:57.000Z</time>
      </trkpt>
      <trkpt lat="43.997370" lon="5.145980">
        <ele>225.2</ele>
        <time>2020-06-01T18:34:22.000Z</time>
      </trkpt>
      <trkpt lat="43.997320" lon="5.145960">
        <ele>227.6</ele>
        <time>2020-06-01T18:41:18.000Z</time>
      </trkpt>
      <trkpt lat="43.997230" lon="5.145980">
        <ele>230.5</ele>
        <time>2020-06-01T18:41:18.000Z</time>
      </trkpt>
      <trkpt lat="43.997150" lon="5.146020">
        <ele>232.7</ele>
        <time>2020-06-01T18:41:18.000Z</time>
      </trkpt>
      <trkpt lat="43.997130" lon="5.145970">
        <ele>234.5</ele>
        <time>2020-06-01T18:41:18.000Z</time>
      </trkpt>
      <trkpt lat="43.997140" lon="5.145900">
        <ele>235.4</ele>
        <time>2020-06-01T18:41:18.000Z</time>
      </trkpt>
      <trkpt lat="43.997180" lon="5.145810">
        <ele>235.7</ele>
        <time>2020-06-01T18:41:18.000Z</time>
      </trkpt>
      <trkpt lat="43.997170" lon="5.145770">
        <ele>236.7</ele>
        <time>2020-06-01T18:41:18.000Z</time>
      </trkpt>
      <trkpt lat="43.996830" lon="5.146200">
        <ele>241.0</ele>
        <time>2020-06-01T18:35:07.000Z</time>
      </trkpt>
      <trkpt lat="43.996750" lon="5.146330">
        <ele>241.2</ele>
        <time>2020-06-01T18:35:13.000Z</time>
      </trkpt>
      <trkpt lat="43.996720" lon="5.146350">
        <ele>242.0</ele>
        <time>2020-06-01T18:35:15.000Z</time>
      </trkpt>
      <trkpt lat="43.996630" lon="5.146590">
        <ele>240.0</ele>
        <time>2020-06-01T18:35:24.000Z</time>
      </trkpt>
      <trkpt lat="43.996370" lon="5.147070">
        <ele>239.4</ele>
        <time>2020-06-01T18:35:46.000Z</time>
      </trkpt>
      <trkpt lat="43.996350" lon="5.147050">
        <ele>240.6</ele>
        <time>2020-06-01T18:35:47.000Z</time>
      </trkpt>
      <trkpt lat="43.995960" lon="5.147420">
        <ele>244.9</ele>
        <time>2020-06-01T18:36:11.000Z</time>
      </trkpt>
      <trkpt lat="43.995960" lon="5.147420">
        <ele>244.9</ele>
        <time>2020-06-01T18:36:11.000Z</time>
      </trkpt>
      <trkpt lat="43.995270" lon="5.148680">
        <ele>247.6</ele>
        <time>2020-06-01T18:37:08.000Z</time>
      </trkpt>
      <trkpt lat="43.995270" lon="5.148680">
        <ele>247.6</ele>
        <time>2020-06-01T18:37:08.000Z</time>
      </trkpt>
      <trkpt lat="43.995270" lon="5.148680">
        <ele>247.6</ele>
        <time>2020-06-01T18:37:08.000Z</time>
      </trkpt>
      <trkpt lat="43.995270" lon="5.148680">
        <ele>247.6</ele>
        <time>2020-06-01T18:37:08.000Z</time>
      </trkpt>
      <trkpt lat="43.995030" lon="5.149030">
        <ele>249.2</ele>
        <time>2020-06-01T18:37:25.000Z</time>
      </trkpt>
      <trkpt lat="43.995030" lon="5.149030">
        <ele>249.2</ele>
        <time>2020-06-01T18:37:25.000Z</time>
      </trkpt>
      <trkpt lat="43.994540" lon="5.149350">
        <ele>264.9</ele>
        <time>2020-06-01T18:37:52.000Z</time>
      </trkpt>
      <trkpt lat="43.994540" lon="5.149350">
        <ele>264.9</ele>
        <time>2020-06-01T18:37:52.000Z</time>
      </trkpt>
      <trkpt lat="43.994460" lon="5.149320">
        <ele>267.9</ele>
        <time>2020-06-01T18:37:57.000Z</time>
      </trkpt>
      <trkpt lat="43.994460" lon="5.149320">
        <ele>267.9</ele>
        <time>2020-06-01T18:37:57.000Z</time>
      </trkpt>
      <trkpt lat="43.994690" lon="5.148910">
        <ele>264.0</ele>
        <time>2020-06-01T18:38:15.000Z</time>
      </trkpt>
      <trkpt lat="43.994690" lon="5.148910">
        <ele>264.0</ele>
        <time>2020-06-01T18:38:15.000Z</time>
      </trkpt>
      <trkpt lat="43.994710" lon="5.148550">
        <ele>270.6</ele>
        <time>2020-06-01T18:38:28.000Z</time>
      </trkpt>
      <trkpt lat="43.994710" lon="5.148550">
        <ele>270.6</ele>
        <time>2020-06-01T18:38:28.000Z</time>
      </trkpt>
      <trkpt lat="43.994700" lon="5.148140">
        <ele>278.0</ele>
        <time>2020-06-01T18:38:43.000Z</time>
      </trkpt>
      <trkpt lat="43.994463" lon="5.147889">
        <ele>287.0</ele>
        <time>2020-06-01T18:38:43.000Z</time>
      </trkpt>
      <trkpt lat="43.993893" lon="5.147823">
        <ele>292.6</ele>
        <time>2020-06-01T18:38:43.000Z</time>
      </trkpt>
      <trkpt lat="43.991995" lon="5.148524">
        <ele>297.2</ele>
        <time>2020-06-01T18:38:43.000Z</time>
      </trkpt>
      <trkpt lat="43.991561" lon="5.148847">
        <ele>300.3</ele>
        <time>2020-06-01T18:38:43.000Z</time>
      </trkpt>
      <trkpt lat="43.990460" lon="5.148944">
        <ele>299.0</ele>
        <time>2020-06-01T18:38:43.000Z</time>
      </trkpt>
      <trkpt lat="43.989728" lon="5.149238">
        <ele>303.2</ele>
        <time>2020-06-01T18:38:43.000Z</time>
      </trkpt>
      <trkpt lat="43.989217" lon="5.149246">
        <ele>308.7</ele>
        <time>2020-06-01T18:38:43.000Z</time>
      </trkpt>
      <trkpt lat="43.988722" lon="5.149091">
        <ele>313.6</ele>
        <time>2020-06-01T18:38:43.000Z</time>
      </trkpt>
      <trkpt lat="43.988446" lon="5.149224">
        <ele>317.0</ele>
        <time>2020-06-01T18:38:43.000Z</time>
      </trkpt>
      <trkpt lat="43.988265" lon="5.149520">
        <ele>319.7</ele>
        <time>2020-06-01T18:38:43.000Z</time>
      </trkpt>
      <trkpt lat="43.988265" lon="5.149520">
        <ele>319.7</ele>
        <time>2020-06-01T18:38:43.000Z</time>
      </trkpt>
      <trkpt lat="43.988026" lon="5.150090">
        <ele>322.1</ele>
        <time>2020-06-01T18:38:43.000Z</time>
      </trkpt>
    </trkseg>
  </trk>
</gpx>
