<?xml version="1.0" encoding="UTF-8"?>
<gpx version="1.3" creator="GlobeXplorer 2.8.0.0" xmlns:xsi="http://www.w3.org/2001/XMLSchema-instance" xmlns="http://www.topografix.com/GPX/1/3" xsi:schemaLocation="http://www.topografix.com/GPX/1/0 http://www.topografix.com/GPX/1/3/gpx.xsd">
<trk>
<name>Flassan final 1</name>
<color>#ff0000</color>
<trkseg>
<trkpt lat="44.097985" lon="5.24240666666667">
<ele>443.8</ele>
<speed>0.0</speed>
<time>2021-11-25T08:42:18</time>
</trkpt>
<trkpt lat="44.097985" lon="5.24240666666667">
<ele>443.8</ele>
<speed>0.0</speed>
<time>2021-11-25T08:42:33</time>
</trkpt>
<trkpt lat="44.09798" lon="5.24244">
<ele>443.8</ele>
<speed>0.0</speed>
<time>2021-11-25T08:42:38</time>
</trkpt>
<trkpt lat="44.0979833333333" lon="5.24243166666667">
<ele>443.8</ele>
<speed>0.39685082</speed>
<time>2021-11-25T08:42:39</time>
</trkpt>
<trkpt lat="44.097985" lon="5.24242666666667">
<ele>443.8</ele>
<speed>0.0</speed>
<time>2021-11-25T08:42:40</time>
</trkpt>
<trkpt lat="44.0979816666667" lon="5.24244">
<ele>443.8</ele>
<speed>0.0</speed>
<time>2021-11-25T08:42:41</time>
</trkpt>
<trkpt lat="44.097995" lon="5.242445">
<ele>443.8</ele>
<speed>0.0</speed>
<time>2021-11-25T08:42:42</time>
</trkpt>
<trkpt lat="44.0979916666667" lon="5.24242333333333">
<ele>443.8</ele>
<speed>0.50082475</speed>
<time>2021-11-25T08:42:44</time>
</trkpt>
<trkpt lat="44.0979883333333" lon="5.242405">
<ele>443.8</ele>
<speed>0.5697975</speed>
<time>2021-11-25T08:42:45</time>
</trkpt>
<trkpt lat="44.097995" lon="5.24238333333333">
<ele>443.8</ele>
<speed>0.694875</speed>
<time>2021-11-25T08:42:46</time>
</trkpt>
<trkpt lat="44.0979883333333" lon="5.24237333333333">
<ele>443.8</ele>
<speed>0.76127416</speed>
<time>2021-11-25T08:42:47</time>
</trkpt>
<trkpt lat="44.0979783333333" lon="5.24236333333333">
<ele>442.9</ele>
<speed>0.85546833</speed>
<time>2021-11-25T08:42:48</time>
</trkpt>
<trkpt lat="44.0979416666667" lon="5.24233166666667">
<ele>442.9</ele>
<speed>1.1421686</speed>
<time>2021-11-25T08:42:51</time>
</trkpt>
<trkpt lat="44.09793" lon="5.24232166666667">
<ele>442.9</ele>
<speed>1.2430542</speed>
<time>2021-11-25T08:42:52</time>
</trkpt>
<trkpt lat="44.09792" lon="5.24231666666667">
<ele>442.9</ele>
<speed>1.2940117</speed>
<time>2021-11-25T08:42:53</time>
</trkpt>
<trkpt lat="44.0979066666667" lon="5.24229333333333">
<ele>442.9</ele>
<speed>1.3835733</speed>
<time>2021-11-25T08:42:55</time>
</trkpt>
<trkpt lat="44.0979016666667" lon="5.24224666666667">
<ele>442.9</ele>
<speed>1.4057064</speed>
<time>2021-11-25T08:42:57</time>
</trkpt>
<trkpt lat="44.0979116666667" lon="5.24222333333333">
<ele>441.7</ele>
<speed>1.3923236</speed>
<time>2021-11-25T08:42:58</time>
</trkpt>
<trkpt lat="44.097925" lon="5.24221">
<ele>441.7</ele>
<speed>1.4335014</speed>
<time>2021-11-25T08:42:59</time>
</trkpt>
<trkpt lat="44.0979583333333" lon="5.24217166666667">
<ele>441.7</ele>
<speed>1.5493139</speed>
<time>2021-11-25T08:43:01</time>
</trkpt>
<trkpt lat="44.097975" lon="5.24214333333333">
<ele>441.7</ele>
<speed>1.6815975</speed>
<time>2021-11-25T08:43:02</time>
</trkpt>
<trkpt lat="44.0979933333333" lon="5.24212333333333">
<ele>441.7</ele>
<speed>1.7902039</speed>
<time>2021-11-25T08:43:03</time>
</trkpt>
<trkpt lat="44.09802" lon="5.24209666666667">
<ele>441.7</ele>
<speed>1.7315255</speed>
<time>2021-11-25T08:43:05</time>
</trkpt>
<trkpt lat="44.09803" lon="5.24208666666667">
<ele>441.7</ele>
<speed>1.6980686</speed>
<time>2021-11-25T08:43:06</time>
</trkpt>
<trkpt lat="44.0980483333333" lon="5.24207333333333">
<ele>441.7</ele>
<speed>1.7027011</speed>
<time>2021-11-25T08:43:07</time>
</trkpt>
<trkpt lat="44.0980716666667" lon="5.242055">
<ele>441.1</ele>
<speed>1.7958658</speed>
<time>2021-11-25T08:43:08</time>
</trkpt>
<trkpt lat="44.0981433333333" lon="5.242005">
<ele>441.1</ele>
<speed>2.0763896</speed>
<time>2021-11-25T08:43:11</time>
</trkpt>
<trkpt lat="44.098255" lon="5.24190833333333">
<ele>441.1</ele>
<speed>2.5530221</speed>
<time>2021-11-25T08:43:16</time>
</trkpt>
<trkpt lat="44.09827" lon="5.24189">
<ele>441.1</ele>
<speed>2.6117005</speed>
<time>2021-11-25T08:43:17</time>
</trkpt>
<trkpt lat="44.0983016666667" lon="5.24186666666667">
<ele>441.5</ele>
<speed>2.6003766</speed>
<time>2021-11-25T08:43:19</time>
</trkpt>
<trkpt lat="44.0983183333333" lon="5.24185666666667">
<ele>441.5</ele>
<speed>2.5875087</speed>
<time>2021-11-25T08:43:20</time>
</trkpt>
<trkpt lat="44.0983616666667" lon="5.24181166666667">
<ele>441.5</ele>
<speed>2.5839055</speed>
<time>2021-11-25T08:43:22</time>
</trkpt>
<trkpt lat="44.0984166666667" lon="5.24176833333333">
<ele>441.5</ele>
<speed>2.4037528</speed>
<time>2021-11-25T08:43:25</time>
</trkpt>
<trkpt lat="44.0984366666667" lon="5.24175166666667">
<ele>441.5</ele>
<speed>2.319853</speed>
<time>2021-11-25T08:43:26</time>
</trkpt>
<trkpt lat="44.098475" lon="5.24176166666667">
<ele>426.3</ele>
<speed>2.336839</speed>
<time>2021-11-25T08:43:28</time>
</trkpt>
<trkpt lat="44.0985" lon="5.241755">
<ele>426.3</ele>
<speed>2.2822783</speed>
<time>2021-11-25T08:43:29</time>
</trkpt>
<trkpt lat="44.0985266666667" lon="5.24175">
<ele>426.3</ele>
<speed>2.2838225</speed>
<time>2021-11-25T08:43:30</time>
</trkpt>
<trkpt lat="44.0985533333333" lon="5.24174166666667">
<ele>426.3</ele>
<speed>2.2946317</speed>
<time>2021-11-25T08:43:31</time>
</trkpt>
<trkpt lat="44.0985966666667" lon="5.24170666666667">
<ele>426.3</ele>
<speed>2.1469064</speed>
<time>2021-11-25T08:43:34</time>
</trkpt>
<trkpt lat="44.0986266666667" lon="5.24168666666667">
<ele>426.3</ele>
<speed>2.2323503</speed>
<time>2021-11-25T08:43:36</time>
</trkpt>
<trkpt lat="44.098675" lon="5.241695">
<ele>421.1</ele>
<speed>2.342501</speed>
<time>2021-11-25T08:43:38</time>
</trkpt>
<trkpt lat="44.0986966666667" lon="5.24169166666667">
<ele>421.1</ele>
<speed>2.3790462</speed>
<time>2021-11-25T08:43:39</time>
</trkpt>
<trkpt lat="44.0987233333333" lon="5.24169166666667">
<ele>421.1</ele>
<speed>2.373899</speed>
<time>2021-11-25T08:43:40</time>
</trkpt>
<trkpt lat="44.0987416666667" lon="5.24169">
<ele>421.1</ele>
<speed>2.309044</speed>
<time>2021-11-25T08:43:41</time>
</trkpt>
<trkpt lat="44.0987633333333" lon="5.24169166666667">
<ele>421.1</ele>
<speed>2.2761016</speed>
<time>2021-11-25T08:43:42</time>
</trkpt>
<trkpt lat="44.0987833333333" lon="5.24169666666667">
<ele>421.1</ele>
<speed>2.3527954</speed>
<time>2021-11-25T08:43:43</time>
</trkpt>
<trkpt lat="44.0988033333333" lon="5.241705">
<ele>421.1</ele>
<speed>2.3805902</speed>
<time>2021-11-25T08:43:44</time>
</trkpt>
<trkpt lat="44.0988466666667" lon="5.24171833333333">
<ele>421.1</ele>
<speed>2.3769872</speed>
<time>2021-11-25T08:43:46</time>
</trkpt>
<trkpt lat="44.09887" lon="5.24172666666667">
<ele>421.1</ele>
<speed>2.286396</speed>
<time>2021-11-25T08:43:47</time>
</trkpt>
<trkpt lat="44.09889" lon="5.24173333333333">
<ele>417.1</ele>
<speed>2.2349238</speed>
<time>2021-11-25T08:43:48</time>
</trkpt>
<trkpt lat="44.0989183333333" lon="5.24173166666667">
<ele>417.1</ele>
<speed>2.3028672</speed>
<time>2021-11-25T08:43:49</time>
</trkpt>
<trkpt lat="44.098965" lon="5.24173166666667">
<ele>417.1</ele>
<speed>2.3692663</speed>
<time>2021-11-25T08:43:51</time>
</trkpt>
<trkpt lat="44.0989833333333" lon="5.24173166666667">
<ele>417.1</ele>
<speed>2.325515</speed>
<time>2021-11-25T08:43:52</time>
</trkpt>
<trkpt lat="44.0990066666667" lon="5.24172833333333">
<ele>417.1</ele>
<speed>2.2704396</speed>
<time>2021-11-25T08:43:53</time>
</trkpt>
<trkpt lat="44.0990316666667" lon="5.24173833333333">
<ele>417.1</ele>
<speed>2.2987494</speed>
<time>2021-11-25T08:43:54</time>
</trkpt>
<trkpt lat="44.0990783333333" lon="5.241745">
<ele>417.1</ele>
<speed>2.3764725</speed>
<time>2021-11-25T08:43:56</time>
</trkpt>
<trkpt lat="44.099105" lon="5.24175333333333">
<ele>417.1</ele>
<speed>2.4727256</speed>
<time>2021-11-25T08:43:57</time>
</trkpt>
<trkpt lat="44.09913" lon="5.24175333333333">
<ele>420.46667</ele>
<speed>2.5411837</speed>
<time>2021-11-25T08:43:58</time>
</trkpt>
<trkpt lat="44.099175" lon="5.24175666666667">
<ele>420.46667</ele>
<speed>2.3636045</speed>
<time>2021-11-25T08:44:00</time>
</trkpt>
<trkpt lat="44.0992433333333" lon="5.24177166666667">
<ele>420.46667</ele>
<speed>2.5025795</speed>
<time>2021-11-25T08:44:03</time>
</trkpt>
<trkpt lat="44.0992883333333" lon="5.24178333333333">
<ele>420.46667</ele>
<speed>2.52008</speed>
<time>2021-11-25T08:44:05</time>
</trkpt>
<trkpt lat="44.0993066666667" lon="5.24179">
<ele>420.46667</ele>
<speed>2.507212</speed>
<time>2021-11-25T08:44:06</time>
</trkpt>
<trkpt lat="44.099325" lon="5.24180833333333">
<ele>420.46667</ele>
<speed>2.460887</speed>
<time>2021-11-25T08:44:07</time>
</trkpt>
<trkpt lat="44.0993416666667" lon="5.241805">
<ele>422.9</ele>
<speed>2.3630898</speed>
<time>2021-11-25T08:44:08</time>
</trkpt>
<trkpt lat="44.0993583333333" lon="5.241805">
<ele>422.9</ele>
<speed>2.3584573</speed>
<time>2021-11-25T08:44:09</time>
</trkpt>
<trkpt lat="44.099375" lon="5.24180666666667">
<ele>422.9</ele>
<speed>2.3008084</speed>
<time>2021-11-25T08:44:10</time>
</trkpt>
<trkpt lat="44.09941" lon="5.24181666666667">
<ele>422.9</ele>
<speed>2.1942608</speed>
<time>2021-11-25T08:44:12</time>
</trkpt>
<trkpt lat="44.0994683333333" lon="5.24183333333333">
<ele>422.9</ele>
<speed>2.1654365</speed>
<time>2021-11-25T08:44:15</time>
</trkpt>
<trkpt lat="44.09949" lon="5.24184833333333">
<ele>422.9</ele>
<speed>2.0969784</speed>
<time>2021-11-25T08:44:16</time>
</trkpt>
<trkpt lat="44.0995133333333" lon="5.241855">
<ele>422.9</ele>
<speed>2.1026404</speed>
<time>2021-11-25T08:44:17</time>
</trkpt>
<trkpt lat="44.09954" lon="5.24185333333333">
<ele>430.63333</ele>
<speed>2.1803634</speed>
<time>2021-11-25T08:44:18</time>
</trkpt>
<trkpt lat="44.099565" lon="5.241855">
<ele>430.63333</ele>
<speed>2.2652924</speed>
<time>2021-11-25T08:44:19</time>
</trkpt>
<trkpt lat="44.0995866666667" lon="5.24185833333333">
<ele>430.63333</ele>
<speed>2.24213</speed>
<time>2021-11-25T08:44:20</time>
</trkpt>
<trkpt lat="44.0996283333333" lon="5.24186833333333">
<ele>430.63333</ele>
<speed>2.3672075</speed>
<time>2021-11-25T08:44:22</time>
</trkpt>
<trkpt lat="44.099655" lon="5.24186666666667">
<ele>430.63333</ele>
<speed>2.4305184</speed>
<time>2021-11-25T08:44:23</time>
</trkpt>
<trkpt lat="44.09968" lon="5.24187333333333">
<ele>430.63333</ele>
<speed>2.4927998</speed>
<time>2021-11-25T08:44:24</time>
</trkpt>
<trkpt lat="44.0996966666667" lon="5.241885">
<ele>430.63333</ele>
<speed>2.5298598</speed>
<time>2021-11-25T08:44:25</time>
</trkpt>
<trkpt lat="44.0997133333333" lon="5.24190333333333">
<ele>430.63333</ele>
<speed>2.5453014</speed>
<time>2021-11-25T08:44:26</time>
</trkpt>
<trkpt lat="44.09973" lon="5.241915">
<ele>430.63333</ele>
<speed>2.5458162</speed>
<time>2021-11-25T08:44:27</time>
</trkpt>
<trkpt lat="44.099755" lon="5.24192">
<ele>432.7</ele>
<speed>2.5725818</speed>
<time>2021-11-25T08:44:28</time>
</trkpt>
<trkpt lat="44.0997983333333" lon="5.24191666666667">
<ele>432.7</ele>
<speed>2.6137595</speed>
<time>2021-11-25T08:44:30</time>
</trkpt>
<trkpt lat="44.0998333333333" lon="5.24192666666667">
<ele>432.7</ele>
<speed>2.455225</speed>
<time>2021-11-25T08:44:32</time>
</trkpt>
<trkpt lat="44.0998533333333" lon="5.24193">
<ele>432.7</ele>
<speed>2.4320624</speed>
<time>2021-11-25T08:44:33</time>
</trkpt>
<trkpt lat="44.099875" lon="5.24193">
<ele>432.7</ele>
<speed>2.3790462</speed>
<time>2021-11-25T08:44:34</time>
</trkpt>
<trkpt lat="44.0999233333333" lon="5.24194666666667">
<ele>432.7</ele>
<speed>2.360516</speed>
<time>2021-11-25T08:44:36</time>
</trkpt>
<trkpt lat="44.0999466666667" lon="5.24194833333333">
<ele>432.7</ele>
<speed>2.4505925</speed>
<time>2021-11-25T08:44:37</time>
</trkpt>
<trkpt lat="44.09997" lon="5.241945">
<ele>442.6</ele>
<speed>2.4408128</speed>
<time>2021-11-25T08:44:38</time>
</trkpt>
<trkpt lat="44.0999866666667" lon="5.241955">
<ele>442.6</ele>
<speed>2.3883111</speed>
<time>2021-11-25T08:44:39</time>
</trkpt>
<trkpt lat="44.1000016666667" lon="5.24196833333333">
<ele>442.6</ele>
<speed>2.3517659</speed>
<time>2021-11-25T08:44:40</time>
</trkpt>
<trkpt lat="44.1000183333333" lon="5.24198666666667">
<ele>442.6</ele>
<speed>2.3502216</speed>
<time>2021-11-25T08:44:41</time>
</trkpt>
<trkpt lat="44.1000616666667" lon="5.242065">
<ele>442.6</ele>
<speed>2.3100734</speed>
<time>2021-11-25T08:44:44</time>
</trkpt>
<trkpt lat="44.1000683333333" lon="5.24209166666667">
<ele>442.6</ele>
<speed>2.2529392</speed>
<time>2021-11-25T08:44:45</time>
</trkpt>
<trkpt lat="44.1000883333333" lon="5.24214">
<ele>442.6</ele>
<speed>2.1129348</speed>
<time>2021-11-25T08:44:47</time>
</trkpt>
<trkpt lat="44.1000966666667" lon="5.242155">
<ele>443.26666</ele>
<speed>1.9873425</speed>
<time>2021-11-25T08:44:48</time>
</trkpt>
<trkpt lat="44.1001133333333" lon="5.24219666666667">
<ele>443.26666</ele>
<speed>1.9580033</speed>
<time>2021-11-25T08:44:50</time>
</trkpt>
<trkpt lat="44.1001166666667" lon="5.24222166666667">
<ele>443.26666</ele>
<speed>1.9477088</speed>
<time>2021-11-25T08:44:51</time>
</trkpt>
<trkpt lat="44.100125" lon="5.24225">
<ele>443.26666</ele>
<speed>1.9785923</speed>
<time>2021-11-25T08:44:52</time>
</trkpt>
<trkpt lat="44.100135" lon="5.24228666666667">
<ele>443.26666</ele>
<speed>1.9811659</speed>
<time>2021-11-25T08:44:53</time>
</trkpt>
<trkpt lat="44.100145" lon="5.242335">
<ele>443.26666</ele>
<speed>1.6934361</speed>
<time>2021-11-25T08:44:55</time>
</trkpt>
<trkpt lat="44.1001516666667" lon="5.242345">
<ele>443.26666</ele>
<speed>1.6254928</speed>
<time>2021-11-25T08:44:56</time>
</trkpt>
<trkpt lat="44.100155" lon="5.242375">
<ele>443.26666</ele>
<speed>1.6908625</speed>
<time>2021-11-25T08:44:57</time>
</trkpt>
<trkpt lat="44.10016" lon="5.24243333333333">
<ele>448.8</ele>
<speed>1.6460817</speed>
<time>2021-11-25T08:44:59</time>
</trkpt>
<trkpt lat="44.1001633333333" lon="5.242445">
<ele>448.8</ele>
<speed>1.584315</speed>
<time>2021-11-25T08:45:00</time>
</trkpt>
<trkpt lat="44.1001716666667" lon="5.24247">
<ele>448.8</ele>
<speed>1.4149714</speed>
<time>2021-11-25T08:45:02</time>
</trkpt>
<trkpt lat="44.1001766666667" lon="5.242485">
<ele>448.8</ele>
<speed>1.328498</speed>
<time>2021-11-25T08:45:03</time>
</trkpt>
<trkpt lat="44.1001766666667" lon="5.24250333333333">
<ele>448.8</ele>
<speed>1.3882059</speed>
<time>2021-11-25T08:45:04</time>
</trkpt>
<trkpt lat="44.100175" lon="5.24251333333333">
<ele>448.8</ele>
<speed>1.3815144</speed>
<time>2021-11-25T08:45:05</time>
</trkpt>
<trkpt lat="44.100185" lon="5.242515">
<ele>448.8</ele>
<speed>1.3516606</speed>
<time>2021-11-25T08:45:06</time>
</trkpt>
<trkpt lat="44.1002" lon="5.24251">
<ele>450.2</ele>
<speed>1.0634161</speed>
<time>2021-11-25T08:45:08</time>
</trkpt>
<trkpt lat="44.1002033333333" lon="5.24251">
<ele>450.2</ele>
<speed>0.9939286</speed>
<time>2021-11-25T08:45:09</time>
</trkpt>
<trkpt lat="44.1002066666667" lon="5.24251666666667">
<ele>450.2</ele>
<speed>0.8688511</speed>
<time>2021-11-25T08:45:11</time>
</trkpt>
<trkpt lat="44.1002066666667" lon="5.24252166666667">
<ele>450.2</ele>
<speed>0.7607595</speed>
<time>2021-11-25T08:45:14</time>
</trkpt>
<trkpt lat="44.1002116666667" lon="5.24252333333333">
<ele>450.2</ele>
<speed>0.7242142</speed>
<time>2021-11-25T08:45:15</time>
</trkpt>
<trkpt lat="44.10021" lon="5.24252">
<ele>450.2</ele>
<speed>0.6130342</speed>
<time>2021-11-25T08:45:16</time>
</trkpt>
<trkpt lat="44.1002083333333" lon="5.24251333333333">
<ele>450.2</ele>
<speed>0.58935696</speed>
<time>2021-11-25T08:45:17</time>
</trkpt>
<trkpt lat="44.1002083333333" lon="5.24250833333333">
<ele>451.33334</ele>
<speed>0.5394289</speed>
<time>2021-11-25T08:45:18</time>
</trkpt>
<trkpt lat="44.1002066666667" lon="5.24250333333333">
<ele>451.33334</ele>
<speed>0.49722168</speed>
<time>2021-11-25T08:45:19</time>
</trkpt>
<trkpt lat="44.1002066666667" lon="5.24250333333333">
<ele>451.33334</ele>
<speed>0.0</speed>
<time>2021-11-25T08:45:23</time>
</trkpt>
<trkpt lat="44.10021" lon="5.24250666666667">
<ele>451.33334</ele>
<speed>0.36390862</speed>
<time>2021-11-25T08:45:24</time>
</trkpt>
<trkpt lat="44.100215" lon="5.24250833333333">
<ele>451.33334</ele>
<speed>0.40148333</speed>
<time>2021-11-25T08:45:25</time>
</trkpt>
<trkpt lat="44.100225" lon="5.24250833333333">
<ele>451.33334</ele>
<speed>0.4997953</speed>
<time>2021-11-25T08:45:26</time>
</trkpt>
<trkpt lat="44.1002383333333" lon="5.24251">
<ele>451.33334</ele>
<speed>0.59398943</speed>
<time>2021-11-25T08:45:27</time>
</trkpt>
<trkpt lat="44.1002666666667" lon="5.24252166666667">
<ele>451.5</ele>
<speed>0.824585</speed>
<time>2021-11-25T08:45:29</time>
</trkpt>
<trkpt lat="44.1003016666667" lon="5.24253833333333">
<ele>451.5</ele>
<speed>1.1818023</speed>
<time>2021-11-25T08:45:31</time>
</trkpt>
<trkpt lat="44.1003166666667" lon="5.24255">
<ele>451.5</ele>
<speed>1.384088</speed>
<time>2021-11-25T08:45:32</time>
</trkpt>
<trkpt lat="44.1003233333333" lon="5.24257166666667">
<ele>451.5</ele>
<speed>1.4834294</speed>
<time>2021-11-25T08:45:33</time>
</trkpt>
<trkpt lat="44.1003333333333" lon="5.24258833333333">
<ele>451.5</ele>
<speed>1.5652703</speed>
<time>2021-11-25T08:45:34</time>
</trkpt>
<trkpt lat="44.1003466666667" lon="5.24259666666667">
<ele>451.5</ele>
<speed>1.7155691</speed>
<time>2021-11-25T08:45:35</time>
</trkpt>
<trkpt lat="44.1003666666667" lon="5.24259833333333">
<ele>451.5</ele>
<speed>1.788145</speed>
<time>2021-11-25T08:45:36</time>
</trkpt>
<trkpt lat="44.100385" lon="5.24261333333333">
<ele>451.5</ele>
<speed>1.8051308</speed>
<time>2021-11-25T08:45:37</time>
</trkpt>
<trkpt lat="44.10044" lon="5.24267166666667">
<ele>451.5</ele>
<speed>1.7706444</speed>
<time>2021-11-25T08:45:42</time>
</trkpt>
<trkpt lat="44.10045" lon="5.24268833333333">
<ele>451.5</ele>
<speed>1.7217458</speed>
<time>2021-11-25T08:45:43</time>
</trkpt>
<trkpt lat="44.1004583333333" lon="5.242705">
<ele>451.5</ele>
<speed>1.7294667</speed>
<time>2021-11-25T08:45:44</time>
</trkpt>
<trkpt lat="44.1004766666667" lon="5.24271333333333">
<ele>451.5</ele>
<speed>1.7866008</speed>
<time>2021-11-25T08:45:45</time>
</trkpt>
<trkpt lat="44.1004883333333" lon="5.24274">
<ele>451.5</ele>
<speed>1.7706444</speed>
<time>2021-11-25T08:45:46</time>
</trkpt>
<trkpt lat="44.1005" lon="5.24275">
<ele>451.5</ele>
<speed>1.8061603</speed>
<time>2021-11-25T08:45:47</time>
</trkpt>
<trkpt lat="44.1005216666667" lon="5.24278166666667">
<ele>450.3</ele>
<speed>1.8416761</speed>
<time>2021-11-25T08:45:49</time>
</trkpt>
<trkpt lat="44.1005366666667" lon="5.24279333333333">
<ele>450.3</ele>
<speed>1.8591766</speed>
<time>2021-11-25T08:45:50</time>
</trkpt>
<trkpt lat="44.1005483333333" lon="5.24281">
<ele>450.3</ele>
<speed>1.9394734</speed>
<time>2021-11-25T08:45:51</time>
</trkpt>
<trkpt lat="44.1005583333333" lon="5.24283">
<ele>450.3</ele>
<speed>1.96418</speed>
<time>2021-11-25T08:45:52</time>
</trkpt>
<trkpt lat="44.1005866666667" lon="5.242845">
<ele>450.3</ele>
<speed>1.9163108</speed>
<time>2021-11-25T08:45:54</time>
</trkpt>
<trkpt lat="44.1005983333333" lon="5.24284666666667">
<ele>450.3</ele>
<speed>1.7742475</speed>
<time>2021-11-25T08:45:55</time>
</trkpt>
<trkpt lat="44.100625" lon="5.242855">
<ele>450.3</ele>
<speed>1.7521144</speed>
<time>2021-11-25T08:45:57</time>
</trkpt>
<trkpt lat="44.10066" lon="5.24288833333333">
<ele>449.1</ele>
<speed>1.6846858</speed>
<time>2021-11-25T08:46:00</time>
</trkpt>
<trkpt lat="44.100675" lon="5.2429">
<ele>449.1</ele>
<speed>1.6841711</speed>
<time>2021-11-25T08:46:01</time>
</trkpt>
<trkpt lat="44.1006866666667" lon="5.24291666666667">
<ele>449.1</ele>
<speed>1.580712</speed>
<time>2021-11-25T08:46:03</time>
</trkpt>
<trkpt lat="44.1007133333333" lon="5.24293166666667">
<ele>449.1</ele>
<speed>1.5853444</speed>
<time>2021-11-25T08:46:05</time>
</trkpt>
<trkpt lat="44.10073" lon="5.24293666666667">
<ele>449.1</ele>
<speed>1.5498286</speed>
<time>2021-11-25T08:46:06</time>
</trkpt>
<trkpt lat="44.1007583333333" lon="5.24294833333333">
<ele>450.3</ele>
<speed>1.5801972</speed>
<time>2021-11-25T08:46:08</time>
</trkpt>
<trkpt lat="44.1007833333333" lon="5.24297166666667">
<ele>450.3</ele>
<speed>1.6162277</speed>
<time>2021-11-25T08:46:10</time>
</trkpt>
<trkpt lat="44.1008083333333" lon="5.24299166666667">
<ele>450.3</ele>
<speed>1.5498286</speed>
<time>2021-11-25T08:46:12</time>
</trkpt>
<trkpt lat="44.100835" lon="5.243015">
<ele>450.3</ele>
<speed>1.5946095</speed>
<time>2021-11-25T08:46:14</time>
</trkpt>
<trkpt lat="44.10085" lon="5.24302">
<ele>450.3</ele>
<speed>1.606448</speed>
<time>2021-11-25T08:46:15</time>
</trkpt>
<trkpt lat="44.100865" lon="5.24301833333333">
<ele>450.3</ele>
<speed>1.70476</speed>
<time>2021-11-25T08:46:16</time>
</trkpt>
<trkpt lat="44.1008933333333" lon="5.24302666666667">
<ele>452.2</ele>
<speed>1.6790239</speed>
<time>2021-11-25T08:46:18</time>
</trkpt>
<trkpt lat="44.10091" lon="5.24304">
<ele>452.2</ele>
<speed>1.7207164</speed>
<time>2021-11-25T08:46:19</time>
</trkpt>
<trkpt lat="44.1009266666667" lon="5.24305833333333">
<ele>452.2</ele>
<speed>1.7582911</speed>
<time>2021-11-25T08:46:20</time>
</trkpt>
<trkpt lat="44.100945" lon="5.243065">
<ele>452.2</ele>
<speed>1.8452792</speed>
<time>2021-11-25T08:46:21</time>
</trkpt>
<trkpt lat="44.100965" lon="5.24306666666667">
<ele>452.2</ele>
<speed>1.8782214</speed>
<time>2021-11-25T08:46:22</time>
</trkpt>
<trkpt lat="44.1009733333333" lon="5.24307166666667">
<ele>452.2</ele>
<speed>1.8720447</speed>
<time>2021-11-25T08:46:23</time>
</trkpt>
<trkpt lat="44.1009966666667" lon="5.24307166666667">
<ele>452.2</ele>
<speed>1.8524853</speed>
<time>2021-11-25T08:46:25</time>
</trkpt>
<trkpt lat="44.1010016666667" lon="5.24307833333333">
<ele>452.2</ele>
<speed>1.7464525</speed>
<time>2021-11-25T08:46:26</time>
</trkpt>
<trkpt lat="44.101015" lon="5.24308833333333">
<ele>452.2</ele>
<speed>1.7721887</speed>
<time>2021-11-25T08:46:27</time>
</trkpt>
<trkpt lat="44.1010266666667" lon="5.243105">
<ele>454.13333</ele>
<speed>1.6671853</speed>
<time>2021-11-25T08:46:28</time>
</trkpt>
<trkpt lat="44.101045" lon="5.243115">
<ele>454.13333</ele>
<speed>1.6167425</speed>
<time>2021-11-25T08:46:29</time>
</trkpt>
<trkpt lat="44.1010616666667" lon="5.24312166666667">
<ele>454.13333</ele>
<speed>1.5951241</speed>
<time>2021-11-25T08:46:30</time>
</trkpt>
<trkpt lat="44.1010733333333" lon="5.243135">
<ele>454.13333</ele>
<speed>1.5436519</speed>
<time>2021-11-25T08:46:31</time>
</trkpt>
<trkpt lat="44.1010983333333" lon="5.24315333333333">
<ele>454.13333</ele>
<speed>1.5524023</speed>
<time>2021-11-25T08:46:33</time>
</trkpt>
<trkpt lat="44.101115" lon="5.24316166666667">
<ele>454.13333</ele>
<speed>1.5771089</speed>
<time>2021-11-25T08:46:35</time>
</trkpt>
<trkpt lat="44.1011366666667" lon="5.24318666666667">
<ele>454.13333</ele>
<speed>1.5065919</speed>
<time>2021-11-25T08:46:37</time>
</trkpt>
<trkpt lat="44.1011516666667" lon="5.243195">
<ele>457.6</ele>
<speed>1.5457108</speed>
<time>2021-11-25T08:46:38</time>
</trkpt>
<trkpt lat="44.1011633333333" lon="5.24320833333333">
<ele>457.6</ele>
<speed>1.5060772</speed>
<time>2021-11-25T08:46:39</time>
</trkpt>
<trkpt lat="44.1011766666667" lon="5.243225">
<ele>457.6</ele>
<speed>1.491665</speed>
<time>2021-11-25T08:46:40</time>
</trkpt>
<trkpt lat="44.1012133333333" lon="5.243245">
<ele>457.6</ele>
<speed>1.4515166</speed>
<time>2021-11-25T08:46:42</time>
</trkpt>
<trkpt lat="44.1012466666667" lon="5.24325666666667">
<ele>457.6</ele>
<speed>1.2991589</speed>
<time>2021-11-25T08:46:44</time>
</trkpt>
<trkpt lat="44.1012583333333" lon="5.24326">
<ele>457.6</ele>
<speed>1.2379069</speed>
<time>2021-11-25T08:46:45</time>
</trkpt>
<trkpt lat="44.10127" lon="5.24326833333333">
<ele>457.6</ele>
<speed>1.1812875</speed>
<time>2021-11-25T08:46:46</time>
</trkpt>
<trkpt lat="44.1013083333333" lon="5.24327">
<ele>456.6</ele>
<speed>1.2080531</speed>
<time>2021-11-25T08:46:48</time>
</trkpt>
<trkpt lat="44.101325" lon="5.24327666666667">
<ele>456.6</ele>
<speed>1.2260684</speed>
<time>2021-11-25T08:46:49</time>
</trkpt>
<trkpt lat="44.1013383333333" lon="5.24327833333333">
<ele>456.6</ele>
<speed>1.1586397</speed>
<time>2021-11-25T08:46:50</time>
</trkpt>
<trkpt lat="44.101355" lon="5.24329333333334">
<ele>456.6</ele>
<speed>1.2353333</speed>
<time>2021-11-25T08:46:51</time>
</trkpt>
<trkpt lat="44.1013866666667" lon="5.24332333333333">
<ele>456.6</ele>
<speed>1.2955558</speed>
<time>2021-11-25T08:46:54</time>
</trkpt>
<trkpt lat="44.1014033333333" lon="5.24331833333333">
<ele>456.6</ele>
<speed>1.3300422</speed>
<time>2021-11-25T08:46:55</time>
</trkpt>
<trkpt lat="44.1014266666667" lon="5.24330833333333">
<ele>456.6</ele>
<speed>1.4885767</speed>
<time>2021-11-25T08:46:56</time>
</trkpt>
<trkpt lat="44.101445" lon="5.24330166666667">
<ele>456.6</ele>
<speed>1.515857</speed>
<time>2021-11-25T08:46:57</time>
</trkpt>
<trkpt lat="44.1014583333333" lon="5.24330666666667">
<ele>456.8</ele>
<speed>1.5405636</speed>
<time>2021-11-25T08:46:58</time>
</trkpt>
<trkpt lat="44.1014666666667" lon="5.24331666666667">
<ele>456.8</ele>
<speed>1.550858</speed>
<time>2021-11-25T08:46:59</time>
</trkpt>
<trkpt lat="44.10148" lon="5.24332833333333">
<ele>456.8</ele>
<speed>1.5534316</speed>
<time>2021-11-25T08:47:00</time>
</trkpt>
<trkpt lat="44.1014966666667" lon="5.24332833333333">
<ele>456.8</ele>
<speed>1.4798263</speed>
<time>2021-11-25T08:47:01</time>
</trkpt>
<trkpt lat="44.101515" lon="5.24332333333333">
<ele>456.8</ele>
<speed>1.5199747</speed>
<time>2021-11-25T08:47:02</time>
</trkpt>
<trkpt lat="44.10153" lon="5.243325">
<ele>456.8</ele>
<speed>1.5415931</speed>
<time>2021-11-25T08:47:03</time>
</trkpt>
<trkpt lat="44.101545" lon="5.24332666666667">
<ele>456.8</ele>
<speed>1.5467403</speed>
<time>2021-11-25T08:47:04</time>
</trkpt>
<trkpt lat="44.1015516666667" lon="5.24333">
<ele>456.8</ele>
<speed>1.5369606</speed>
<time>2021-11-25T08:47:05</time>
</trkpt>
<trkpt lat="44.1015616666667" lon="5.243335">
<ele>456.8</ele>
<speed>1.4247512</speed>
<time>2021-11-25T08:47:06</time>
</trkpt>
<trkpt lat="44.1015916666667" lon="5.24334">
<ele>464.0</ele>
<speed>1.4803411</speed>
<time>2021-11-25T08:47:08</time>
</trkpt>
<trkpt lat="44.10161" lon="5.24334666666667">
<ele>464.0</ele>
<speed>1.5225483</speed>
<time>2021-11-25T08:47:09</time>
</trkpt>
<trkpt lat="44.1016216666667" lon="5.24334666666667">
<ele>464.0</ele>
<speed>1.4314425</speed>
<time>2021-11-25T08:47:10</time>
</trkpt>
<trkpt lat="44.1016333333333" lon="5.24335">
<ele>464.0</ele>
<speed>1.3717347</speed>
<time>2021-11-25T08:47:11</time>
</trkpt>
<trkpt lat="44.10165" lon="5.24335833333333">
<ele>464.0</ele>
<speed>1.3372483</speed>
<time>2021-11-25T08:47:12</time>
</trkpt>
<trkpt lat="44.101665" lon="5.243365">
<ele>464.0</ele>
<speed>1.3501164</speed>
<time>2021-11-25T08:47:13</time>
</trkpt>
<trkpt lat="44.1017" lon="5.24338166666667">
<ele>464.0</ele>
<speed>1.4962975</speed>
<time>2021-11-25T08:47:15</time>
</trkpt>
<trkpt lat="44.10172" lon="5.24339">
<ele>464.0</ele>
<speed>1.53799</speed>
<time>2021-11-25T08:47:16</time>
</trkpt>
<trkpt lat="44.1017383333333" lon="5.24339833333333">
<ele>464.0</ele>
<speed>1.6172572</speed>
<time>2021-11-25T08:47:17</time>
</trkpt>
<trkpt lat="44.1017516666667" lon="5.24341666666667">
<ele>467.56668</ele>
<speed>1.5220336</speed>
<time>2021-11-25T08:47:18</time>
</trkpt>
<trkpt lat="44.1017633333333" lon="5.24341833333333">
<ele>467.56668</ele>
<speed>1.5163716</speed>
<time>2021-11-25T08:47:19</time>
</trkpt>
<trkpt lat="44.1017916666667" lon="5.24342166666667">
<ele>467.56668</ele>
<speed>1.717628</speed>
<time>2021-11-25T08:47:21</time>
</trkpt>
<trkpt lat="44.101805" lon="5.24342833333333">
<ele>467.56668</ele>
<speed>1.72329</speed>
<time>2021-11-25T08:47:22</time>
</trkpt>
<trkpt lat="44.1018166666667" lon="5.24344">
<ele>467.56668</ele>
<speed>1.6805681</speed>
<time>2021-11-25T08:47:23</time>
</trkpt>
<trkpt lat="44.1018433333333" lon="5.24346333333333">
<ele>467.56668</ele>
<speed>1.4798263</speed>
<time>2021-11-25T08:47:26</time>
</trkpt>
<trkpt lat="44.10185" lon="5.24347">
<ele>467.56668</ele>
<speed>1.3753377</speed>
<time>2021-11-25T08:47:27</time>
</trkpt>
<trkpt lat="44.1018566666667" lon="5.24347666666667">
<ele>465.46667</ele>
<speed>1.3938677</speed>
<time>2021-11-25T08:47:28</time>
</trkpt>
<trkpt lat="44.1018666666667" lon="5.24348166666667">
<ele>465.46667</ele>
<speed>1.2888645</speed>
<time>2021-11-25T08:47:29</time>
</trkpt>
<trkpt lat="44.1019183333333" lon="5.2435">
<ele>465.46667</ele>
<speed>1.4607817</speed>
<time>2021-11-25T08:47:32</time>
</trkpt>
<trkpt lat="44.1020183333333" lon="5.24354666666667">
<ele>460.4</ele>
<speed>1.8761625</speed>
<time>2021-11-25T08:47:38</time>
</trkpt>
<trkpt lat="44.1020383333333" lon="5.24355833333333">
<ele>460.4</ele>
<speed>1.9899161</speed>
<time>2021-11-25T08:47:39</time>
</trkpt>
<trkpt lat="44.1020983333333" lon="5.24359">
<ele>460.4</ele>
<speed>1.7943217</speed>
<time>2021-11-25T08:47:43</time>
</trkpt>
<trkpt lat="44.1021116666667" lon="5.24360166666667">
<ele>460.4</ele>
<speed>1.8087339</speed>
<time>2021-11-25T08:47:44</time>
</trkpt>
<trkpt lat="44.1021266666667" lon="5.24361333333333">
<ele>460.4</ele>
<speed>1.849397</speed>
<time>2021-11-25T08:47:45</time>
</trkpt>
<trkpt lat="44.1021483333333" lon="5.24364666666667">
<ele>460.4</ele>
<speed>1.766012</speed>
<time>2021-11-25T08:47:47</time>
</trkpt>
<trkpt lat="44.1021666666667" lon="5.24365666666667">
<ele>459.4</ele>
<speed>1.7557175</speed>
<time>2021-11-25T08:47:48</time>
</trkpt>
<trkpt lat="44.1022116666667" lon="5.24367666666667">
<ele>459.4</ele>
<speed>1.5719616</speed>
<time>2021-11-25T08:47:51</time>
</trkpt>
<trkpt lat="44.102225" lon="5.24369">
<ele>459.4</ele>
<speed>1.5179158</speed>
<time>2021-11-25T08:47:52</time>
</trkpt>
<trkpt lat="44.1022416666667" lon="5.24369666666667">
<ele>459.4</ele>
<speed>1.460267</speed>
<time>2021-11-25T08:47:53</time>
</trkpt>
<trkpt lat="44.1022833333333" lon="5.24372">
<ele>459.4</ele>
<speed>1.4407074</speed>
<time>2021-11-25T08:47:55</time>
</trkpt>
<trkpt lat="44.1023016666667" lon="5.24372666666667">
<ele>459.4</ele>
<speed>1.4103389</speed>
<time>2021-11-25T08:47:56</time>
</trkpt>
<trkpt lat="44.10234" lon="5.24372833333333">
<ele>459.5</ele>
<speed>1.2790847</speed>
<time>2021-11-25T08:47:59</time>
</trkpt>
<trkpt lat="44.1023466666667" lon="5.24373333333333">
<ele>459.5</ele>
<speed>1.2801142</speed>
<time>2021-11-25T08:48:00</time>
</trkpt>
<trkpt lat="44.1023633333333" lon="5.243745">
<ele>459.5</ele>
<speed>1.3140858</speed>
<time>2021-11-25T08:48:01</time>
</trkpt>
<trkpt lat="44.1024416666667" lon="5.243785">
<ele>459.5</ele>
<speed>1.2672461</speed>
<time>2021-11-25T08:48:06</time>
</trkpt>
<trkpt lat="44.102455" lon="5.24379166666667">
<ele>459.5</ele>
<speed>1.3218067</speed>
<time>2021-11-25T08:48:07</time>
</trkpt>
<trkpt lat="44.1024933333333" lon="5.24381833333333">
<ele>457.5</ele>
<speed>1.5632114</speed>
<time>2021-11-25T08:48:10</time>
</trkpt>
<trkpt lat="44.1025033333333" lon="5.24383">
<ele>457.5</ele>
<speed>1.5385047</speed>
<time>2021-11-25T08:48:11</time>
</trkpt>
<trkpt lat="44.1025433333333" lon="5.243845">
<ele>457.5</ele>
<speed>1.6059333</speed>
<time>2021-11-25T08:48:13</time>
</trkpt>
<trkpt lat="44.102575" lon="5.243865">
<ele>457.5</ele>
<speed>1.6095364</speed>
<time>2021-11-25T08:48:15</time>
</trkpt>
<trkpt lat="44.102585" lon="5.24387">
<ele>457.5</ele>
<speed>1.6332136</speed>
<time>2021-11-25T08:48:16</time>
</trkpt>
<trkpt lat="44.1026" lon="5.24387833333333">
<ele>457.5</ele>
<speed>1.6141689</speed>
<time>2021-11-25T08:48:17</time>
</trkpt>
<trkpt lat="44.1026666666667" lon="5.24391666666667">
<ele>462.4</ele>
<speed>1.6085069</speed>
<time>2021-11-25T08:48:22</time>
</trkpt>
<trkpt lat="44.1026983333333" lon="5.24392833333333">
<ele>462.4</ele>
<speed>1.562182</speed>
<time>2021-11-25T08:48:24</time>
</trkpt>
<trkpt lat="44.1027183333333" lon="5.243935">
<ele>462.4</ele>
<speed>1.5683587</speed>
<time>2021-11-25T08:48:25</time>
</trkpt>
<trkpt lat="44.1027333333333" lon="5.24394833333333">
<ele>462.4</ele>
<speed>1.5827708</speed>
<time>2021-11-25T08:48:26</time>
</trkpt>
<trkpt lat="44.1027483333333" lon="5.24396166666667">
<ele>471.06668</ele>
<speed>1.5688733</speed>
<time>2021-11-25T08:48:28</time>
</trkpt>
<trkpt lat="44.1027566666667" lon="5.243965">
<ele>471.06668</ele>
<speed>1.510195</speed>
<time>2021-11-25T08:48:29</time>
</trkpt>
<trkpt lat="44.1027683333333" lon="5.24397333333333">
<ele>471.06668</ele>
<speed>1.4700466</speed>
<time>2021-11-25T08:48:30</time>
</trkpt>
<trkpt lat="44.1027816666667" lon="5.243985">
<ele>471.06668</ele>
<speed>1.50093</speed>
<time>2021-11-25T08:48:31</time>
</trkpt>
<trkpt lat="44.1028016666667" lon="5.24400333333333">
<ele>471.06668</ele>
<speed>1.5853444</speed>
<time>2021-11-25T08:48:32</time>
</trkpt>
<trkpt lat="44.1028166666667" lon="5.24402166666667">
<ele>471.06668</ele>
<speed>1.6141689</speed>
<time>2021-11-25T08:48:33</time>
</trkpt>
<trkpt lat="44.1028316666667" lon="5.24403166666667">
<ele>471.06668</ele>
<speed>1.6244633</speed>
<time>2021-11-25T08:48:34</time>
</trkpt>
<trkpt lat="44.10286" lon="5.24405833333333">
<ele>471.06668</ele>
<speed>1.6692442</speed>
<time>2021-11-25T08:48:36</time>
</trkpt>
<trkpt lat="44.102945" lon="5.244105">
<ele>473.7</ele>
<speed>1.5632114</speed>
<time>2021-11-25T08:48:42</time>
</trkpt>
<trkpt lat="44.10296" lon="5.24411333333333">
<ele>473.7</ele>
<speed>1.4669583</speed>
<time>2021-11-25T08:48:43</time>
</trkpt>
<trkpt lat="44.102975" lon="5.24411666666667">
<ele>473.7</ele>
<speed>1.3830587</speed>
<time>2021-11-25T08:48:44</time>
</trkpt>
<trkpt lat="44.1029866666667" lon="5.24412666666667">
<ele>473.7</ele>
<speed>1.3084239</speed>
<time>2021-11-25T08:48:45</time>
</trkpt>
<trkpt lat="44.1029966666667" lon="5.244135">
<ele>473.7</ele>
<speed>1.256437</speed>
<time>2021-11-25T08:48:46</time>
</trkpt>
<trkpt lat="44.1030066666667" lon="5.24413833333333">
<ele>473.7</ele>
<speed>1.1576103</speed>
<time>2021-11-25T08:48:47</time>
</trkpt>
<trkpt lat="44.10302" lon="5.244145">
<ele>473.2</ele>
<speed>1.0876081</speed>
<time>2021-11-25T08:48:48</time>
</trkpt>
<trkpt lat="44.103035" lon="5.24415666666667">
<ele>473.2</ele>
<speed>1.0675339</speed>
<time>2021-11-25T08:48:49</time>
</trkpt>
<trkpt lat="44.1030466666667" lon="5.244165">
<ele>473.2</ele>
<speed>1.0263561</speed>
<time>2021-11-25T08:48:50</time>
</trkpt>
<trkpt lat="44.1030983333333" lon="5.24421166666667">
<ele>473.2</ele>
<speed>1.0731958</speed>
<time>2021-11-25T08:48:54</time>
</trkpt>
<trkpt lat="44.1031933333333" lon="5.24431">
<ele>473.7</ele>
<speed>1.3887205</speed>
<time>2021-11-25T08:49:01</time>
</trkpt>
<trkpt lat="44.1032116666667" lon="5.24433833333333">
<ele>473.7</ele>
<speed>1.3846028</speed>
<time>2021-11-25T08:49:03</time>
</trkpt>
<trkpt lat="44.103225" lon="5.24435166666667">
<ele>473.7</ele>
<speed>1.4103389</speed>
<time>2021-11-25T08:49:04</time>
</trkpt>
<trkpt lat="44.1032416666667" lon="5.24436833333333">
<ele>473.7</ele>
<speed>1.4597522</speed>
<time>2021-11-25T08:49:05</time>
</trkpt>
<trkpt lat="44.1032733333333" lon="5.24439666666667">
<ele>473.7</ele>
<speed>1.5683587</speed>
<time>2021-11-25T08:49:07</time>
</trkpt>
<trkpt lat="44.1033216666667" lon="5.24442833333333">
<ele>474.7</ele>
<speed>1.6167425</speed>
<time>2021-11-25T08:49:10</time>
</trkpt>
<trkpt lat="44.1033416666667" lon="5.24445333333333">
<ele>474.7</ele>
<speed>1.6805681</speed>
<time>2021-11-25T08:49:12</time>
</trkpt>
<trkpt lat="44.1033566666667" lon="5.24447333333333">
<ele>474.7</ele>
<speed>1.7963805</speed>
<time>2021-11-25T08:49:14</time>
</trkpt>
<trkpt lat="44.10337" lon="5.24448">
<ele>474.7</ele>
<speed>1.7727033</speed>
<time>2021-11-25T08:49:15</time>
</trkpt>
<trkpt lat="44.103405" lon="5.24452166666667">
<ele>473.83334</ele>
<speed>1.7253488</speed>
<time>2021-11-25T08:49:18</time>
</trkpt>
<trkpt lat="44.1034283333333" lon="5.24454">
<ele>473.83334</ele>
<speed>1.7145398</speed>
<time>2021-11-25T08:49:20</time>
</trkpt>
<trkpt lat="44.103435" lon="5.24455">
<ele>473.83334</ele>
<speed>1.7212311</speed>
<time>2021-11-25T08:49:21</time>
</trkpt>
<trkpt lat="44.1034466666667" lon="5.24456333333333">
<ele>473.83334</ele>
<speed>1.7608647</speed>
<time>2021-11-25T08:49:22</time>
</trkpt>
<trkpt lat="44.1034716666667" lon="5.244595">
<ele>473.83334</ele>
<speed>1.7181427</speed>
<time>2021-11-25T08:49:24</time>
</trkpt>
<trkpt lat="44.1034816666667" lon="5.24461166666667">
<ele>473.83334</ele>
<speed>1.7037306</speed>
<time>2021-11-25T08:49:25</time>
</trkpt>
<trkpt lat="44.1035483333333" lon="5.24467666666667">
<ele>478.1</ele>
<speed>1.6779945</speed>
<time>2021-11-25T08:49:30</time>
</trkpt>
<trkpt lat="44.1035633333333" lon="5.24469">
<ele>478.1</ele>
<speed>1.6656411</speed>
<time>2021-11-25T08:49:31</time>
</trkpt>
<trkpt lat="44.1035783333333" lon="5.24470166666667">
<ele>478.1</ele>
<speed>1.5827708</speed>
<time>2021-11-25T08:49:32</time>
</trkpt>
<trkpt lat="44.10359" lon="5.24470666666667">
<ele>478.1</ele>
<speed>1.5369606</speed>
<time>2021-11-25T08:49:33</time>
</trkpt>
<trkpt lat="44.1036066666667" lon="5.24471166666667">
<ele>478.1</ele>
<speed>1.6188014</speed>
<time>2021-11-25T08:49:34</time>
</trkpt>
<trkpt lat="44.1036266666667" lon="5.24471666666667">
<ele>478.1</ele>
<speed>1.6249781</speed>
<time>2021-11-25T08:49:35</time>
</trkpt>
<trkpt lat="44.1036383333333" lon="5.24473333333333">
<ele>478.1</ele>
<speed>1.7304962</speed>
<time>2021-11-25T08:49:36</time>
</trkpt>
<trkpt lat="44.1036466666667" lon="5.24475">
<ele>478.1</ele>
<speed>1.7871156</speed>
<time>2021-11-25T08:49:37</time>
</trkpt>
<trkpt lat="44.1036533333333" lon="5.24477166666667">
<ele>479.7</ele>
<speed>1.7624089</speed>
<time>2021-11-25T08:49:38</time>
</trkpt>
<trkpt lat="44.103665" lon="5.24478666666667">
<ele>479.7</ele>
<speed>1.7773359</speed>
<time>2021-11-25T08:49:39</time>
</trkpt>
<trkpt lat="44.103675" lon="5.244795">
<ele>479.7</ele>
<speed>1.732555</speed>
<time>2021-11-25T08:49:40</time>
</trkpt>
<trkpt lat="44.1036983333333" lon="5.24481666666667">
<ele>479.7</ele>
<speed>1.7207164</speed>
<time>2021-11-25T08:49:42</time>
</trkpt>
<trkpt lat="44.1037116666667" lon="5.244825">
<ele>479.7</ele>
<speed>1.754688</speed>
<time>2021-11-25T08:49:43</time>
</trkpt>
<trkpt lat="44.1037283333333" lon="5.244835">
<ele>479.7</ele>
<speed>1.7253488</speed>
<time>2021-11-25T08:49:44</time>
</trkpt>
<trkpt lat="44.103815" lon="5.244915">
<ele>482.8</ele>
<speed>1.8056456</speed>
<time>2021-11-25T08:49:50</time>
</trkpt>
<trkpt lat="44.1038316666667" lon="5.24493833333333">
<ele>482.8</ele>
<speed>1.7593205</speed>
<time>2021-11-25T08:49:52</time>
</trkpt>
<trkpt lat="44.103835" lon="5.24495">
<ele>482.8</ele>
<speed>1.708363</speed>
<time>2021-11-25T08:49:53</time>
</trkpt>
<trkpt lat="44.1038433333333" lon="5.24496333333333">
<ele>482.8</ele>
<speed>1.6507142</speed>
<time>2021-11-25T08:49:54</time>
</trkpt>
<trkpt lat="44.1038683333333" lon="5.24501333333333">
<ele>482.8</ele>
<speed>1.37122</speed>
<time>2021-11-25T08:49:57</time>
</trkpt>
<trkpt lat="44.10387" lon="5.24502833333333">
<ele>482.8</ele>
<speed>1.2801142</speed>
<time>2021-11-25T08:49:58</time>
</trkpt>
<trkpt lat="44.103875" lon="5.245045">
<ele>485.0</ele>
<speed>1.210112</speed>
<time>2021-11-25T08:49:59</time>
</trkpt>
<trkpt lat="44.1038833333333" lon="5.24506166666667">
<ele>485.0</ele>
<speed>1.173052</speed>
<time>2021-11-25T08:50:00</time>
</trkpt>
<trkpt lat="44.1038883333333" lon="5.24509166666667">
<ele>485.0</ele>
<speed>1.2224653</speed>
<time>2021-11-25T08:50:02</time>
</trkpt>
<trkpt lat="44.103895" lon="5.245105">
<ele>485.0</ele>
<speed>1.2029058</speed>
<time>2021-11-25T08:50:03</time>
</trkpt>
<trkpt lat="44.1038966666667" lon="5.24512333333333">
<ele>485.0</ele>
<speed>1.1823169</speed>
<time>2021-11-25T08:50:04</time>
</trkpt>
<trkpt lat="44.1039033333333" lon="5.24516166666667">
<ele>485.0</ele>
<speed>1.2461425</speed>
<time>2021-11-25T08:50:06</time>
</trkpt>
<trkpt lat="44.1039066666667" lon="5.24518166666667">
<ele>485.0</ele>
<speed>1.2559222</speed>
<time>2021-11-25T08:50:07</time>
</trkpt>
<trkpt lat="44.1039283333333" lon="5.24525">
<ele>489.0</ele>
<speed>1.3979856</speed>
<time>2021-11-25T08:50:11</time>
</trkpt>
<trkpt lat="44.1039916666667" lon="5.24537333333333">
<ele>489.0</ele>
<speed>1.5333575</speed>
<time>2021-11-25T08:50:15</time>
</trkpt>
<trkpt lat="44.1040133333333" lon="5.24542166666667">
<ele>489.0</ele>
<speed>1.599242</speed>
<time>2021-11-25T08:50:17</time>
</trkpt>
<trkpt lat="44.104025" lon="5.24544">
<ele>489.0</ele>
<speed>1.6043892</speed>
<time>2021-11-25T08:50:18</time>
</trkpt>
<trkpt lat="44.1040216666667" lon="5.24547833333333">
<ele>485.96667</ele>
<speed>1.6687294</speed>
<time>2021-11-25T08:50:20</time>
</trkpt>
<trkpt lat="44.1040116666667" lon="5.24551166666667">
<ele>485.96667</ele>
<speed>1.7335844</speed>
<time>2021-11-25T08:50:22</time>
</trkpt>
<trkpt lat="44.10401" lon="5.24553666666667">
<ele>485.96667</ele>
<speed>1.647111</speed>
<time>2021-11-25T08:50:24</time>
</trkpt>
<trkpt lat="44.1040283333333" lon="5.24555833333333">
<ele>485.96667</ele>
<speed>1.5647556</speed>
<time>2021-11-25T08:50:25</time>
</trkpt>
<trkpt lat="44.1040366666667" lon="5.24558">
<ele>485.96667</ele>
<speed>1.4896061</speed>
<time>2021-11-25T08:50:26</time>
</trkpt>
<trkpt lat="44.10406" lon="5.24563">
<ele>485.96667</ele>
<speed>1.6326989</speed>
<time>2021-11-25T08:50:28</time>
</trkpt>
<trkpt lat="44.1040733333333" lon="5.24564666666667">
<ele>485.03333</ele>
<speed>1.6229192</speed>
<time>2021-11-25T08:50:29</time>
</trkpt>
<trkpt lat="44.1040683333333" lon="5.245645">
<ele>485.03333</ele>
<speed>1.5616672</speed>
<time>2021-11-25T08:50:30</time>
</trkpt>
<trkpt lat="44.1040616666667" lon="5.24569833333333">
<ele>485.03333</ele>
<speed>1.6285812</speed>
<time>2021-11-25T08:50:33</time>
</trkpt>
<trkpt lat="44.1040616666667" lon="5.24572166666667">
<ele>485.03333</ele>
<speed>1.6949803</speed>
<time>2021-11-25T08:50:34</time>
</trkpt>
<trkpt lat="44.1040866666667" lon="5.24581833333333">
<ele>476.06668</ele>
<speed>1.7263783</speed>
<time>2021-11-25T08:50:39</time>
</trkpt>
<trkpt lat="44.1041033333333" lon="5.245855">
<ele>476.06668</ele>
<speed>1.7814536</speed>
<time>2021-11-25T08:50:41</time>
</trkpt>
<trkpt lat="44.1041466666667" lon="5.24593166666667">
<ele>476.06668</ele>
<speed>1.7680708</speed>
<time>2021-11-25T08:50:45</time>
</trkpt>
<trkpt lat="44.10417" lon="5.24596166666667">
<ele>476.06668</ele>
<speed>1.6960098</speed>
<time>2021-11-25T08:50:47</time>
</trkpt>
<trkpt lat="44.1042116666667" lon="5.24601">
<ele>478.7</ele>
<speed>1.4777675</speed>
<time>2021-11-25T08:50:51</time>
</trkpt>
<trkpt lat="44.104225" lon="5.24602166666667">
<ele>478.7</ele>
<speed>1.4746791</speed>
<time>2021-11-25T08:50:52</time>
</trkpt>
<trkpt lat="44.104235" lon="5.24603666666667">
<ele>478.7</ele>
<speed>1.4309278</speed>
<time>2021-11-25T08:50:53</time>
</trkpt>
<trkpt lat="44.1042483333333" lon="5.24604833333333">
<ele>478.7</ele>
<speed>1.4051917</speed>
<time>2021-11-25T08:50:54</time>
</trkpt>
<trkpt lat="44.1042583333333" lon="5.24605833333333">
<ele>478.7</ele>
<speed>1.3681316</speed>
<time>2021-11-25T08:50:55</time>
</trkpt>
<trkpt lat="44.1042716666667" lon="5.24606833333333">
<ele>478.7</ele>
<speed>1.3408514</speed>
<time>2021-11-25T08:50:56</time>
</trkpt>
<trkpt lat="44.10431" lon="5.246105">
<ele>487.2</ele>
<speed>1.3959267</speed>
<time>2021-11-25T08:50:59</time>
</trkpt>
<trkpt lat="44.104315" lon="5.24612166666667">
<ele>487.2</ele>
<speed>1.3753377</speed>
<time>2021-11-25T08:51:00</time>
</trkpt>
<trkpt lat="44.10432" lon="5.24613666666667">
<ele>487.2</ele>
<speed>1.3511459</speed>
<time>2021-11-25T08:51:01</time>
</trkpt>
<trkpt lat="44.1043316666667" lon="5.24614666666667">
<ele>487.2</ele>
<speed>1.300703</speed>
<time>2021-11-25T08:51:02</time>
</trkpt>
<trkpt lat="44.104345" lon="5.24614">
<ele>487.2</ele>
<speed>1.274967</speed>
<time>2021-11-25T08:51:03</time>
</trkpt>
<trkpt lat="44.10435" lon="5.24615833333333">
<ele>487.2</ele>
<speed>1.2291566</speed>
<time>2021-11-25T08:51:04</time>
</trkpt>
<trkpt lat="44.1043583333333" lon="5.24618">
<ele>487.2</ele>
<speed>1.2404805</speed>
<time>2021-11-25T08:51:05</time>
</trkpt>
<trkpt lat="44.1043616666667" lon="5.24620666666667">
<ele>487.2</ele>
<speed>1.2713639</speed>
<time>2021-11-25T08:51:06</time>
</trkpt>
<trkpt lat="44.1043683333333" lon="5.24625666666667">
<ele>487.2</ele>
<speed>1.2425394</speed>
<time>2021-11-25T08:51:08</time>
</trkpt>
<trkpt lat="44.10437" lon="5.246285">
<ele>496.9</ele>
<speed>1.2909234</speed>
<time>2021-11-25T08:51:09</time>
</trkpt>
<trkpt lat="44.10438" lon="5.24635333333333">
<ele>496.9</ele>
<speed>1.3856323</speed>
<time>2021-11-25T08:51:12</time>
</trkpt>
<trkpt lat="44.1044033333333" lon="5.24643">
<ele>496.9</ele>
<speed>1.4221776</speed>
<time>2021-11-25T08:51:15</time>
</trkpt>
<trkpt lat="44.10442" lon="5.246485">
<ele>496.9</ele>
<speed>1.4751939</speed>
<time>2021-11-25T08:51:17</time>
</trkpt>
<trkpt lat="44.104435" lon="5.24650666666667">
<ele>496.9</ele>
<speed>1.5364459</speed>
<time>2021-11-25T08:51:18</time>
</trkpt>
<trkpt lat="44.1044516666667" lon="5.24655166666667">
<ele>500.5</ele>
<speed>1.5081362</speed>
<time>2021-11-25T08:51:20</time>
</trkpt>
<trkpt lat="44.1044483333333" lon="5.246665">
<ele>500.5</ele>
<speed>1.6059333</speed>
<time>2021-11-25T08:51:25</time>
</trkpt>
<trkpt lat="44.10444" lon="5.24668666666667">
<ele>500.5</ele>
<speed>1.5590936</speed>
<time>2021-11-25T08:51:26</time>
</trkpt>
<trkpt lat="44.104435" lon="5.24669833333333">
<ele>500.5</ele>
<speed>1.4721055</speed>
<time>2021-11-25T08:51:27</time>
</trkpt>
<trkpt lat="44.1044316666667" lon="5.24671166666667">
<ele>500.5</ele>
<speed>1.3789408</speed>
<time>2021-11-25T08:51:28</time>
</trkpt>
<trkpt lat="44.1044333333333" lon="5.24675666666667">
<ele>503.5</ele>
<speed>1.2862909</speed>
<time>2021-11-25T08:51:31</time>
</trkpt>
<trkpt lat="44.10445" lon="5.24679166666667">
<ele>503.5</ele>
<speed>1.3562931</speed>
<time>2021-11-25T08:51:33</time>
</trkpt>
<trkpt lat="44.104485" lon="5.24682166666667">
<ele>503.5</ele>
<speed>1.3197478</speed>
<time>2021-11-25T08:51:35</time>
</trkpt>
<trkpt lat="44.1045016666667" lon="5.246825">
<ele>503.5</ele>
<speed>1.3212919</speed>
<time>2021-11-25T08:51:36</time>
</trkpt>
<trkpt lat="44.1045233333333" lon="5.24683">
<ele>503.5</ele>
<speed>1.4144567</speed>
<time>2021-11-25T08:51:37</time>
</trkpt>
<trkpt lat="44.104545" lon="5.24683166666667">
<ele>503.5</ele>
<speed>1.4880619</speed>
<time>2021-11-25T08:51:38</time>
</trkpt>
<trkpt lat="44.1045616666667" lon="5.24683666666667">
<ele>507.86667</ele>
<speed>1.5580642</speed>
<time>2021-11-25T08:51:39</time>
</trkpt>
<trkpt lat="44.1046" lon="5.24686166666667">
<ele>507.86667</ele>
<speed>1.53799</speed>
<time>2021-11-25T08:51:43</time>
</trkpt>
<trkpt lat="44.1045883333333" lon="5.24689166666667">
<ele>507.86667</ele>
<speed>1.4983563</speed>
<time>2021-11-25T08:51:45</time>
</trkpt>
<trkpt lat="44.1046016666667" lon="5.246915">
<ele>507.86667</ele>
<speed>1.3809997</speed>
<time>2021-11-25T08:51:47</time>
</trkpt>
<trkpt lat="44.1046066666667" lon="5.24691666666667">
<ele>507.86667</ele>
<speed>1.2646725</speed>
<time>2021-11-25T08:51:48</time>
</trkpt>
<trkpt lat="44.104605" lon="5.24693">
<ele>512.2</ele>
<speed>1.1061381</speed>
<time>2021-11-25T08:51:49</time>
</trkpt>
<trkpt lat="44.1046183333333" lon="5.24696166666667">
<ele>512.2</ele>
<speed>0.9995906</speed>
<time>2021-11-25T08:51:51</time>
</trkpt>
<trkpt lat="44.1046266666667" lon="5.24698">
<ele>512.2</ele>
<speed>1.0263561</speed>
<time>2021-11-25T08:51:52</time>
</trkpt>
<trkpt lat="44.1046316666667" lon="5.24700333333333">
<ele>512.2</ele>
<speed>0.9594422</speed>
<time>2021-11-25T08:51:53</time>
</trkpt>
<trkpt lat="44.1046333333333" lon="5.24702166666667">
<ele>512.2</ele>
<speed>0.954295</speed>
<time>2021-11-25T08:51:54</time>
</trkpt>
<trkpt lat="44.10463" lon="5.247045">
<ele>512.2</ele>
<speed>0.9084847</speed>
<time>2021-11-25T08:51:56</time>
</trkpt>
<trkpt lat="44.104625" lon="5.24706166666667">
<ele>512.2</ele>
<speed>0.8688511</speed>
<time>2021-11-25T08:51:58</time>
</trkpt>
<trkpt lat="44.1046233333333" lon="5.24706666666667">
<ele>512.8</ele>
<speed>0.87657195</speed>
<time>2021-11-25T08:51:59</time>
</trkpt>
<trkpt lat="44.1046266666667" lon="5.24708166666667">
<ele>512.8</ele>
<speed>0.8559831</speed>
<time>2021-11-25T08:52:00</time>
</trkpt>
<trkpt lat="44.104625" lon="5.24709666666667">
<ele>512.8</ele>
<speed>0.8132611</speed>
<time>2021-11-25T08:52:01</time>
</trkpt>
<trkpt lat="44.1046266666667" lon="5.24710666666667">
<ele>512.8</ele>
<speed>0.7736275</speed>
<time>2021-11-25T08:52:02</time>
</trkpt>
<trkpt lat="44.104615" lon="5.24712">
<ele>512.8</ele>
<speed>0.74686193</speed>
<time>2021-11-25T08:52:03</time>
</trkpt>
<trkpt lat="44.1046083333333" lon="5.24711666666667">
<ele>512.8</ele>
<speed>0.78134835</speed>
<time>2021-11-25T08:52:04</time>
</trkpt>
<trkpt lat="44.1046066666667" lon="5.24710666666667">
<ele>512.8</ele>
<speed>0.7448031</speed>
<time>2021-11-25T08:52:05</time>
</trkpt>
<trkpt lat="44.1046116666667" lon="5.2471">
<ele>512.8</ele>
<speed>0.76127416</speed>
<time>2021-11-25T08:52:06</time>
</trkpt>
<trkpt lat="44.1046083333333" lon="5.24711333333333">
<ele>512.8</ele>
<speed>0.7633331</speed>
<time>2021-11-25T08:52:08</time>
</trkpt>
<trkpt lat="44.10461" lon="5.24712333333333">
<ele>515.0</ele>
<speed>0.77723056</speed>
<time>2021-11-25T08:52:09</time>
</trkpt>
<trkpt lat="44.10462" lon="5.24716">
<ele>515.0</ele>
<speed>0.8173789</speed>
<time>2021-11-25T08:52:11</time>
</trkpt>
<trkpt lat="44.1046183333333" lon="5.24717833333333">
<ele>515.0</ele>
<speed>0.85340947</speed>
<time>2021-11-25T08:52:12</time>
</trkpt>
<trkpt lat="44.1046366666667" lon="5.24722833333333">
<ele>515.0</ele>
<speed>0.8333353</speed>
<time>2021-11-25T08:52:15</time>
</trkpt>
<trkpt lat="44.10467" lon="5.24724833333333">
<ele>515.0</ele>
<speed>0.7684803</speed>
<time>2021-11-25T08:52:18</time>
</trkpt>
<trkpt lat="44.1046833333333" lon="5.24726">
<ele>513.23334</ele>
<speed>0.76796556</speed>
<time>2021-11-25T08:52:19</time>
</trkpt>
<trkpt lat="44.10471" lon="5.24727333333333">
<ele>513.23334</ele>
<speed>0.0</speed>
<time>2021-11-25T08:52:23</time>
</trkpt>
<trkpt lat="44.1046966666667" lon="5.24728166666667">
<ele>513.23334</ele>
<speed>0.50648665</speed>
<time>2021-11-25T08:52:24</time>
</trkpt>
<trkpt lat="44.104685" lon="5.24726833333333">
<ele>513.23334</ele>
<speed>0.4472936</speed>
<time>2021-11-25T08:52:25</time>
</trkpt>
<trkpt lat="44.1046816666667" lon="5.247265">
<ele>513.23334</ele>
<speed>0.42464584</speed>
<time>2021-11-25T08:52:26</time>
</trkpt>
<trkpt lat="44.104675" lon="5.24726">
<ele>513.23334</ele>
<speed>0.40868944</speed>
<time>2021-11-25T08:52:27</time>
</trkpt>
<trkpt lat="44.104675" lon="5.24725666666667">
<ele>513.23334</ele>
<speed>0.0</speed>
<time>2021-11-25T08:52:28</time>
</trkpt>
<trkpt lat="44.1046733333333" lon="5.24726333333333">
<ele>513.23334</ele>
<speed>0.0</speed>
<time>2021-11-25T08:52:34</time>
</trkpt>
<trkpt lat="44.1046733333333" lon="5.247265">
<ele>513.23334</ele>
<speed>0.0</speed>
<time>2021-11-25T08:52:35</time>
</trkpt>
<trkpt lat="44.1046883333333" lon="5.24728833333333">
<ele>513.23334</ele>
<speed>0.43288139</speed>
<time>2021-11-25T08:52:39</time>
</trkpt>
<trkpt lat="44.1047066666667" lon="5.247345">
<ele>513.23334</ele>
<speed>0.70362526</speed>
<time>2021-11-25T08:52:44</time>
</trkpt>
<trkpt lat="44.1047083333333" lon="5.2474">
<ele>513.23334</ele>
<speed>0.84980637</speed>
<time>2021-11-25T08:52:47</time>
</trkpt>
<trkpt lat="44.10471" lon="5.24742">
<ele>513.23334</ele>
<speed>0.8333353</speed>
<time>2021-11-25T08:52:48</time>
</trkpt>
<trkpt lat="44.1046933333333" lon="5.247465">
<ele>500.93332</ele>
<speed>0.7952458</speed>
<time>2021-11-25T08:52:51</time>
</trkpt>
<trkpt lat="44.10468" lon="5.24745833333333">
<ele>500.93332</ele>
<speed>0.60531336</speed>
<time>2021-11-25T08:52:56</time>
</trkpt>
<trkpt lat="44.1046733333333" lon="5.24745166666667">
<ele>500.93332</ele>
<speed>0.5178106</speed>
<time>2021-11-25T08:52:57</time>
</trkpt>
<trkpt lat="44.1046716666667" lon="5.24744666666667">
<ele>500.93332</ele>
<speed>0.4606764</speed>
<time>2021-11-25T08:52:58</time>
</trkpt>
<trkpt lat="44.1046716666667" lon="5.24744666666667">
<ele>496.63333</ele>
<speed>0.0</speed>
<time>2021-11-25T08:52:59</time>
</trkpt>
<trkpt lat="44.104675" lon="5.24745166666667">
<ele>496.63333</ele>
<speed>0.0</speed>
<time>2021-11-25T08:53:01</time>
</trkpt>
<trkpt lat="44.104655" lon="5.24747166666667">
<ele>496.63333</ele>
<speed>0.26353776</speed>
<time>2021-11-25T08:53:07</time>
</trkpt>
<trkpt lat="44.1046516666667" lon="5.24747166666667">
<ele>496.63333</ele>
<speed>0.0</speed>
<time>2021-11-25T08:53:08</time>
</trkpt>
<trkpt lat="44.1046483333333" lon="5.24747666666667">
<ele>496.4</ele>
<speed>0.0</speed>
<time>2021-11-25T08:53:10</time>
</trkpt>
<trkpt lat="44.1046383333333" lon="5.24749833333333">
<ele>496.4</ele>
<speed>0.3659675</speed>
<time>2021-11-25T08:53:16</time>
</trkpt>
<trkpt lat="44.104645" lon="5.24750666666667">
<ele>496.4</ele>
<speed>0.398395</speed>
<time>2021-11-25T08:53:17</time>
</trkpt>
<trkpt lat="44.1046766666667" lon="5.24752">
<ele>496.4</ele>
<speed>0.4997953</speed>
<time>2021-11-25T08:53:18</time>
</trkpt>
<trkpt lat="44.1047316666667" lon="5.247565">
<ele>496.3</ele>
<speed>0.88892525</speed>
<time>2021-11-25T08:53:25</time>
</trkpt>
<trkpt lat="44.1047633333333" lon="5.24760333333333">
<ele>496.1</ele>
<speed>0.8410561</speed>
<time>2021-11-25T08:53:29</time>
</trkpt>
<trkpt lat="44.1047783333333" lon="5.24760833333333">
<ele>496.1</ele>
<speed>0.8112022</speed>
<time>2021-11-25T08:53:30</time>
</trkpt>
<trkpt lat="44.10478" lon="5.24762166666667">
<ele>496.1</ele>
<speed>0.8426003</speed>
<time>2021-11-25T08:53:31</time>
</trkpt>
<trkpt lat="44.1047916666667" lon="5.24762833333333">
<ele>496.1</ele>
<speed>0.9028228</speed>
<time>2021-11-25T08:53:32</time>
</trkpt>
<trkpt lat="44.1048183333333" lon="5.24763833333333">
<ele>496.1</ele>
<speed>0.92907363</speed>
<time>2021-11-25T08:53:34</time>
</trkpt>
<trkpt lat="44.1048683333333" lon="5.24765166666667">
<ele>496.1</ele>
<speed>1.0155469</speed>
<time>2021-11-25T08:53:38</time>
</trkpt>
<trkpt lat="44.1049016666667" lon="5.24766333333333">
<ele>493.8</ele>
<speed>0.7231847</speed>
<time>2021-11-25T08:53:45</time>
</trkpt>
<trkpt lat="44.1049483333333" lon="5.24769">
<ele>493.8</ele>
<speed>0.6737714</speed>
<time>2021-11-25T08:53:47</time>
</trkpt>
<trkpt lat="44.1050866666667" lon="5.24786333333333">
<ele>495.6</ele>
<speed>1.4149714</speed>
<time>2021-11-25T08:54:00</time>
</trkpt>
<trkpt lat="44.1050833333333" lon="5.24792166666667">
<ele>495.6</ele>
<speed>1.497327</speed>
<time>2021-11-25T08:54:02</time>
</trkpt>
<trkpt lat="44.1050716666667" lon="5.24798666666667">
<ele>495.6</ele>
<speed>1.5688733</speed>
<time>2021-11-25T08:54:04</time>
</trkpt>
<trkpt lat="44.1050683333333" lon="5.248015">
<ele>495.6</ele>
<speed>1.5606378</speed>
<time>2021-11-25T08:54:05</time>
</trkpt>
<trkpt lat="44.10507" lon="5.24804833333333">
<ele>495.6</ele>
<speed>1.5318134</speed>
<time>2021-11-25T08:54:07</time>
</trkpt>
<trkpt lat="44.105075" lon="5.24806833333333">
<ele>495.6</ele>
<speed>1.478797</speed>
<time>2021-11-25T08:54:08</time>
</trkpt>
<trkpt lat="44.1050833333333" lon="5.24812166666667">
<ele>496.0</ele>
<speed>1.4134272</speed>
<time>2021-11-25T08:54:11</time>
</trkpt>
<trkpt lat="44.1050933333333" lon="5.24816833333333">
<ele>496.0</ele>
<speed>1.4401928</speed>
<time>2021-11-25T08:54:13</time>
</trkpt>
<trkpt lat="44.1051" lon="5.24821333333333">
<ele>496.0</ele>
<speed>1.4612964</speed>
<time>2021-11-25T08:54:15</time>
</trkpt>
<trkpt lat="44.105115" lon="5.24825333333333">
<ele>496.0</ele>
<speed>1.5076214</speed>
<time>2021-11-25T08:54:17</time>
</trkpt>
<trkpt lat="44.1051366666667" lon="5.24832666666667">
<ele>496.5</ele>
<speed>1.443281</speed>
<time>2021-11-25T08:54:21</time>
</trkpt>
<trkpt lat="44.105135" lon="5.24833166666667">
<ele>496.5</ele>
<speed>1.3166595</speed>
<time>2021-11-25T08:54:22</time>
</trkpt>
<trkpt lat="44.1051416666667" lon="5.24834666666667">
<ele>496.5</ele>
<speed>1.2116561</speed>
<time>2021-11-25T08:54:23</time>
</trkpt>
<trkpt lat="44.1051383333333" lon="5.24836833333333">
<ele>496.5</ele>
<speed>1.1874641</speed>
<time>2021-11-25T08:54:24</time>
</trkpt>
<trkpt lat="44.105145" lon="5.24842">
<ele>496.5</ele>
<speed>1.1380508</speed>
<time>2021-11-25T08:54:26</time>
</trkpt>
<trkpt lat="44.10515" lon="5.24847">
<ele>496.5</ele>
<speed>1.0906963</speed>
<time>2021-11-25T08:54:28</time>
</trkpt>
<trkpt lat="44.1051433333333" lon="5.24849">
<ele>496.8</ele>
<speed>1.1040791</speed>
<time>2021-11-25T08:54:29</time>
</trkpt>
<trkpt lat="44.1051333333333" lon="5.24853166666667">
<ele>496.8</ele>
<speed>1.2301861</speed>
<time>2021-11-25T08:54:31</time>
</trkpt>
<trkpt lat="44.1051383333333" lon="5.248565">
<ele>496.8</ele>
<speed>1.2698197</speed>
<time>2021-11-25T08:54:33</time>
</trkpt>
<trkpt lat="44.105145" lon="5.248605">
<ele>496.8</ele>
<speed>1.2240094</speed>
<time>2021-11-25T08:54:35</time>
</trkpt>
<trkpt lat="44.1051433333333" lon="5.24862333333333">
<ele>496.8</ele>
<speed>1.161728</speed>
<time>2021-11-25T08:54:36</time>
</trkpt>
<trkpt lat="44.1051383333333" lon="5.24864166666667">
<ele>496.8</ele>
<speed>1.1359919</speed>
<time>2021-11-25T08:54:37</time>
</trkpt>
<trkpt lat="44.10514" lon="5.248685">
<ele>497.3</ele>
<speed>1.0546658</speed>
<time>2021-11-25T08:54:39</time>
</trkpt>
<trkpt lat="44.1051383333333" lon="5.24870166666667">
<ele>497.3</ele>
<speed>1.024812</speed>
<time>2021-11-25T08:54:40</time>
</trkpt>
<trkpt lat="44.1051416666667" lon="5.24871666666667">
<ele>497.3</ele>
<speed>1.00062</speed>
<time>2021-11-25T08:54:41</time>
</trkpt>
<trkpt lat="44.1051416666667" lon="5.24873333333333">
<ele>497.3</ele>
<speed>1.0392241</speed>
<time>2021-11-25T08:54:42</time>
</trkpt>
<trkpt lat="44.10515" lon="5.24876166666667">
<ele>497.3</ele>
<speed>0.99084026</speed>
<time>2021-11-25T08:54:44</time>
</trkpt>
<trkpt lat="44.1051566666667" lon="5.24877666666667">
<ele>497.3</ele>
<speed>1.0042231</speed>
<time>2021-11-25T08:54:45</time>
</trkpt>
<trkpt lat="44.1051583333333" lon="5.24879">
<ele>497.3</ele>
<speed>0.954295</speed>
<time>2021-11-25T08:54:46</time>
</trkpt>
<trkpt lat="44.105165" lon="5.248805">
<ele>497.3</ele>
<speed>0.96253055</speed>
<time>2021-11-25T08:54:47</time>
</trkpt>
<trkpt lat="44.1051783333333" lon="5.24886">
<ele>499.43332</ele>
<speed>1.0263561</speed>
<time>2021-11-25T08:54:49</time>
</trkpt>
<trkpt lat="44.1051866666667" lon="5.24888666666667">
<ele>499.43332</ele>
<speed>1.0443714</speed>
<time>2021-11-25T08:54:50</time>
</trkpt>
<trkpt lat="44.1051883333333" lon="5.24890833333333">
<ele>499.43332</ele>
<speed>1.0670192</speed>
<time>2021-11-25T08:54:51</time>
</trkpt>
<trkpt lat="44.1052066666667" lon="5.24894333333333">
<ele>499.43332</ele>
<speed>1.054151</speed>
<time>2021-11-25T08:54:53</time>
</trkpt>
<trkpt lat="44.1052" lon="5.248965">
<ele>499.43332</ele>
<speed>1.041283</speed>
<time>2021-11-25T08:54:54</time>
</trkpt>
<trkpt lat="44.105215" lon="5.248985">
<ele>499.43332</ele>
<speed>1.0582689</speed>
<time>2021-11-25T08:54:55</time>
</trkpt>
<trkpt lat="44.1052183333333" lon="5.24900666666667">
<ele>499.43332</ele>
<speed>1.145257</speed>
<time>2021-11-25T08:54:56</time>
</trkpt>
<trkpt lat="44.1052133333333" lon="5.24905166666667">
<ele>499.43332</ele>
<speed>1.2435689</speed>
<time>2021-11-25T08:54:58</time>
</trkpt>
<trkpt lat="44.105205" lon="5.24909833333333">
<ele>496.3</ele>
<speed>1.2826878</speed>
<time>2021-11-25T08:55:00</time>
</trkpt>
<trkpt lat="44.1052016666667" lon="5.249125">
<ele>496.3</ele>
<speed>1.3202626</speed>
<time>2021-11-25T08:55:01</time>
</trkpt>
<trkpt lat="44.10521" lon="5.24914166666667">
<ele>496.3</ele>
<speed>1.3073944</speed>
<time>2021-11-25T08:55:02</time>
</trkpt>
<trkpt lat="44.1052116666667" lon="5.249155">
<ele>496.3</ele>
<speed>1.330557</speed>
<time>2021-11-25T08:55:03</time>
</trkpt>
<trkpt lat="44.1052183333333" lon="5.24916833333333">
<ele>496.3</ele>
<speed>1.328498</speed>
<time>2021-11-25T08:55:04</time>
</trkpt>
<trkpt lat="44.1052233333333" lon="5.24918166666667">
<ele>496.3</ele>
<speed>1.2790847</speed>
<time>2021-11-25T08:55:05</time>
</trkpt>
<trkpt lat="44.1052283333333" lon="5.24920333333333">
<ele>496.3</ele>
<speed>1.2672461</speed>
<time>2021-11-25T08:55:06</time>
</trkpt>
<trkpt lat="44.105235" lon="5.249225">
<ele>496.3</ele>
<speed>1.2615842</speed>
<time>2021-11-25T08:55:07</time>
</trkpt>
<trkpt lat="44.1052433333333" lon="5.24924833333333">
<ele>496.3</ele>
<speed>1.2497456</speed>
<time>2021-11-25T08:55:08</time>
</trkpt>
<trkpt lat="44.10524" lon="5.249295">
<ele>494.2</ele>
<speed>1.1828316</speed>
<time>2021-11-25T08:55:10</time>
</trkpt>
<trkpt lat="44.1052416666667" lon="5.24933333333333">
<ele>494.2</ele>
<speed>1.1215798</speed>
<time>2021-11-25T08:55:12</time>
</trkpt>
<trkpt lat="44.1052416666667" lon="5.24935">
<ele>494.2</ele>
<speed>1.0948142</speed>
<time>2021-11-25T08:55:13</time>
</trkpt>
<trkpt lat="44.105235" lon="5.24936666666667">
<ele>494.2</ele>
<speed>1.1143736</speed>
<time>2021-11-25T08:55:14</time>
</trkpt>
<trkpt lat="44.1052383333333" lon="5.24940333333333">
<ele>494.2</ele>
<speed>1.1051086</speed>
<time>2021-11-25T08:55:16</time>
</trkpt>
<trkpt lat="44.1052466666667" lon="5.24942333333333">
<ele>494.2</ele>
<speed>1.089667</speed>
<time>2021-11-25T08:55:17</time>
</trkpt>
<trkpt lat="44.1052533333333" lon="5.24944333333333">
<ele>494.2</ele>
<speed>1.0520922</speed>
<time>2021-11-25T08:55:18</time>
</trkpt>
<trkpt lat="44.1052633333333" lon="5.24945666666667">
<ele>492.3</ele>
<speed>1.0129733</speed>
<time>2021-11-25T08:55:19</time>
</trkpt>
<trkpt lat="44.1052766666667" lon="5.24947333333333">
<ele>492.3</ele>
<speed>1.0443714</speed>
<time>2021-11-25T08:55:20</time>
</trkpt>
<trkpt lat="44.1053266666667" lon="5.24949833333333">
<ele>492.3</ele>
<speed>1.1735667</speed>
<time>2021-11-25T08:55:23</time>
</trkpt>
<trkpt lat="44.105335" lon="5.24951666666667">
<ele>492.3</ele>
<speed>1.2023911</speed>
<time>2021-11-25T08:55:24</time>
</trkpt>
<trkpt lat="44.105395" lon="5.24958">
<ele>492.3</ele>
<speed>1.395412</speed>
<time>2021-11-25T08:55:28</time>
</trkpt>
<trkpt lat="44.1054083333333" lon="5.249595">
<ele>491.8</ele>
<speed>1.4401928</speed>
<time>2021-11-25T08:55:29</time>
</trkpt>
<trkpt lat="44.1054216666667" lon="5.24961166666667">
<ele>491.8</ele>
<speed>1.430413</speed>
<time>2021-11-25T08:55:30</time>
</trkpt>
<trkpt lat="44.1054416666667" lon="5.24963">
<ele>491.8</ele>
<speed>1.3449692</speed>
<time>2021-11-25T08:55:32</time>
</trkpt>
<trkpt lat="44.105455" lon="5.24964166666667">
<ele>491.8</ele>
<speed>1.3429103</speed>
<time>2021-11-25T08:55:33</time>
</trkpt>
<trkpt lat="44.105465" lon="5.24965">
<ele>491.8</ele>
<speed>1.3794556</speed>
<time>2021-11-25T08:55:34</time>
</trkpt>
<trkpt lat="44.1054883333333" lon="5.24967833333333">
<ele>491.8</ele>
<speed>1.361955</speed>
<time>2021-11-25T08:55:36</time>
</trkpt>
<trkpt lat="44.10551" lon="5.24973833333333">
<ele>491.8</ele>
<speed>1.5235778</speed>
<time>2021-11-25T08:55:38</time>
</trkpt>
<trkpt lat="44.1055216666667" lon="5.24975833333333">
<ele>493.1</ele>
<speed>1.5601231</speed>
<time>2021-11-25T08:55:39</time>
</trkpt>
<trkpt lat="44.1055283333333" lon="5.24976666666667">
<ele>493.1</ele>
<speed>1.547255</speed>
<time>2021-11-25T08:55:40</time>
</trkpt>
<trkpt lat="44.105535" lon="5.24978666666667">
<ele>493.1</ele>
<speed>1.5894623</speed>
<time>2021-11-25T08:55:41</time>
</trkpt>
<trkpt lat="44.10556" lon="5.24984333333333">
<ele>493.1</ele>
<speed>1.5271808</speed>
<time>2021-11-25T08:55:45</time>
</trkpt>
<trkpt lat="44.105585" lon="5.24987666666667">
<ele>493.1</ele>
<speed>1.2291566</speed>
<time>2021-11-25T08:55:48</time>
</trkpt>
<trkpt lat="44.1055883333333" lon="5.24989">
<ele>493.0</ele>
<speed>1.1200355</speed>
<time>2021-11-25T08:55:49</time>
</trkpt>
<trkpt lat="44.105585" lon="5.24990666666667">
<ele>493.0</ele>
<speed>1.0737106</speed>
<time>2021-11-25T08:55:50</time>
</trkpt>
<trkpt lat="44.105595" lon="5.24995166666667">
<ele>493.0</ele>
<speed>0.9059111</speed>
<time>2021-11-25T08:55:53</time>
</trkpt>
<trkpt lat="44.1055883333333" lon="5.24996333333333">
<ele>493.0</ele>
<speed>0.83282053</speed>
<time>2021-11-25T08:55:54</time>
</trkpt>
<trkpt lat="44.1055966666667" lon="5.24997">
<ele>493.0</ele>
<speed>0.7293614</speed>
<time>2021-11-25T08:55:55</time>
</trkpt>
<trkpt lat="44.1056016666667" lon="5.24998333333333">
<ele>493.0</ele>
<speed>0.7221553</speed>
<time>2021-11-25T08:55:56</time>
</trkpt>
<trkpt lat="44.1056066666667" lon="5.249995">
<ele>493.0</ele>
<speed>0.7432589</speed>
<time>2021-11-25T08:55:57</time>
</trkpt>
<trkpt lat="44.1056166666667" lon="5.25002">
<ele>493.0</ele>
<speed>0.90642583</speed>
<time>2021-11-25T08:55:58</time>
</trkpt>
<trkpt lat="44.10562" lon="5.250045">
<ele>493.7</ele>
<speed>1.0556953</speed>
<time>2021-11-25T08:55:59</time>
</trkpt>
<trkpt lat="44.1056066666667" lon="5.25007333333333">
<ele>493.7</ele>
<speed>1.1627575</speed>
<time>2021-11-25T08:56:00</time>
</trkpt>
<trkpt lat="44.1056033333333" lon="5.25009666666667">
<ele>493.7</ele>
<speed>1.2276125</speed>
<time>2021-11-25T08:56:01</time>
</trkpt>
<trkpt lat="44.1056033333333" lon="5.25012333333333">
<ele>493.7</ele>
<speed>1.3691611</speed>
<time>2021-11-25T08:56:02</time>
</trkpt>
<trkpt lat="44.1056083333333" lon="5.25014833333333">
<ele>493.7</ele>
<speed>1.5462255</speed>
<time>2021-11-25T08:56:03</time>
</trkpt>
<trkpt lat="44.1056083333333" lon="5.250175">
<ele>493.7</ele>
<speed>1.7124808</speed>
<time>2021-11-25T08:56:04</time>
</trkpt>
<trkpt lat="44.1056433333333" lon="5.25022">
<ele>493.7</ele>
<speed>1.7109367</speed>
<time>2021-11-25T08:56:06</time>
</trkpt>
<trkpt lat="44.10565" lon="5.25022666666667">
<ele>493.7</ele>
<speed>1.5925505</speed>
<time>2021-11-25T08:56:07</time>
</trkpt>
<trkpt lat="44.1056583333333" lon="5.250225">
<ele>493.7</ele>
<speed>1.3753377</speed>
<time>2021-11-25T08:56:08</time>
</trkpt>
<trkpt lat="44.1056566666667" lon="5.25022833333333">
<ele>498.66666</ele>
<speed>1.1720225</speed>
<time>2021-11-25T08:56:09</time>
</trkpt>
<trkpt lat="44.1056533333333" lon="5.25023333333333">
<ele>498.66666</ele>
<speed>0.99753165</speed>
<time>2021-11-25T08:56:10</time>
</trkpt>
<trkpt lat="44.105655" lon="5.25023">
<ele>498.66666</ele>
<speed>0.82612914</speed>
<time>2021-11-25T08:56:11</time>
</trkpt>
<trkpt lat="44.1056516666667" lon="5.250235">
<ele>498.66666</ele>
<speed>0.6464911</speed>
<time>2021-11-25T08:56:12</time>
</trkpt>
<trkpt lat="44.1056533333333" lon="5.25024333333333">
<ele>498.66666</ele>
<speed>0.48332417</speed>
<time>2021-11-25T08:56:13</time>
</trkpt>
<trkpt lat="44.1056566666667" lon="5.25025666666667">
<ele>498.66666</ele>
<speed>0.0</speed>
<time>2021-11-25T08:56:14</time>
</trkpt>
<trkpt lat="44.1056616666667" lon="5.250285">
<ele>498.66666</ele>
<speed>0.33045167</speed>
<time>2021-11-25T08:56:16</time>
</trkpt>
<trkpt lat="44.1056683333333" lon="5.250295">
<ele>498.66666</ele>
<speed>0.3911889</speed>
<time>2021-11-25T08:56:17</time>
</trkpt>
<trkpt lat="44.1056816666667" lon="5.25034333333333">
<ele>499.53333</ele>
<speed>0.6614181</speed>
<time>2021-11-25T08:56:20</time>
</trkpt>
<trkpt lat="44.1056783333333" lon="5.25035833333333">
<ele>499.53333</ele>
<speed>0.70259583</speed>
<time>2021-11-25T08:56:21</time>
</trkpt>
<trkpt lat="44.1056866666667" lon="5.250395">
<ele>499.53333</ele>
<speed>0.7957606</speed>
<time>2021-11-25T08:56:23</time>
</trkpt>
<trkpt lat="44.105705" lon="5.25043166666667">
<ele>499.53333</ele>
<speed>0.81480527</speed>
<time>2021-11-25T08:56:25</time>
</trkpt>
<trkpt lat="44.1056983333333" lon="5.250455">
<ele>499.53333</ele>
<speed>0.8590714</speed>
<time>2021-11-25T08:56:26</time>
</trkpt>
<trkpt lat="44.105695" lon="5.25047833333333">
<ele>499.53333</ele>
<speed>0.9069406</speed>
<time>2021-11-25T08:56:27</time>
</trkpt>
<trkpt lat="44.105695" lon="5.25049833333333">
<ele>499.53333</ele>
<speed>0.94245636</speed>
<time>2021-11-25T08:56:28</time>
</trkpt>
<trkpt lat="44.105685" lon="5.25056166666667">
<ele>500.33334</ele>
<speed>1.0268708</speed>
<time>2021-11-25T08:56:31</time>
</trkpt>
<trkpt lat="44.1057" lon="5.250595">
<ele>500.33334</ele>
<speed>1.0989319</speed>
<time>2021-11-25T08:56:33</time>
</trkpt>
<trkpt lat="44.105715" lon="5.25063">
<ele>500.33334</ele>
<speed>1.0958436</speed>
<time>2021-11-25T08:56:36</time>
</trkpt>
<trkpt lat="44.10572" lon="5.25064166666667">
<ele>500.33334</ele>
<speed>1.0556953</speed>
<time>2021-11-25T08:56:37</time>
</trkpt>
<trkpt lat="44.1057116666667" lon="5.25065">
<ele>500.33334</ele>
<speed>0.991355</speed>
<time>2021-11-25T08:56:38</time>
</trkpt>
<trkpt lat="44.1057166666667" lon="5.2507">
<ele>502.9</ele>
<speed>0.9980464</speed>
<time>2021-11-25T08:56:41</time>
</trkpt>
<trkpt lat="44.1057033333333" lon="5.25073">
<ele>502.9</ele>
<speed>1.0067967</speed>
<time>2021-11-25T08:56:42</time>
</trkpt>
<trkpt lat="44.105695" lon="5.250765">
<ele>502.9</ele>
<speed>1.0556953</speed>
<time>2021-11-25T08:56:44</time>
</trkpt>
<trkpt lat="44.1056933333333" lon="5.25078333333333">
<ele>502.9</ele>
<speed>1.0834903</speed>
<time>2021-11-25T08:56:45</time>
</trkpt>
<trkpt lat="44.105695" lon="5.250805">
<ele>502.9</ele>
<speed>1.1643016</speed>
<time>2021-11-25T08:56:46</time>
</trkpt>
<trkpt lat="44.1056983333333" lon="5.250845">
<ele>502.9</ele>
<speed>1.2183475</speed>
<time>2021-11-25T08:56:48</time>
</trkpt>
<trkpt lat="44.1056783333333" lon="5.25089333333333">
<ele>505.8</ele>
<speed>1.2214358</speed>
<time>2021-11-25T08:56:51</time>
</trkpt>
<trkpt lat="44.105675" lon="5.25090333333333">
<ele>505.8</ele>
<speed>1.1637869</speed>
<time>2021-11-25T08:56:52</time>
</trkpt>
<trkpt lat="44.10568" lon="5.25094166666667">
<ele>505.8</ele>
<speed>1.115403</speed>
<time>2021-11-25T08:56:54</time>
</trkpt>
<trkpt lat="44.1056883333333" lon="5.25095166666667">
<ele>505.8</ele>
<speed>1.0520922</speed>
<time>2021-11-25T08:56:55</time>
</trkpt>
<trkpt lat="44.10569" lon="5.25095333333333">
<ele>505.8</ele>
<speed>0.9445153</speed>
<time>2021-11-25T08:56:56</time>
</trkpt>
<trkpt lat="44.1056966666667" lon="5.25096">
<ele>505.8</ele>
<speed>0.93164724</speed>
<time>2021-11-25T08:56:57</time>
</trkpt>
<trkpt lat="44.1057016666667" lon="5.25096">
<ele>505.8</ele>
<speed>0.8462033</speed>
<time>2021-11-25T08:56:58</time>
</trkpt>
<trkpt lat="44.1057083333333" lon="5.25096833333333">
<ele>509.6</ele>
<speed>0.80451083</speed>
<time>2021-11-25T08:56:59</time>
</trkpt>
<trkpt lat="44.1057083333333" lon="5.25098">
<ele>509.6</ele>
<speed>0.79318696</speed>
<time>2021-11-25T08:57:00</time>
</trkpt>
<trkpt lat="44.1057083333333" lon="5.25103166666667">
<ele>509.6</ele>
<speed>0.68509525</speed>
<time>2021-11-25T08:57:04</time>
</trkpt>
<trkpt lat="44.1057116666667" lon="5.25104833333333">
<ele>509.6</ele>
<speed>0.7231847</speed>
<time>2021-11-25T08:57:05</time>
</trkpt>
<trkpt lat="44.10572" lon="5.25106833333333">
<ele>509.6</ele>
<speed>0.8009078</speed>
<time>2021-11-25T08:57:06</time>
</trkpt>
<trkpt lat="44.1057283333333" lon="5.25108833333333">
<ele>509.6</ele>
<speed>0.8287028</speed>
<time>2021-11-25T08:57:07</time>
</trkpt>
<trkpt lat="44.10576" lon="5.25112333333333">
<ele>515.86664</ele>
<speed>1.0181205</speed>
<time>2021-11-25T08:57:09</time>
</trkpt>
<trkpt lat="44.10577" lon="5.25113">
<ele>515.86664</ele>
<speed>1.0088556</speed>
<time>2021-11-25T08:57:10</time>
</trkpt>
<trkpt lat="44.1057816666667" lon="5.25113666666667">
<ele>515.86664</ele>
<speed>1.013488</speed>
<time>2021-11-25T08:57:11</time>
</trkpt>
<trkpt lat="44.10579" lon="5.25114166666667">
<ele>515.86664</ele>
<speed>1.059813</speed>
<time>2021-11-25T08:57:12</time>
</trkpt>
<trkpt lat="44.1058033333333" lon="5.25115833333333">
<ele>515.86664</ele>
<speed>1.1277564</speed>
<time>2021-11-25T08:57:13</time>
</trkpt>
<trkpt lat="44.10581" lon="5.25117833333333">
<ele>515.86664</ele>
<speed>1.1648164</speed>
<time>2021-11-25T08:57:14</time>
</trkpt>
<trkpt lat="44.1058216666667" lon="5.25122">
<ele>515.86664</ele>
<speed>1.2188622</speed>
<time>2021-11-25T08:57:16</time>
</trkpt>
<trkpt lat="44.1058266666667" lon="5.25124666666667">
<ele>515.86664</ele>
<speed>1.2168033</speed>
<time>2021-11-25T08:57:17</time>
</trkpt>
<trkpt lat="44.1058516666667" lon="5.25131833333333">
<ele>517.63336</ele>
<speed>1.3146006</speed>
<time>2021-11-25T08:57:20</time>
</trkpt>
<trkpt lat="44.1058583333333" lon="5.25132833333333">
<ele>517.63336</ele>
<speed>1.343425</speed>
<time>2021-11-25T08:57:21</time>
</trkpt>
<trkpt lat="44.1059016666667" lon="5.25140333333333">
<ele>517.63336</ele>
<speed>1.4226922</speed>
<time>2021-11-25T08:57:25</time>
</trkpt>
<trkpt lat="44.1059183333333" lon="5.251425">
<ele>517.63336</ele>
<speed>1.4412222</speed>
<time>2021-11-25T08:57:27</time>
</trkpt>
<trkpt lat="44.1059316666667" lon="5.25144">
<ele>522.0</ele>
<speed>1.3274686</speed>
<time>2021-11-25T08:57:29</time>
</trkpt>
<trkpt lat="44.1059416666667" lon="5.25144">
<ele>522.0</ele>
<speed>1.2353333</speed>
<time>2021-11-25T08:57:30</time>
</trkpt>
<trkpt lat="44.105975" lon="5.251455">
<ele>522.0</ele>
<speed>1.2065089</speed>
<time>2021-11-25T08:57:32</time>
</trkpt>
<trkpt lat="44.1059866666667" lon="5.251485">
<ele>522.0</ele>
<speed>1.1534925</speed>
<time>2021-11-25T08:57:34</time>
</trkpt>
<trkpt lat="44.1059883333333" lon="5.25151666666667">
<ele>522.0</ele>
<speed>1.1833464</speed>
<time>2021-11-25T08:57:35</time>
</trkpt>
<trkpt lat="44.1059966666667" lon="5.25154">
<ele>522.0</ele>
<speed>1.1977586</speed>
<time>2021-11-25T08:57:36</time>
</trkpt>
<trkpt lat="44.1060116666667" lon="5.25155166666667">
<ele>522.0</ele>
<speed>1.256437</speed>
<time>2021-11-25T08:57:37</time>
</trkpt>
<trkpt lat="44.1060033333333" lon="5.25157333333333">
<ele>522.0</ele>
<speed>1.2620989</speed>
<time>2021-11-25T08:57:38</time>
</trkpt>
<trkpt lat="44.1060216666667" lon="5.251605">
<ele>529.4</ele>
<speed>1.2152592</speed>
<time>2021-11-25T08:57:41</time>
</trkpt>
<trkpt lat="44.1060333333333" lon="5.25161333333333">
<ele>529.4</ele>
<speed>1.1555514</speed>
<time>2021-11-25T08:57:42</time>
</trkpt>
<trkpt lat="44.10603" lon="5.25162166666667">
<ele>529.4</ele>
<speed>1.1148883</speed>
<time>2021-11-25T08:57:43</time>
</trkpt>
<trkpt lat="44.1060383333333" lon="5.251635">
<ele>529.4</ele>
<speed>1.0629014</speed>
<time>2021-11-25T08:57:44</time>
</trkpt>
<trkpt lat="44.10603" lon="5.25165">
<ele>529.4</ele>
<speed>0.9805458</speed>
<time>2021-11-25T08:57:45</time>
</trkpt>
<trkpt lat="44.1060333333333" lon="5.25167833333333">
<ele>529.4</ele>
<speed>0.79473114</speed>
<time>2021-11-25T08:57:47</time>
</trkpt>
<trkpt lat="44.1060383333333" lon="5.25169833333333">
<ele>529.4</ele>
<speed>0.76384777</speed>
<time>2021-11-25T08:57:48</time>
</trkpt>
<trkpt lat="44.1060516666667" lon="5.25171833333333">
<ele>530.3333</ele>
<speed>0.7525239</speed>
<time>2021-11-25T08:57:49</time>
</trkpt>
<trkpt lat="44.1060683333333" lon="5.25173166666667">
<ele>530.3333</ele>
<speed>0.8168642</speed>
<time>2021-11-25T08:57:50</time>
</trkpt>
<trkpt lat="44.1060783333333" lon="5.251755">
<ele>530.3333</ele>
<speed>0.8559831</speed>
<time>2021-11-25T08:57:51</time>
</trkpt>
<trkpt lat="44.1060866666667" lon="5.25177166666667">
<ele>530.3333</ele>
<speed>0.87966025</speed>
<time>2021-11-25T08:57:52</time>
</trkpt>
<trkpt lat="44.1061016666667" lon="5.25179833333333">
<ele>530.3333</ele>
<speed>0.87399834</speed>
<time>2021-11-25T08:57:54</time>
</trkpt>
<trkpt lat="44.1061466666667" lon="5.251875">
<ele>530.3333</ele>
<speed>1.0237825</speed>
<time>2021-11-25T08:57:58</time>
</trkpt>
<trkpt lat="44.1061666666667" lon="5.25191666666667">
<ele>534.1</ele>
<speed>1.0891522</speed>
<time>2021-11-25T08:58:00</time>
</trkpt>
<trkpt lat="44.1061783333333" lon="5.25193666666667">
<ele>534.1</ele>
<speed>1.1421686</speed>
<time>2021-11-25T08:58:01</time>
</trkpt>
<trkpt lat="44.1061866666667" lon="5.25195833333333">
<ele>534.1</ele>
<speed>1.18592</speed>
<time>2021-11-25T08:58:02</time>
</trkpt>
<trkpt lat="44.1061916666667" lon="5.25197833333333">
<ele>534.1</ele>
<speed>1.2615842</speed>
<time>2021-11-25T08:58:03</time>
</trkpt>
<trkpt lat="44.1061983333333" lon="5.25199166666667">
<ele>534.1</ele>
<speed>1.2430542</speed>
<time>2021-11-25T08:58:04</time>
</trkpt>
<trkpt lat="44.1062033333333" lon="5.252005">
<ele>534.1</ele>
<speed>1.191582</speed>
<time>2021-11-25T08:58:05</time>
</trkpt>
<trkpt lat="44.1062083333333" lon="5.25202333333333">
<ele>534.1</ele>
<speed>1.0634161</speed>
<time>2021-11-25T08:58:07</time>
</trkpt>
<trkpt lat="44.1062216666667" lon="5.25203833333333">
<ele>534.13336</ele>
<speed>0.9038522</speed>
<time>2021-11-25T08:58:09</time>
</trkpt>
<trkpt lat="44.1062266666667" lon="5.25205">
<ele>534.13336</ele>
<speed>0.8050256</speed>
<time>2021-11-25T08:58:10</time>
</trkpt>
<trkpt lat="44.10623" lon="5.252065">
<ele>534.13336</ele>
<speed>0.7221553</speed>
<time>2021-11-25T08:58:11</time>
</trkpt>
<trkpt lat="44.1062333333333" lon="5.25208833333333">
<ele>534.13336</ele>
<speed>0.6681094</speed>
<time>2021-11-25T08:58:12</time>
</trkpt>
<trkpt lat="44.10625" lon="5.252115">
<ele>534.13336</ele>
<speed>0.694875</speed>
<time>2021-11-25T08:58:13</time>
</trkpt>
<trkpt lat="44.1062616666667" lon="5.25215333333333">
<ele>534.13336</ele>
<speed>0.74017054</speed>
<time>2021-11-25T08:58:15</time>
</trkpt>
<trkpt lat="44.1062616666667" lon="5.252165">
<ele>534.13336</ele>
<speed>0.7736275</speed>
<time>2021-11-25T08:58:16</time>
</trkpt>
<trkpt lat="44.10626" lon="5.25217833333333">
<ele>534.13336</ele>
<speed>0.8302469</speed>
<time>2021-11-25T08:58:17</time>
</trkpt>
<trkpt lat="44.1062583333333" lon="5.25219333333333">
<ele>534.13336</ele>
<speed>0.87657195</speed>
<time>2021-11-25T08:58:18</time>
</trkpt>
<trkpt lat="44.10626" lon="5.25220166666667">
<ele>534.7</ele>
<speed>0.9177497</speed>
<time>2021-11-25T08:58:19</time>
</trkpt>
<trkpt lat="44.106265" lon="5.25220666666667">
<ele>534.7</ele>
<speed>0.94091225</speed>
<time>2021-11-25T08:58:20</time>
</trkpt>
<trkpt lat="44.1062833333333" lon="5.25221666666667">
<ele>534.7</ele>
<speed>0.9676778</speed>
<time>2021-11-25T08:58:21</time>
</trkpt>
<trkpt lat="44.1063" lon="5.25223166666667">
<ele>534.7</ele>
<speed>1.0031936</speed>
<time>2021-11-25T08:58:22</time>
</trkpt>
<trkpt lat="44.1063116666667" lon="5.252245">
<ele>534.7</ele>
<speed>0.9805458</speed>
<time>2021-11-25T08:58:23</time>
</trkpt>
<trkpt lat="44.1063366666667" lon="5.25228833333333">
<ele>534.7</ele>
<speed>0.95069194</speed>
<time>2021-11-25T08:58:26</time>
</trkpt>
<trkpt lat="44.1063533333333" lon="5.25234166666667">
<ele>536.8</ele>
<speed>0.98260474</speed>
<time>2021-11-25T08:58:29</time>
</trkpt>
<trkpt lat="44.1063616666667" lon="5.25236333333333">
<ele>536.8</ele>
<speed>1.0623866</speed>
<time>2021-11-25T08:58:30</time>
</trkpt>
<trkpt lat="44.1063816666667" lon="5.2524">
<ele>536.8</ele>
<speed>1.1143736</speed>
<time>2021-11-25T08:58:32</time>
</trkpt>
<trkpt lat="44.1063866666667" lon="5.25242333333333">
<ele>536.8</ele>
<speed>1.13033</speed>
<time>2021-11-25T08:58:33</time>
</trkpt>
<trkpt lat="44.106415" lon="5.25252">
<ele>536.8</ele>
<speed>1.2615842</speed>
<time>2021-11-25T08:58:38</time>
</trkpt>
<trkpt lat="44.10641" lon="5.25256833333333">
<ele>537.1</ele>
<speed>1.2569517</speed>
<time>2021-11-25T08:58:40</time>
</trkpt>
<trkpt lat="44.10641" lon="5.252585">
<ele>537.1</ele>
<speed>1.2188622</speed>
<time>2021-11-25T08:58:41</time>
</trkpt>
<trkpt lat="44.106415" lon="5.25261">
<ele>537.1</ele>
<speed>1.1900377</speed>
<time>2021-11-25T08:58:42</time>
</trkpt>
<trkpt lat="44.1064133333333" lon="5.25263">
<ele>537.1</ele>
<speed>1.1318742</speed>
<time>2021-11-25T08:58:43</time>
</trkpt>
<trkpt lat="44.10642" lon="5.25264833333333">
<ele>537.1</ele>
<speed>1.1076822</speed>
<time>2021-11-25T08:58:44</time>
</trkpt>
<trkpt lat="44.1064166666667" lon="5.25267333333333">
<ele>537.1</ele>
<speed>1.1020203</speed>
<time>2021-11-25T08:58:45</time>
</trkpt>
<trkpt lat="44.10642" lon="5.25269833333333">
<ele>537.1</ele>
<speed>1.1365067</speed>
<time>2021-11-25T08:58:46</time>
</trkpt>
<trkpt lat="44.10643" lon="5.25271333333333">
<ele>537.1</ele>
<speed>1.121065</speed>
<time>2021-11-25T08:58:47</time>
</trkpt>
<trkpt lat="44.10643" lon="5.25272666666667">
<ele>537.1</ele>
<speed>1.0927553</speed>
<time>2021-11-25T08:58:48</time>
</trkpt>
<trkpt lat="44.106435" lon="5.25274333333333">
<ele>537.1667</ele>
<speed>1.1437128</speed>
<time>2021-11-25T08:58:49</time>
</trkpt>
<trkpt lat="44.1064316666667" lon="5.25276666666667">
<ele>537.1667</ele>
<speed>1.1977586</speed>
<time>2021-11-25T08:58:50</time>
</trkpt>
<trkpt lat="44.10643" lon="5.25279333333333">
<ele>537.1667</ele>
<speed>1.3094534</speed>
<time>2021-11-25T08:58:51</time>
</trkpt>
<trkpt lat="44.1064233333333" lon="5.25284666666667">
<ele>537.1667</ele>
<speed>1.4273248</speed>
<time>2021-11-25T08:58:53</time>
</trkpt>
<trkpt lat="44.106425" lon="5.25286">
<ele>537.1667</ele>
<speed>1.4242364</speed>
<time>2021-11-25T08:58:54</time>
</trkpt>
<trkpt lat="44.10643" lon="5.252875">
<ele>537.1667</ele>
<speed>1.4123977</speed>
<time>2021-11-25T08:58:55</time>
</trkpt>
<trkpt lat="44.1064283333333" lon="5.25289166666667">
<ele>537.1667</ele>
<speed>1.3640139</speed>
<time>2021-11-25T08:58:56</time>
</trkpt>
<trkpt lat="44.1064583333333" lon="5.25295333333333">
<ele>535.73334</ele>
<speed>1.3758525</speed>
<time>2021-11-25T08:58:59</time>
</trkpt>
<trkpt lat="44.10647" lon="5.25296833333333">
<ele>535.73334</ele>
<speed>1.3161447</speed>
<time>2021-11-25T08:59:00</time>
</trkpt>
<trkpt lat="44.1064766666667" lon="5.25297666666667">
<ele>535.73334</ele>
<speed>1.2116561</speed>
<time>2021-11-25T08:59:01</time>
</trkpt>
<trkpt lat="44.1064983333333" lon="5.25302166666667">
<ele>535.73334</ele>
<speed>1.1643016</speed>
<time>2021-11-25T08:59:04</time>
</trkpt>
<trkpt lat="44.1065033333333" lon="5.25303833333333">
<ele>535.73334</ele>
<speed>1.1606987</speed>
<time>2021-11-25T08:59:05</time>
</trkpt>
<trkpt lat="44.1064983333333" lon="5.25306">
<ele>535.73334</ele>
<speed>1.1632723</speed>
<time>2021-11-25T08:59:06</time>
</trkpt>
<trkpt lat="44.1065016666667" lon="5.25307833333333">
<ele>535.73334</ele>
<speed>1.1437128</speed>
<time>2021-11-25T08:59:07</time>
</trkpt>
<trkpt lat="44.106515" lon="5.25314833333333">
<ele>534.4</ele>
<speed>1.1051086</speed>
<time>2021-11-25T08:59:11</time>
</trkpt>
<trkpt lat="44.1065133333333" lon="5.25317333333333">
<ele>534.4</ele>
<speed>1.0659897</speed>
<time>2021-11-25T08:59:12</time>
</trkpt>
<trkpt lat="44.106515" lon="5.25319166666667">
<ele>534.4</ele>
<speed>1.0479745</speed>
<time>2021-11-25T08:59:13</time>
</trkpt>
<trkpt lat="44.1064833333333" lon="5.25328666666667">
<ele>534.4</ele>
<speed>1.126727</speed>
<time>2021-11-25T08:59:17</time>
</trkpt>
<trkpt lat="44.106485" lon="5.25331833333333">
<ele>534.5</ele>
<speed>1.1128294</speed>
<time>2021-11-25T08:59:19</time>
</trkpt>
<trkpt lat="44.106485" lon="5.25336333333333">
<ele>534.5</ele>
<speed>1.1390803</speed>
<time>2021-11-25T08:59:21</time>
</trkpt>
<trkpt lat="44.106485" lon="5.253405">
<ele>534.5</ele>
<speed>1.2605547</speed>
<time>2021-11-25T08:59:23</time>
</trkpt>
<trkpt lat="44.1064966666667" lon="5.253435">
<ele>534.5</ele>
<speed>1.2214358</speed>
<time>2021-11-25T08:59:25</time>
</trkpt>
<trkpt lat="44.1065" lon="5.25347833333333">
<ele>534.5</ele>
<speed>1.2435689</speed>
<time>2021-11-25T08:59:27</time>
</trkpt>
<trkpt lat="44.1065066666667" lon="5.25350166666667">
<ele>534.5</ele>
<speed>1.2672461</speed>
<time>2021-11-25T08:59:28</time>
</trkpt>
<trkpt lat="44.1065166666667" lon="5.25353">
<ele>535.8</ele>
<speed>1.2981294</speed>
<time>2021-11-25T08:59:29</time>
</trkpt>
<trkpt lat="44.1065383333333" lon="5.253565">
<ele>535.8</ele>
<speed>1.2584958</speed>
<time>2021-11-25T08:59:31</time>
</trkpt>
<trkpt lat="44.1065416666667" lon="5.25357833333333">
<ele>535.8</ele>
<speed>1.161728</speed>
<time>2021-11-25T08:59:32</time>
</trkpt>
<trkpt lat="44.106555" lon="5.25359333333333">
<ele>535.8</ele>
<speed>1.0906963</speed>
<time>2021-11-25T08:59:33</time>
</trkpt>
<trkpt lat="44.1065666666667" lon="5.253605">
<ele>535.8</ele>
<speed>1.0629014</speed>
<time>2021-11-25T08:59:34</time>
</trkpt>
<trkpt lat="44.10657" lon="5.25362166666667">
<ele>535.8</ele>
<speed>1.0618719</speed>
<time>2021-11-25T08:59:35</time>
</trkpt>
<trkpt lat="44.1065666666667" lon="5.25364666666667">
<ele>535.8</ele>
<speed>1.0690781</speed>
<time>2021-11-25T08:59:36</time>
</trkpt>
<trkpt lat="44.10657" lon="5.25367166666667">
<ele>535.8</ele>
<speed>1.1277564</speed>
<time>2021-11-25T08:59:37</time>
</trkpt>
<trkpt lat="44.1065816666667" lon="5.25370333333333">
<ele>535.8</ele>
<speed>1.1900377</speed>
<time>2021-11-25T08:59:38</time>
</trkpt>
<trkpt lat="44.1066033333333" lon="5.25376333333333">
<ele>534.8</ele>
<speed>1.2502602</speed>
<time>2021-11-25T08:59:41</time>
</trkpt>
<trkpt lat="44.1066083333333" lon="5.25380333333333">
<ele>534.8</ele>
<speed>1.3161447</speed>
<time>2021-11-25T08:59:43</time>
</trkpt>
<trkpt lat="44.1066133333333" lon="5.25383833333333">
<ele>534.8</ele>
<speed>1.2914381</speed>
<time>2021-11-25T08:59:45</time>
</trkpt>
<trkpt lat="44.1066183333333" lon="5.25385333333333">
<ele>534.8</ele>
<speed>1.2492309</speed>
<time>2021-11-25T08:59:46</time>
</trkpt>
<trkpt lat="44.10662" lon="5.25387166666667">
<ele>534.8</ele>
<speed>1.1637869</speed>
<time>2021-11-25T08:59:47</time>
</trkpt>
<trkpt lat="44.1066266666667" lon="5.2539">
<ele>534.0</ele>
<speed>1.0531217</speed>
<time>2021-11-25T08:59:49</time>
</trkpt>
<trkpt lat="44.1066433333333" lon="5.25392">
<ele>534.0</ele>
<speed>0.8909842</speed>
<time>2021-11-25T08:59:51</time>
</trkpt>
<trkpt lat="44.1066516666667" lon="5.253935">
<ele>534.0</ele>
<speed>0.8462033</speed>
<time>2021-11-25T08:59:52</time>
</trkpt>
<trkpt lat="44.10666" lon="5.25394833333333">
<ele>534.0</ele>
<speed>0.8384825</speed>
<time>2021-11-25T08:59:53</time>
</trkpt>
<trkpt lat="44.106675" lon="5.25396666666667">
<ele>534.0</ele>
<speed>0.8966461</speed>
<time>2021-11-25T08:59:54</time>
</trkpt>
<trkpt lat="44.1067083333333" lon="5.254005">
<ele>534.0</ele>
<speed>0.9872372</speed>
<time>2021-11-25T08:59:57</time>
</trkpt>
<trkpt lat="44.106725" lon="5.25404">
<ele>534.0</ele>
<speed>1.0320181</speed>
<time>2021-11-25T08:59:59</time>
</trkpt>
<trkpt lat="44.10672" lon="5.254065">
<ele>534.0</ele>
<speed>1.1040791</speed>
<time>2021-11-25T09:00:00</time>
</trkpt>
<trkpt lat="44.10672" lon="5.25413333333333">
<ele>534.0</ele>
<speed>1.1890084</speed>
<time>2021-11-25T09:00:03</time>
</trkpt>
<trkpt lat="44.1067383333333" lon="5.25417666666667">
<ele>534.0</ele>
<speed>1.0870934</speed>
<time>2021-11-25T09:00:06</time>
</trkpt>
<trkpt lat="44.1067483333333" lon="5.25418833333333">
<ele>534.0</ele>
<speed>1.102535</speed>
<time>2021-11-25T09:00:07</time>
</trkpt>
<trkpt lat="44.106755" lon="5.254205">
<ele>534.0</ele>
<speed>1.0845197</speed>
<time>2021-11-25T09:00:08</time>
</trkpt>
<trkpt lat="44.1067683333333" lon="5.25422166666667">
<ele>536.7</ele>
<speed>1.0953289</speed>
<time>2021-11-25T09:00:09</time>
</trkpt>
<trkpt lat="44.106775" lon="5.25423833333333">
<ele>536.7</ele>
<speed>1.1004761</speed>
<time>2021-11-25T09:00:10</time>
</trkpt>
<trkpt lat="44.1067783333333" lon="5.25425333333333">
<ele>536.7</ele>
<speed>1.1323888</speed>
<time>2021-11-25T09:00:11</time>
</trkpt>
<trkpt lat="44.1067916666667" lon="5.25428166666667">
<ele>536.7</ele>
<speed>1.1411391</speed>
<time>2021-11-25T09:00:13</time>
</trkpt>
<trkpt lat="44.1068" lon="5.25432166666667">
<ele>536.7</ele>
<speed>1.1411391</speed>
<time>2021-11-25T09:00:16</time>
</trkpt>
<trkpt lat="44.106805" lon="5.25434833333333">
<ele>536.7</ele>
<speed>1.0762842</speed>
<time>2021-11-25T09:00:18</time>
</trkpt>
<trkpt lat="44.1068116666667" lon="5.25436666666667">
<ele>537.63336</ele>
<speed>1.0510628</speed>
<time>2021-11-25T09:00:19</time>
</trkpt>
<trkpt lat="44.10681" lon="5.25438166666667">
<ele>537.63336</ele>
<speed>1.0309886</speed>
<time>2021-11-25T09:00:20</time>
</trkpt>
<trkpt lat="44.1068133333333" lon="5.254425">
<ele>537.63336</ele>
<speed>1.0196648</speed>
<time>2021-11-25T09:00:22</time>
</trkpt>
<trkpt lat="44.106815" lon="5.254455">
<ele>537.63336</ele>
<speed>1.0500333</speed>
<time>2021-11-25T09:00:23</time>
</trkpt>
<trkpt lat="44.1068183333333" lon="5.254475">
<ele>537.63336</ele>
<speed>1.0196648</speed>
<time>2021-11-25T09:00:24</time>
</trkpt>
<trkpt lat="44.1068316666667" lon="5.25448333333333">
<ele>537.63336</ele>
<speed>1.0181205</speed>
<time>2021-11-25T09:00:25</time>
</trkpt>
<trkpt lat="44.1068366666667" lon="5.25449333333333">
<ele>537.63336</ele>
<speed>0.9769428</speed>
<time>2021-11-25T09:00:26</time>
</trkpt>
<trkpt lat="44.1068483333333" lon="5.25452">
<ele>537.63336</ele>
<speed>1.041283</speed>
<time>2021-11-25T09:00:27</time>
</trkpt>
<trkpt lat="44.1068533333333" lon="5.25454333333333">
<ele>537.63336</ele>
<speed>1.1148883</speed>
<time>2021-11-25T09:00:28</time>
</trkpt>
<trkpt lat="44.1068666666667" lon="5.25456333333333">
<ele>540.7</ele>
<speed>1.0984172</speed>
<time>2021-11-25T09:00:29</time>
</trkpt>
<trkpt lat="44.1068866666667" lon="5.2546">
<ele>540.7</ele>
<speed>1.1720225</speed>
<time>2021-11-25T09:00:31</time>
</trkpt>
<trkpt lat="44.106885" lon="5.25462166666667">
<ele>540.7</ele>
<speed>1.176655</speed>
<time>2021-11-25T09:00:32</time>
</trkpt>
<trkpt lat="44.10692" lon="5.25469166666667">
<ele>540.7</ele>
<speed>1.1241534</speed>
<time>2021-11-25T09:00:37</time>
</trkpt>
<trkpt lat="44.1069233333333" lon="5.254725">
<ele>541.2</ele>
<speed>1.0423125</speed>
<time>2021-11-25T09:00:39</time>
</trkpt>
<trkpt lat="44.1069366666667" lon="5.25474666666667">
<ele>541.2</ele>
<speed>0.9661336</speed>
<time>2021-11-25T09:00:40</time>
</trkpt>
<trkpt lat="44.10695" lon="5.254755">
<ele>541.2</ele>
<speed>0.85649776</speed>
<time>2021-11-25T09:00:41</time>
</trkpt>
<trkpt lat="44.1069516666667" lon="5.25477">
<ele>541.2</ele>
<speed>0.79627526</speed>
<time>2021-11-25T09:00:42</time>
</trkpt>
<trkpt lat="44.1069616666667" lon="5.254845">
<ele>541.2</ele>
<speed>0.83951193</speed>
<time>2021-11-25T09:00:46</time>
</trkpt>
<trkpt lat="44.106965" lon="5.25488833333333">
<ele>541.2</ele>
<speed>0.96356</speed>
<time>2021-11-25T09:00:48</time>
</trkpt>
<trkpt lat="44.1069766666667" lon="5.254925">
<ele>544.7</ele>
<speed>1.0201794</speed>
<time>2021-11-25T09:00:50</time>
</trkpt>
<trkpt lat="44.1069866666667" lon="5.254935">
<ele>544.7</ele>
<speed>1.0845197</speed>
<time>2021-11-25T09:00:51</time>
</trkpt>
<trkpt lat="44.10699" lon="5.254945">
<ele>544.7</ele>
<speed>1.1071675</speed>
<time>2021-11-25T09:00:52</time>
</trkpt>
<trkpt lat="44.10699" lon="5.25495833333333">
<ele>544.7</ele>
<speed>1.1323888</speed>
<time>2021-11-25T09:00:53</time>
</trkpt>
<trkpt lat="44.1070033333333" lon="5.25498">
<ele>544.7</ele>
<speed>1.0685633</speed>
<time>2021-11-25T09:00:55</time>
</trkpt>
<trkpt lat="44.10701" lon="5.25501333333333">
<ele>544.7</ele>
<speed>1.102535</speed>
<time>2021-11-25T09:00:57</time>
</trkpt>
<trkpt lat="44.1070283333333" lon="5.25503333333333">
<ele>546.36664</ele>
<speed>1.054151</speed>
<time>2021-11-25T09:00:59</time>
</trkpt>
<trkpt lat="44.1070266666667" lon="5.25504833333333">
<ele>546.36664</ele>
<speed>1.0176058</speed>
<time>2021-11-25T09:01:00</time>
</trkpt>
<trkpt lat="44.10706" lon="5.25509166666667">
<ele>546.36664</ele>
<speed>1.0145175</speed>
<time>2021-11-25T09:01:03</time>
</trkpt>
<trkpt lat="44.1070733333333" lon="5.25510666666667">
<ele>546.36664</ele>
<speed>0.95738333</speed>
<time>2021-11-25T09:01:04</time>
</trkpt>
<trkpt lat="44.1070783333333" lon="5.255125">
<ele>546.36664</ele>
<speed>0.97436917</speed>
<time>2021-11-25T09:01:05</time>
</trkpt>
<trkpt lat="44.10709" lon="5.255135">
<ele>546.36664</ele>
<speed>0.7556122</speed>
<time>2021-11-25T09:01:08</time>
</trkpt>
<trkpt lat="44.1071" lon="5.25514">
<ele>550.13336</ele>
<speed>0.7700244</speed>
<time>2021-11-25T09:01:09</time>
</trkpt>
<trkpt lat="44.1071083333333" lon="5.25515333333333">
<ele>550.13336</ele>
<speed>0.69281614</speed>
<time>2021-11-25T09:01:11</time>
</trkpt>
<trkpt lat="44.10711" lon="5.25516333333333">
<ele>550.13336</ele>
<speed>0.64031446</speed>
<time>2021-11-25T09:01:12</time>
</trkpt>
<trkpt lat="44.1071166666667" lon="5.25517166666667">
<ele>550.13336</ele>
<speed>0.5636208</speed>
<time>2021-11-25T09:01:13</time>
</trkpt>
<trkpt lat="44.10712" lon="5.25517666666667">
<ele>550.13336</ele>
<speed>0.5219283</speed>
<time>2021-11-25T09:01:14</time>
</trkpt>
<trkpt lat="44.1071216666667" lon="5.25517833333333">
<ele>550.13336</ele>
<speed>0.45295554</speed>
<time>2021-11-25T09:01:15</time>
</trkpt>
<trkpt lat="44.1071266666667" lon="5.25518166666667">
<ele>550.13336</ele>
<speed>0.0</speed>
<time>2021-11-25T09:01:16</time>
</trkpt>
<trkpt lat="44.1071483333333" lon="5.25518666666667">
<ele>550.13336</ele>
<speed>0.0</speed>
<time>2021-11-25T09:01:17</time>
</trkpt>
<trkpt lat="44.1071516666667" lon="5.255195">
<ele>550.13336</ele>
<speed>0.0</speed>
<time>2021-11-25T09:01:18</time>
</trkpt>
<trkpt lat="44.1071633333333" lon="5.25521166666667">
<ele>550.93335</ele>
<speed>0.0</speed>
<time>2021-11-25T09:01:27</time>
</trkpt>
<trkpt lat="44.1071683333333" lon="5.25521">
<ele>550.93335</ele>
<speed>0.35361418</speed>
<time>2021-11-25T09:01:28</time>
</trkpt>
<trkpt lat="44.1071666666667" lon="5.255215">
<ele>551.5</ele>
<speed>0.0</speed>
<time>2021-11-25T09:01:29</time>
</trkpt>
<trkpt lat="44.1071583333333" lon="5.255225">
<ele>551.5</ele>
<speed>0.0</speed>
<time>2021-11-25T09:01:30</time>
</trkpt>
<trkpt lat="44.1071133333333" lon="5.25526166666667">
<ele>551.5</ele>
<speed>0.4143514</speed>
<time>2021-11-25T09:01:35</time>
</trkpt>
<trkpt lat="44.1071083333333" lon="5.25526166666667">
<ele>551.5</ele>
<speed>0.0</speed>
<time>2021-11-25T09:01:36</time>
</trkpt>
<trkpt lat="44.1071033333333" lon="5.255265">
<ele>551.5</ele>
<speed>0.0</speed>
<time>2021-11-25T09:01:37</time>
</trkpt>
<trkpt lat="44.1071133333333" lon="5.25526666666667">
<ele>551.5</ele>
<speed>0.0</speed>
<time>2021-11-25T09:01:38</time>
</trkpt>
<trkpt lat="44.1071133333333" lon="5.25526666666667">
<ele>551.7</ele>
<speed>0.0</speed>
<time>2021-11-25T09:01:42</time>
</trkpt>
<trkpt lat="44.1071133333333" lon="5.25526666666667">
<ele>551.7</ele>
<speed>0.0</speed>
<time>2021-11-25T09:01:45</time>
</trkpt>
<trkpt lat="44.1071133333333" lon="5.25526666666667">
<ele>551.7</ele>
<speed>0.0</speed>
<time>2021-11-25T09:01:47</time>
</trkpt>
<trkpt lat="44.1071666666667" lon="5.25527166666667">
<ele>550.7</ele>
<speed>0.0</speed>
<time>2021-11-25T09:01:55</time>
</trkpt>
<trkpt lat="44.10714" lon="5.25528666666667">
<ele>550.7</ele>
<speed>0.0</speed>
<time>2021-11-25T09:01:57</time>
</trkpt>
<trkpt lat="44.1071366666667" lon="5.25527166666667">
<ele>550.7</ele>
<speed>0.32067195</speed>
<time>2021-11-25T09:02:00</time>
</trkpt>
<trkpt lat="44.1071333333333" lon="5.255265">
<ele>548.4</ele>
<speed>0.0</speed>
<time>2021-11-25T09:02:19</time>
</trkpt>
<trkpt lat="44.1071333333333" lon="5.255265">
<ele>548.4</ele>
<speed>0.0</speed>
<time>2021-11-25T09:02:24</time>
</trkpt>
<trkpt lat="44.1071333333333" lon="5.255265">
<ele>548.4</ele>
<speed>0.0</speed>
<time>2021-11-25T09:02:26</time>
</trkpt>
<trkpt lat="44.1071483333333" lon="5.25527333333333">
<ele>548.4</ele>
<speed>0.49413332</speed>
<time>2021-11-25T09:02:32</time>
</trkpt>
<trkpt lat="44.1071316666667" lon="5.25516833333333">
<ele>548.4</ele>
<speed>0.6063428</speed>
<time>2021-11-25T09:02:37</time>
</trkpt>
<trkpt lat="44.1071333333333" lon="5.25510333333333">
<ele>551.43335</ele>
<speed>0.43648446</speed>
<time>2021-11-25T09:02:43</time>
</trkpt>
<trkpt lat="44.107235" lon="5.25501333333333">
<ele>546.9</ele>
<speed>0.42721945</speed>
<time>2021-11-25T09:02:57</time>
</trkpt>
<trkpt lat="44.1072333333333" lon="5.25502166666667">
<ele>546.9</ele>
<speed>0.40457165</speed>
<time>2021-11-25T09:02:58</time>
</trkpt>
<trkpt lat="44.1072216666667" lon="5.255025">
<ele>546.7</ele>
<speed>0.42361638</speed>
<time>2021-11-25T09:02:59</time>
</trkpt>
<trkpt lat="44.1071966666667" lon="5.25503833333333">
<ele>546.7</ele>
<speed>0.44420528</speed>
<time>2021-11-25T09:03:00</time>
</trkpt>
<trkpt lat="44.1071933333333" lon="5.25504666666667">
<ele>546.7</ele>
<speed>0.47611806</speed>
<time>2021-11-25T09:03:01</time>
</trkpt>
<trkpt lat="44.1071783333333" lon="5.25506333333333">
<ele>546.7</ele>
<speed>0.46891195</speed>
<time>2021-11-25T09:03:03</time>
</trkpt>
<trkpt lat="44.1071683333333" lon="5.25507833333333">
<ele>546.7</ele>
<speed>0.0</speed>
<time>2021-11-25T09:03:05</time>
</trkpt>
<trkpt lat="44.1071566666667" lon="5.255115">
<ele>546.7</ele>
<speed>0.0</speed>
<time>2021-11-25T09:03:07</time>
</trkpt>
<trkpt lat="44.1071533333333" lon="5.255145">
<ele>545.2</ele>
<speed>0.36699694</speed>
<time>2021-11-25T09:03:18</time>
</trkpt>
<trkpt lat="44.1071566666667" lon="5.25516">
<ele>544.8</ele>
<speed>0.41898388</speed>
<time>2021-11-25T09:03:19</time>
</trkpt>
<trkpt lat="44.1071616666667" lon="5.25517333333333">
<ele>544.8</ele>
<speed>0.48178</speed>
<time>2021-11-25T09:03:20</time>
</trkpt>
<trkpt lat="44.1071683333333" lon="5.25518833333333">
<ele>544.8</ele>
<speed>0.56001776</speed>
<time>2021-11-25T09:03:21</time>
</trkpt>
<trkpt lat="44.1071766666667" lon="5.25521666666667">
<ele>544.8</ele>
<speed>0.60994583</speed>
<time>2021-11-25T09:03:23</time>
</trkpt>
<trkpt lat="44.10718" lon="5.25523">
<ele>544.8</ele>
<speed>0.6233286</speed>
<time>2021-11-25T09:03:24</time>
</trkpt>
<trkpt lat="44.107185" lon="5.25524166666667">
<ele>544.8</ele>
<speed>0.6964192</speed>
<time>2021-11-25T09:03:25</time>
</trkpt>
<trkpt lat="44.1071933333333" lon="5.25525833333333">
<ele>544.8</ele>
<speed>0.7700244</speed>
<time>2021-11-25T09:03:26</time>
</trkpt>
<trkpt lat="44.1072" lon="5.25527">
<ele>544.8</ele>
<speed>0.7607595</speed>
<time>2021-11-25T09:03:27</time>
</trkpt>
<trkpt lat="44.1072116666667" lon="5.25528666666667">
<ele>544.8</ele>
<speed>0.71700805</speed>
<time>2021-11-25T09:03:28</time>
</trkpt>
<trkpt lat="44.1072166666667" lon="5.25529833333333">
<ele>541.2</ele>
<speed>0.67994803</speed>
<time>2021-11-25T09:03:29</time>
</trkpt>
<trkpt lat="44.1072216666667" lon="5.255315">
<ele>541.2</ele>
<speed>0.7092872</speed>
<time>2021-11-25T09:03:30</time>
</trkpt>
<trkpt lat="44.1072283333333" lon="5.25533833333333">
<ele>541.2</ele>
<speed>0.76384777</speed>
<time>2021-11-25T09:03:31</time>
</trkpt>
<trkpt lat="44.10724" lon="5.25536">
<ele>541.2</ele>
<speed>0.83385</speed>
<time>2021-11-25T09:03:32</time>
</trkpt>
<trkpt lat="44.1072466666667" lon="5.25538166666667">
<ele>541.2</ele>
<speed>0.89304304</speed>
<time>2021-11-25T09:03:33</time>
</trkpt>
<trkpt lat="44.1072416666667" lon="5.25541166666667">
<ele>541.2</ele>
<speed>0.96253055</speed>
<time>2021-11-25T09:03:34</time>
</trkpt>
<trkpt lat="44.1072366666667" lon="5.25543666666667">
<ele>541.2</ele>
<speed>0.97591335</speed>
<time>2021-11-25T09:03:35</time>
</trkpt>
<trkpt lat="44.1072283333333" lon="5.25548">
<ele>541.2</ele>
<speed>1.089667</speed>
<time>2021-11-25T09:03:37</time>
</trkpt>
<trkpt lat="44.1072266666667" lon="5.2555">
<ele>541.2</ele>
<speed>1.13033</speed>
<time>2021-11-25T09:03:38</time>
</trkpt>
<trkpt lat="44.1072266666667" lon="5.25552333333333">
<ele>542.56665</ele>
<speed>1.2023911</speed>
<time>2021-11-25T09:03:39</time>
</trkpt>
<trkpt lat="44.1072316666667" lon="5.25562166666667">
<ele>542.56665</ele>
<speed>1.1864347</speed>
<time>2021-11-25T09:03:43</time>
</trkpt>
<trkpt lat="44.1072366666667" lon="5.25566833333333">
<ele>542.56665</ele>
<speed>1.2373922</speed>
<time>2021-11-25T09:03:45</time>
</trkpt>
<trkpt lat="44.1072433333333" lon="5.255715">
<ele>542.56665</ele>
<speed>1.210112</speed>
<time>2021-11-25T09:03:47</time>
</trkpt>
<trkpt lat="44.1072466666667" lon="5.25576166666667">
<ele>544.0</ele>
<speed>1.2538633</speed>
<time>2021-11-25T09:03:49</time>
</trkpt>
<trkpt lat="44.10724" lon="5.25577666666667">
<ele>544.0</ele>
<speed>1.2646725</speed>
<time>2021-11-25T09:03:50</time>
</trkpt>
<trkpt lat="44.10722" lon="5.25583833333333">
<ele>544.0</ele>
<speed>1.1570956</speed>
<time>2021-11-25T09:03:54</time>
</trkpt>
<trkpt lat="44.107215" lon="5.25585333333333">
<ele>544.0</ele>
<speed>1.0850345</speed>
<time>2021-11-25T09:03:55</time>
</trkpt>
<trkpt lat="44.1072166666667" lon="5.25587166666667">
<ele>544.0</ele>
<speed>1.0423125</speed>
<time>2021-11-25T09:03:56</time>
</trkpt>
<trkpt lat="44.1072083333333" lon="5.25590666666667">
<ele>544.0</ele>
<speed>0.98260474</speed>
<time>2021-11-25T09:03:58</time>
</trkpt>
<trkpt lat="44.1071866666667" lon="5.25593666666667">
<ele>546.4</ele>
<speed>0.91569084</speed>
<time>2021-11-25T09:03:59</time>
</trkpt>
<trkpt lat="44.107185" lon="5.25594666666667">
<ele>546.4</ele>
<speed>0.83796775</speed>
<time>2021-11-25T09:04:00</time>
</trkpt>
<trkpt lat="44.1071833333333" lon="5.25596166666667">
<ele>546.4</ele>
<speed>0.7834072</speed>
<time>2021-11-25T09:04:01</time>
</trkpt>
<trkpt lat="44.1071616666667" lon="5.25601166666667">
<ele>546.4</ele>
<speed>0.78701025</speed>
<time>2021-11-25T09:04:03</time>
</trkpt>
<trkpt lat="44.1071566666667" lon="5.25608333333333">
<ele>546.4</ele>
<speed>0.86730695</speed>
<time>2021-11-25T09:04:06</time>
</trkpt>
<trkpt lat="44.10716" lon="5.25610333333333">
<ele>546.4</ele>
<speed>0.90899944</speed>
<time>2021-11-25T09:04:07</time>
</trkpt>
<trkpt lat="44.1071683333333" lon="5.25612166666667">
<ele>546.4</ele>
<speed>0.96253055</speed>
<time>2021-11-25T09:04:08</time>
</trkpt>
<trkpt lat="44.107175" lon="5.25613666666667">
<ele>547.06665</ele>
<speed>0.9738544</speed>
<time>2021-11-25T09:04:09</time>
</trkpt>
<trkpt lat="44.10718" lon="5.25615333333333">
<ele>547.06665</ele>
<speed>1.0299592</speed>
<time>2021-11-25T09:04:10</time>
</trkpt>
<trkpt lat="44.10719" lon="5.256165">
<ele>547.06665</ele>
<speed>1.0371653</speed>
<time>2021-11-25T09:04:11</time>
</trkpt>
<trkpt lat="44.1072066666667" lon="5.25618333333333">
<ele>547.06665</ele>
<speed>1.0685633</speed>
<time>2021-11-25T09:04:12</time>
</trkpt>
<trkpt lat="44.1072333333333" lon="5.256215">
<ele>547.06665</ele>
<speed>1.1164325</speed>
<time>2021-11-25T09:04:14</time>
</trkpt>
<trkpt lat="44.1072733333333" lon="5.25627666666667">
<ele>547.06665</ele>
<speed>1.2657019</speed>
<time>2021-11-25T09:04:17</time>
</trkpt>
<trkpt lat="44.1072816666667" lon="5.25629">
<ele>547.06665</ele>
<speed>1.2852614</speed>
<time>2021-11-25T09:04:18</time>
</trkpt>
<trkpt lat="44.1072883333333" lon="5.25632">
<ele>548.5</ele>
<speed>1.3058503</speed>
<time>2021-11-25T09:04:20</time>
</trkpt>
<trkpt lat="44.1073083333333" lon="5.25634833333333">
<ele>548.5</ele>
<speed>1.3151153</speed>
<time>2021-11-25T09:04:22</time>
</trkpt>
<trkpt lat="44.1073533333333" lon="5.25638166666667">
<ele>548.5</ele>
<speed>1.3012178</speed>
<time>2021-11-25T09:04:25</time>
</trkpt>
<trkpt lat="44.1073716666667" lon="5.25640833333333">
<ele>548.5</ele>
<speed>1.2070236</speed>
<time>2021-11-25T09:04:27</time>
</trkpt>
<trkpt lat="44.1073866666667" lon="5.25641666666667">
<ele>548.5</ele>
<speed>1.2126856</speed>
<time>2021-11-25T09:04:28</time>
</trkpt>
<trkpt lat="44.1073866666667" lon="5.25643333333333">
<ele>552.6</ele>
<speed>1.2188622</speed>
<time>2021-11-25T09:04:29</time>
</trkpt>
<trkpt lat="44.1073933333333" lon="5.256445">
<ele>552.6</ele>
<speed>1.2296714</speed>
<time>2021-11-25T09:04:30</time>
</trkpt>
<trkpt lat="44.1074033333333" lon="5.25645166666667">
<ele>552.6</ele>
<speed>1.2075384</speed>
<time>2021-11-25T09:04:31</time>
</trkpt>
<trkpt lat="44.107415" lon="5.256465">
<ele>552.6</ele>
<speed>1.180258</speed>
<time>2021-11-25T09:04:32</time>
</trkpt>
<trkpt lat="44.1074283333333" lon="5.25646666666667">
<ele>552.6</ele>
<speed>1.1498895</speed>
<time>2021-11-25T09:04:33</time>
</trkpt>
<trkpt lat="44.1074433333333" lon="5.256475">
<ele>552.6</ele>
<speed>1.1128294</speed>
<time>2021-11-25T09:04:34</time>
</trkpt>
<trkpt lat="44.107505" lon="5.256515">
<ele>552.6</ele>
<speed>1.1884936</speed>
<time>2021-11-25T09:04:37</time>
</trkpt>
<trkpt lat="44.1075533333333" lon="5.256555">
<ele>557.1</ele>
<speed>1.2734228</speed>
<time>2021-11-25T09:04:40</time>
</trkpt>
<trkpt lat="44.1075566666667" lon="5.256575">
<ele>557.1</ele>
<speed>1.3001883</speed>
<time>2021-11-25T09:04:41</time>
</trkpt>
<trkpt lat="44.1075666666667" lon="5.25659666666667">
<ele>557.1</ele>
<speed>1.3321011</speed>
<time>2021-11-25T09:04:42</time>
</trkpt>
<trkpt lat="44.107575" lon="5.25663333333333">
<ele>557.1</ele>
<speed>1.3918089</speed>
<time>2021-11-25T09:04:44</time>
</trkpt>
<trkpt lat="44.10758" lon="5.25665666666667">
<ele>557.1</ele>
<speed>1.380485</speed>
<time>2021-11-25T09:04:45</time>
</trkpt>
<trkpt lat="44.107595" lon="5.25669333333333">
<ele>557.1</ele>
<speed>1.3377631</speed>
<time>2021-11-25T09:04:47</time>
</trkpt>
<trkpt lat="44.1076016666667" lon="5.25671166666667">
<ele>557.1</ele>
<speed>1.293497</speed>
<time>2021-11-25T09:04:48</time>
</trkpt>
<trkpt lat="44.10762" lon="5.256735">
<ele>560.1</ele>
<speed>1.2646725</speed>
<time>2021-11-25T09:04:49</time>
</trkpt>
<trkpt lat="44.10765" lon="5.25679833333333">
<ele>560.1</ele>
<speed>1.2296714</speed>
<time>2021-11-25T09:04:53</time>
</trkpt>
<trkpt lat="44.1076583333333" lon="5.25681">
<ele>560.1</ele>
<speed>1.1797433</speed>
<time>2021-11-25T09:04:54</time>
</trkpt>
<trkpt lat="44.1076833333333" lon="5.25684333333333">
<ele>560.1</ele>
<speed>1.1215798</speed>
<time>2021-11-25T09:04:56</time>
</trkpt>
<trkpt lat="44.1076966666667" lon="5.25684666666667">
<ele>560.1</ele>
<speed>1.043342</speed>
<time>2021-11-25T09:04:57</time>
</trkpt>
<trkpt lat="44.10772" lon="5.25687">
<ele>560.1</ele>
<speed>1.0129733</speed>
<time>2021-11-25T09:04:58</time>
</trkpt>
<trkpt lat="44.1077683333333" lon="5.25693">
<ele>560.4</ele>
<speed>1.0083408</speed>
<time>2021-11-25T09:05:01</time>
</trkpt>
<trkpt lat="44.107775" lon="5.256945">
<ele>560.4</ele>
<speed>0.98929614</speed>
<time>2021-11-25T09:05:02</time>
</trkpt>
<trkpt lat="44.1077766666667" lon="5.25696333333333">
<ele>560.4</ele>
<speed>0.97900164</speed>
<time>2021-11-25T09:05:03</time>
</trkpt>
<trkpt lat="44.1077716666667" lon="5.257">
<ele>560.4</ele>
<speed>0.91826445</speed>
<time>2021-11-25T09:05:05</time>
</trkpt>
<trkpt lat="44.1077833333333" lon="5.25702166666667">
<ele>560.4</ele>
<speed>0.98517835</speed>
<time>2021-11-25T09:05:06</time>
</trkpt>
<trkpt lat="44.1078016666667" lon="5.25704">
<ele>560.4</ele>
<speed>1.0881227</speed>
<time>2021-11-25T09:05:07</time>
</trkpt>
<trkpt lat="44.1078216666667" lon="5.25705666666667">
<ele>560.4</ele>
<speed>1.1699636</speed>
<time>2021-11-25T09:05:08</time>
</trkpt>
<trkpt lat="44.10784" lon="5.25707666666667">
<ele>560.0</ele>
<speed>1.2512897</speed>
<time>2021-11-25T09:05:09</time>
</trkpt>
<trkpt lat="44.1078633333333" lon="5.25711833333333">
<ele>560.0</ele>
<speed>1.4468842</speed>
<time>2021-11-25T09:05:11</time>
</trkpt>
<trkpt lat="44.1078666666667" lon="5.25713833333333">
<ele>560.0</ele>
<speed>1.4962975</speed>
<time>2021-11-25T09:05:12</time>
</trkpt>
<trkpt lat="44.1078866666667" lon="5.25715666666667">
<ele>560.0</ele>
<speed>1.5385047</speed>
<time>2021-11-25T09:05:13</time>
</trkpt>
<trkpt lat="44.107905" lon="5.2572">
<ele>560.0</ele>
<speed>1.5256367</speed>
<time>2021-11-25T09:05:16</time>
</trkpt>
<trkpt lat="44.1079066666667" lon="5.25721833333333">
<ele>560.0</ele>
<speed>1.473135</speed>
<time>2021-11-25T09:05:17</time>
</trkpt>
<trkpt lat="44.1079233333333" lon="5.25725166666667">
<ele>562.6667</ele>
<speed>1.3187183</speed>
<time>2021-11-25T09:05:19</time>
</trkpt>
<trkpt lat="44.107935" lon="5.25726166666667">
<ele>562.6667</ele>
<speed>1.1272416</speed>
<time>2021-11-25T09:05:20</time>
</trkpt>
<trkpt lat="44.1079416666667" lon="5.257275">
<ele>562.6667</ele>
<speed>1.143198</speed>
<time>2021-11-25T09:05:21</time>
</trkpt>
<trkpt lat="44.1079433333333" lon="5.25729333333333">
<ele>562.6667</ele>
<speed>1.1195208</speed>
<time>2021-11-25T09:05:22</time>
</trkpt>
<trkpt lat="44.107965" lon="5.25733833333333">
<ele>562.6667</ele>
<speed>1.1704783</speed>
<time>2021-11-25T09:05:24</time>
</trkpt>
<trkpt lat="44.1079883333333" lon="5.25736166666667">
<ele>562.6667</ele>
<speed>1.1385655</speed>
<time>2021-11-25T09:05:26</time>
</trkpt>
<trkpt lat="44.1080016666667" lon="5.25737666666667">
<ele>562.6667</ele>
<speed>1.1148883</speed>
<time>2021-11-25T09:05:27</time>
</trkpt>
<trkpt lat="44.1080116666667" lon="5.257395">
<ele>562.6667</ele>
<speed>1.0917258</speed>
<time>2021-11-25T09:05:28</time>
</trkpt>
<trkpt lat="44.10803" lon="5.25744333333333">
<ele>564.3</ele>
<speed>1.0572394</speed>
<time>2021-11-25T09:05:31</time>
</trkpt>
<trkpt lat="44.1080266666667" lon="5.25747">
<ele>564.3</ele>
<speed>1.0762842</speed>
<time>2021-11-25T09:05:32</time>
</trkpt>
<trkpt lat="44.1080283333333" lon="5.25749">
<ele>564.3</ele>
<speed>1.1251827</speed>
<time>2021-11-25T09:05:33</time>
</trkpt>
<trkpt lat="44.10805" lon="5.25753666666667">
<ele>564.3</ele>
<speed>1.1848905</speed>
<time>2021-11-25T09:05:35</time>
</trkpt>
<trkpt lat="44.1080716666667" lon="5.25755666666667">
<ele>564.3</ele>
<speed>1.250775</speed>
<time>2021-11-25T09:05:36</time>
</trkpt>
<trkpt lat="44.1080983333333" lon="5.257595">
<ele>564.3</ele>
<speed>1.2754817</speed>
<time>2021-11-25T09:05:38</time>
</trkpt>
<trkpt lat="44.1081083333333" lon="5.25761833333333">
<ele>566.6667</ele>
<speed>1.2528338</speed>
<time>2021-11-25T09:05:40</time>
</trkpt>
<trkpt lat="44.108115" lon="5.25762333333333">
<ele>566.6667</ele>
<speed>1.1956997</speed>
<time>2021-11-25T09:05:41</time>
</trkpt>
<trkpt lat="44.1081183333333" lon="5.25764333333333">
<ele>566.6667</ele>
<speed>1.1689342</speed>
<time>2021-11-25T09:05:42</time>
</trkpt>
<trkpt lat="44.1081216666667" lon="5.25765833333333">
<ele>566.6667</ele>
<speed>1.1118</speed>
<time>2021-11-25T09:05:43</time>
</trkpt>
<trkpt lat="44.1081216666667" lon="5.257675">
<ele>566.6667</ele>
<speed>1.0484892</speed>
<time>2021-11-25T09:05:44</time>
</trkpt>
<trkpt lat="44.1081333333333" lon="5.25769166666667">
<ele>566.6667</ele>
<speed>1.0356212</speed>
<time>2021-11-25T09:05:45</time>
</trkpt>
<trkpt lat="44.108145" lon="5.25771">
<ele>566.6667</ele>
<speed>1.028415</speed>
<time>2021-11-25T09:05:46</time>
</trkpt>
<trkpt lat="44.1081683333333" lon="5.25773166666667">
<ele>566.6667</ele>
<speed>1.0407684</speed>
<time>2021-11-25T09:05:47</time>
</trkpt>
<trkpt lat="44.1081816666667" lon="5.25774833333333">
<ele>566.6667</ele>
<speed>1.0361358</speed>
<time>2021-11-25T09:05:48</time>
</trkpt>
<trkpt lat="44.1082133333333" lon="5.25776666666667">
<ele>569.3</ele>
<speed>1.0731958</speed>
<time>2021-11-25T09:05:50</time>
</trkpt>
<trkpt lat="44.1082266666667" lon="5.25777666666667">
<ele>569.3</ele>
<speed>1.1184914</speed>
<time>2021-11-25T09:05:51</time>
</trkpt>
<trkpt lat="44.1082633333333" lon="5.25781333333333">
<ele>569.3</ele>
<speed>1.2204064</speed>
<time>2021-11-25T09:05:53</time>
</trkpt>
<trkpt lat="44.1082733333333" lon="5.25782666666667">
<ele>569.3</ele>
<speed>1.2533486</speed>
<time>2021-11-25T09:05:54</time>
</trkpt>
<trkpt lat="44.10829" lon="5.25784166666667">
<ele>569.3</ele>
<speed>1.2538633</speed>
<time>2021-11-25T09:05:55</time>
</trkpt>
<trkpt lat="44.108315" lon="5.25786333333333">
<ele>569.3</ele>
<speed>1.1668752</speed>
<time>2021-11-25T09:05:57</time>
</trkpt>
<trkpt lat="44.10834" lon="5.25787">
<ele>569.93335</ele>
<speed>1.1349626</speed>
<time>2021-11-25T09:05:59</time>
</trkpt>
<trkpt lat="44.1083516666667" lon="5.25787333333333">
<ele>569.93335</ele>
<speed>1.1066527</speed>
<time>2021-11-25T09:06:00</time>
</trkpt>
<trkpt lat="44.10836" lon="5.25788">
<ele>569.93335</ele>
<speed>1.0809166</speed>
<time>2021-11-25T09:06:01</time>
</trkpt>
<trkpt lat="44.1083666666667" lon="5.25789166666667">
<ele>569.93335</ele>
<speed>0.9862078</speed>
<time>2021-11-25T09:06:02</time>
</trkpt>
<trkpt lat="44.1083783333333" lon="5.25791166666667">
<ele>569.93335</ele>
<speed>0.92341167</speed>
<time>2021-11-25T09:06:03</time>
</trkpt>
<trkpt lat="44.1083783333333" lon="5.25793166666667">
<ele>569.93335</ele>
<speed>0.88995475</speed>
<time>2021-11-25T09:06:04</time>
</trkpt>
<trkpt lat="44.1083966666667" lon="5.25795666666667">
<ele>569.93335</ele>
<speed>0.85392416</speed>
<time>2021-11-25T09:06:06</time>
</trkpt>
<trkpt lat="44.1084016666667" lon="5.257965">
<ele>569.93335</ele>
<speed>0.8503211</speed>
<time>2021-11-25T09:06:07</time>
</trkpt>
<trkpt lat="44.1084333333333" lon="5.257995">
<ele>570.3</ele>
<speed>0.83745307</speed>
<time>2021-11-25T09:06:09</time>
</trkpt>
<trkpt lat="44.1084416666667" lon="5.25802166666667">
<ele>570.3</ele>
<speed>0.8662775</speed>
<time>2021-11-25T09:06:11</time>
</trkpt>
<trkpt lat="44.108455" lon="5.25803333333333">
<ele>570.3</ele>
<speed>0.85804194</speed>
<time>2021-11-25T09:06:12</time>
</trkpt>
<trkpt lat="44.1084733333333" lon="5.25804833333333">
<ele>570.3</ele>
<speed>0.85649776</speed>
<time>2021-11-25T09:06:13</time>
</trkpt>
<trkpt lat="44.1084966666667" lon="5.2581">
<ele>570.3</ele>
<speed>0.8637039</speed>
<time>2021-11-25T09:06:16</time>
</trkpt>
<trkpt lat="44.108525" lon="5.25814666666667">
<ele>570.4</ele>
<speed>0.8276733</speed>
<time>2021-11-25T09:06:19</time>
</trkpt>
<trkpt lat="44.1085416666667" lon="5.25818833333333">
<ele>570.4</ele>
<speed>0.8225261</speed>
<time>2021-11-25T09:06:22</time>
</trkpt>
<trkpt lat="44.108555" lon="5.25820333333333">
<ele>570.4</ele>
<speed>0.82612914</speed>
<time>2021-11-25T09:06:23</time>
</trkpt>
<trkpt lat="44.1085683333333" lon="5.25823666666667">
<ele>570.4</ele>
<speed>0.88892525</speed>
<time>2021-11-25T09:06:25</time>
</trkpt>
<trkpt lat="44.1085716666667" lon="5.25826833333333">
<ele>570.4</ele>
<speed>0.9059111</speed>
<time>2021-11-25T09:06:27</time>
</trkpt>
<trkpt lat="44.10858" lon="5.25828833333333">
<ele>570.4</ele>
<speed>0.9403975</speed>
<time>2021-11-25T09:06:28</time>
</trkpt>
<trkpt lat="44.10858" lon="5.25836">
<ele>569.93335</ele>
<speed>1.1715078</speed>
<time>2021-11-25T09:06:31</time>
</trkpt>
<trkpt lat="44.108585" lon="5.25838833333333">
<ele>569.93335</ele>
<speed>1.2487161</speed>
<time>2021-11-25T09:06:32</time>
</trkpt>
<trkpt lat="44.1085933333333" lon="5.25843">
<ele>569.93335</ele>
<speed>1.1936408</speed>
<time>2021-11-25T09:06:34</time>
</trkpt>
<trkpt lat="44.10858" lon="5.25850666666667">
<ele>569.93335</ele>
<speed>1.5297544</speed>
<time>2021-11-25T09:06:38</time>
</trkpt>
<trkpt lat="44.1085816666667" lon="5.258545">
<ele>569.9</ele>
<speed>1.4298984</speed>
<time>2021-11-25T09:06:40</time>
</trkpt>
<trkpt lat="44.1086033333333" lon="5.258555">
<ele>569.9</ele>
<speed>1.3815144</speed>
<time>2021-11-25T09:06:41</time>
</trkpt>
<trkpt lat="44.108645" lon="5.25857666666667">
<ele>569.9</ele>
<speed>1.3660728</speed>
<time>2021-11-25T09:06:43</time>
</trkpt>
<trkpt lat="44.1086583333333" lon="5.25858333333333">
<ele>569.9</ele>
<speed>1.3866616</speed>
<time>2021-11-25T09:06:44</time>
</trkpt>
<trkpt lat="44.1086716666667" lon="5.25859">
<ele>569.9</ele>
<speed>1.1648164</speed>
<time>2021-11-25T09:06:45</time>
</trkpt>
<trkpt lat="44.1086883333333" lon="5.25859333333333">
<ele>569.9</ele>
<speed>1.0289297</speed>
<time>2021-11-25T09:06:46</time>
</trkpt>
<trkpt lat="44.1087" lon="5.25859666666667">
<ele>569.9</ele>
<speed>1.013488</speed>
<time>2021-11-25T09:06:47</time>
</trkpt>
<trkpt lat="44.1087183333333" lon="5.25861166666667">
<ele>573.0333</ele>
<speed>0.9213528</speed>
<time>2021-11-25T09:06:49</time>
</trkpt>
<trkpt lat="44.1087216666667" lon="5.25862333333333">
<ele>573.0333</ele>
<speed>0.92495584</speed>
<time>2021-11-25T09:06:50</time>
</trkpt>
<trkpt lat="44.1087366666667" lon="5.25863666666667">
<ele>573.0333</ele>
<speed>0.8652481</speed>
<time>2021-11-25T09:06:51</time>
</trkpt>
<trkpt lat="44.1087783333333" lon="5.25869">
<ele>573.0333</ele>
<speed>0.82612914</speed>
<time>2021-11-25T09:06:55</time>
</trkpt>
<trkpt lat="44.1087833333333" lon="5.25872">
<ele>573.0333</ele>
<speed>0.87914556</speed>
<time>2021-11-25T09:06:57</time>
</trkpt>
<trkpt lat="44.1087883333333" lon="5.25873833333333">
<ele>573.0333</ele>
<speed>0.91157305</speed>
<time>2021-11-25T09:06:58</time>
</trkpt>
<trkpt lat="44.1087866666667" lon="5.25879">
<ele>574.6667</ele>
<speed>1.0294445</speed>
<time>2021-11-25T09:07:00</time>
</trkpt>
<trkpt lat="44.1087883333333" lon="5.25884166666667">
<ele>574.6667</ele>
<speed>1.1833464</speed>
<time>2021-11-25T09:07:02</time>
</trkpt>
<trkpt lat="44.1087983333333" lon="5.25891833333334">
<ele>574.6667</ele>
<speed>1.2270977</speed>
<time>2021-11-25T09:07:06</time>
</trkpt>
<trkpt lat="44.108805" lon="5.25895666666667">
<ele>574.6667</ele>
<speed>1.2224653</speed>
<time>2021-11-25T09:07:08</time>
</trkpt>
<trkpt lat="44.108805" lon="5.25898833333333">
<ele>578.76666</ele>
<speed>1.1329036</speed>
<time>2021-11-25T09:07:10</time>
</trkpt>
<trkpt lat="44.1088116666667" lon="5.259">
<ele>578.76666</ele>
<speed>1.0484892</speed>
<time>2021-11-25T09:07:11</time>
</trkpt>
<trkpt lat="44.1088116666667" lon="5.259035">
<ele>578.76666</ele>
<speed>0.9105436</speed>
<time>2021-11-25T09:07:13</time>
</trkpt>
<trkpt lat="44.1088216666667" lon="5.259055">
<ele>578.76666</ele>
<speed>0.9059111</speed>
<time>2021-11-25T09:07:14</time>
</trkpt>
<trkpt lat="44.108835" lon="5.25907833333333">
<ele>578.76666</ele>
<speed>0.95069194</speed>
<time>2021-11-25T09:07:15</time>
</trkpt>
<trkpt lat="44.108855" lon="5.25913666666667">
<ele>579.0</ele>
<speed>0.87811613</speed>
<time>2021-11-25T09:07:19</time>
</trkpt>
<trkpt lat="44.1088766666667" lon="5.25916166666667">
<ele>579.0</ele>
<speed>0.9965022</speed>
<time>2021-11-25T09:07:21</time>
</trkpt>
<trkpt lat="44.1088883333333" lon="5.25918166666667">
<ele>579.0</ele>
<speed>1.0675339</speed>
<time>2021-11-25T09:07:23</time>
</trkpt>
<trkpt lat="44.1088916666667" lon="5.25919333333333">
<ele>579.0</ele>
<speed>1.0629014</speed>
<time>2021-11-25T09:07:24</time>
</trkpt>
<trkpt lat="44.1089" lon="5.25920333333333">
<ele>579.0</ele>
<speed>1.0392241</speed>
<time>2021-11-25T09:07:25</time>
</trkpt>
<trkpt lat="44.1089083333333" lon="5.259225">
<ele>579.0</ele>
<speed>1.0891522</speed>
<time>2021-11-25T09:07:27</time>
</trkpt>
<trkpt lat="44.1089116666667" lon="5.25923">
<ele>579.0</ele>
<speed>1.1262122</speed>
<time>2021-11-25T09:07:28</time>
</trkpt>
<trkpt lat="44.1089283333333" lon="5.25925">
<ele>577.0333</ele>
<speed>1.1956997</speed>
<time>2021-11-25T09:07:30</time>
</trkpt>
<trkpt lat="44.1089266666667" lon="5.25926833333333">
<ele>577.0333</ele>
<speed>1.1694489</speed>
<time>2021-11-25T09:07:31</time>
</trkpt>
<trkpt lat="44.108935" lon="5.25930333333333">
<ele>577.0333</ele>
<speed>1.1648164</speed>
<time>2021-11-25T09:07:33</time>
</trkpt>
<trkpt lat="44.1089416666667" lon="5.259315">
<ele>577.0333</ele>
<speed>1.1565808</speed>
<time>2021-11-25T09:07:34</time>
</trkpt>
<trkpt lat="44.10895" lon="5.25933">
<ele>577.0333</ele>
<speed>1.1606987</speed>
<time>2021-11-25T09:07:35</time>
</trkpt>
<trkpt lat="44.1089716666667" lon="5.25936166666667">
<ele>577.0333</ele>
<speed>1.1128294</speed>
<time>2021-11-25T09:07:38</time>
</trkpt>
<trkpt lat="44.1089816666667" lon="5.25936166666667">
<ele>577.7</ele>
<speed>1.0510628</speed>
<time>2021-11-25T09:07:39</time>
</trkpt>
<trkpt lat="44.1089916666667" lon="5.25936833333333">
<ele>577.7</ele>
<speed>1.0325328</speed>
<time>2021-11-25T09:07:40</time>
</trkpt>
<trkpt lat="44.1090066666667" lon="5.25938333333333">
<ele>577.7</ele>
<speed>1.0387094</speed>
<time>2021-11-25T09:07:41</time>
</trkpt>
<trkpt lat="44.1090116666667" lon="5.2594">
<ele>577.7</ele>
<speed>1.0716517</speed>
<time>2021-11-25T09:07:42</time>
</trkpt>
<trkpt lat="44.1090116666667" lon="5.25941333333333">
<ele>577.7</ele>
<speed>1.046945</speed>
<time>2021-11-25T09:07:43</time>
</trkpt>
<trkpt lat="44.108995" lon="5.25943666666667">
<ele>577.7</ele>
<speed>1.0721664</speed>
<time>2021-11-25T09:07:44</time>
</trkpt>
<trkpt lat="44.1090033333333" lon="5.25946166666667">
<ele>577.7</ele>
<speed>1.0912111</speed>
<time>2021-11-25T09:07:45</time>
</trkpt>
<trkpt lat="44.1089983333333" lon="5.25948666666667">
<ele>577.7</ele>
<speed>1.1148883</speed>
<time>2021-11-25T09:07:46</time>
</trkpt>
<trkpt lat="44.1090066666667" lon="5.25951166666667">
<ele>577.7</ele>
<speed>1.1884936</speed>
<time>2021-11-25T09:07:47</time>
</trkpt>
<trkpt lat="44.1090116666667" lon="5.259535">
<ele>577.7</ele>
<speed>1.2569517</speed>
<time>2021-11-25T09:07:48</time>
</trkpt>
<trkpt lat="44.109035" lon="5.259595">
<ele>579.8</ele>
<speed>1.4473989</speed>
<time>2021-11-25T09:07:51</time>
</trkpt>
<trkpt lat="44.1090433333333" lon="5.25961166666667">
<ele>579.8</ele>
<speed>1.4772527</speed>
<time>2021-11-25T09:07:52</time>
</trkpt>
<trkpt lat="44.1090466666667" lon="5.25962333333333">
<ele>579.8</ele>
<speed>1.4685025</speed>
<time>2021-11-25T09:07:53</time>
</trkpt>
<trkpt lat="44.1090666666667" lon="5.25966666666667">
<ele>579.8</ele>
<speed>1.4314425</speed>
<time>2021-11-25T09:07:56</time>
</trkpt>
<trkpt lat="44.1090766666667" lon="5.25968">
<ele>579.8</ele>
<speed>1.4015886</speed>
<time>2021-11-25T09:07:57</time>
</trkpt>
<trkpt lat="44.1090866666667" lon="5.25970666666667">
<ele>584.9</ele>
<speed>1.3017325</speed>
<time>2021-11-25T09:07:59</time>
</trkpt>
<trkpt lat="44.10909" lon="5.25972333333333">
<ele>584.9</ele>
<speed>1.2219505</speed>
<time>2021-11-25T09:08:00</time>
</trkpt>
<trkpt lat="44.1090983333333" lon="5.259755">
<ele>584.9</ele>
<speed>1.1071675</speed>
<time>2021-11-25T09:08:02</time>
</trkpt>
<trkpt lat="44.1091066666667" lon="5.25977166666667">
<ele>584.9</ele>
<speed>1.1298152</speed>
<time>2021-11-25T09:08:03</time>
</trkpt>
<trkpt lat="44.10912" lon="5.25980333333333">
<ele>584.9</ele>
<speed>1.115403</speed>
<time>2021-11-25T09:08:05</time>
</trkpt>
<trkpt lat="44.1091383333333" lon="5.259845">
<ele>584.9</ele>
<speed>1.1231239</speed>
<time>2021-11-25T09:08:07</time>
</trkpt>
<trkpt lat="44.10912" lon="5.25989">
<ele>585.3</ele>
<speed>1.1385655</speed>
<time>2021-11-25T09:08:09</time>
</trkpt>
<trkpt lat="44.1091266666667" lon="5.259905">
<ele>585.3</ele>
<speed>1.1483452</speed>
<time>2021-11-25T09:08:10</time>
</trkpt>
<trkpt lat="44.1091316666667" lon="5.25991833333333">
<ele>585.3</ele>
<speed>1.1236386</speed>
<time>2021-11-25T09:08:11</time>
</trkpt>
<trkpt lat="44.1091516666667" lon="5.25991833333333">
<ele>585.3</ele>
<speed>1.1035645</speed>
<time>2021-11-25T09:08:12</time>
</trkpt>
<trkpt lat="44.1091633333333" lon="5.25992333333333">
<ele>585.3</ele>
<speed>1.0526069</speed>
<time>2021-11-25T09:08:13</time>
</trkpt>
<trkpt lat="44.10918" lon="5.25992">
<ele>585.3</ele>
<speed>1.05621</speed>
<time>2021-11-25T09:08:14</time>
</trkpt>
<trkpt lat="44.109195" lon="5.25992166666667">
<ele>585.3</ele>
<speed>1.0608425</speed>
<time>2021-11-25T09:08:15</time>
</trkpt>
<trkpt lat="44.1092066666667" lon="5.25992666666667">
<ele>585.3</ele>
<speed>1.046945</speed>
<time>2021-11-25T09:08:16</time>
</trkpt>
<trkpt lat="44.1092133333333" lon="5.25994166666667">
<ele>585.3</ele>
<speed>1.0510628</speed>
<time>2021-11-25T09:08:17</time>
</trkpt>
<trkpt lat="44.1092216666667" lon="5.25996333333333">
<ele>585.3</ele>
<speed>1.0577542</speed>
<time>2021-11-25T09:08:18</time>
</trkpt>
<trkpt lat="44.109225" lon="5.259975">
<ele>587.7</ele>
<speed>1.0088556</speed>
<time>2021-11-25T09:08:19</time>
</trkpt>
<trkpt lat="44.10924" lon="5.25999833333333">
<ele>587.7</ele>
<speed>0.9928992</speed>
<time>2021-11-25T09:08:21</time>
</trkpt>
<trkpt lat="44.1092583333333" lon="5.26001333333333">
<ele>587.7</ele>
<speed>1.0917258</speed>
<time>2021-11-25T09:08:23</time>
</trkpt>
<trkpt lat="44.109265" lon="5.26002333333333">
<ele>587.7</ele>
<speed>1.0675339</speed>
<time>2021-11-25T09:08:24</time>
</trkpt>
<trkpt lat="44.1092783333333" lon="5.26005333333333">
<ele>587.7</ele>
<speed>1.0387094</speed>
<time>2021-11-25T09:08:26</time>
</trkpt>
<trkpt lat="44.1092883333333" lon="5.26007833333333">
<ele>587.7</ele>
<speed>0.991355</speed>
<time>2021-11-25T09:08:28</time>
</trkpt>
<trkpt lat="44.1092983333333" lon="5.26009333333333">
<ele>588.2</ele>
<speed>0.9980464</speed>
<time>2021-11-25T09:08:29</time>
</trkpt>
<trkpt lat="44.1093083333333" lon="5.26012333333333">
<ele>588.2</ele>
<speed>1.0335622</speed>
<time>2021-11-25T09:08:31</time>
</trkpt>
<trkpt lat="44.1093083333333" lon="5.26016833333333">
<ele>588.2</ele>
<speed>1.1282711</speed>
<time>2021-11-25T09:08:33</time>
</trkpt>
<trkpt lat="44.10932" lon="5.26019333333333">
<ele>588.2</ele>
<speed>1.1977586</speed>
<time>2021-11-25T09:08:34</time>
</trkpt>
<trkpt lat="44.109325" lon="5.26021">
<ele>588.2</ele>
<speed>1.1586397</speed>
<time>2021-11-25T09:08:35</time>
</trkpt>
<trkpt lat="44.109335" lon="5.26022666666667">
<ele>588.2</ele>
<speed>1.1910672</speed>
<time>2021-11-25T09:08:36</time>
</trkpt>
<trkpt lat="44.10935" lon="5.26025666666667">
<ele>588.2</ele>
<speed>1.2188622</speed>
<time>2021-11-25T09:08:38</time>
</trkpt>
<trkpt lat="44.1093533333333" lon="5.26027166666667">
<ele>588.7</ele>
<speed>1.2307009</speed>
<time>2021-11-25T09:08:39</time>
</trkpt>
<trkpt lat="44.1093533333333" lon="5.26028">
<ele>588.7</ele>
<speed>1.1972439</speed>
<time>2021-11-25T09:08:40</time>
</trkpt>
<trkpt lat="44.10938" lon="5.260345">
<ele>588.7</ele>
<speed>0.84208554</speed>
<time>2021-11-25T09:08:45</time>
</trkpt>
<trkpt lat="44.1093883333333" lon="5.26036166666667">
<ele>588.7</ele>
<speed>0.8009078</speed>
<time>2021-11-25T09:08:46</time>
</trkpt>
<trkpt lat="44.1094116666667" lon="5.260395">
<ele>588.7</ele>
<speed>0.79781944</speed>
<time>2021-11-25T09:08:48</time>
</trkpt>
<trkpt lat="44.1094266666667" lon="5.26040833333333">
<ele>590.43335</ele>
<speed>0.8410561</speed>
<time>2021-11-25T09:08:49</time>
</trkpt>
<trkpt lat="44.1094366666667" lon="5.26043">
<ele>590.43335</ele>
<speed>0.9609864</speed>
<time>2021-11-25T09:08:50</time>
</trkpt>
<trkpt lat="44.109465" lon="5.26047166666667">
<ele>590.43335</ele>
<speed>1.24151</speed>
<time>2021-11-25T09:08:52</time>
</trkpt>
<trkpt lat="44.1094883333333" lon="5.26050666666667">
<ele>590.43335</ele>
<speed>1.3969561</speed>
<time>2021-11-25T09:08:54</time>
</trkpt>
<trkpt lat="44.1094933333333" lon="5.26052333333333">
<ele>590.43335</ele>
<speed>1.399015</speed>
<time>2021-11-25T09:08:55</time>
</trkpt>
<trkpt lat="44.1095033333333" lon="5.260535">
<ele>590.43335</ele>
<speed>1.3892353</speed>
<time>2021-11-25T09:08:56</time>
</trkpt>
<trkpt lat="44.1095283333333" lon="5.26058333333333">
<ele>592.63336</ele>
<speed>1.180258</speed>
<time>2021-11-25T09:09:00</time>
</trkpt>
<trkpt lat="44.1095333333333" lon="5.26060166666667">
<ele>592.63336</ele>
<speed>1.0989319</speed>
<time>2021-11-25T09:09:01</time>
</trkpt>
<trkpt lat="44.1095433333333" lon="5.260615">
<ele>592.63336</ele>
<speed>0.99238443</speed>
<time>2021-11-25T09:09:02</time>
</trkpt>
<trkpt lat="44.1095533333333" lon="5.26063166666667">
<ele>592.63336</ele>
<speed>0.8966461</speed>
<time>2021-11-25T09:09:03</time>
</trkpt>
<trkpt lat="44.1095766666667" lon="5.26065833333333">
<ele>592.63336</ele>
<speed>0.83539414</speed>
<time>2021-11-25T09:09:05</time>
</trkpt>
<trkpt lat="44.1095933333333" lon="5.26066333333333">
<ele>592.63336</ele>
<speed>0.8518653</speed>
<time>2021-11-25T09:09:06</time>
</trkpt>
<trkpt lat="44.109615" lon="5.26066833333333">
<ele>592.63336</ele>
<speed>0.91311723</speed>
<time>2021-11-25T09:09:07</time>
</trkpt>
<trkpt lat="44.1096283333333" lon="5.26067833333333">
<ele>592.63336</ele>
<speed>0.9429711</speed>
<time>2021-11-25T09:09:08</time>
</trkpt>
<trkpt lat="44.1096733333333" lon="5.260715">
<ele>596.7</ele>
<speed>1.1200355</speed>
<time>2021-11-25T09:09:12</time>
</trkpt>
<trkpt lat="44.1096883333333" lon="5.26072333333333">
<ele>596.7</ele>
<speed>1.1601839</speed>
<time>2021-11-25T09:09:13</time>
</trkpt>
<trkpt lat="44.1097016666667" lon="5.26072833333333">
<ele>596.7</ele>
<speed>1.2003322</speed>
<time>2021-11-25T09:09:14</time>
</trkpt>
<trkpt lat="44.1097116666667" lon="5.26073833333333">
<ele>596.7</ele>
<speed>1.2379069</speed>
<time>2021-11-25T09:09:15</time>
</trkpt>
<trkpt lat="44.1097383333333" lon="5.26077833333333">
<ele>596.7</ele>
<speed>1.2476866</speed>
<time>2021-11-25T09:09:18</time>
</trkpt>
<trkpt lat="44.1097683333333" lon="5.26082666666667">
<ele>597.9667</ele>
<speed>1.2744522</speed>
<time>2021-11-25T09:09:21</time>
</trkpt>
<trkpt lat="44.10977" lon="5.260835">
<ele>597.9667</ele>
<speed>1.2188622</speed>
<time>2021-11-25T09:09:22</time>
</trkpt>
<trkpt lat="44.1097783333333" lon="5.26084">
<ele>597.9667</ele>
<speed>1.1756256</speed>
<time>2021-11-25T09:09:23</time>
</trkpt>
<trkpt lat="44.1097883333333" lon="5.26086">
<ele>597.9667</ele>
<speed>1.1148883</speed>
<time>2021-11-25T09:09:25</time>
</trkpt>
<trkpt lat="44.1097883333333" lon="5.26087833333333">
<ele>597.9667</ele>
<speed>1.1051086</speed>
<time>2021-11-25T09:09:26</time>
</trkpt>
<trkpt lat="44.1097966666667" lon="5.26089">
<ele>597.9667</ele>
<speed>1.1107706</speed>
<time>2021-11-25T09:09:27</time>
</trkpt>
<trkpt lat="44.10982" lon="5.260925">
<ele>601.3</ele>
<speed>1.0690781</speed>
<time>2021-11-25T09:09:30</time>
</trkpt>
<trkpt lat="44.1098483333333" lon="5.26094166666667">
<ele>601.3</ele>
<speed>1.108197</speed>
<time>2021-11-25T09:09:32</time>
</trkpt>
<trkpt lat="44.1098716666667" lon="5.26097333333333">
<ele>601.3</ele>
<speed>1.1112853</speed>
<time>2021-11-25T09:09:35</time>
</trkpt>
<trkpt lat="44.10988" lon="5.26098">
<ele>601.3</ele>
<speed>1.0757694</speed>
<time>2021-11-25T09:09:36</time>
</trkpt>
<trkpt lat="44.1098933333333" lon="5.26099166666667">
<ele>601.3</ele>
<speed>1.0289297</speed>
<time>2021-11-25T09:09:37</time>
</trkpt>
<trkpt lat="44.10991" lon="5.261">
<ele>601.3</ele>
<speed>1.0459156</speed>
<time>2021-11-25T09:09:38</time>
</trkpt>
<trkpt lat="44.1099266666667" lon="5.261005">
<ele>602.8</ele>
<speed>1.0454009</speed>
<time>2021-11-25T09:09:39</time>
</trkpt>
<trkpt lat="44.1099416666667" lon="5.26100833333333">
<ele>602.8</ele>
<speed>1.0253266</speed>
<time>2021-11-25T09:09:40</time>
</trkpt>
<trkpt lat="44.109955" lon="5.26101166666667">
<ele>602.8</ele>
<speed>1.0263561</speed>
<time>2021-11-25T09:09:41</time>
</trkpt>
<trkpt lat="44.109965" lon="5.26101333333333">
<ele>602.8</ele>
<speed>0.97591335</speed>
<time>2021-11-25T09:09:42</time>
</trkpt>
<trkpt lat="44.1099916666667" lon="5.261025">
<ele>602.8</ele>
<speed>1.0335622</speed>
<time>2021-11-25T09:09:44</time>
</trkpt>
<trkpt lat="44.1100183333333" lon="5.26104666666667">
<ele>602.8</ele>
<speed>1.0963583</speed>
<time>2021-11-25T09:09:46</time>
</trkpt>
<trkpt lat="44.1100283333333" lon="5.26106333333333">
<ele>602.8</ele>
<speed>1.1509188</speed>
<time>2021-11-25T09:09:47</time>
</trkpt>
<trkpt lat="44.110045" lon="5.26107333333333">
<ele>602.8</ele>
<speed>1.14886</speed>
<time>2021-11-25T09:09:48</time>
</trkpt>
<trkpt lat="44.110065" lon="5.26110333333333">
<ele>602.3333</ele>
<speed>1.1998175</speed>
<time>2021-11-25T09:09:50</time>
</trkpt>
<trkpt lat="44.1100733333333" lon="5.261115">
<ele>602.3333</ele>
<speed>1.2003322</speed>
<time>2021-11-25T09:09:51</time>
</trkpt>
<trkpt lat="44.1100833333333" lon="5.26112">
<ele>602.3333</ele>
<speed>1.2039353</speed>
<time>2021-11-25T09:09:52</time>
</trkpt>
<trkpt lat="44.1100866666667" lon="5.261135">
<ele>602.3333</ele>
<speed>1.180258</speed>
<time>2021-11-25T09:09:53</time>
</trkpt>
<trkpt lat="44.110105" lon="5.26115333333333">
<ele>602.3333</ele>
<speed>1.154522</speed>
<time>2021-11-25T09:09:55</time>
</trkpt>
<trkpt lat="44.1101216666667" lon="5.26116666666667">
<ele>602.3333</ele>
<speed>1.1715078</speed>
<time>2021-11-25T09:09:56</time>
</trkpt>
<trkpt lat="44.1101283333333" lon="5.26118">
<ele>602.3333</ele>
<speed>1.1287858</speed>
<time>2021-11-25T09:09:57</time>
</trkpt>
<trkpt lat="44.1101416666667" lon="5.26119166666667">
<ele>602.3333</ele>
<speed>1.1056234</speed>
<time>2021-11-25T09:09:58</time>
</trkpt>
<trkpt lat="44.1101516666667" lon="5.26120166666667">
<ele>604.23334</ele>
<speed>0.9995906</speed>
<time>2021-11-25T09:09:59</time>
</trkpt>
<trkpt lat="44.1101733333333" lon="5.261235">
<ele>604.23334</ele>
<speed>0.9012786</speed>
<time>2021-11-25T09:10:02</time>
</trkpt>
<trkpt lat="44.1101733333333" lon="5.26125333333333">
<ele>604.23334</ele>
<speed>0.8848075</speed>
<time>2021-11-25T09:10:03</time>
</trkpt>
<trkpt lat="44.1101833333333" lon="5.26127">
<ele>604.23334</ele>
<speed>0.77826</speed>
<time>2021-11-25T09:10:05</time>
</trkpt>
<trkpt lat="44.1102" lon="5.26128333333333">
<ele>604.23334</ele>
<speed>0.7200964</speed>
<time>2021-11-25T09:10:06</time>
</trkpt>
<trkpt lat="44.11021" lon="5.261295">
<ele>604.23334</ele>
<speed>0.72112584</speed>
<time>2021-11-25T09:10:07</time>
</trkpt>
<trkpt lat="44.1102183333333" lon="5.261305">
<ele>604.23334</ele>
<speed>0.7154639</speed>
<time>2021-11-25T09:10:08</time>
</trkpt>
<trkpt lat="44.1102583333333" lon="5.26132">
<ele>604.7</ele>
<speed>0.8456886</speed>
<time>2021-11-25T09:10:11</time>
</trkpt>
<trkpt lat="44.11027" lon="5.26132666666667">
<ele>604.7</ele>
<speed>0.9012786</speed>
<time>2021-11-25T09:10:12</time>
</trkpt>
<trkpt lat="44.110285" lon="5.26133166666667">
<ele>604.7</ele>
<speed>0.94914776</speed>
<time>2021-11-25T09:10:13</time>
</trkpt>
<trkpt lat="44.1103066666667" lon="5.26134666666667">
<ele>604.7</ele>
<speed>1.0942994</speed>
<time>2021-11-25T09:10:15</time>
</trkpt>
<trkpt lat="44.1103266666667" lon="5.26137333333333">
<ele>604.7</ele>
<speed>1.1684195</speed>
<time>2021-11-25T09:10:17</time>
</trkpt>
<trkpt lat="44.1103383333333" lon="5.26139">
<ele>604.7</ele>
<speed>1.2095972</speed>
<time>2021-11-25T09:10:18</time>
</trkpt>
<trkpt lat="44.1103466666667" lon="5.26139666666667">
<ele>606.4</ele>
<speed>1.2075384</speed>
<time>2021-11-25T09:10:19</time>
</trkpt>
<trkpt lat="44.1103566666667" lon="5.261405">
<ele>606.4</ele>
<speed>1.1668752</speed>
<time>2021-11-25T09:10:20</time>
</trkpt>
<trkpt lat="44.110365" lon="5.26142">
<ele>606.4</ele>
<speed>1.1256975</speed>
<time>2021-11-25T09:10:21</time>
</trkpt>
<trkpt lat="44.11039" lon="5.26144">
<ele>606.4</ele>
<speed>1.1035645</speed>
<time>2021-11-25T09:10:23</time>
</trkpt>
<trkpt lat="44.1104033333333" lon="5.26145166666667">
<ele>606.4</ele>
<speed>1.1102558</speed>
<time>2021-11-25T09:10:24</time>
</trkpt>
<trkpt lat="44.1104166666667" lon="5.26147666666667">
<ele>606.4</ele>
<speed>1.1262122</speed>
<time>2021-11-25T09:10:26</time>
</trkpt>
<trkpt lat="44.1104216666667" lon="5.261495">
<ele>606.4</ele>
<speed>1.1473159</speed>
<time>2021-11-25T09:10:27</time>
</trkpt>
<trkpt lat="44.1104316666667" lon="5.26151166666667">
<ele>606.4</ele>
<speed>1.1550367</speed>
<time>2021-11-25T09:10:28</time>
</trkpt>
<trkpt lat="44.11044" lon="5.26153">
<ele>609.7</ele>
<speed>1.1643016</speed>
<time>2021-11-25T09:10:29</time>
</trkpt>
<trkpt lat="44.1104483333333" lon="5.26155666666667">
<ele>609.7</ele>
<speed>1.2121708</speed>
<time>2021-11-25T09:10:31</time>
</trkpt>
<trkpt lat="44.1104566666667" lon="5.26157166666667">
<ele>609.7</ele>
<speed>1.213715</speed>
<time>2021-11-25T09:10:32</time>
</trkpt>
<trkpt lat="44.1104766666667" lon="5.261585">
<ele>609.7</ele>
<speed>1.195185</speed>
<time>2021-11-25T09:10:33</time>
</trkpt>
<trkpt lat="44.11051" lon="5.26160166666667">
<ele>609.7</ele>
<speed>1.2250389</speed>
<time>2021-11-25T09:10:35</time>
</trkpt>
<trkpt lat="44.1105283333333" lon="5.26161">
<ele>609.7</ele>
<speed>1.0994467</speed>
<time>2021-11-25T09:10:37</time>
</trkpt>
<trkpt lat="44.110555" lon="5.26161833333333">
<ele>610.36664</ele>
<speed>1.071137</speed>
<time>2021-11-25T09:10:39</time>
</trkpt>
<trkpt lat="44.11057" lon="5.26162166666667">
<ele>610.36664</ele>
<speed>1.0927553</speed>
<time>2021-11-25T09:10:40</time>
</trkpt>
<trkpt lat="44.110585" lon="5.26162166666667">
<ele>610.36664</ele>
<speed>1.139595</speed>
<time>2021-11-25T09:10:41</time>
</trkpt>
<trkpt lat="44.110635" lon="5.26164">
<ele>610.36664</ele>
<speed>1.0814314</speed>
<time>2021-11-25T09:10:45</time>
</trkpt>
<trkpt lat="44.1106666666667" lon="5.26166833333333">
<ele>610.36664</ele>
<speed>1.0659897</speed>
<time>2021-11-25T09:10:48</time>
</trkpt>
<trkpt lat="44.1106733333333" lon="5.26168166666667">
<ele>611.1667</ele>
<speed>1.0309886</speed>
<time>2021-11-25T09:10:49</time>
</trkpt>
<trkpt lat="44.1106883333333" lon="5.261695">
<ele>611.1667</ele>
<speed>1.0083408</speed>
<time>2021-11-25T09:10:50</time>
</trkpt>
<trkpt lat="44.1106966666667" lon="5.261705">
<ele>611.1667</ele>
<speed>0.97591335</speed>
<time>2021-11-25T09:10:51</time>
</trkpt>
<trkpt lat="44.11071" lon="5.261715">
<ele>611.1667</ele>
<speed>0.93422085</speed>
<time>2021-11-25T09:10:52</time>
</trkpt>
<trkpt lat="44.110725" lon="5.26172">
<ele>611.1667</ele>
<speed>0.94657415</speed>
<time>2021-11-25T09:10:53</time>
</trkpt>
<trkpt lat="44.11074" lon="5.26173">
<ele>611.1667</ele>
<speed>0.9630453</speed>
<time>2021-11-25T09:10:54</time>
</trkpt>
<trkpt lat="44.110755" lon="5.26173833333333">
<ele>611.1667</ele>
<speed>0.9620158</speed>
<time>2021-11-25T09:10:55</time>
</trkpt>
<trkpt lat="44.1108183333333" lon="5.26176166666667">
<ele>607.9667</ele>
<speed>1.1076822</speed>
<time>2021-11-25T09:10:59</time>
</trkpt>
<trkpt lat="44.1108433333333" lon="5.26177833333333">
<ele>607.9667</ele>
<speed>0.98209</speed>
<time>2021-11-25T09:11:02</time>
</trkpt>
<trkpt lat="44.1108583333333" lon="5.26178666666667">
<ele>607.9667</ele>
<speed>0.9965022</speed>
<time>2021-11-25T09:11:03</time>
</trkpt>
<trkpt lat="44.1108733333333" lon="5.26179166666667">
<ele>607.9667</ele>
<speed>0.9769428</speed>
<time>2021-11-25T09:11:04</time>
</trkpt>
<trkpt lat="44.1109416666667" lon="5.26182333333333">
<ele>606.6</ele>
<speed>1.0356212</speed>
<time>2021-11-25T09:11:09</time>
</trkpt>
<trkpt lat="44.11095" lon="5.26183833333333">
<ele>606.6</ele>
<speed>1.0603278</speed>
<time>2021-11-25T09:11:10</time>
</trkpt>
<trkpt lat="44.1109583333333" lon="5.26184">
<ele>606.6</ele>
<speed>1.1401098</speed>
<time>2021-11-25T09:11:11</time>
</trkpt>
<trkpt lat="44.1109783333333" lon="5.26186">
<ele>606.6</ele>
<speed>1.2034205</speed>
<time>2021-11-25T09:11:13</time>
</trkpt>
<trkpt lat="44.110985" lon="5.26187">
<ele>606.6</ele>
<speed>1.1740814</speed>
<time>2021-11-25T09:11:14</time>
</trkpt>
<trkpt lat="44.1110083333333" lon="5.26190166666667">
<ele>606.6</ele>
<speed>1.1282711</speed>
<time>2021-11-25T09:11:17</time>
</trkpt>
<trkpt lat="44.1110216666667" lon="5.26190833333333">
<ele>606.6</ele>
<speed>1.1277564</speed>
<time>2021-11-25T09:11:18</time>
</trkpt>
<trkpt lat="44.1110366666667" lon="5.26192166666667">
<ele>604.5</ele>
<speed>1.1483452</speed>
<time>2021-11-25T09:11:19</time>
</trkpt>
<trkpt lat="44.1110466666667" lon="5.26193666666667">
<ele>604.5</ele>
<speed>1.1308447</speed>
<time>2021-11-25T09:11:20</time>
</trkpt>
<trkpt lat="44.11109" lon="5.26198833333333">
<ele>604.5</ele>
<speed>1.1576103</speed>
<time>2021-11-25T09:11:24</time>
</trkpt>
<trkpt lat="44.1111033333333" lon="5.26199833333333">
<ele>604.5</ele>
<speed>1.1570956</speed>
<time>2021-11-25T09:11:25</time>
</trkpt>
<trkpt lat="44.1111183333333" lon="5.26203">
<ele>604.5</ele>
<speed>1.1967292</speed>
<time>2021-11-25T09:11:27</time>
</trkpt>
<trkpt lat="44.11112" lon="5.26204833333333">
<ele>604.5</ele>
<speed>1.14886</speed>
<time>2021-11-25T09:11:28</time>
</trkpt>
<trkpt lat="44.1111283333333" lon="5.262065">
<ele>604.3</ele>
<speed>1.158125</speed>
<time>2021-11-25T09:11:29</time>
</trkpt>
<trkpt lat="44.1111366666667" lon="5.26211166666667">
<ele>604.3</ele>
<speed>1.2234948</speed>
<time>2021-11-25T09:11:31</time>
</trkpt>
<trkpt lat="44.111125" lon="5.26214">
<ele>604.3</ele>
<speed>1.2842319</speed>
<time>2021-11-25T09:11:32</time>
</trkpt>
<trkpt lat="44.1111216666667" lon="5.26216">
<ele>604.3</ele>
<speed>1.2765111</speed>
<time>2021-11-25T09:11:33</time>
</trkpt>
<trkpt lat="44.1111216666667" lon="5.262175">
<ele>604.3</ele>
<speed>1.2384217</speed>
<time>2021-11-25T09:11:34</time>
</trkpt>
<trkpt lat="44.111125" lon="5.26218666666667">
<ele>604.3</ele>
<speed>1.1401098</speed>
<time>2021-11-25T09:11:35</time>
</trkpt>
<trkpt lat="44.11115" lon="5.262235">
<ele>604.3</ele>
<speed>1.0773137</speed>
<time>2021-11-25T09:11:38</time>
</trkpt>
<trkpt lat="44.1111583333333" lon="5.26226666666667">
<ele>602.93335</ele>
<speed>1.102535</speed>
<time>2021-11-25T09:11:39</time>
</trkpt>
<trkpt lat="44.1111783333333" lon="5.26230833333333">
<ele>602.93335</ele>
<speed>0.9862078</speed>
<time>2021-11-25T09:11:41</time>
</trkpt>
<trkpt lat="44.1111916666667" lon="5.26232166666667">
<ele>602.93335</ele>
<speed>0.9846636</speed>
<time>2021-11-25T09:11:42</time>
</trkpt>
<trkpt lat="44.1112183333333" lon="5.26235">
<ele>602.93335</ele>
<speed>1.1447423</speed>
<time>2021-11-25T09:11:44</time>
</trkpt>
<trkpt lat="44.111225" lon="5.26238666666667">
<ele>602.93335</ele>
<speed>1.384088</speed>
<time>2021-11-25T09:11:46</time>
</trkpt>
<trkpt lat="44.1112233333333" lon="5.26241166666667">
<ele>602.93335</ele>
<speed>1.399015</speed>
<time>2021-11-25T09:11:48</time>
</trkpt>
<trkpt lat="44.11122" lon="5.26241333333333">
<ele>604.8</ele>
<speed>1.2991589</speed>
<time>2021-11-25T09:11:49</time>
</trkpt>
<trkpt lat="44.1112233333333" lon="5.26243166666667">
<ele>604.8</ele>
<speed>1.2307009</speed>
<time>2021-11-25T09:11:51</time>
</trkpt>
<trkpt lat="44.11128" lon="5.26253666666667">
<ele>604.8</ele>
<speed>1.2605547</speed>
<time>2021-11-25T09:11:58</time>
</trkpt>
<trkpt lat="44.11129" lon="5.262555">
<ele>602.9667</ele>
<speed>1.3758525</speed>
<time>2021-11-25T09:11:59</time>
</trkpt>
<trkpt lat="44.1113033333333" lon="5.26256166666667">
<ele>602.9667</ele>
<speed>1.4633553</speed>
<time>2021-11-25T09:12:00</time>
</trkpt>
<trkpt lat="44.111335" lon="5.26259666666667">
<ele>602.9667</ele>
<speed>1.6646117</speed>
<time>2021-11-25T09:12:03</time>
</trkpt>
<trkpt lat="44.11135" lon="5.26264">
<ele>602.9667</ele>
<speed>1.478797</speed>
<time>2021-11-25T09:12:06</time>
</trkpt>
<trkpt lat="44.11136" lon="5.26266666666667">
<ele>602.9667</ele>
<speed>1.3408514</speed>
<time>2021-11-25T09:12:08</time>
</trkpt>
<trkpt lat="44.11137" lon="5.26267833333333">
<ele>598.6</ele>
<speed>1.2394512</speed>
<time>2021-11-25T09:12:09</time>
</trkpt>
<trkpt lat="44.1113716666667" lon="5.26269333333333">
<ele>598.6</ele>
<speed>1.18592</speed>
<time>2021-11-25T09:12:10</time>
</trkpt>
<trkpt lat="44.111375" lon="5.26271833333333">
<ele>598.6</ele>
<speed>1.1375362</speed>
<time>2021-11-25T09:12:11</time>
</trkpt>
<trkpt lat="44.1113816666667" lon="5.26274666666667">
<ele>598.6</ele>
<speed>1.1133442</speed>
<time>2021-11-25T09:12:12</time>
</trkpt>
<trkpt lat="44.1113816666667" lon="5.262765">
<ele>598.6</ele>
<speed>1.0942994</speed>
<time>2021-11-25T09:12:13</time>
</trkpt>
<trkpt lat="44.1113833333333" lon="5.2628">
<ele>598.6</ele>
<speed>1.0515774</speed>
<time>2021-11-25T09:12:15</time>
</trkpt>
<trkpt lat="44.1113833333333" lon="5.26281166666667">
<ele>598.6</ele>
<speed>0.9887814</speed>
<time>2021-11-25T09:12:16</time>
</trkpt>
<trkpt lat="44.1113866666667" lon="5.26282333333333">
<ele>598.6</ele>
<speed>0.9553245</speed>
<time>2021-11-25T09:12:17</time>
</trkpt>
<trkpt lat="44.1114166666667" lon="5.26285833333333">
<ele>594.1</ele>
<speed>0.76539195</speed>
<time>2021-11-25T09:12:22</time>
</trkpt>
<trkpt lat="44.11143" lon="5.26287833333333">
<ele>594.1</ele>
<speed>0.72267</speed>
<time>2021-11-25T09:12:24</time>
</trkpt>
<trkpt lat="44.1114216666667" lon="5.26290833333333">
<ele>594.1</ele>
<speed>0.7530386</speed>
<time>2021-11-25T09:12:25</time>
</trkpt>
<trkpt lat="44.111445" lon="5.263035">
<ele>589.3</ele>
<speed>1.1009909</speed>
<time>2021-11-25T09:12:31</time>
</trkpt>
<trkpt lat="44.1114766666667" lon="5.26305833333333">
<ele>589.3</ele>
<speed>1.2029058</speed>
<time>2021-11-25T09:12:33</time>
</trkpt>
<trkpt lat="44.11149" lon="5.26307">
<ele>589.3</ele>
<speed>1.2826878</speed>
<time>2021-11-25T09:12:34</time>
</trkpt>
<trkpt lat="44.111505" lon="5.263085">
<ele>589.3</ele>
<speed>1.2991589</speed>
<time>2021-11-25T09:12:35</time>
</trkpt>
<trkpt lat="44.1115066666667" lon="5.26310333333333">
<ele>589.3</ele>
<speed>1.3125417</speed>
<time>2021-11-25T09:12:36</time>
</trkpt>
<trkpt lat="44.11151" lon="5.263125">
<ele>589.3</ele>
<speed>1.2518045</speed>
<time>2021-11-25T09:12:37</time>
</trkpt>
<trkpt lat="44.11152" lon="5.26315333333333">
<ele>592.3</ele>
<speed>1.2543781</speed>
<time>2021-11-25T09:12:39</time>
</trkpt>
<trkpt lat="44.1115233333333" lon="5.26317833333333">
<ele>592.3</ele>
<speed>1.2718786</speed>
<time>2021-11-25T09:12:40</time>
</trkpt>
<trkpt lat="44.1115316666667" lon="5.26320666666667">
<ele>592.3</ele>
<speed>1.2929822</speed>
<time>2021-11-25T09:12:41</time>
</trkpt>
<trkpt lat="44.11153" lon="5.26322666666667">
<ele>592.3</ele>
<speed>1.2409953</speed>
<time>2021-11-25T09:12:42</time>
</trkpt>
<trkpt lat="44.1115366666667" lon="5.26326166666667">
<ele>592.3</ele>
<speed>1.2389364</speed>
<time>2021-11-25T09:12:43</time>
</trkpt>
<trkpt lat="44.11154" lon="5.26328333333333">
<ele>592.3</ele>
<speed>1.1936408</speed>
<time>2021-11-25T09:12:44</time>
</trkpt>
<trkpt lat="44.1115416666667" lon="5.26329833333333">
<ele>592.3</ele>
<speed>1.1694489</speed>
<time>2021-11-25T09:12:45</time>
</trkpt>
<trkpt lat="44.1115533333333" lon="5.26333666666667">
<ele>592.3</ele>
<speed>1.1009909</speed>
<time>2021-11-25T09:12:48</time>
</trkpt>
<trkpt lat="44.111565" lon="5.26334666666667">
<ele>591.4667</ele>
<speed>1.0726811</speed>
<time>2021-11-25T09:12:49</time>
</trkpt>
<trkpt lat="44.1115616666667" lon="5.26335833333333">
<ele>591.4667</ele>
<speed>1.0140028</speed>
<time>2021-11-25T09:12:50</time>
</trkpt>
<trkpt lat="44.1115666666667" lon="5.26339666666667">
<ele>591.4667</ele>
<speed>0.9218675</speed>
<time>2021-11-25T09:12:52</time>
</trkpt>
<trkpt lat="44.1116" lon="5.26347333333333">
<ele>591.4667</ele>
<speed>0.9388533</speed>
<time>2021-11-25T09:12:57</time>
</trkpt>
<trkpt lat="44.111615" lon="5.26348333333333">
<ele>591.4667</ele>
<speed>0.92907363</speed>
<time>2021-11-25T09:12:58</time>
</trkpt>
<trkpt lat="44.1116266666667" lon="5.263485">
<ele>590.5</ele>
<speed>0.9187792</speed>
<time>2021-11-25T09:12:59</time>
</trkpt>
<trkpt lat="44.1116416666667" lon="5.26348833333333">
<ele>590.5</ele>
<speed>0.95326555</speed>
<time>2021-11-25T09:13:00</time>
</trkpt>
<trkpt lat="44.1116533333333" lon="5.263505">
<ele>590.5</ele>
<speed>0.9887814</speed>
<time>2021-11-25T09:13:01</time>
</trkpt>
<trkpt lat="44.11167" lon="5.26352833333333">
<ele>590.5</ele>
<speed>1.0701075</speed>
<time>2021-11-25T09:13:02</time>
</trkpt>
<trkpt lat="44.1116833333333" lon="5.26354166666667">
<ele>590.5</ele>
<speed>1.1262122</speed>
<time>2021-11-25T09:13:03</time>
</trkpt>
<trkpt lat="44.1116966666667" lon="5.26355333333333">
<ele>590.5</ele>
<speed>1.1262122</speed>
<time>2021-11-25T09:13:04</time>
</trkpt>
<trkpt lat="44.1117116666667" lon="5.26357166666667">
<ele>590.5</ele>
<speed>1.1416539</speed>
<time>2021-11-25T09:13:05</time>
</trkpt>
<trkpt lat="44.1117283333333" lon="5.26358">
<ele>590.5</ele>
<speed>1.1426834</speed>
<time>2021-11-25T09:13:06</time>
</trkpt>
<trkpt lat="44.1117383333333" lon="5.26359166666667">
<ele>590.5</ele>
<speed>1.1560661</speed>
<time>2021-11-25T09:13:07</time>
</trkpt>
<trkpt lat="44.1117466666667" lon="5.26360333333333">
<ele>591.7</ele>
<speed>1.1051086</speed>
<time>2021-11-25T09:13:09</time>
</trkpt>
<trkpt lat="44.111755" lon="5.26360833333333">
<ele>591.7</ele>
<speed>1.1056234</speed>
<time>2021-11-25T09:13:10</time>
</trkpt>
<trkpt lat="44.111775" lon="5.26360833333333">
<ele>591.7</ele>
<speed>1.0423125</speed>
<time>2021-11-25T09:13:12</time>
</trkpt>
<trkpt lat="44.1118116666667" lon="5.26361">
<ele>591.7</ele>
<speed>0.9326767</speed>
<time>2021-11-25T09:13:15</time>
</trkpt>
<trkpt lat="44.1118233333333" lon="5.26360833333333">
<ele>591.7</ele>
<speed>0.9388533</speed>
<time>2021-11-25T09:13:16</time>
</trkpt>
<trkpt lat="44.1118333333333" lon="5.263615">
<ele>591.7</ele>
<speed>0.9563539</speed>
<time>2021-11-25T09:13:17</time>
</trkpt>
<trkpt lat="44.1118416666667" lon="5.263625">
<ele>591.7</ele>
<speed>0.9887814</speed>
<time>2021-11-25T09:13:18</time>
</trkpt>
<trkpt lat="44.1118533333333" lon="5.26363166666667">
<ele>591.4667</ele>
<speed>1.0299592</speed>
<time>2021-11-25T09:13:19</time>
</trkpt>
<trkpt lat="44.111865" lon="5.26363333333333">
<ele>591.4667</ele>
<speed>1.0443714</speed>
<time>2021-11-25T09:13:20</time>
</trkpt>
<trkpt lat="44.11188" lon="5.263635">
<ele>591.4667</ele>
<speed>1.0649602</speed>
<time>2021-11-25T09:13:21</time>
</trkpt>
<trkpt lat="44.1118966666667" lon="5.26363833333333">
<ele>591.4667</ele>
<speed>1.0567247</speed>
<time>2021-11-25T09:13:22</time>
</trkpt>
<trkpt lat="44.11191" lon="5.26364833333333">
<ele>591.4667</ele>
<speed>1.0639309</speed>
<time>2021-11-25T09:13:23</time>
</trkpt>
<trkpt lat="44.1119716666667" lon="5.26367666666667">
<ele>591.4667</ele>
<speed>1.1220944</speed>
<time>2021-11-25T09:13:27</time>
</trkpt>
<trkpt lat="44.112" lon="5.26369833333333">
<ele>592.0</ele>
<speed>1.1864347</speed>
<time>2021-11-25T09:13:29</time>
</trkpt>
<trkpt lat="44.112085" lon="5.26374">
<ele>592.0</ele>
<speed>1.3125417</speed>
<time>2021-11-25T09:13:34</time>
</trkpt>
<trkpt lat="44.1120816666667" lon="5.26375666666667">
<ele>592.0</ele>
<speed>1.2708491</speed>
<time>2021-11-25T09:13:35</time>
</trkpt>
<trkpt lat="44.1121033333333" lon="5.26375666666667">
<ele>592.0</ele>
<speed>1.2682755</speed>
<time>2021-11-25T09:13:36</time>
</trkpt>
<trkpt lat="44.112115" lon="5.26376166666667">
<ele>592.0</ele>
<speed>1.3043061</speed>
<time>2021-11-25T09:13:37</time>
</trkpt>
<trkpt lat="44.1121333333333" lon="5.26378166666667">
<ele>594.1</ele>
<speed>1.3135711</speed>
<time>2021-11-25T09:13:39</time>
</trkpt>
<trkpt lat="44.1121416666667" lon="5.26378833333333">
<ele>594.1</ele>
<speed>1.2996736</speed>
<time>2021-11-25T09:13:40</time>
</trkpt>
<trkpt lat="44.1121566666667" lon="5.2638">
<ele>594.1</ele>
<speed>1.2188622</speed>
<time>2021-11-25T09:13:42</time>
</trkpt>
<trkpt lat="44.1121633333333" lon="5.26380333333333">
<ele>594.1</ele>
<speed>1.124668</speed>
<time>2021-11-25T09:13:43</time>
</trkpt>
<trkpt lat="44.1121766666667" lon="5.26380333333333">
<ele>594.1</ele>
<speed>1.0273856</speed>
<time>2021-11-25T09:13:44</time>
</trkpt>
<trkpt lat="44.1122466666667" lon="5.26378666666667">
<ele>594.1</ele>
<speed>0.9604717</speed>
<time>2021-11-25T09:13:46</time>
</trkpt>
<trkpt lat="44.1122466666667" lon="5.26381666666667">
<ele>594.1</ele>
<speed>0.8853222</speed>
<time>2021-11-25T09:13:47</time>
</trkpt>
<trkpt lat="44.1122516666667" lon="5.263825">
<ele>594.1</ele>
<speed>0.79627526</speed>
<time>2021-11-25T09:13:48</time>
</trkpt>
<trkpt lat="44.1123083333333" lon="5.263875">
<ele>601.23334</ele>
<speed>0.8240703</speed>
<time>2021-11-25T09:13:52</time>
</trkpt>
<trkpt lat="44.1123266666667" lon="5.26388666666667">
<ele>601.23334</ele>
<speed>0.9110583</speed>
<time>2021-11-25T09:13:54</time>
</trkpt>
<trkpt lat="44.1123383333333" lon="5.26389333333333">
<ele>601.23334</ele>
<speed>0.8755425</speed>
<time>2021-11-25T09:13:56</time>
</trkpt>
<trkpt lat="44.112345" lon="5.263895">
<ele>601.23334</ele>
<speed>0.8853222</speed>
<time>2021-11-25T09:13:57</time>
</trkpt>
<trkpt lat="44.112385" lon="5.26391166666667">
<ele>602.1</ele>
<speed>0.98260474</speed>
<time>2021-11-25T09:13:59</time>
</trkpt>
<trkpt lat="44.112445" lon="5.26392333333333">
<ele>602.1</ele>
<speed>1.139595</speed>
<time>2021-11-25T09:14:02</time>
</trkpt>
<trkpt lat="44.1124533333333" lon="5.26393166666667">
<ele>602.1</ele>
<speed>1.1550367</speed>
<time>2021-11-25T09:14:03</time>
</trkpt>
<trkpt lat="44.1125233333333" lon="5.26393833333333">
<ele>602.1</ele>
<speed>1.3624697</speed>
<time>2021-11-25T09:14:07</time>
</trkpt>
<trkpt lat="44.1125283333333" lon="5.26392333333333">
<ele>602.1</ele>
<speed>1.3521752</speed>
<time>2021-11-25T09:14:08</time>
</trkpt>
<trkpt lat="44.1125366666667" lon="5.26391333333333">
<ele>608.4</ele>
<speed>1.3568078</speed>
<time>2021-11-25T09:14:09</time>
</trkpt>
<trkpt lat="44.1125633333333" lon="5.26390333333333">
<ele>608.4</ele>
<speed>1.2842319</speed>
<time>2021-11-25T09:14:11</time>
</trkpt>
<trkpt lat="44.11258" lon="5.263905">
<ele>608.4</ele>
<speed>1.2832025</speed>
<time>2021-11-25T09:14:12</time>
</trkpt>
<trkpt lat="44.1125983333333" lon="5.26391666666667">
<ele>608.4</ele>
<speed>1.2723933</speed>
<time>2021-11-25T09:14:13</time>
</trkpt>
<trkpt lat="44.1126366666667" lon="5.26393833333333">
<ele>608.4</ele>
<speed>1.1406244</speed>
<time>2021-11-25T09:14:16</time>
</trkpt>
<trkpt lat="44.1126466666667" lon="5.263935">
<ele>608.4</ele>
<speed>1.0665045</speed>
<time>2021-11-25T09:14:17</time>
</trkpt>
<trkpt lat="44.1126616666667" lon="5.26394333333333">
<ele>608.4</ele>
<speed>1.0855491</speed>
<time>2021-11-25T09:14:18</time>
</trkpt>
<trkpt lat="44.11267" lon="5.26394">
<ele>611.8333</ele>
<speed>1.0345917</speed>
<time>2021-11-25T09:14:19</time>
</trkpt>
<trkpt lat="44.1126783333333" lon="5.26393333333333">
<ele>611.8333</ele>
<speed>0.98929614</speed>
<time>2021-11-25T09:14:20</time>
</trkpt>
<trkpt lat="44.112705" lon="5.26394333333333">
<ele>611.8333</ele>
<speed>0.9954728</speed>
<time>2021-11-25T09:14:22</time>
</trkpt>
<trkpt lat="44.112715" lon="5.263955">
<ele>611.8333</ele>
<speed>1.0129733</speed>
<time>2021-11-25T09:14:23</time>
</trkpt>
<trkpt lat="44.1127283333333" lon="5.26396">
<ele>611.8333</ele>
<speed>1.0716517</speed>
<time>2021-11-25T09:14:24</time>
</trkpt>
<trkpt lat="44.1127433333333" lon="5.26395333333333">
<ele>611.8333</ele>
<speed>1.1313595</speed>
<time>2021-11-25T09:14:25</time>
</trkpt>
<trkpt lat="44.1127733333333" lon="5.263965">
<ele>611.8333</ele>
<speed>1.3048208</speed>
<time>2021-11-25T09:14:27</time>
</trkpt>
<trkpt lat="44.1127866666667" lon="5.26397666666667">
<ele>614.3</ele>
<speed>1.3032767</speed>
<time>2021-11-25T09:14:29</time>
</trkpt>
<trkpt lat="44.1128016666667" lon="5.26398333333333">
<ele>614.3</ele>
<speed>1.3233508</speed>
<time>2021-11-25T09:14:30</time>
</trkpt>
<trkpt lat="44.11281" lon="5.26398">
<ele>614.3</ele>
<speed>1.3274686</speed>
<time>2021-11-25T09:14:31</time>
</trkpt>
<trkpt lat="44.11282" lon="5.26398">
<ele>614.3</ele>
<speed>1.2862909</speed>
<time>2021-11-25T09:14:32</time>
</trkpt>
<trkpt lat="44.1128316666667" lon="5.263975">
<ele>614.3</ele>
<speed>1.2708491</speed>
<time>2021-11-25T09:14:33</time>
</trkpt>
<trkpt lat="44.1128433333333" lon="5.26396833333333">
<ele>614.3</ele>
<speed>1.2255536</speed>
<time>2021-11-25T09:14:34</time>
</trkpt>
<trkpt lat="44.1128583333333" lon="5.26397">
<ele>614.3</ele>
<speed>1.2219505</speed>
<time>2021-11-25T09:14:35</time>
</trkpt>
<trkpt lat="44.11288" lon="5.26394666666667">
<ele>614.3</ele>
<speed>1.1756256</speed>
<time>2021-11-25T09:14:37</time>
</trkpt>
<trkpt lat="44.112895" lon="5.26394833333333">
<ele>614.3</ele>
<speed>1.2301861</speed>
<time>2021-11-25T09:14:38</time>
</trkpt>
<trkpt lat="44.112945" lon="5.26399333333333">
<ele>618.5</ele>
<speed>1.2976147</speed>
<time>2021-11-25T09:14:40</time>
</trkpt>
<trkpt lat="44.1129466666667" lon="5.26400666666667">
<ele>618.5</ele>
<speed>1.2873203</speed>
<time>2021-11-25T09:14:41</time>
</trkpt>
<trkpt lat="44.1129433333333" lon="5.264015">
<ele>618.5</ele>
<speed>1.195185</speed>
<time>2021-11-25T09:14:42</time>
</trkpt>
<trkpt lat="44.112965" lon="5.26403">
<ele>618.5</ele>
<speed>1.1509188</speed>
<time>2021-11-25T09:14:43</time>
</trkpt>
<trkpt lat="44.1129766666667" lon="5.26402666666667">
<ele>618.5</ele>
<speed>1.145257</speed>
<time>2021-11-25T09:14:44</time>
</trkpt>
<trkpt lat="44.112985" lon="5.26402833333333">
<ele>618.5</ele>
<speed>1.0505481</speed>
<time>2021-11-25T09:14:45</time>
</trkpt>
<trkpt lat="44.1130066666667" lon="5.26404666666667">
<ele>618.5</ele>
<speed>0.95738333</speed>
<time>2021-11-25T09:14:47</time>
</trkpt>
<trkpt lat="44.1129966666667" lon="5.26407333333333">
<ele>618.5</ele>
<speed>0.8642186</speed>
<time>2021-11-25T09:14:48</time>
</trkpt>
<trkpt lat="44.112995" lon="5.26408166666667">
<ele>622.9667</ele>
<speed>0.7473767</speed>
<time>2021-11-25T09:14:49</time>
</trkpt>
<trkpt lat="44.1129966666667" lon="5.264095">
<ele>622.9667</ele>
<speed>0.63774085</speed>
<time>2021-11-25T09:14:50</time>
</trkpt>
<trkpt lat="44.113005" lon="5.26409666666667">
<ele>622.9667</ele>
<speed>0.6547267</speed>
<time>2021-11-25T09:14:51</time>
</trkpt>
<trkpt lat="44.1130216666667" lon="5.26410166666667">
<ele>622.9667</ele>
<speed>0.74789137</speed>
<time>2021-11-25T09:14:52</time>
</trkpt>
<trkpt lat="44.1130466666667" lon="5.26409833333333">
<ele>622.9667</ele>
<speed>0.8384825</speed>
<time>2021-11-25T09:14:53</time>
</trkpt>
<trkpt lat="44.1130633333333" lon="5.264095">
<ele>622.9667</ele>
<speed>0.8369383</speed>
<time>2021-11-25T09:14:54</time>
</trkpt>
<trkpt lat="44.1130783333333" lon="5.26410333333333">
<ele>622.9667</ele>
<speed>0.88995475</speed>
<time>2021-11-25T09:14:55</time>
</trkpt>
<trkpt lat="44.1130883333333" lon="5.26410833333333">
<ele>622.9667</ele>
<speed>0.88892525</speed>
<time>2021-11-25T09:14:56</time>
</trkpt>
<trkpt lat="44.1131116666667" lon="5.264115">
<ele>622.9667</ele>
<speed>0.90076387</speed>
<time>2021-11-25T09:14:57</time>
</trkpt>
<trkpt lat="44.1131933333333" lon="5.26412666666667">
<ele>624.8333</ele>
<speed>1.2404805</speed>
<time>2021-11-25T09:15:01</time>
</trkpt>
<trkpt lat="44.11321" lon="5.264135">
<ele>624.8333</ele>
<speed>1.2106267</speed>
<time>2021-11-25T09:15:02</time>
</trkpt>
<trkpt lat="44.1132266666667" lon="5.26414333333333">
<ele>624.8333</ele>
<speed>1.180258</speed>
<time>2021-11-25T09:15:03</time>
</trkpt>
<trkpt lat="44.1132433333333" lon="5.26416166666667">
<ele>624.8333</ele>
<speed>1.250775</speed>
<time>2021-11-25T09:15:04</time>
</trkpt>
<trkpt lat="44.1132666666667" lon="5.26418333333333">
<ele>624.8333</ele>
<speed>1.2806289</speed>
<time>2021-11-25T09:15:06</time>
</trkpt>
<trkpt lat="44.1132916666667" lon="5.2642">
<ele>624.8333</ele>
<speed>1.217318</speed>
<time>2021-11-25T09:15:08</time>
</trkpt>
<trkpt lat="44.1133" lon="5.26419833333333">
<ele>629.1</ele>
<speed>1.158125</speed>
<time>2021-11-25T09:15:09</time>
</trkpt>
<trkpt lat="44.1133033333333" lon="5.26420333333333">
<ele>629.1</ele>
<speed>1.0721664</speed>
<time>2021-11-25T09:15:10</time>
</trkpt>
<trkpt lat="44.1133166666667" lon="5.26420666666667">
<ele>629.1</ele>
<speed>1.0500333</speed>
<time>2021-11-25T09:15:11</time>
</trkpt>
<trkpt lat="44.1133283333333" lon="5.264215">
<ele>629.1</ele>
<speed>1.0042231</speed>
<time>2021-11-25T09:15:13</time>
</trkpt>
<trkpt lat="44.1133383333333" lon="5.26421333333333">
<ele>629.1</ele>
<speed>0.9388533</speed>
<time>2021-11-25T09:15:14</time>
</trkpt>
<trkpt lat="44.1133483333333" lon="5.26421833333333">
<ele>629.1</ele>
<speed>0.9609864</speed>
<time>2021-11-25T09:15:15</time>
</trkpt>
<trkpt lat="44.11336" lon="5.26422">
<ele>629.1</ele>
<speed>0.98003113</speed>
<time>2021-11-25T09:15:16</time>
</trkpt>
<trkpt lat="44.1133783333333" lon="5.264235">
<ele>629.1</ele>
<speed>1.0124586</speed>
<time>2021-11-25T09:15:18</time>
</trkpt>
<trkpt lat="44.113385" lon="5.26425333333333">
<ele>632.0</ele>
<speed>1.0016495</speed>
<time>2021-11-25T09:15:20</time>
</trkpt>
<trkpt lat="44.1133816666667" lon="5.26427166666667">
<ele>632.0</ele>
<speed>0.97333974</speed>
<time>2021-11-25T09:15:21</time>
</trkpt>
<trkpt lat="44.11339" lon="5.26427833333333">
<ele>632.0</ele>
<speed>0.9548097</speed>
<time>2021-11-25T09:15:22</time>
</trkpt>
<trkpt lat="44.1133916666667" lon="5.26429">
<ele>632.0</ele>
<speed>0.954295</speed>
<time>2021-11-25T09:15:23</time>
</trkpt>
<trkpt lat="44.1134" lon="5.26429666666667">
<ele>632.0</ele>
<speed>0.92804414</speed>
<time>2021-11-25T09:15:24</time>
</trkpt>
<trkpt lat="44.1134166666667" lon="5.26430833333333">
<ele>632.0</ele>
<speed>0.89046943</speed>
<time>2021-11-25T09:15:25</time>
</trkpt>
<trkpt lat="44.1135633333333" lon="5.26441833333333">
<ele>634.7</ele>
<speed>0.96407473</speed>
<time>2021-11-25T09:15:34</time>
</trkpt>
<trkpt lat="44.1136216666667" lon="5.26442833333333">
<ele>634.36664</ele>
<speed>0.95583916</speed>
<time>2021-11-25T09:15:41</time>
</trkpt>
<trkpt lat="44.1136816666667" lon="5.26442166666667">
<ele>635.6</ele>
<speed>1.0335622</speed>
<time>2021-11-25T09:15:49</time>
</trkpt>
<trkpt lat="44.1136883333333" lon="5.26441833333333">
<ele>635.6</ele>
<speed>0.9867225</speed>
<time>2021-11-25T09:15:50</time>
</trkpt>
<trkpt lat="44.1137016666667" lon="5.26442">
<ele>635.6</ele>
<speed>0.98517835</speed>
<time>2021-11-25T09:15:51</time>
</trkpt>
<trkpt lat="44.1137916666667" lon="5.26442333333333">
<ele>638.8</ele>
<speed>1.0773137</speed>
<time>2021-11-25T09:15:59</time>
</trkpt>
<trkpt lat="44.11382" lon="5.26442166666667">
<ele>638.8</ele>
<speed>1.0798873</speed>
<time>2021-11-25T09:16:01</time>
</trkpt>
<trkpt lat="44.1138366666667" lon="5.26441166666667">
<ele>638.8</ele>
<speed>1.1138589</speed>
<time>2021-11-25T09:16:02</time>
</trkpt>
<trkpt lat="44.1138483333333" lon="5.26440833333333">
<ele>638.8</ele>
<speed>1.1035645</speed>
<time>2021-11-25T09:16:03</time>
</trkpt>
<trkpt lat="44.1138583333333" lon="5.264405">
<ele>638.8</ele>
<speed>1.0510628</speed>
<time>2021-11-25T09:16:04</time>
</trkpt>
<trkpt lat="44.11387" lon="5.2644">
<ele>638.8</ele>
<speed>1.0124586</speed>
<time>2021-11-25T09:16:05</time>
</trkpt>
<trkpt lat="44.1138816666667" lon="5.26439666666667">
<ele>638.8</ele>
<speed>1.03768</speed>
<time>2021-11-25T09:16:06</time>
</trkpt>
<trkpt lat="44.1138866666667" lon="5.264385">
<ele>638.8</ele>
<speed>1.0309886</speed>
<time>2021-11-25T09:16:07</time>
</trkpt>
<trkpt lat="44.1138933333333" lon="5.264385">
<ele>638.8</ele>
<speed>0.96407473</speed>
<time>2021-11-25T09:16:08</time>
</trkpt>
<trkpt lat="44.1138983333333" lon="5.26438166666667">
<ele>639.1667</ele>
<speed>0.9105436</speed>
<time>2021-11-25T09:16:09</time>
</trkpt>
<trkpt lat="44.1139116666667" lon="5.26438333333333">
<ele>639.1667</ele>
<speed>0.8945872</speed>
<time>2021-11-25T09:16:10</time>
</trkpt>
<trkpt lat="44.1139433333333" lon="5.264375">
<ele>639.1667</ele>
<speed>0.9177497</speed>
<time>2021-11-25T09:16:12</time>
</trkpt>
<trkpt lat="44.11396" lon="5.26436333333333">
<ele>639.1667</ele>
<speed>0.97848696</speed>
<time>2021-11-25T09:16:13</time>
</trkpt>
<trkpt lat="44.1139766666667" lon="5.26436">
<ele>639.1667</ele>
<speed>1.0417978</speed>
<time>2021-11-25T09:16:14</time>
</trkpt>
<trkpt lat="44.1140166666667" lon="5.26436833333333">
<ele>639.1667</ele>
<speed>1.1143736</speed>
<time>2021-11-25T09:16:17</time>
</trkpt>
<trkpt lat="44.1141633333333" lon="5.26439666666667">
<ele>640.5333</ele>
<speed>1.0140028</speed>
<time>2021-11-25T09:16:25</time>
</trkpt>
<trkpt lat="44.114175" lon="5.264405">
<ele>640.5333</ele>
<speed>0.99341387</speed>
<time>2021-11-25T09:16:26</time>
</trkpt>
<trkpt lat="44.11418" lon="5.26442">
<ele>640.5333</ele>
<speed>0.9594422</speed>
<time>2021-11-25T09:16:27</time>
</trkpt>
<trkpt lat="44.11419" lon="5.26445">
<ele>644.9667</ele>
<speed>1.0361358</speed>
<time>2021-11-25T09:16:29</time>
</trkpt>
<trkpt lat="44.1141883333333" lon="5.26446166666667">
<ele>644.9667</ele>
<speed>1.0526069</speed>
<time>2021-11-25T09:16:30</time>
</trkpt>
<trkpt lat="44.1141933333333" lon="5.26448">
<ele>644.9667</ele>
<speed>1.0520922</speed>
<time>2021-11-25T09:16:31</time>
</trkpt>
<trkpt lat="44.1142" lon="5.26451166666667">
<ele>644.9667</ele>
<speed>0.97591335</speed>
<time>2021-11-25T09:16:32</time>
</trkpt>
<trkpt lat="44.11421" lon="5.26454">
<ele>644.9667</ele>
<speed>0.98775196</speed>
<time>2021-11-25T09:16:33</time>
</trkpt>
<trkpt lat="44.1142166666667" lon="5.26458666666667">
<ele>644.9667</ele>
<speed>0.9285589</speed>
<time>2021-11-25T09:16:37</time>
</trkpt>
<trkpt lat="44.1142183333333" lon="5.26459666666667">
<ele>644.9667</ele>
<speed>0.93422085</speed>
<time>2021-11-25T09:16:38</time>
</trkpt>
<trkpt lat="44.11422" lon="5.26460166666667">
<ele>645.6</ele>
<speed>0.9481183</speed>
<time>2021-11-25T09:16:39</time>
</trkpt>
<trkpt lat="44.1142183333333" lon="5.26461666666667">
<ele>645.6</ele>
<speed>0.96356</speed>
<time>2021-11-25T09:16:40</time>
</trkpt>
<trkpt lat="44.1142183333333" lon="5.26465333333333">
<ele>645.6</ele>
<speed>0.9656189</speed>
<time>2021-11-25T09:16:42</time>
</trkpt>
<trkpt lat="44.114225" lon="5.26470333333333">
<ele>645.6</ele>
<speed>0.90642583</speed>
<time>2021-11-25T09:16:45</time>
</trkpt>
<trkpt lat="44.1142366666667" lon="5.26474666666667">
<ele>649.5</ele>
<speed>1.0222384</speed>
<time>2021-11-25T09:16:49</time>
</trkpt>
<trkpt lat="44.1142366666667" lon="5.26477166666667">
<ele>649.5</ele>
<speed>1.0870934</speed>
<time>2021-11-25T09:16:50</time>
</trkpt>
<trkpt lat="44.114235" lon="5.26479833333333">
<ele>649.5</ele>
<speed>1.1313595</speed>
<time>2021-11-25T09:16:51</time>
</trkpt>
<trkpt lat="44.1142583333333" lon="5.26485166666667">
<ele>649.5</ele>
<speed>1.2795994</speed>
<time>2021-11-25T09:16:54</time>
</trkpt>
<trkpt lat="44.11426" lon="5.26487166666667">
<ele>649.5</ele>
<speed>1.3115122</speed>
<time>2021-11-25T09:16:55</time>
</trkpt>
<trkpt lat="44.1142633333333" lon="5.26491333333333">
<ele>649.5</ele>
<speed>1.3809997</speed>
<time>2021-11-25T09:16:58</time>
</trkpt>
<trkpt lat="44.1142583333333" lon="5.26492666666667">
<ele>651.1</ele>
<speed>1.2950411</speed>
<time>2021-11-25T09:16:59</time>
</trkpt>
<trkpt lat="44.114245" lon="5.26496">
<ele>651.1</ele>
<speed>1.154522</speed>
<time>2021-11-25T09:17:01</time>
</trkpt>
<trkpt lat="44.11424" lon="5.26497">
<ele>651.1</ele>
<speed>1.0819461</speed>
<time>2021-11-25T09:17:02</time>
</trkpt>
<trkpt lat="44.114235" lon="5.26500166666667">
<ele>651.1</ele>
<speed>0.91414666</speed>
<time>2021-11-25T09:17:04</time>
</trkpt>
<trkpt lat="44.1142266666667" lon="5.26502">
<ele>651.1</ele>
<speed>0.8935578</speed>
<time>2021-11-25T09:17:05</time>
</trkpt>
<trkpt lat="44.1142183333333" lon="5.26504666666667">
<ele>651.1</ele>
<speed>0.9326767</speed>
<time>2021-11-25T09:17:06</time>
</trkpt>
<trkpt lat="44.114215" lon="5.26512">
<ele>652.8</ele>
<speed>0.98209</speed>
<time>2021-11-25T09:17:10</time>
</trkpt>
<trkpt lat="44.1142116666667" lon="5.26515666666667">
<ele>652.8</ele>
<speed>1.1256975</speed>
<time>2021-11-25T09:17:12</time>
</trkpt>
<trkpt lat="44.114215" lon="5.26518">
<ele>652.8</ele>
<speed>1.2018764</speed>
<time>2021-11-25T09:17:13</time>
</trkpt>
<trkpt lat="44.1142183333333" lon="5.26521666666667">
<ele>652.8</ele>
<speed>1.3207772</speed>
<time>2021-11-25T09:17:15</time>
</trkpt>
<trkpt lat="44.1142383333333" lon="5.26524">
<ele>652.8</ele>
<speed>1.274967</speed>
<time>2021-11-25T09:17:16</time>
</trkpt>
<trkpt lat="44.1142416666667" lon="5.26525666666667">
<ele>652.8</ele>
<speed>1.26004</speed>
<time>2021-11-25T09:17:17</time>
</trkpt>
<trkpt lat="44.1142416666667" lon="5.26527166666667">
<ele>652.8</ele>
<speed>1.1663605</speed>
<time>2021-11-25T09:17:18</time>
</trkpt>
<trkpt lat="44.114245" lon="5.26528666666667">
<ele>657.3</ele>
<speed>1.1200355</speed>
<time>2021-11-25T09:17:19</time>
</trkpt>
<trkpt lat="44.11425" lon="5.265305">
<ele>657.3</ele>
<speed>1.1447423</speed>
<time>2021-11-25T09:17:20</time>
</trkpt>
<trkpt lat="44.114235" lon="5.265365">
<ele>657.3</ele>
<speed>1.0366505</speed>
<time>2021-11-25T09:17:23</time>
</trkpt>
<trkpt lat="44.1142183333333" lon="5.26539166666667">
<ele>657.3</ele>
<speed>1.0309886</speed>
<time>2021-11-25T09:17:24</time>
</trkpt>
<trkpt lat="44.1142066666667" lon="5.26542833333333">
<ele>657.3</ele>
<speed>1.0237825</speed>
<time>2021-11-25T09:17:26</time>
</trkpt>
<trkpt lat="44.1142166666667" lon="5.26544166666667">
<ele>657.3</ele>
<speed>0.9501772</speed>
<time>2021-11-25T09:17:27</time>
</trkpt>
<trkpt lat="44.1142183333333" lon="5.26545333333333">
<ele>657.3</ele>
<speed>0.9712808</speed>
<time>2021-11-25T09:17:28</time>
</trkpt>
<trkpt lat="44.1142366666667" lon="5.26548666666667">
<ele>661.2</ele>
<speed>0.95738333</speed>
<time>2021-11-25T09:17:30</time>
</trkpt>
<trkpt lat="44.1142483333333" lon="5.26550333333333">
<ele>661.2</ele>
<speed>0.972825</speed>
<time>2021-11-25T09:17:31</time>
</trkpt>
<trkpt lat="44.11426" lon="5.26552">
<ele>661.2</ele>
<speed>0.98003113</speed>
<time>2021-11-25T09:17:32</time>
</trkpt>
<trkpt lat="44.1142633333333" lon="5.26553833333333">
<ele>661.2</ele>
<speed>0.95326555</speed>
<time>2021-11-25T09:17:33</time>
</trkpt>
<trkpt lat="44.1142716666667" lon="5.265565">
<ele>661.2</ele>
<speed>0.86988056</speed>
<time>2021-11-25T09:17:35</time>
</trkpt>
<trkpt lat="44.1142683333333" lon="5.265635">
<ele>662.0</ele>
<speed>0.9769428</speed>
<time>2021-11-25T09:17:39</time>
</trkpt>
<trkpt lat="44.1142633333333" lon="5.26565833333333">
<ele>662.0</ele>
<speed>1.0021641</speed>
<time>2021-11-25T09:17:40</time>
</trkpt>
<trkpt lat="44.1142566666667" lon="5.26566833333333">
<ele>662.0</ele>
<speed>0.9609864</speed>
<time>2021-11-25T09:17:41</time>
</trkpt>
<trkpt lat="44.1142516666667" lon="5.26568666666667">
<ele>662.0</ele>
<speed>0.9517214</speed>
<time>2021-11-25T09:17:42</time>
</trkpt>
<trkpt lat="44.1142466666667" lon="5.26569833333333">
<ele>662.0</ele>
<speed>0.9656189</speed>
<time>2021-11-25T09:17:43</time>
</trkpt>
<trkpt lat="44.114235" lon="5.26573333333333">
<ele>662.0</ele>
<speed>1.0057672</speed>
<time>2021-11-25T09:17:45</time>
</trkpt>
<trkpt lat="44.1142316666667" lon="5.26576166666667">
<ele>662.0</ele>
<speed>0.93422085</speed>
<time>2021-11-25T09:17:47</time>
</trkpt>
<trkpt lat="44.1142283333333" lon="5.26577833333333">
<ele>662.0</ele>
<speed>0.9198086</speed>
<time>2021-11-25T09:17:48</time>
</trkpt>
<trkpt lat="44.1142283333333" lon="5.26579333333333">
<ele>664.1</ele>
<speed>0.84054136</speed>
<time>2021-11-25T09:17:49</time>
</trkpt>
<trkpt lat="44.1142266666667" lon="5.26580666666667">
<ele>664.1</ele>
<speed>0.75870055</speed>
<time>2021-11-25T09:17:50</time>
</trkpt>
<trkpt lat="44.1142066666667" lon="5.265825">
<ele>664.1</ele>
<speed>0.8307617</speed>
<time>2021-11-25T09:17:51</time>
</trkpt>
<trkpt lat="44.1142016666667" lon="5.26584166666667">
<ele>664.1</ele>
<speed>0.82818806</speed>
<time>2021-11-25T09:17:52</time>
</trkpt>
<trkpt lat="44.1142016666667" lon="5.265875">
<ele>664.1</ele>
<speed>0.6974486</speed>
<time>2021-11-25T09:17:55</time>
</trkpt>
<trkpt lat="44.1142" lon="5.26589166666667">
<ele>664.1</ele>
<speed>0.7257583</speed>
<time>2021-11-25T09:17:56</time>
</trkpt>
<trkpt lat="44.1141666666667" lon="5.26594666666667">
<ele>667.0</ele>
<speed>0.82561445</speed>
<time>2021-11-25T09:18:01</time>
</trkpt>
<trkpt lat="44.1141416666667" lon="5.26599333333333">
<ele>667.0</ele>
<speed>0.8817192</speed>
<time>2021-11-25T09:18:05</time>
</trkpt>
<trkpt lat="44.1141316666667" lon="5.266015">
<ele>667.0</ele>
<speed>0.86988056</speed>
<time>2021-11-25T09:18:07</time>
</trkpt>
<trkpt lat="44.1141166666667" lon="5.26603">
<ele>667.0</ele>
<speed>0.8343647</speed>
<time>2021-11-25T09:18:08</time>
</trkpt>
<trkpt lat="44.1141083333333" lon="5.26604333333333">
<ele>671.2</ele>
<speed>0.88068974</speed>
<time>2021-11-25T09:18:09</time>
</trkpt>
<trkpt lat="44.1140716666667" lon="5.2661">
<ele>671.2</ele>
<speed>0.8287028</speed>
<time>2021-11-25T09:18:15</time>
</trkpt>
<trkpt lat="44.1140683333333" lon="5.266105">
<ele>671.2</ele>
<speed>0.7834072</speed>
<time>2021-11-25T09:18:17</time>
</trkpt>
<trkpt lat="44.1140583333333" lon="5.266115">
<ele>671.2</ele>
<speed>0.85392416</speed>
<time>2021-11-25T09:18:18</time>
</trkpt>
<trkpt lat="44.11403" lon="5.266165">
<ele>673.36664</ele>
<speed>0.9620158</speed>
<time>2021-11-25T09:18:21</time>
</trkpt>
<trkpt lat="44.114025" lon="5.266215">
<ele>673.36664</ele>
<speed>1.1900377</speed>
<time>2021-11-25T09:18:24</time>
</trkpt>
<trkpt lat="44.1140233333333" lon="5.266235">
<ele>673.36664</ele>
<speed>1.2641578</speed>
<time>2021-11-25T09:18:25</time>
</trkpt>
<trkpt lat="44.1140183333333" lon="5.26624333333333">
<ele>673.36664</ele>
<speed>1.3408514</speed>
<time>2021-11-25T09:18:26</time>
</trkpt>
<trkpt lat="44.1140166666667" lon="5.26625833333333">
<ele>673.36664</ele>
<speed>1.3382778</speed>
<time>2021-11-25T09:18:27</time>
</trkpt>
<trkpt lat="44.114025" lon="5.26629333333333">
<ele>673.23334</ele>
<speed>1.2554075</speed>
<time>2021-11-25T09:18:29</time>
</trkpt>
<trkpt lat="44.1140116666667" lon="5.26633666666667">
<ele>673.23334</ele>
<speed>1.1076822</speed>
<time>2021-11-25T09:18:32</time>
</trkpt>
<trkpt lat="44.11402" lon="5.26636833333333">
<ele>673.23334</ele>
<speed>1.0366505</speed>
<time>2021-11-25T09:18:34</time>
</trkpt>
<trkpt lat="44.1140266666667" lon="5.26638833333333">
<ele>673.23334</ele>
<speed>0.8812044</speed>
<time>2021-11-25T09:18:37</time>
</trkpt>
<trkpt lat="44.1140283333333" lon="5.2664">
<ele>673.23334</ele>
<speed>0.8652481</speed>
<time>2021-11-25T09:18:38</time>
</trkpt>
<trkpt lat="44.1140366666667" lon="5.26641166666667">
<ele>672.0</ele>
<speed>0.9038522</speed>
<time>2021-11-25T09:18:39</time>
</trkpt>
<trkpt lat="44.1140466666667" lon="5.26642833333333">
<ele>672.0</ele>
<speed>0.9712808</speed>
<time>2021-11-25T09:18:40</time>
</trkpt>
<trkpt lat="44.11405" lon="5.26648666666667">
<ele>672.0</ele>
<speed>1.0690781</speed>
<time>2021-11-25T09:18:42</time>
</trkpt>
<trkpt lat="44.1140533333333" lon="5.26657">
<ele>672.0</ele>
<speed>1.041283</speed>
<time>2021-11-25T09:18:45</time>
</trkpt>
<trkpt lat="44.114055" lon="5.26659">
<ele>672.0</ele>
<speed>1.0845197</speed>
<time>2021-11-25T09:18:46</time>
</trkpt>
<trkpt lat="44.114075" lon="5.26663333333333">
<ele>672.0</ele>
<speed>1.2698197</speed>
<time>2021-11-25T09:18:48</time>
</trkpt>
<trkpt lat="44.1140866666667" lon="5.26665166666667">
<ele>668.5</ele>
<speed>1.3192331</speed>
<time>2021-11-25T09:18:49</time>
</trkpt>
<trkpt lat="44.1141" lon="5.26666666666667">
<ele>668.5</ele>
<speed>1.2806289</speed>
<time>2021-11-25T09:18:50</time>
</trkpt>
<trkpt lat="44.1141183333333" lon="5.26669">
<ele>668.5</ele>
<speed>1.2543781</speed>
<time>2021-11-25T09:18:52</time>
</trkpt>
<trkpt lat="44.1141316666667" lon="5.266725">
<ele>668.5</ele>
<speed>1.3233508</speed>
<time>2021-11-25T09:18:54</time>
</trkpt>
<trkpt lat="44.1141416666667" lon="5.26675333333333">
<ele>668.5</ele>
<speed>1.3073944</speed>
<time>2021-11-25T09:18:56</time>
</trkpt>
<trkpt lat="44.1141433333333" lon="5.26676666666667">
<ele>668.5</ele>
<speed>1.2389364</speed>
<time>2021-11-25T09:18:57</time>
</trkpt>
<trkpt lat="44.11415" lon="5.26678666666667">
<ele>668.5</ele>
<speed>1.1658459</speed>
<time>2021-11-25T09:18:58</time>
</trkpt>
<trkpt lat="44.11415" lon="5.26680333333333">
<ele>666.4</ele>
<speed>1.0773137</speed>
<time>2021-11-25T09:18:59</time>
</trkpt>
<trkpt lat="44.1141383333333" lon="5.266885">
<ele>666.4</ele>
<speed>1.0639309</speed>
<time>2021-11-25T09:19:03</time>
</trkpt>
<trkpt lat="44.1141366666667" lon="5.26690666666667">
<ele>666.4</ele>
<speed>1.0479745</speed>
<time>2021-11-25T09:19:04</time>
</trkpt>
<trkpt lat="44.1141383333333" lon="5.26692833333333">
<ele>666.4</ele>
<speed>1.0675339</speed>
<time>2021-11-25T09:19:05</time>
</trkpt>
<trkpt lat="44.1141416666667" lon="5.26696333333333">
<ele>666.4</ele>
<speed>1.2343038</speed>
<time>2021-11-25T09:19:07</time>
</trkpt>
<trkpt lat="44.1141583333333" lon="5.266995">
<ele>666.13336</ele>
<speed>1.2971</speed>
<time>2021-11-25T09:19:09</time>
</trkpt>
<trkpt lat="44.114175" lon="5.26701">
<ele>666.13336</ele>
<speed>1.3079091</speed>
<time>2021-11-25T09:19:10</time>
</trkpt>
<trkpt lat="44.1141816666667" lon="5.26704666666667">
<ele>666.13336</ele>
<speed>1.2765111</speed>
<time>2021-11-25T09:19:12</time>
</trkpt>
<trkpt lat="44.1141866666667" lon="5.26706666666667">
<ele>666.13336</ele>
<speed>1.3032767</speed>
<time>2021-11-25T09:19:13</time>
</trkpt>
<trkpt lat="44.1141866666667" lon="5.26709166666667">
<ele>666.13336</ele>
<speed>1.2790847</speed>
<time>2021-11-25T09:19:14</time>
</trkpt>
<trkpt lat="44.1142" lon="5.26712833333333">
<ele>666.13336</ele>
<speed>1.1838611</speed>
<time>2021-11-25T09:19:16</time>
</trkpt>
<trkpt lat="44.1141983333333" lon="5.26716166666667">
<ele>666.13336</ele>
<speed>1.1658459</speed>
<time>2021-11-25T09:19:18</time>
</trkpt>
<trkpt lat="44.1141816666667" lon="5.267225">
<ele>666.26666</ele>
<speed>1.2147444</speed>
<time>2021-11-25T09:19:21</time>
</trkpt>
<trkpt lat="44.1141866666667" lon="5.26724166666667">
<ele>666.26666</ele>
<speed>1.2162886</speed>
<time>2021-11-25T09:19:22</time>
</trkpt>
<trkpt lat="44.114185" lon="5.26731166666667">
<ele>666.26666</ele>
<speed>1.2142297</speed>
<time>2021-11-25T09:19:26</time>
</trkpt>
<trkpt lat="44.11418" lon="5.26732666666667">
<ele>666.26666</ele>
<speed>1.2214358</speed>
<time>2021-11-25T09:19:27</time>
</trkpt>
<trkpt lat="44.11418" lon="5.26733333333333">
<ele>666.26666</ele>
<speed>1.1015055</speed>
<time>2021-11-25T09:19:28</time>
</trkpt>
<trkpt lat="44.1141783333333" lon="5.267345">
<ele>666.7</ele>
<speed>0.98106056</speed>
<time>2021-11-25T09:19:29</time>
</trkpt>
<trkpt lat="44.1141833333333" lon="5.26736166666667">
<ele>666.7</ele>
<speed>0.9259853</speed>
<time>2021-11-25T09:19:30</time>
</trkpt>
<trkpt lat="44.1141933333333" lon="5.26737833333333">
<ele>666.7</ele>
<speed>0.89149886</speed>
<time>2021-11-25T09:19:31</time>
</trkpt>
<trkpt lat="44.1142" lon="5.2674">
<ele>666.7</ele>
<speed>0.89819026</speed>
<time>2021-11-25T09:19:32</time>
</trkpt>
<trkpt lat="44.1141983333333" lon="5.26741333333333">
<ele>666.7</ele>
<speed>0.90076387</speed>
<time>2021-11-25T09:19:33</time>
</trkpt>
<trkpt lat="44.1142116666667" lon="5.2675">
<ele>666.7</ele>
<speed>0.9805458</speed>
<time>2021-11-25T09:19:37</time>
</trkpt>
<trkpt lat="44.1142066666667" lon="5.26752">
<ele>666.7</ele>
<speed>1.0927553</speed>
<time>2021-11-25T09:19:38</time>
</trkpt>
<trkpt lat="44.1142" lon="5.26763333333333">
<ele>667.9</ele>
<speed>1.3099681</speed>
<time>2021-11-25T09:19:43</time>
</trkpt>
<trkpt lat="44.114205" lon="5.26767333333333">
<ele>667.9</ele>
<speed>1.312027</speed>
<time>2021-11-25T09:19:45</time>
</trkpt>
<trkpt lat="44.1142016666667" lon="5.26769">
<ele>667.9</ele>
<speed>1.2945263</speed>
<time>2021-11-25T09:19:46</time>
</trkpt>
<trkpt lat="44.1142083333333" lon="5.2677">
<ele>667.9</ele>
<speed>1.2554075</speed>
<time>2021-11-25T09:19:47</time>
</trkpt>
<trkpt lat="44.1142" lon="5.26771166666667">
<ele>667.9</ele>
<speed>1.1874641</speed>
<time>2021-11-25T09:19:48</time>
</trkpt>
<trkpt lat="44.114195" lon="5.26772">
<ele>668.8</ele>
<speed>1.1519483</speed>
<time>2021-11-25T09:19:49</time>
</trkpt>
<trkpt lat="44.114195" lon="5.267735">
<ele>668.8</ele>
<speed>1.1277564</speed>
<time>2021-11-25T09:19:50</time>
</trkpt>
<trkpt lat="44.11419" lon="5.267775">
<ele>668.8</ele>
<speed>1.0320181</speed>
<time>2021-11-25T09:19:53</time>
</trkpt>
<trkpt lat="44.114195" lon="5.26779333333333">
<ele>668.8</ele>
<speed>1.041283</speed>
<time>2021-11-25T09:19:54</time>
</trkpt>
<trkpt lat="44.1141966666667" lon="5.26786666666667">
<ele>668.4</ele>
<speed>0.98414886</speed>
<time>2021-11-25T09:19:59</time>
</trkpt>
<trkpt lat="44.1141916666667" lon="5.26788666666667">
<ele>668.4</ele>
<speed>1.0140028</speed>
<time>2021-11-25T09:20:00</time>
</trkpt>
<trkpt lat="44.1141866666667" lon="5.26790833333333">
<ele>668.4</ele>
<speed>1.0819461</speed>
<time>2021-11-25T09:20:01</time>
</trkpt>
<trkpt lat="44.11418" lon="5.26793666666667">
<ele>668.4</ele>
<speed>1.1076822</speed>
<time>2021-11-25T09:20:03</time>
</trkpt>
<trkpt lat="44.11416" lon="5.267995">
<ele>668.4</ele>
<speed>1.0021641</speed>
<time>2021-11-25T09:20:07</time>
</trkpt>
<trkpt lat="44.1141583333333" lon="5.26801">
<ele>668.4</ele>
<speed>0.97436917</speed>
<time>2021-11-25T09:20:08</time>
</trkpt>
<trkpt lat="44.1141616666667" lon="5.26802666666667">
<ele>668.8</ele>
<speed>0.9239264</speed>
<time>2021-11-25T09:20:09</time>
</trkpt>
<trkpt lat="44.114175" lon="5.26804666666667">
<ele>668.8</ele>
<speed>0.7257583</speed>
<time>2021-11-25T09:20:11</time>
</trkpt>
<trkpt lat="44.1141766666667" lon="5.26807833333333">
<ele>668.8</ele>
<speed>0.65266776</speed>
<time>2021-11-25T09:20:13</time>
</trkpt>
<trkpt lat="44.1141783333333" lon="5.26809333333333">
<ele>668.8</ele>
<speed>0.59398943</speed>
<time>2021-11-25T09:20:14</time>
</trkpt>
<trkpt lat="44.1141633333333" lon="5.26814166666667">
<ele>668.8</ele>
<speed>0.6588445</speed>
<time>2021-11-25T09:20:17</time>
</trkpt>
<trkpt lat="44.1141483333333" lon="5.26817333333333">
<ele>668.9</ele>
<speed>0.7556122</speed>
<time>2021-11-25T09:20:19</time>
</trkpt>
<trkpt lat="44.1141516666667" lon="5.26820666666667">
<ele>668.9</ele>
<speed>0.8081139</speed>
<time>2021-11-25T09:20:23</time>
</trkpt>
<trkpt lat="44.1141483333333" lon="5.26821833333333">
<ele>668.9</ele>
<speed>0.70053697</speed>
<time>2021-11-25T09:20:25</time>
</trkpt>
<trkpt lat="44.11413" lon="5.26829166666667">
<ele>669.1</ele>
<speed>0.5528117</speed>
<time>2021-11-25T09:20:30</time>
</trkpt>
<trkpt lat="44.1141033333333" lon="5.268295">
<ele>669.1</ele>
<speed>0.7031106</speed>
<time>2021-11-25T09:20:32</time>
</trkpt>
<trkpt lat="44.1140866666667" lon="5.26829833333333">
<ele>669.1</ele>
<speed>0.7890692</speed>
<time>2021-11-25T09:20:33</time>
</trkpt>
<trkpt lat="44.11408" lon="5.26829833333333">
<ele>669.1</ele>
<speed>0.8307617</speed>
<time>2021-11-25T09:20:35</time>
</trkpt>
<trkpt lat="44.1140733333333" lon="5.2683">
<ele>669.1</ele>
<speed>0.8050256</speed>
<time>2021-11-25T09:20:36</time>
</trkpt>
<trkpt lat="44.114045" lon="5.268315">
<ele>669.9</ele>
<speed>0.7406853</speed>
<time>2021-11-25T09:20:40</time>
</trkpt>
<trkpt lat="44.11402" lon="5.26832333333333">
<ele>669.9</ele>
<speed>0.74892086</speed>
<time>2021-11-25T09:20:42</time>
</trkpt>
<trkpt lat="44.114015" lon="5.268335">
<ele>669.9</ele>
<speed>0.63362306</speed>
<time>2021-11-25T09:20:43</time>
</trkpt>
<trkpt lat="44.1139766666667" lon="5.26838666666667">
<ele>669.9</ele>
<speed>0.78649557</speed>
<time>2021-11-25T09:20:45</time>
</trkpt>
<trkpt lat="44.113935" lon="5.26845666666667">
<ele>669.9</ele>
<speed>1.1555514</speed>
<time>2021-11-25T09:20:48</time>
</trkpt>
<trkpt lat="44.113925" lon="5.26848">
<ele>676.2</ele>
<speed>1.1735667</speed>
<time>2021-11-25T09:20:50</time>
</trkpt>
<trkpt lat="44.1139066666667" lon="5.26850333333333">
<ele>676.2</ele>
<speed>1.1004761</speed>
<time>2021-11-25T09:20:52</time>
</trkpt>
<trkpt lat="44.1138983333333" lon="5.26851833333333">
<ele>676.2</ele>
<speed>1.1622428</speed>
<time>2021-11-25T09:20:53</time>
</trkpt>
<trkpt lat="44.1138883333333" lon="5.26853833333333">
<ele>676.2</ele>
<speed>1.16739</speed>
<time>2021-11-25T09:20:54</time>
</trkpt>
<trkpt lat="44.11388" lon="5.26855333333333">
<ele>676.2</ele>
<speed>1.1668752</speed>
<time>2021-11-25T09:20:55</time>
</trkpt>
<trkpt lat="44.1138683333333" lon="5.268565">
<ele>676.2</ele>
<speed>1.1118</speed>
<time>2021-11-25T09:20:56</time>
</trkpt>
<trkpt lat="44.1138483333333" lon="5.26858666666667">
<ele>676.2</ele>
<speed>0.96922195</speed>
<time>2021-11-25T09:20:58</time>
</trkpt>
<trkpt lat="44.1138416666667" lon="5.268595">
<ele>678.23334</ele>
<speed>0.93473554</speed>
<time>2021-11-25T09:20:59</time>
</trkpt>
<trkpt lat="44.1138266666667" lon="5.268605">
<ele>678.23334</ele>
<speed>0.91157305</speed>
<time>2021-11-25T09:21:00</time>
</trkpt>
<trkpt lat="44.113815" lon="5.26861166666667">
<ele>678.23334</ele>
<speed>0.89921975</speed>
<time>2021-11-25T09:21:01</time>
</trkpt>
<trkpt lat="44.1137633333333" lon="5.26864166666667">
<ele>678.23334</ele>
<speed>0.7175228</speed>
<time>2021-11-25T09:21:08</time>
</trkpt>
<trkpt lat="44.11375" lon="5.26869666666667">
<ele>682.3</ele>
<speed>0.57082695</speed>
<time>2021-11-25T09:21:13</time>
</trkpt>
<trkpt lat="44.11373" lon="5.26877">
<ele>682.3</ele>
<speed>0.61509305</speed>
<time>2021-11-25T09:21:16</time>
</trkpt>
<trkpt lat="44.1137266666667" lon="5.268775">
<ele>682.3</ele>
<speed>0.5764889</speed>
<time>2021-11-25T09:21:17</time>
</trkpt>
<trkpt lat="44.11372" lon="5.268795">
<ele>682.3</ele>
<speed>0.6228139</speed>
<time>2021-11-25T09:21:18</time>
</trkpt>
<trkpt lat="44.1136833333333" lon="5.26888">
<ele>689.1</ele>
<speed>0.83539414</speed>
<time>2021-11-25T09:21:20</time>
</trkpt>
<trkpt lat="44.1136983333333" lon="5.26891833333333">
<ele>689.1</ele>
<speed>0.89921975</speed>
<time>2021-11-25T09:21:21</time>
</trkpt>
<trkpt lat="44.1137133333333" lon="5.26893333333333">
<ele>689.1</ele>
<speed>0.9265</speed>
<time>2021-11-25T09:21:22</time>
</trkpt>
<trkpt lat="44.113715" lon="5.268955">
<ele>689.1</ele>
<speed>0.9702514</speed>
<time>2021-11-25T09:21:23</time>
</trkpt>
<trkpt lat="44.1137183333333" lon="5.26900833333333">
<ele>689.1</ele>
<speed>0.9419417</speed>
<time>2021-11-25T09:21:25</time>
</trkpt>
<trkpt lat="44.11372" lon="5.26903833333333">
<ele>689.1</ele>
<speed>1.0500333</speed>
<time>2021-11-25T09:21:26</time>
</trkpt>
<trkpt lat="44.1137416666667" lon="5.26908333333333">
<ele>689.1</ele>
<speed>1.065475</speed>
<time>2021-11-25T09:21:28</time>
</trkpt>
<trkpt lat="44.1137333333333" lon="5.269145">
<ele>690.7</ele>
<speed>0.9846636</speed>
<time>2021-11-25T09:21:30</time>
</trkpt>
<trkpt lat="44.113735" lon="5.26917">
<ele>690.7</ele>
<speed>0.9954728</speed>
<time>2021-11-25T09:21:31</time>
</trkpt>
<trkpt lat="44.1137233333333" lon="5.26920333333333">
<ele>690.7</ele>
<speed>1.0361358</speed>
<time>2021-11-25T09:21:33</time>
</trkpt>
<trkpt lat="44.113715" lon="5.26922">
<ele>690.7</ele>
<speed>1.0706222</speed>
<time>2021-11-25T09:21:34</time>
</trkpt>
<trkpt lat="44.113715" lon="5.269245">
<ele>690.7</ele>
<speed>1.0845197</speed>
<time>2021-11-25T09:21:35</time>
</trkpt>
<trkpt lat="44.113705" lon="5.26928166666667">
<ele>690.7</ele>
<speed>1.1092263</speed>
<time>2021-11-25T09:21:37</time>
</trkpt>
<trkpt lat="44.1136916666667" lon="5.26931333333333">
<ele>692.0</ele>
<speed>1.0876081</speed>
<time>2021-11-25T09:21:39</time>
</trkpt>
<trkpt lat="44.1136716666667" lon="5.269365">
<ele>692.0</ele>
<speed>1.1004761</speed>
<time>2021-11-25T09:21:41</time>
</trkpt>
<trkpt lat="44.11365" lon="5.26941">
<ele>692.0</ele>
<speed>1.1329036</speed>
<time>2021-11-25T09:21:43</time>
</trkpt>
<trkpt lat="44.1136416666667" lon="5.26943333333333">
<ele>692.0</ele>
<speed>1.0793725</speed>
<time>2021-11-25T09:21:45</time>
</trkpt>
<trkpt lat="44.113635" lon="5.26946">
<ele>692.0</ele>
<speed>0.98929614</speed>
<time>2021-11-25T09:21:47</time>
</trkpt>
<trkpt lat="44.113635" lon="5.26947333333333">
<ele>692.0</ele>
<speed>1.0392241</speed>
<time>2021-11-25T09:21:48</time>
</trkpt>
<trkpt lat="44.113635" lon="5.26948666666667">
<ele>694.2</ele>
<speed>1.0129733</speed>
<time>2021-11-25T09:21:49</time>
</trkpt>
<trkpt lat="44.1136366666667" lon="5.269495">
<ele>694.2</ele>
<speed>0.9517214</speed>
<time>2021-11-25T09:21:50</time>
</trkpt>
<trkpt lat="44.1136466666667" lon="5.269535">
<ele>694.2</ele>
<speed>0.8436297</speed>
<time>2021-11-25T09:21:53</time>
</trkpt>
<trkpt lat="44.1136416666667" lon="5.26955166666667">
<ele>694.2</ele>
<speed>0.8544389</speed>
<time>2021-11-25T09:21:54</time>
</trkpt>
<trkpt lat="44.1136433333333" lon="5.26957333333333">
<ele>694.2</ele>
<speed>0.8961314</speed>
<time>2021-11-25T09:21:55</time>
</trkpt>
<trkpt lat="44.1136383333333" lon="5.26961333333333">
<ele>694.2</ele>
<speed>0.9311325</speed>
<time>2021-11-25T09:21:57</time>
</trkpt>
<trkpt lat="44.1136366666667" lon="5.26963">
<ele>694.2</ele>
<speed>0.93061775</speed>
<time>2021-11-25T09:21:58</time>
</trkpt>
<trkpt lat="44.1136416666667" lon="5.26966">
<ele>698.8333</ele>
<speed>0.93164724</speed>
<time>2021-11-25T09:22:00</time>
</trkpt>
<trkpt lat="44.1136383333333" lon="5.26967333333333">
<ele>698.8333</ele>
<speed>0.9496625</speed>
<time>2021-11-25T09:22:01</time>
</trkpt>
<trkpt lat="44.1136466666667" lon="5.26968666666667">
<ele>698.8333</ele>
<speed>0.9620158</speed>
<time>2021-11-25T09:22:02</time>
</trkpt>
<trkpt lat="44.1136466666667" lon="5.26970166666667">
<ele>698.8333</ele>
<speed>0.9630453</speed>
<time>2021-11-25T09:22:03</time>
</trkpt>
<trkpt lat="44.1136466666667" lon="5.26974">
<ele>698.8333</ele>
<speed>1.0083408</speed>
<time>2021-11-25T09:22:05</time>
</trkpt>
<trkpt lat="44.1136583333333" lon="5.26977333333333">
<ele>698.8333</ele>
<speed>1.0016495</speed>
<time>2021-11-25T09:22:07</time>
</trkpt>
<trkpt lat="44.1136516666667" lon="5.26978833333333">
<ele>698.8333</ele>
<speed>0.991355</speed>
<time>2021-11-25T09:22:08</time>
</trkpt>
<trkpt lat="44.1136616666667" lon="5.269805">
<ele>701.6</ele>
<speed>0.991355</speed>
<time>2021-11-25T09:22:09</time>
</trkpt>
<trkpt lat="44.1136583333333" lon="5.269815">
<ele>701.6</ele>
<speed>0.9455447</speed>
<time>2021-11-25T09:22:10</time>
</trkpt>
<trkpt lat="44.1136516666667" lon="5.26983833333333">
<ele>701.6</ele>
<speed>0.9059111</speed>
<time>2021-11-25T09:22:11</time>
</trkpt>
<trkpt lat="44.11365" lon="5.26987833333333">
<ele>701.6</ele>
<speed>0.5193547</speed>
<time>2021-11-25T09:22:16</time>
</trkpt>
<trkpt lat="44.11367" lon="5.26984333333333">
<ele>701.6</ele>
<speed>0.76281834</speed>
<time>2021-11-25T09:22:18</time>
</trkpt>
<trkpt lat="44.1138016666667" lon="5.26978">
<ele>704.7</ele>
<speed>2.8386931</speed>
<time>2021-11-25T09:22:25</time>
</trkpt>
<trkpt lat="44.11378" lon="5.26982">
<ele>704.7</ele>
<speed>2.7970006</speed>
<time>2021-11-25T09:22:27</time>
</trkpt>
<trkpt lat="44.1137633333333" lon="5.269845">
<ele>704.7</ele>
<speed>2.5401542</speed>
<time>2021-11-25T09:22:28</time>
</trkpt>
<trkpt lat="44.1137533333333" lon="5.26986333333333">
<ele>706.9</ele>
<speed>2.2091877</speed>
<time>2021-11-25T09:22:29</time>
</trkpt>
<trkpt lat="44.1137516666667" lon="5.26986833333333">
<ele>706.9</ele>
<speed>1.3799703</speed>
<time>2021-11-25T09:22:31</time>
</trkpt>
<trkpt lat="44.11375" lon="5.26986833333333">
<ele>706.9</ele>
<speed>0.91311723</speed>
<time>2021-11-25T09:22:32</time>
</trkpt>
<trkpt lat="44.1137466666667" lon="5.26987333333333">
<ele>706.9</ele>
<speed>0.6521531</speed>
<time>2021-11-25T09:22:33</time>
</trkpt>
<trkpt lat="44.1137466666667" lon="5.26988833333333">
<ele>706.9</ele>
<speed>0.5322228</speed>
<time>2021-11-25T09:22:34</time>
</trkpt>
<trkpt lat="44.1137433333333" lon="5.26989833333333">
<ele>706.9</ele>
<speed>0.4534703</speed>
<time>2021-11-25T09:22:35</time>
</trkpt>
<trkpt lat="44.11372" lon="5.269965">
<ele>709.4667</ele>
<speed>0.46376473</speed>
<time>2021-11-25T09:22:39</time>
</trkpt>
<trkpt lat="44.11371" lon="5.270035">
<ele>709.4667</ele>
<speed>0.6923014</speed>
<time>2021-11-25T09:22:42</time>
</trkpt>
<trkpt lat="44.11371" lon="5.27005166666667">
<ele>709.4667</ele>
<speed>0.7293614</speed>
<time>2021-11-25T09:22:43</time>
</trkpt>
<trkpt lat="44.113705" lon="5.27006833333333">
<ele>709.4667</ele>
<speed>0.78649557</speed>
<time>2021-11-25T09:22:44</time>
</trkpt>
<trkpt lat="44.1137016666667" lon="5.27008833333333">
<ele>709.4667</ele>
<speed>0.8611303</speed>
<time>2021-11-25T09:22:45</time>
</trkpt>
<trkpt lat="44.1136966666667" lon="5.270105">
<ele>709.4667</ele>
<speed>0.8642186</speed>
<time>2021-11-25T09:22:46</time>
</trkpt>
<trkpt lat="44.113665" lon="5.27020333333333">
<ele>709.6</ele>
<speed>1.0351064</speed>
<time>2021-11-25T09:22:52</time>
</trkpt>
<trkpt lat="44.11365" lon="5.27023333333333">
<ele>709.6</ele>
<speed>1.0922406</speed>
<time>2021-11-25T09:22:53</time>
</trkpt>
<trkpt lat="44.1136466666667" lon="5.27025166666667">
<ele>709.6</ele>
<speed>1.1040791</speed>
<time>2021-11-25T09:22:54</time>
</trkpt>
<trkpt lat="44.11364" lon="5.27027166666667">
<ele>709.6</ele>
<speed>1.0824609</speed>
<time>2021-11-25T09:22:55</time>
</trkpt>
<trkpt lat="44.1136416666667" lon="5.27028333333333">
<ele>709.6</ele>
<speed>1.0582689</speed>
<time>2021-11-25T09:22:56</time>
</trkpt>
<trkpt lat="44.11365" lon="5.270295">
<ele>709.6</ele>
<speed>1.0423125</speed>
<time>2021-11-25T09:22:57</time>
</trkpt>
<trkpt lat="44.1136483333333" lon="5.27030166666667">
<ele>709.6</ele>
<speed>1.0083408</speed>
<time>2021-11-25T09:22:58</time>
</trkpt>
<trkpt lat="44.1136516666667" lon="5.27030333333333">
<ele>708.23334</ele>
<speed>0.90488166</speed>
<time>2021-11-25T09:22:59</time>
</trkpt>
<trkpt lat="44.1136466666667" lon="5.27032">
<ele>708.23334</ele>
<speed>0.90436697</speed>
<time>2021-11-25T09:23:00</time>
</trkpt>
<trkpt lat="44.11365" lon="5.27033833333333">
<ele>708.23334</ele>
<speed>0.89561665</speed>
<time>2021-11-25T09:23:01</time>
</trkpt>
<trkpt lat="44.1136466666667" lon="5.27035">
<ele>708.23334</ele>
<speed>0.8812044</speed>
<time>2021-11-25T09:23:02</time>
</trkpt>
<trkpt lat="44.1136283333333" lon="5.27039666666667">
<ele>708.23334</ele>
<speed>0.81480527</speed>
<time>2021-11-25T09:23:06</time>
</trkpt>
<trkpt lat="44.1136233333333" lon="5.27040333333333">
<ele>708.23334</ele>
<speed>0.8086286</speed>
<time>2021-11-25T09:23:07</time>
</trkpt>
<trkpt lat="44.1135916666667" lon="5.27046">
<ele>708.0</ele>
<speed>0.97900164</speed>
<time>2021-11-25T09:23:10</time>
</trkpt>
<trkpt lat="44.1135866666667" lon="5.27048333333333">
<ele>708.0</ele>
<speed>1.03768</speed>
<time>2021-11-25T09:23:11</time>
</trkpt>
<trkpt lat="44.1135783333333" lon="5.27055333333333">
<ele>708.0</ele>
<speed>1.1720225</speed>
<time>2021-11-25T09:23:15</time>
</trkpt>
<trkpt lat="44.11357" lon="5.270565">
<ele>708.0</ele>
<speed>1.1771697</speed>
<time>2021-11-25T09:23:16</time>
</trkpt>
<trkpt lat="44.1135516666667" lon="5.27059">
<ele>708.0</ele>
<speed>1.180258</speed>
<time>2021-11-25T09:23:18</time>
</trkpt>
<trkpt lat="44.1135466666667" lon="5.270595">
<ele>707.5</ele>
<speed>1.1308447</speed>
<time>2021-11-25T09:23:19</time>
</trkpt>
<trkpt lat="44.1135466666667" lon="5.27060666666667">
<ele>707.5</ele>
<speed>1.0937847</speed>
<time>2021-11-25T09:23:20</time>
</trkpt>
<trkpt lat="44.113535" lon="5.27063666666667">
<ele>707.5</ele>
<speed>0.9707661</speed>
<time>2021-11-25T09:23:22</time>
</trkpt>
<trkpt lat="44.11353" lon="5.27065666666667">
<ele>707.5</ele>
<speed>0.98826665</speed>
<time>2021-11-25T09:23:23</time>
</trkpt>
<trkpt lat="44.1135233333333" lon="5.27067">
<ele>707.5</ele>
<speed>0.99907583</speed>
<time>2021-11-25T09:23:24</time>
</trkpt>
<trkpt lat="44.1135233333333" lon="5.270685">
<ele>707.5</ele>
<speed>1.0181205</speed>
<time>2021-11-25T09:23:25</time>
</trkpt>
<trkpt lat="44.11352" lon="5.2707">
<ele>707.5</ele>
<speed>1.0273856</speed>
<time>2021-11-25T09:23:26</time>
</trkpt>
<trkpt lat="44.1135033333333" lon="5.27071666666667">
<ele>707.5</ele>
<speed>1.1102558</speed>
<time>2021-11-25T09:23:27</time>
</trkpt>
<trkpt lat="44.1134933333333" lon="5.27075">
<ele>707.86664</ele>
<speed>1.1740814</speed>
<time>2021-11-25T09:23:29</time>
</trkpt>
<trkpt lat="44.11349" lon="5.270765">
<ele>707.86664</ele>
<speed>1.1931261</speed>
<time>2021-11-25T09:23:30</time>
</trkpt>
<trkpt lat="44.113475" lon="5.27081">
<ele>707.86664</ele>
<speed>1.2991589</speed>
<time>2021-11-25T09:23:31</time>
</trkpt>
<trkpt lat="44.1134433333333" lon="5.270875">
<ele>707.86664</ele>
<speed>1.2219505</speed>
<time>2021-11-25T09:23:34</time>
</trkpt>
<trkpt lat="44.1134383333333" lon="5.27089333333333">
<ele>707.86664</ele>
<speed>1.1807728</speed>
<time>2021-11-25T09:23:35</time>
</trkpt>
<trkpt lat="44.1134316666667" lon="5.27090333333333">
<ele>707.86664</ele>
<speed>1.1200355</speed>
<time>2021-11-25T09:23:36</time>
</trkpt>
<trkpt lat="44.1134233333333" lon="5.27091">
<ele>707.86664</ele>
<speed>1.0294445</speed>
<time>2021-11-25T09:23:37</time>
</trkpt>
<trkpt lat="44.1134133333333" lon="5.270925">
<ele>707.86664</ele>
<speed>0.98414886</speed>
<time>2021-11-25T09:23:38</time>
</trkpt>
<trkpt lat="44.1134066666667" lon="5.27092833333333">
<ele>708.9</ele>
<speed>0.9265</speed>
<time>2021-11-25T09:23:39</time>
</trkpt>
<trkpt lat="44.1133983333333" lon="5.27093333333333">
<ele>708.9</ele>
<speed>0.8760572</speed>
<time>2021-11-25T09:23:40</time>
</trkpt>
<trkpt lat="44.113365" lon="5.27098166666667">
<ele>708.9</ele>
<speed>0.639285</speed>
<time>2021-11-25T09:23:45</time>
</trkpt>
<trkpt lat="44.1133733333333" lon="5.27100166666667">
<ele>708.9</ele>
<speed>0.6614181</speed>
<time>2021-11-25T09:23:46</time>
</trkpt>
<trkpt lat="44.11336" lon="5.27101666666667">
<ele>708.9</ele>
<speed>0.68252164</speed>
<time>2021-11-25T09:23:47</time>
</trkpt>
<trkpt lat="44.113345" lon="5.27107333333333">
<ele>708.2</ele>
<speed>0.7412</speed>
<time>2021-11-25T09:23:50</time>
</trkpt>
<trkpt lat="44.11334" lon="5.27108833333333">
<ele>708.2</ele>
<speed>0.7417147</speed>
<time>2021-11-25T09:23:51</time>
</trkpt>
<trkpt lat="44.11333" lon="5.27111666666667">
<ele>708.2</ele>
<speed>0.8755425</speed>
<time>2021-11-25T09:23:53</time>
</trkpt>
<trkpt lat="44.1133116666667" lon="5.27113">
<ele>708.2</ele>
<speed>0.9403975</speed>
<time>2021-11-25T09:23:55</time>
</trkpt>
<trkpt lat="44.1133016666667" lon="5.27113166666667">
<ele>708.2</ele>
<speed>0.95995694</speed>
<time>2021-11-25T09:23:56</time>
</trkpt>
<trkpt lat="44.11328" lon="5.27113166666667">
<ele>708.2</ele>
<speed>0.96253055</speed>
<time>2021-11-25T09:23:58</time>
</trkpt>
<trkpt lat="44.11326" lon="5.27113">
<ele>709.4667</ele>
<speed>0.84157085</speed>
<time>2021-11-25T09:24:01</time>
</trkpt>
<trkpt lat="44.1132416666667" lon="5.27111333333333">
<ele>709.4667</ele>
<speed>0.81223166</speed>
<time>2021-11-25T09:24:03</time>
</trkpt>
<trkpt lat="44.1132" lon="5.27112166666667">
<ele>709.4667</ele>
<speed>0.5790625</speed>
<time>2021-11-25T09:24:08</time>
</trkpt>
<trkpt lat="44.1131816666667" lon="5.271105">
<ele>710.1</ele>
<speed>0.5661944</speed>
<time>2021-11-25T09:24:10</time>
</trkpt>
<trkpt lat="44.1131666666667" lon="5.271105">
<ele>710.1</ele>
<speed>0.4797211</speed>
<time>2021-11-25T09:24:12</time>
</trkpt>
<trkpt lat="44.1130616666667" lon="5.27105666666667">
<ele>710.1</ele>
<speed>0.49516279</speed>
<time>2021-11-25T09:24:18</time>
</trkpt>
<trkpt lat="44.11304" lon="5.271055">
<ele>711.7</ele>
<speed>0.5214136</speed>
<time>2021-11-25T09:24:19</time>
</trkpt>
<trkpt lat="44.1130233333333" lon="5.27104333333333">
<ele>711.7</ele>
<speed>0.5512675</speed>
<time>2021-11-25T09:24:20</time>
</trkpt>
<trkpt lat="44.1129966666667" lon="5.27103833333333">
<ele>711.7</ele>
<speed>0.6614181</speed>
<time>2021-11-25T09:24:21</time>
</trkpt>
<trkpt lat="44.11293" lon="5.271065">
<ele>711.7</ele>
<speed>0.90899944</speed>
<time>2021-11-25T09:24:23</time>
</trkpt>
<trkpt lat="44.112905" lon="5.27108">
<ele>711.7</ele>
<speed>1.0289297</speed>
<time>2021-11-25T09:24:24</time>
</trkpt>
<trkpt lat="44.1128833333333" lon="5.27109166666667">
<ele>711.7</ele>
<speed>1.1416539</speed>
<time>2021-11-25T09:24:25</time>
</trkpt>
<trkpt lat="44.112865" lon="5.27109833333333">
<ele>711.7</ele>
<speed>1.245113</speed>
<time>2021-11-25T09:24:26</time>
</trkpt>
<trkpt lat="44.112855" lon="5.27110166666667">
<ele>711.7</ele>
<speed>1.2754817</speed>
<time>2021-11-25T09:24:27</time>
</trkpt>
<trkpt lat="44.1128433333333" lon="5.27110666666667">
<ele>711.7</ele>
<speed>1.3017325</speed>
<time>2021-11-25T09:24:28</time>
</trkpt>
<trkpt lat="44.11283" lon="5.27112166666667">
<ele>715.3333</ele>
<speed>1.3465134</speed>
<time>2021-11-25T09:24:29</time>
</trkpt>
<trkpt lat="44.11283" lon="5.271135">
<ele>715.3333</ele>
<speed>1.3995297</speed>
<time>2021-11-25T09:24:30</time>
</trkpt>
<trkpt lat="44.1128166666667" lon="5.27114">
<ele>715.3333</ele>
<speed>1.0150322</speed>
<time>2021-11-25T09:24:34</time>
</trkpt>
<trkpt lat="44.1128183333333" lon="5.27114833333333">
<ele>715.3333</ele>
<speed>0.92238224</speed>
<time>2021-11-25T09:24:35</time>
</trkpt>
<trkpt lat="44.112825" lon="5.27116333333333">
<ele>715.3333</ele>
<speed>0.85135055</speed>
<time>2021-11-25T09:24:36</time>
</trkpt>
<trkpt lat="44.11283" lon="5.271185">
<ele>715.3333</ele>
<speed>0.8467181</speed>
<time>2021-11-25T09:24:37</time>
</trkpt>
<trkpt lat="44.1128266666667" lon="5.27119666666667">
<ele>715.3333</ele>
<speed>0.78701025</speed>
<time>2021-11-25T09:24:38</time>
</trkpt>
<trkpt lat="44.11281" lon="5.27120666666667">
<ele>718.2</ele>
<speed>0.7015664</speed>
<time>2021-11-25T09:24:39</time>
</trkpt>
<trkpt lat="44.112805" lon="5.27121166666667">
<ele>718.2</ele>
<speed>0.6995075</speed>
<time>2021-11-25T09:24:40</time>
</trkpt>
<trkpt lat="44.1127966666667" lon="5.27121833333333">
<ele>718.2</ele>
<speed>0.6773744</speed>
<time>2021-11-25T09:24:41</time>
</trkpt>
<trkpt lat="44.1127716666667" lon="5.271265">
<ele>718.2</ele>
<speed>0.87091</speed>
<time>2021-11-25T09:24:44</time>
</trkpt>
<trkpt lat="44.1127433333333" lon="5.27133666666667">
<ele>718.2</ele>
<speed>0.9110583</speed>
<time>2021-11-25T09:24:48</time>
</trkpt>
<trkpt lat="44.11276" lon="5.27137166666667">
<ele>719.3</ele>
<speed>0.9522361</speed>
<time>2021-11-25T09:24:50</time>
</trkpt>
<trkpt lat="44.112755" lon="5.27138166666667">
<ele>719.3</ele>
<speed>1.00062</speed>
<time>2021-11-25T09:24:51</time>
</trkpt>
<trkpt lat="44.1127533333333" lon="5.27138833333333">
<ele>719.3</ele>
<speed>1.0067967</speed>
<time>2021-11-25T09:24:52</time>
</trkpt>
<trkpt lat="44.1127233333333" lon="5.27138333333333">
<ele>719.3</ele>
<speed>0.83642364</speed>
<time>2021-11-25T09:24:55</time>
</trkpt>
<trkpt lat="44.1127333333333" lon="5.27141333333333">
<ele>719.3</ele>
<speed>0.78701025</speed>
<time>2021-11-25T09:24:57</time>
</trkpt>
<trkpt lat="44.112735" lon="5.27147833333333">
<ele>720.0</ele>
<speed>0.8343647</speed>
<time>2021-11-25T09:25:00</time>
</trkpt>
<trkpt lat="44.11275" lon="5.27151333333333">
<ele>720.0</ele>
<speed>0.82715863</speed>
<time>2021-11-25T09:25:02</time>
</trkpt>
<trkpt lat="44.1127733333333" lon="5.27154">
<ele>720.0</ele>
<speed>0.88841057</speed>
<time>2021-11-25T09:25:04</time>
</trkpt>
<trkpt lat="44.1127683333333" lon="5.27155333333333">
<ele>720.0</ele>
<speed>0.87142473</speed>
<time>2021-11-25T09:25:06</time>
</trkpt>
<trkpt lat="44.1127716666667" lon="5.271565">
<ele>720.0</ele>
<speed>0.86473334</speed>
<time>2021-11-25T09:25:07</time>
</trkpt>
<trkpt lat="44.1127783333333" lon="5.271575">
<ele>720.0</ele>
<speed>0.8642186</speed>
<time>2021-11-25T09:25:08</time>
</trkpt>
<trkpt lat="44.11278" lon="5.27158">
<ele>723.06665</ele>
<speed>0.8209819</speed>
<time>2021-11-25T09:25:09</time>
</trkpt>
<trkpt lat="44.1127833333333" lon="5.27159166666667">
<ele>723.06665</ele>
<speed>0.8158347</speed>
<time>2021-11-25T09:25:10</time>
</trkpt>
<trkpt lat="44.11277" lon="5.27163666666667">
<ele>723.06665</ele>
<speed>0.750465</speed>
<time>2021-11-25T09:25:13</time>
</trkpt>
<trkpt lat="44.11277" lon="5.271635">
<ele>723.06665</ele>
<speed>0.69538975</speed>
<time>2021-11-25T09:25:15</time>
</trkpt>
<trkpt lat="44.1127733333333" lon="5.27165166666667">
<ele>723.06665</ele>
<speed>0.7648772</speed>
<time>2021-11-25T09:25:16</time>
</trkpt>
<trkpt lat="44.112775" lon="5.27166333333333">
<ele>723.06665</ele>
<speed>0.77826</speed>
<time>2021-11-25T09:25:17</time>
</trkpt>
<trkpt lat="44.11278" lon="5.27167666666667">
<ele>723.06665</ele>
<speed>0.79061335</speed>
<time>2021-11-25T09:25:18</time>
</trkpt>
<trkpt lat="44.1127866666667" lon="5.27169166666667">
<ele>722.1</ele>
<speed>0.8250997</speed>
<time>2021-11-25T09:25:19</time>
</trkpt>
<trkpt lat="44.1127966666667" lon="5.27171833333333">
<ele>722.1</ele>
<speed>0.79473114</speed>
<time>2021-11-25T09:25:21</time>
</trkpt>
<trkpt lat="44.1127883333333" lon="5.27174833333333">
<ele>722.1</ele>
<speed>0.7957606</speed>
<time>2021-11-25T09:25:22</time>
</trkpt>
<trkpt lat="44.11278" lon="5.27177333333333">
<ele>722.1</ele>
<speed>0.8601008</speed>
<time>2021-11-25T09:25:23</time>
</trkpt>
<trkpt lat="44.1127683333333" lon="5.27180666666667">
<ele>722.1</ele>
<speed>1.0047377</speed>
<time>2021-11-25T09:25:25</time>
</trkpt>
<trkpt lat="44.1127666666667" lon="5.27182333333333">
<ele>722.1</ele>
<speed>0.9676778</speed>
<time>2021-11-25T09:25:26</time>
</trkpt>
<trkpt lat="44.1127683333333" lon="5.27183833333333">
<ele>722.1</ele>
<speed>0.9779722</speed>
<time>2021-11-25T09:25:27</time>
</trkpt>
<trkpt lat="44.112785" lon="5.27188833333333">
<ele>725.2</ele>
<speed>0.99907583</speed>
<time>2021-11-25T09:25:29</time>
</trkpt>
<trkpt lat="44.1127983333333" lon="5.27192166666667">
<ele>725.2</ele>
<speed>1.0587837</speed>
<time>2021-11-25T09:25:31</time>
</trkpt>
<trkpt lat="44.1128" lon="5.271935">
<ele>725.2</ele>
<speed>1.0505481</speed>
<time>2021-11-25T09:25:32</time>
</trkpt>
<trkpt lat="44.112805" lon="5.27195333333333">
<ele>725.2</ele>
<speed>1.0387094</speed>
<time>2021-11-25T09:25:33</time>
</trkpt>
<trkpt lat="44.1128016666667" lon="5.27196666666667">
<ele>725.2</ele>
<speed>1.0181205</speed>
<time>2021-11-25T09:25:34</time>
</trkpt>
<trkpt lat="44.112805" lon="5.27198833333333">
<ele>725.2</ele>
<speed>1.0011348</speed>
<time>2021-11-25T09:25:36</time>
</trkpt>
<trkpt lat="44.1128033333333" lon="5.27199833333333">
<ele>725.2</ele>
<speed>1.006282</speed>
<time>2021-11-25T09:25:37</time>
</trkpt>
<trkpt lat="44.1128116666667" lon="5.27201166666667">
<ele>725.2</ele>
<speed>1.0140028</speed>
<time>2021-11-25T09:25:38</time>
</trkpt>
<trkpt lat="44.11282" lon="5.27203">
<ele>725.0</ele>
<speed>0.9836342</speed>
<time>2021-11-25T09:25:39</time>
</trkpt>
<trkpt lat="44.112825" lon="5.27204">
<ele>725.0</ele>
<speed>0.90899944</speed>
<time>2021-11-25T09:25:40</time>
</trkpt>
<trkpt lat="44.11282" lon="5.27206">
<ele>725.0</ele>
<speed>0.88841057</speed>
<time>2021-11-25T09:25:41</time>
</trkpt>
<trkpt lat="44.1128166666667" lon="5.27206666666667">
<ele>725.0</ele>
<speed>0.8575272</speed>
<time>2021-11-25T09:25:42</time>
</trkpt>
<trkpt lat="44.1128216666667" lon="5.272075">
<ele>725.0</ele>
<speed>0.78855443</speed>
<time>2021-11-25T09:25:43</time>
</trkpt>
<trkpt lat="44.1128233333333" lon="5.27208666666667">
<ele>725.0</ele>
<speed>0.7916428</speed>
<time>2021-11-25T09:25:44</time>
</trkpt>
<trkpt lat="44.112815" lon="5.27209666666667">
<ele>725.0</ele>
<speed>0.7674508</speed>
<time>2021-11-25T09:25:45</time>
</trkpt>
<trkpt lat="44.11279" lon="5.27213833333333">
<ele>725.0</ele>
<speed>0.7777453</speed>
<time>2021-11-25T09:25:47</time>
</trkpt>
<trkpt lat="44.1127733333333" lon="5.272155">
<ele>725.0</ele>
<speed>0.8235555</speed>
<time>2021-11-25T09:25:48</time>
</trkpt>
<trkpt lat="44.11276" lon="5.272175">
<ele>724.06665</ele>
<speed>0.83642364</speed>
<time>2021-11-25T09:25:49</time>
</trkpt>
<trkpt lat="44.1127583333333" lon="5.2722">
<ele>724.06665</ele>
<speed>0.8935578</speed>
<time>2021-11-25T09:25:50</time>
</trkpt>
<trkpt lat="44.1127583333333" lon="5.27222833333333">
<ele>724.06665</ele>
<speed>0.94348586</speed>
<time>2021-11-25T09:25:51</time>
</trkpt>
<trkpt lat="44.11276" lon="5.27230333333333">
<ele>724.06665</ele>
<speed>1.0726811</speed>
<time>2021-11-25T09:25:55</time>
</trkpt>
<trkpt lat="44.11276" lon="5.27231666666667">
<ele>724.06665</ele>
<speed>1.0114292</speed>
<time>2021-11-25T09:25:56</time>
</trkpt>
<trkpt lat="44.1127566666667" lon="5.27232833333333">
<ele>724.06665</ele>
<speed>0.9985611</speed>
<time>2021-11-25T09:25:57</time>
</trkpt>
<trkpt lat="44.1127566666667" lon="5.27236166666667">
<ele>724.0</ele>
<speed>0.92804414</speed>
<time>2021-11-25T09:25:59</time>
</trkpt>
<trkpt lat="44.112755" lon="5.272385">
<ele>724.0</ele>
<speed>0.88068974</speed>
<time>2021-11-25T09:26:00</time>
</trkpt>
<trkpt lat="44.1127466666667" lon="5.27240666666667">
<ele>724.0</ele>
<speed>0.83899724</speed>
<time>2021-11-25T09:26:01</time>
</trkpt>
<trkpt lat="44.1127383333333" lon="5.27242">
<ele>724.0</ele>
<speed>0.8456886</speed>
<time>2021-11-25T09:26:02</time>
</trkpt>
<trkpt lat="44.11274" lon="5.27244">
<ele>724.0</ele>
<speed>0.8292175</speed>
<time>2021-11-25T09:26:03</time>
</trkpt>
<trkpt lat="44.112735" lon="5.27245666666667">
<ele>724.0</ele>
<speed>0.86318916</speed>
<time>2021-11-25T09:26:04</time>
</trkpt>
<trkpt lat="44.1127266666667" lon="5.27251166666667">
<ele>724.0</ele>
<speed>0.9362797</speed>
<time>2021-11-25T09:26:07</time>
</trkpt>
<trkpt lat="44.1127233333333" lon="5.27253333333333">
<ele>723.2</ele>
<speed>0.8734836</speed>
<time>2021-11-25T09:26:09</time>
</trkpt>
<trkpt lat="44.1127216666667" lon="5.272555">
<ele>723.2</ele>
<speed>0.8250997</speed>
<time>2021-11-25T09:26:11</time>
</trkpt>
<trkpt lat="44.1127166666667" lon="5.27256333333333">
<ele>723.2</ele>
<speed>0.75612694</speed>
<time>2021-11-25T09:26:12</time>
</trkpt>
<trkpt lat="44.1127266666667" lon="5.27259">
<ele>723.2</ele>
<speed>0.59193057</speed>
<time>2021-11-25T09:26:15</time>
</trkpt>
<trkpt lat="44.1127183333333" lon="5.27260666666667">
<ele>723.2</ele>
<speed>0.5229578</speed>
<time>2021-11-25T09:26:17</time>
</trkpt>
<trkpt lat="44.1127166666667" lon="5.27262">
<ele>723.2</ele>
<speed>0.5528117</speed>
<time>2021-11-25T09:26:18</time>
</trkpt>
<trkpt lat="44.1127066666667" lon="5.27265">
<ele>720.5333</ele>
<speed>0.56670916</speed>
<time>2021-11-25T09:26:20</time>
</trkpt>
<trkpt lat="44.1127083333333" lon="5.27266166666667">
<ele>720.5333</ele>
<speed>0.5754594</speed>
<time>2021-11-25T09:26:21</time>
</trkpt>
<trkpt lat="44.1126933333333" lon="5.27267666666667">
<ele>720.5333</ele>
<speed>0.60171026</speed>
<time>2021-11-25T09:26:22</time>
</trkpt>
<trkpt lat="44.112685" lon="5.27268666666667">
<ele>720.5333</ele>
<speed>0.5903864</speed>
<time>2021-11-25T09:26:23</time>
</trkpt>
<trkpt lat="44.1126816666667" lon="5.272695">
<ele>720.5333</ele>
<speed>0.60582805</speed>
<time>2021-11-25T09:26:24</time>
</trkpt>
<trkpt lat="44.1126616666667" lon="5.27275666666667">
<ele>720.5333</ele>
<speed>0.77053916</speed>
<time>2021-11-25T09:26:27</time>
</trkpt>
<trkpt lat="44.1126166666667" lon="5.27286833333333">
<ele>718.6667</ele>
<speed>1.1190062</speed>
<time>2021-11-25T09:26:33</time>
</trkpt>
<trkpt lat="44.112585" lon="5.272935">
<ele>718.6667</ele>
<speed>1.1540072</speed>
<time>2021-11-25T09:26:36</time>
</trkpt>
<trkpt lat="44.1125866666667" lon="5.27295333333333">
<ele>718.6667</ele>
<speed>1.1493747</speed>
<time>2021-11-25T09:26:37</time>
</trkpt>
<trkpt lat="44.112585" lon="5.27296833333333">
<ele>718.6667</ele>
<speed>1.0582689</speed>
<time>2021-11-25T09:26:38</time>
</trkpt>
<trkpt lat="44.1125766666667" lon="5.27297833333333">
<ele>715.0</ele>
<speed>1.0037084</speed>
<time>2021-11-25T09:26:39</time>
</trkpt>
<trkpt lat="44.1125616666667" lon="5.27303666666667">
<ele>715.0</ele>
<speed>0.95841277</speed>
<time>2021-11-25T09:26:42</time>
</trkpt>
<trkpt lat="44.1125316666667" lon="5.2731">
<ele>715.0</ele>
<speed>1.0052525</speed>
<time>2021-11-25T09:26:45</time>
</trkpt>
<trkpt lat="44.1125233333333" lon="5.27313833333333">
<ele>715.0</ele>
<speed>1.0592983</speed>
<time>2021-11-25T09:26:48</time>
</trkpt>
<trkpt lat="44.1125183333333" lon="5.27316">
<ele>712.9</ele>
<speed>1.1329036</speed>
<time>2021-11-25T09:26:49</time>
</trkpt>
<trkpt lat="44.1125" lon="5.27320166666667">
<ele>712.9</ele>
<speed>1.2332745</speed>
<time>2021-11-25T09:26:51</time>
</trkpt>
<trkpt lat="44.1124933333333" lon="5.27321166666667">
<ele>712.9</ele>
<speed>1.1684195</speed>
<time>2021-11-25T09:26:52</time>
</trkpt>
<trkpt lat="44.1124616666667" lon="5.27323666666667">
<ele>712.9</ele>
<speed>1.0757694</speed>
<time>2021-11-25T09:26:54</time>
</trkpt>
<trkpt lat="44.112435" lon="5.27329333333333">
<ele>712.9</ele>
<speed>1.089667</speed>
<time>2021-11-25T09:26:56</time>
</trkpt>
<trkpt lat="44.11245" lon="5.27332166666667">
<ele>712.9</ele>
<speed>1.1071675</speed>
<time>2021-11-25T09:26:57</time>
</trkpt>
<trkpt lat="44.1124533333333" lon="5.273335">
<ele>712.9</ele>
<speed>1.1344478</speed>
<time>2021-11-25T09:26:58</time>
</trkpt>
<trkpt lat="44.11245" lon="5.27334666666667">
<ele>708.5333</ele>
<speed>1.1061381</speed>
<time>2021-11-25T09:26:59</time>
</trkpt>
<trkpt lat="44.1124433333333" lon="5.27335833333333">
<ele>708.5333</ele>
<speed>1.0567247</speed>
<time>2021-11-25T09:27:00</time>
</trkpt>
<trkpt lat="44.11244" lon="5.27337">
<ele>708.5333</ele>
<speed>0.9959875</speed>
<time>2021-11-25T09:27:01</time>
</trkpt>
<trkpt lat="44.1124366666667" lon="5.273375">
<ele>708.5333</ele>
<speed>0.9609864</speed>
<time>2021-11-25T09:27:02</time>
</trkpt>
<trkpt lat="44.1124266666667" lon="5.27338666666667">
<ele>708.5333</ele>
<speed>0.972825</speed>
<time>2021-11-25T09:27:03</time>
</trkpt>
<trkpt lat="44.112435" lon="5.27342166666667">
<ele>708.5333</ele>
<speed>0.80296665</speed>
<time>2021-11-25T09:27:05</time>
</trkpt>
<trkpt lat="44.1124533333333" lon="5.273455">
<ele>708.5333</ele>
<speed>0.96407473</speed>
<time>2021-11-25T09:27:07</time>
</trkpt>
<trkpt lat="44.112475" lon="5.27346666666667">
<ele>708.5333</ele>
<speed>0.9954728</speed>
<time>2021-11-25T09:27:08</time>
</trkpt>
<trkpt lat="44.112465" lon="5.273475">
<ele>708.0333</ele>
<speed>0.98414886</speed>
<time>2021-11-25T09:27:09</time>
</trkpt>
<trkpt lat="44.112415" lon="5.273505">
<ele>708.0333</ele>
<speed>1.0829755</speed>
<time>2021-11-25T09:27:12</time>
</trkpt>
<trkpt lat="44.112435" lon="5.27354833333333">
<ele>708.0333</ele>
<speed>1.0479745</speed>
<time>2021-11-25T09:27:14</time>
</trkpt>
<trkpt lat="44.1124333333333" lon="5.27359666666667">
<ele>708.0333</ele>
<speed>0.9887814</speed>
<time>2021-11-25T09:27:15</time>
</trkpt>
<trkpt lat="44.1125183333333" lon="5.27363833333333">
<ele>706.1667</ele>
<speed>0.64494693</speed>
<time>2021-11-25T09:27:22</time>
</trkpt>
<trkpt lat="44.11246" lon="5.273605">
<ele>706.4667</ele>
<speed>0.0</speed>
<time>2021-11-25T09:27:29</time>
</trkpt>
<trkpt lat="44.1124" lon="5.27364166666667">
<ele>706.4667</ele>
<speed>0.70105165</speed>
<time>2021-11-25T09:27:38</time>
</trkpt>
<trkpt lat="44.1124116666667" lon="5.27364833333333">
<ele>704.2</ele>
<speed>0.68561</speed>
<time>2021-11-25T09:27:39</time>
</trkpt>
<trkpt lat="44.1124033333333" lon="5.27364166666667">
<ele>704.2</ele>
<speed>0.6197256</speed>
<time>2021-11-25T09:27:41</time>
</trkpt>
<trkpt lat="44.1123833333333" lon="5.27364166666667">
<ele>704.2</ele>
<speed>0.6629622</speed>
<time>2021-11-25T09:27:42</time>
</trkpt>
<trkpt lat="44.1123466666667" lon="5.27364666666667">
<ele>704.2</ele>
<speed>0.8302469</speed>
<time>2021-11-25T09:27:43</time>
</trkpt>
<trkpt lat="44.1123066666667" lon="5.27366">
<ele>704.2</ele>
<speed>0.93422085</speed>
<time>2021-11-25T09:27:46</time>
</trkpt>
<trkpt lat="44.1123016666667" lon="5.27366">
<ele>704.2</ele>
<speed>0.8822339</speed>
<time>2021-11-25T09:27:47</time>
</trkpt>
<trkpt lat="44.1122983333333" lon="5.273665">
<ele>704.2</ele>
<speed>0.85804194</speed>
<time>2021-11-25T09:27:48</time>
</trkpt>
<trkpt lat="44.1122933333333" lon="5.27366">
<ele>704.2</ele>
<speed>0.83487946</speed>
<time>2021-11-25T09:27:49</time>
</trkpt>
<trkpt lat="44.1122816666667" lon="5.273655">
<ele>704.2</ele>
<speed>0.8287028</speed>
<time>2021-11-25T09:27:50</time>
</trkpt>
<trkpt lat="44.11225" lon="5.27364666666667">
<ele>704.2</ele>
<speed>0.0</speed>
<time>2021-11-25T09:28:05</time>
</trkpt>
<trkpt lat="44.112285" lon="5.27368666666667">
<ele>704.2</ele>
<speed>0.32478973</speed>
<time>2021-11-25T09:28:09</time>
</trkpt>
<trkpt lat="44.1122816666667" lon="5.27369833333333">
<ele>704.2</ele>
<speed>0.40868944</speed>
<time>2021-11-25T09:28:10</time>
</trkpt>
<trkpt lat="44.1122816666667" lon="5.273715">
<ele>704.2</ele>
<speed>0.47560334</speed>
<time>2021-11-25T09:28:11</time>
</trkpt>
<trkpt lat="44.1122933333333" lon="5.273755">
<ele>704.2</ele>
<speed>0.68921304</speed>
<time>2021-11-25T09:28:13</time>
</trkpt>
<trkpt lat="44.1122966666667" lon="5.273825">
<ele>704.2</ele>
<speed>1.0685633</speed>
<time>2021-11-25T09:28:18</time>
</trkpt>
<trkpt lat="44.112295" lon="5.273885">
<ele>708.0</ele>
<speed>1.0103997</speed>
<time>2021-11-25T09:28:22</time>
</trkpt>
<trkpt lat="44.1123133333333" lon="5.27391333333333">
<ele>708.0</ele>
<speed>0.82715863</speed>
<time>2021-11-25T09:28:25</time>
</trkpt>
<trkpt lat="44.1123333333333" lon="5.27393">
<ele>708.0</ele>
<speed>0.80965805</speed>
<time>2021-11-25T09:28:27</time>
</trkpt>
<trkpt lat="44.11233" lon="5.27401666666667">
<ele>709.06665</ele>
<speed>1.013488</speed>
<time>2021-11-25T09:28:35</time>
</trkpt>
<trkpt lat="44.11237" lon="5.27405166666667">
<ele>709.06665</ele>
<speed>1.013488</speed>
<time>2021-11-25T09:28:38</time>
</trkpt>
<trkpt lat="44.1124433333333" lon="5.27411">
<ele>715.9</ele>
<speed>1.0103997</speed>
<time>2021-11-25T09:28:42</time>
</trkpt>
<trkpt lat="44.1124583333333" lon="5.27412666666667">
<ele>715.9</ele>
<speed>1.0515774</speed>
<time>2021-11-25T09:28:43</time>
</trkpt>
<trkpt lat="44.1124633333333" lon="5.27414">
<ele>715.9</ele>
<speed>1.0572394</speed>
<time>2021-11-25T09:28:44</time>
</trkpt>
<trkpt lat="44.1124683333333" lon="5.27414833333333">
<ele>715.9</ele>
<speed>1.0582689</speed>
<time>2021-11-25T09:28:45</time>
</trkpt>
<trkpt lat="44.112475" lon="5.27416166666667">
<ele>715.9</ele>
<speed>1.0603278</speed>
<time>2021-11-25T09:28:47</time>
</trkpt>
<trkpt lat="44.11248" lon="5.274175">
<ele>720.8</ele>
<speed>0.8827486</speed>
<time>2021-11-25T09:28:49</time>
</trkpt>
<trkpt lat="44.1124783333333" lon="5.27419">
<ele>720.8</ele>
<speed>0.8878958</speed>
<time>2021-11-25T09:28:50</time>
</trkpt>
<trkpt lat="44.112475" lon="5.274215">
<ele>720.8</ele>
<speed>0.88892525</speed>
<time>2021-11-25T09:28:51</time>
</trkpt>
<trkpt lat="44.11247" lon="5.27426333333333">
<ele>720.8</ele>
<speed>0.78186303</speed>
<time>2021-11-25T09:28:55</time>
</trkpt>
<trkpt lat="44.1124666666667" lon="5.27428333333333">
<ele>720.8</ele>
<speed>0.8173789</speed>
<time>2021-11-25T09:28:56</time>
</trkpt>
<trkpt lat="44.1124666666667" lon="5.274285">
<ele>720.8</ele>
<speed>0.7834072</speed>
<time>2021-11-25T09:28:57</time>
</trkpt>
<trkpt lat="44.1124666666667" lon="5.27429">
<ele>720.8</ele>
<speed>0.7540681</speed>
<time>2021-11-25T09:28:58</time>
</trkpt>
<trkpt lat="44.11247" lon="5.27430166666667">
<ele>728.4667</ele>
<speed>0.7139197</speed>
<time>2021-11-25T09:28:59</time>
</trkpt>
<trkpt lat="44.1124683333333" lon="5.27429833333333">
<ele>728.4667</ele>
<speed>0.54560554</speed>
<time>2021-11-25T09:29:01</time>
</trkpt>
<trkpt lat="44.1124716666667" lon="5.27428833333333">
<ele>728.4667</ele>
<speed>0.50236887</speed>
<time>2021-11-25T09:29:03</time>
</trkpt>
<trkpt lat="44.112475" lon="5.27430166666667">
<ele>728.4667</ele>
<speed>0.0</speed>
<time>2021-11-25T09:29:07</time>
</trkpt>
<trkpt lat="44.1124683333333" lon="5.27432833333333">
<ele>728.4667</ele>
<speed>0.0</speed>
<time>2021-11-25T09:29:08</time>
</trkpt>
<trkpt lat="44.1124683333333" lon="5.27432833333333">
<ele>732.2</ele>
<speed>0.0</speed>
<time>2021-11-25T09:29:11</time>
</trkpt>
<trkpt lat="44.1124533333333" lon="5.27438333333333">
<ele>732.2</ele>
<speed>0.3515553</speed>
<time>2021-11-25T09:29:12</time>
</trkpt>
<trkpt lat="44.11245" lon="5.27438666666667">
<ele>732.2</ele>
<speed>0.35567304</speed>
<time>2021-11-25T09:29:13</time>
</trkpt>
<trkpt lat="44.11244" lon="5.27439333333333">
<ele>732.2</ele>
<speed>0.41743973</speed>
<time>2021-11-25T09:29:14</time>
</trkpt>
<trkpt lat="44.1124333333333" lon="5.27441">
<ele>732.2</ele>
<speed>0.48486835</speed>
<time>2021-11-25T09:29:15</time>
</trkpt>
<trkpt lat="44.112425" lon="5.27442166666667">
<ele>732.2</ele>
<speed>0.53582585</speed>
<time>2021-11-25T09:29:16</time>
</trkpt>
<trkpt lat="44.112425" lon="5.27443333333333">
<ele>732.2</ele>
<speed>0.59656304</speed>
<time>2021-11-25T09:29:17</time>
</trkpt>
<trkpt lat="44.112425" lon="5.27446666666667">
<ele>737.5333</ele>
<speed>0.72267</speed>
<time>2021-11-25T09:29:19</time>
</trkpt>
<trkpt lat="44.1124383333333" lon="5.27448333333333">
<ele>737.5333</ele>
<speed>0.78855443</speed>
<time>2021-11-25T09:29:20</time>
</trkpt>
<trkpt lat="44.1124366666667" lon="5.27449333333333">
<ele>737.5333</ele>
<speed>0.7648772</speed>
<time>2021-11-25T09:29:21</time>
</trkpt>
<trkpt lat="44.1124383333333" lon="5.27453333333333">
<ele>737.5333</ele>
<speed>0.8225261</speed>
<time>2021-11-25T09:29:23</time>
</trkpt>
<trkpt lat="44.1124316666667" lon="5.27455">
<ele>737.5333</ele>
<speed>0.8014225</speed>
<time>2021-11-25T09:29:24</time>
</trkpt>
<trkpt lat="44.11243" lon="5.27455666666667">
<ele>737.5333</ele>
<speed>0.7684803</speed>
<time>2021-11-25T09:29:25</time>
</trkpt>
<trkpt lat="44.112435" lon="5.27456666666667">
<ele>737.5333</ele>
<speed>0.7412</speed>
<time>2021-11-25T09:29:26</time>
</trkpt>
<trkpt lat="44.1124333333333" lon="5.27457666666667">
<ele>737.5333</ele>
<speed>0.74789137</speed>
<time>2021-11-25T09:29:27</time>
</trkpt>
<trkpt lat="44.1124316666667" lon="5.274605">
<ele>743.0</ele>
<speed>0.65627086</speed>
<time>2021-11-25T09:29:30</time>
</trkpt>
<trkpt lat="44.1124316666667" lon="5.27460333333333">
<ele>743.0</ele>
<speed>0.62899053</speed>
<time>2021-11-25T09:29:31</time>
</trkpt>
<trkpt lat="44.1124483333333" lon="5.274625">
<ele>743.0</ele>
<speed>0.4400875</speed>
<time>2021-11-25T09:29:34</time>
</trkpt>
<trkpt lat="44.1124516666667" lon="5.27462666666667">
<ele>743.0</ele>
<speed>0.40354222</speed>
<time>2021-11-25T09:29:35</time>
</trkpt>
<trkpt lat="44.112445" lon="5.27462">
<ele>743.0</ele>
<speed>0.22647777</speed>
<time>2021-11-25T09:29:41</time>
</trkpt>
<trkpt lat="44.1124383333333" lon="5.27462666666667">
<ele>743.0</ele>
<speed>0.27177334</speed>
<time>2021-11-25T09:29:42</time>
</trkpt>
<trkpt lat="44.1124366666667" lon="5.27463333333333">
<ele>743.0</ele>
<speed>0.36184973</speed>
<time>2021-11-25T09:29:44</time>
</trkpt>
<trkpt lat="44.1124333333333" lon="5.27463666666667">
<ele>743.0</ele>
<speed>0.0</speed>
<time>2021-11-25T09:29:45</time>
</trkpt>
<trkpt lat="44.1124333333333" lon="5.27464833333333">
<ele>743.0</ele>
<speed>0.0</speed>
<time>2021-11-25T09:29:46</time>
</trkpt>
<trkpt lat="44.112435" lon="5.274655">
<ele>743.0</ele>
<speed>0.4977364</speed>
<time>2021-11-25T09:29:47</time>
</trkpt>
<trkpt lat="44.112435" lon="5.27468">
<ele>745.1</ele>
<speed>0.52913445</speed>
<time>2021-11-25T09:29:49</time>
</trkpt>
<trkpt lat="44.112445" lon="5.27476333333333">
<ele>745.1</ele>
<speed>0.6521531</speed>
<time>2021-11-25T09:29:53</time>
</trkpt>
<trkpt lat="44.1124533333333" lon="5.27479">
<ele>745.1</ele>
<speed>0.7123756</speed>
<time>2021-11-25T09:29:55</time>
</trkpt>
<trkpt lat="44.11245" lon="5.27483333333333">
<ele>745.6</ele>
<speed>0.7890692</speed>
<time>2021-11-25T09:29:59</time>
</trkpt>
<trkpt lat="44.112455" lon="5.27485">
<ele>745.6</ele>
<speed>0.7664214</speed>
<time>2021-11-25T09:30:00</time>
</trkpt>
<trkpt lat="44.1124583333333" lon="5.27485833333333">
<ele>745.6</ele>
<speed>0.70516944</speed>
<time>2021-11-25T09:30:01</time>
</trkpt>
<trkpt lat="44.1124633333333" lon="5.27487">
<ele>745.6</ele>
<speed>0.7633331</speed>
<time>2021-11-25T09:30:02</time>
</trkpt>
<trkpt lat="44.1124766666667" lon="5.27489333333333">
<ele>745.6</ele>
<speed>0.80039304</speed>
<time>2021-11-25T09:30:04</time>
</trkpt>
<trkpt lat="44.1124733333333" lon="5.27490333333333">
<ele>745.6</ele>
<speed>0.8127464</speed>
<time>2021-11-25T09:30:05</time>
</trkpt>
<trkpt lat="44.1124783333333" lon="5.274915">
<ele>745.6</ele>
<speed>0.77980417</speed>
<time>2021-11-25T09:30:06</time>
</trkpt>
<trkpt lat="44.11249" lon="5.27493166666667">
<ele>745.6</ele>
<speed>0.8173789</speed>
<time>2021-11-25T09:30:08</time>
</trkpt>
<trkpt lat="44.1125166666667" lon="5.27497333333333">
<ele>746.2</ele>
<speed>0.8075992</speed>
<time>2021-11-25T09:30:12</time>
</trkpt>
<trkpt lat="44.1125183333333" lon="5.27498333333333">
<ele>746.2</ele>
<speed>0.7921575</speed>
<time>2021-11-25T09:30:13</time>
</trkpt>
<trkpt lat="44.1125216666667" lon="5.27499">
<ele>746.2</ele>
<speed>0.7684803</speed>
<time>2021-11-25T09:30:14</time>
</trkpt>
<trkpt lat="44.11252" lon="5.275005">
<ele>746.2</ele>
<speed>0.75458276</speed>
<time>2021-11-25T09:30:15</time>
</trkpt>
<trkpt lat="44.1125216666667" lon="5.27501833333333">
<ele>746.2</ele>
<speed>0.72369945</speed>
<time>2021-11-25T09:30:16</time>
</trkpt>
<trkpt lat="44.1125216666667" lon="5.27503">
<ele>746.2</ele>
<speed>0.6871542</speed>
<time>2021-11-25T09:30:17</time>
</trkpt>
<trkpt lat="44.1125233333333" lon="5.27505">
<ele>746.93335</ele>
<speed>0.620755</speed>
<time>2021-11-25T09:30:19</time>
</trkpt>
<trkpt lat="44.11253" lon="5.27505833333333">
<ele>746.93335</ele>
<speed>0.5723711</speed>
<time>2021-11-25T09:30:20</time>
</trkpt>
<trkpt lat="44.1125316666667" lon="5.27508833333333">
<ele>746.93335</ele>
<speed>0.5502381</speed>
<time>2021-11-25T09:30:22</time>
</trkpt>
<trkpt lat="44.112535" lon="5.27511666666667">
<ele>746.93335</ele>
<speed>0.56928277</speed>
<time>2021-11-25T09:30:23</time>
</trkpt>
<trkpt lat="44.1125266666667" lon="5.27514333333333">
<ele>746.93335</ele>
<speed>0.60273975</speed>
<time>2021-11-25T09:30:24</time>
</trkpt>
<trkpt lat="44.1125383333333" lon="5.2752">
<ele>746.93335</ele>
<speed>0.70516944</speed>
<time>2021-11-25T09:30:26</time>
</trkpt>
<trkpt lat="44.11254" lon="5.27522">
<ele>746.93335</ele>
<speed>0.7592153</speed>
<time>2021-11-25T09:30:27</time>
</trkpt>
<trkpt lat="44.1125383333333" lon="5.27526166666667">
<ele>748.6</ele>
<speed>0.87091</speed>
<time>2021-11-25T09:30:30</time>
</trkpt>
<trkpt lat="44.1125083333333" lon="5.2753">
<ele>748.6</ele>
<speed>0.8935578</speed>
<time>2021-11-25T09:30:33</time>
</trkpt>
<trkpt lat="44.1124583333333" lon="5.275365">
<ele>748.6</ele>
<speed>0.83385</speed>
<time>2021-11-25T09:30:37</time>
</trkpt>
<trkpt lat="44.1124533333333" lon="5.275385">
<ele>748.6</ele>
<speed>0.83230585</speed>
<time>2021-11-25T09:30:38</time>
</trkpt>
<trkpt lat="44.112435" lon="5.27538833333333">
<ele>749.8</ele>
<speed>0.85238</speed>
<time>2021-11-25T09:30:39</time>
</trkpt>
<trkpt lat="44.1124216666667" lon="5.27542">
<ele>749.8</ele>
<speed>0.9702514</speed>
<time>2021-11-25T09:30:41</time>
</trkpt>
<trkpt lat="44.112425" lon="5.275435">
<ele>749.8</ele>
<speed>1.0119439</speed>
<time>2021-11-25T09:30:42</time>
</trkpt>
<trkpt lat="44.11242" lon="5.27545333333333">
<ele>749.8</ele>
<speed>1.03768</speed>
<time>2021-11-25T09:30:43</time>
</trkpt>
<trkpt lat="44.1124216666667" lon="5.27547">
<ele>749.8</ele>
<speed>1.0263561</speed>
<time>2021-11-25T09:30:44</time>
</trkpt>
<trkpt lat="44.1124216666667" lon="5.27549">
<ele>749.8</ele>
<speed>1.046945</speed>
<time>2021-11-25T09:30:45</time>
</trkpt>
<trkpt lat="44.11242" lon="5.27553666666667">
<ele>749.8</ele>
<speed>1.0592983</speed>
<time>2021-11-25T09:30:48</time>
</trkpt>
<trkpt lat="44.1124233333333" lon="5.27555166666667">
<ele>748.2</ele>
<speed>1.0757694</speed>
<time>2021-11-25T09:30:49</time>
</trkpt>
<trkpt lat="44.1124283333333" lon="5.27556833333333">
<ele>748.2</ele>
<speed>1.0155469</speed>
<time>2021-11-25T09:30:50</time>
</trkpt>
<trkpt lat="44.1124416666667" lon="5.275605">
<ele>748.2</ele>
<speed>0.9609864</speed>
<time>2021-11-25T09:30:52</time>
</trkpt>
<trkpt lat="44.11244" lon="5.27561666666667">
<ele>748.2</ele>
<speed>0.9059111</speed>
<time>2021-11-25T09:30:53</time>
</trkpt>
<trkpt lat="44.11245" lon="5.27562666666667">
<ele>748.2</ele>
<speed>0.7417147</speed>
<time>2021-11-25T09:30:55</time>
</trkpt>
<trkpt lat="44.11246" lon="5.27562333333333">
<ele>748.2</ele>
<speed>0.6516383</speed>
<time>2021-11-25T09:30:56</time>
</trkpt>
<trkpt lat="44.1124616666667" lon="5.27562333333333">
<ele>748.2</ele>
<speed>0.5553853</speed>
<time>2021-11-25T09:30:57</time>
</trkpt>
<trkpt lat="44.1124633333333" lon="5.27562333333333">
<ele>748.2</ele>
<speed>0.56670916</speed>
<time>2021-11-25T09:30:58</time>
</trkpt>
<trkpt lat="44.1124633333333" lon="5.27563">
<ele>747.7</ele>
<speed>0.5203842</speed>
<time>2021-11-25T09:30:59</time>
</trkpt>
<trkpt lat="44.1124683333333" lon="5.27567333333333">
<ele>747.7</ele>
<speed>0.5121486</speed>
<time>2021-11-25T09:31:03</time>
</trkpt>
<trkpt lat="44.1124733333333" lon="5.27569">
<ele>747.7</ele>
<speed>0.52244306</speed>
<time>2021-11-25T09:31:04</time>
</trkpt>
<trkpt lat="44.1124816666667" lon="5.275705">
<ele>747.7</ele>
<speed>0.58009195</speed>
<time>2021-11-25T09:31:05</time>
</trkpt>
<trkpt lat="44.1124883333333" lon="5.27571">
<ele>747.7</ele>
<speed>0.6145783</speed>
<time>2021-11-25T09:31:06</time>
</trkpt>
<trkpt lat="44.1124933333333" lon="5.27572">
<ele>747.7</ele>
<speed>0.6789186</speed>
<time>2021-11-25T09:31:07</time>
</trkpt>
<trkpt lat="44.112495" lon="5.27573166666667">
<ele>747.7</ele>
<speed>0.7067136</speed>
<time>2021-11-25T09:31:08</time>
</trkpt>
<trkpt lat="44.1125083333333" lon="5.27574833333333">
<ele>748.1</ele>
<speed>0.7108314</speed>
<time>2021-11-25T09:31:09</time>
</trkpt>
<trkpt lat="44.1125233333333" lon="5.27576333333333">
<ele>748.1</ele>
<speed>0.7154639</speed>
<time>2021-11-25T09:31:10</time>
</trkpt>
<trkpt lat="44.1125333333333" lon="5.27577666666667">
<ele>748.1</ele>
<speed>0.7113461</speed>
<time>2021-11-25T09:31:11</time>
</trkpt>
<trkpt lat="44.1125383333333" lon="5.27579">
<ele>748.1</ele>
<speed>0.7020811</speed>
<time>2021-11-25T09:31:12</time>
</trkpt>
<trkpt lat="44.1125533333333" lon="5.27580666666667">
<ele>748.1</ele>
<speed>0.72267</speed>
<time>2021-11-25T09:31:13</time>
</trkpt>
<trkpt lat="44.1125583333333" lon="5.27582833333333">
<ele>748.1</ele>
<speed>0.76539195</speed>
<time>2021-11-25T09:31:14</time>
</trkpt>
<trkpt lat="44.1125616666667" lon="5.27584666666667">
<ele>748.1</ele>
<speed>0.76127416</speed>
<time>2021-11-25T09:31:15</time>
</trkpt>
<trkpt lat="44.112565" lon="5.27586333333333">
<ele>748.1</ele>
<speed>0.7617889</speed>
<time>2021-11-25T09:31:16</time>
</trkpt>
<trkpt lat="44.11258" lon="5.27587666666667">
<ele>748.1</ele>
<speed>0.7391411</speed>
<time>2021-11-25T09:31:17</time>
</trkpt>
<trkpt lat="44.11259" lon="5.27588333333333">
<ele>748.1</ele>
<speed>0.7015664</speed>
<time>2021-11-25T09:31:18</time>
</trkpt>
<trkpt lat="44.11261" lon="5.2759">
<ele>745.73334</ele>
<speed>0.5852392</speed>
<time>2021-11-25T09:31:22</time>
</trkpt>
<trkpt lat="44.112605" lon="5.27590833333333">
<ele>745.73334</ele>
<speed>0.44111696</speed>
<time>2021-11-25T09:31:24</time>
</trkpt>
<trkpt lat="44.1125916666667" lon="5.27591833333333">
<ele>745.73334</ele>
<speed>0.0</speed>
<time>2021-11-25T09:31:25</time>
</trkpt>
<trkpt lat="44.1125883333333" lon="5.27592166666667">
<ele>745.73334</ele>
<speed>0.0</speed>
<time>2021-11-25T09:31:26</time>
</trkpt>
<trkpt lat="44.1125583333333" lon="5.27597">
<ele>748.06665</ele>
<speed>0.37471777</speed>
<time>2021-11-25T09:31:29</time>
</trkpt>
<trkpt lat="44.1125483333333" lon="5.27598833333333">
<ele>748.06665</ele>
<speed>0.46376473</speed>
<time>2021-11-25T09:31:31</time>
</trkpt>
<trkpt lat="44.112545" lon="5.27599833333333">
<ele>748.06665</ele>
<speed>0.5136928</speed>
<time>2021-11-25T09:31:32</time>
</trkpt>
<trkpt lat="44.11255" lon="5.27601">
<ele>748.06665</ele>
<speed>0.6006808</speed>
<time>2021-11-25T09:31:33</time>
</trkpt>
<trkpt lat="44.1125466666667" lon="5.27602333333333">
<ele>748.06665</ele>
<speed>0.67788917</speed>
<time>2021-11-25T09:31:34</time>
</trkpt>
<trkpt lat="44.11255" lon="5.276035">
<ele>748.06665</ele>
<speed>0.7180375</speed>
<time>2021-11-25T09:31:36</time>
</trkpt>
<trkpt lat="44.1126183333333" lon="5.276105">
<ele>750.9</ele>
<speed>0.250155</speed>
<time>2021-11-25T09:39:33</time>
</trkpt>
<trkpt lat="44.1126133333333" lon="5.27611166666667">
<ele>750.9</ele>
<speed>0.287215</speed>
<time>2021-11-25T09:39:34</time>
</trkpt>
<trkpt lat="44.1126083333333" lon="5.27612833333333">
<ele>750.9</ele>
<speed>0.3567025</speed>
<time>2021-11-25T09:39:35</time>
</trkpt>
<trkpt lat="44.112605" lon="5.276145">
<ele>750.9</ele>
<speed>0.42516056</speed>
<time>2021-11-25T09:39:36</time>
</trkpt>
<trkpt lat="44.1125916666667" lon="5.27617833333333">
<ele>750.9</ele>
<speed>0.6089164</speed>
<time>2021-11-25T09:39:38</time>
</trkpt>
<trkpt lat="44.11258" lon="5.27621">
<ele>737.5</ele>
<speed>0.7983342</speed>
<time>2021-11-25T09:39:40</time>
</trkpt>
<trkpt lat="44.1125733333333" lon="5.27622666666667">
<ele>737.5</ele>
<speed>0.8776014</speed>
<time>2021-11-25T09:39:41</time>
</trkpt>
<trkpt lat="44.1125683333333" lon="5.27623666666667">
<ele>737.5</ele>
<speed>0.9203233</speed>
<time>2021-11-25T09:39:42</time>
</trkpt>
<trkpt lat="44.1125583333333" lon="5.276255">
<ele>737.5</ele>
<speed>0.9846636</speed>
<time>2021-11-25T09:39:43</time>
</trkpt>
<trkpt lat="44.11255" lon="5.27627833333333">
<ele>737.5</ele>
<speed>1.1282711</speed>
<time>2021-11-25T09:39:45</time>
</trkpt>
<trkpt lat="44.1125383333333" lon="5.27633166666667">
<ele>741.06665</ele>
<speed>1.20445</speed>
<time>2021-11-25T09:39:49</time>
</trkpt>
<trkpt lat="44.1125333333333" lon="5.276345">
<ele>741.06665</ele>
<speed>1.1864347</speed>
<time>2021-11-25T09:39:50</time>
</trkpt>
<trkpt lat="44.1125316666667" lon="5.276365">
<ele>741.06665</ele>
<speed>1.2075384</speed>
<time>2021-11-25T09:39:51</time>
</trkpt>
<trkpt lat="44.112515" lon="5.276415">
<ele>741.06665</ele>
<speed>1.3022472</speed>
<time>2021-11-25T09:39:54</time>
</trkpt>
<trkpt lat="44.1124883333333" lon="5.27646166666667">
<ele>741.06665</ele>
<speed>1.2142297</speed>
<time>2021-11-25T09:39:57</time>
</trkpt>
<trkpt lat="44.112455" lon="5.27649166666667">
<ele>740.73334</ele>
<speed>1.1962144</speed>
<time>2021-11-25T09:39:59</time>
</trkpt>
<trkpt lat="44.1124483333333" lon="5.27650833333333">
<ele>740.73334</ele>
<speed>1.198788</speed>
<time>2021-11-25T09:40:00</time>
</trkpt>
<trkpt lat="44.1124466666667" lon="5.27652833333333">
<ele>740.73334</ele>
<speed>1.158125</speed>
<time>2021-11-25T09:40:01</time>
</trkpt>
<trkpt lat="44.1124416666667" lon="5.27654833333333">
<ele>740.73334</ele>
<speed>1.1308447</speed>
<time>2021-11-25T09:40:02</time>
</trkpt>
<trkpt lat="44.1124383333333" lon="5.27656666666667">
<ele>740.73334</ele>
<speed>1.0819461</speed>
<time>2021-11-25T09:40:03</time>
</trkpt>
<trkpt lat="44.11243" lon="5.276585">
<ele>740.73334</ele>
<speed>1.0196648</speed>
<time>2021-11-25T09:40:04</time>
</trkpt>
<trkpt lat="44.11242" lon="5.27659833333333">
<ele>740.73334</ele>
<speed>0.93936807</speed>
<time>2021-11-25T09:40:05</time>
</trkpt>
<trkpt lat="44.11241" lon="5.27661">
<ele>740.73334</ele>
<speed>0.8528947</speed>
<time>2021-11-25T09:40:06</time>
</trkpt>
<trkpt lat="44.11239" lon="5.276645">
<ele>740.73334</ele>
<speed>0.8034814</speed>
<time>2021-11-25T09:40:08</time>
</trkpt>
<trkpt lat="44.1123916666667" lon="5.27666666666667">
<ele>740.36664</ele>
<speed>0.8075992</speed>
<time>2021-11-25T09:40:09</time>
</trkpt>
<trkpt lat="44.11238" lon="5.27668833333333">
<ele>740.36664</ele>
<speed>0.77877474</speed>
<time>2021-11-25T09:40:10</time>
</trkpt>
<trkpt lat="44.1123633333333" lon="5.276705">
<ele>740.36664</ele>
<speed>0.73347914</speed>
<time>2021-11-25T09:40:12</time>
</trkpt>
<trkpt lat="44.1123533333333" lon="5.27671333333333">
<ele>740.36664</ele>
<speed>0.68509525</speed>
<time>2021-11-25T09:40:13</time>
</trkpt>
<trkpt lat="44.1123483333333" lon="5.27672666666667">
<ele>740.36664</ele>
<speed>0.65678555</speed>
<time>2021-11-25T09:40:14</time>
</trkpt>
<trkpt lat="44.1123366666667" lon="5.27673833333333">
<ele>740.36664</ele>
<speed>0.6397997</speed>
<time>2021-11-25T09:40:15</time>
</trkpt>
<trkpt lat="44.1123283333333" lon="5.27674833333333">
<ele>740.36664</ele>
<speed>0.66759473</speed>
<time>2021-11-25T09:40:16</time>
</trkpt>
<trkpt lat="44.1123216666667" lon="5.27675333333333">
<ele>740.36664</ele>
<speed>0.6645064</speed>
<time>2021-11-25T09:40:17</time>
</trkpt>
<trkpt lat="44.1123166666667" lon="5.276765">
<ele>740.36664</ele>
<speed>0.67685974</speed>
<time>2021-11-25T09:40:18</time>
</trkpt>
<trkpt lat="44.112315" lon="5.27676833333333">
<ele>741.2</ele>
<speed>0.6073722</speed>
<time>2021-11-25T09:40:19</time>
</trkpt>
<trkpt lat="44.1123083333333" lon="5.27679333333333">
<ele>741.2</ele>
<speed>0.55744416</speed>
<time>2021-11-25T09:40:21</time>
</trkpt>
<trkpt lat="44.1123066666667" lon="5.27682666666667">
<ele>741.2</ele>
<speed>0.5610472</speed>
<time>2021-11-25T09:40:23</time>
</trkpt>
<trkpt lat="44.1123116666667" lon="5.27685333333333">
<ele>741.2</ele>
<speed>0.5286197</speed>
<time>2021-11-25T09:40:24</time>
</trkpt>
<trkpt lat="44.11229" lon="5.27686333333333">
<ele>741.2</ele>
<speed>0.4864125</speed>
<time>2021-11-25T09:40:25</time>
</trkpt>
<trkpt lat="44.11229" lon="5.27686333333333">
<ele>741.2</ele>
<speed>0.42413113</speed>
<time>2021-11-25T09:40:26</time>
</trkpt>
<trkpt lat="44.1122783333333" lon="5.27688">
<ele>747.3</ele>
<speed>0.44574943</speed>
<time>2021-11-25T09:40:29</time>
</trkpt>
<trkpt lat="44.112275" lon="5.27688166666667">
<ele>747.3</ele>
<speed>0.4884714</speed>
<time>2021-11-25T09:40:30</time>
</trkpt>
<trkpt lat="44.11227" lon="5.276895">
<ele>747.3</ele>
<speed>0.4931039</speed>
<time>2021-11-25T09:40:31</time>
</trkpt>
<trkpt lat="44.11226" lon="5.27690333333333">
<ele>747.3</ele>
<speed>0.46479416</speed>
<time>2021-11-25T09:40:32</time>
</trkpt>
<trkpt lat="44.1122483333333" lon="5.27691666666667">
<ele>747.3</ele>
<speed>0.48538306</speed>
<time>2021-11-25T09:40:33</time>
</trkpt>
<trkpt lat="44.1122333333333" lon="5.27693">
<ele>747.3</ele>
<speed>0.620755</speed>
<time>2021-11-25T09:40:35</time>
</trkpt>
<trkpt lat="44.1122166666667" lon="5.27694666666667">
<ele>747.3</ele>
<speed>0.8590714</speed>
<time>2021-11-25T09:40:36</time>
</trkpt>
<trkpt lat="44.1122133333333" lon="5.27697833333333">
<ele>747.3</ele>
<speed>1.0742253</speed>
<time>2021-11-25T09:40:37</time>
</trkpt>
<trkpt lat="44.112225" lon="5.277005">
<ele>747.3</ele>
<speed>1.1112853</speed>
<time>2021-11-25T09:40:38</time>
</trkpt>
<trkpt lat="44.1122316666667" lon="5.27700166666667">
<ele>752.1667</ele>
<speed>1.0850345</speed>
<time>2021-11-25T09:40:39</time>
</trkpt>
<trkpt lat="44.1122316666667" lon="5.27701">
<ele>752.1667</ele>
<speed>1.1087117</speed>
<time>2021-11-25T09:40:40</time>
</trkpt>
<trkpt lat="44.112235" lon="5.27703666666667">
<ele>752.1667</ele>
<speed>1.3357042</speed>
<time>2021-11-25T09:40:43</time>
</trkpt>
<trkpt lat="44.1122233333333" lon="5.27704166666667">
<ele>752.1667</ele>
<speed>1.4278394</speed>
<time>2021-11-25T09:40:44</time>
</trkpt>
<trkpt lat="44.1122166666667" lon="5.27702">
<ele>752.1667</ele>
<speed>1.3691611</speed>
<time>2021-11-25T09:40:45</time>
</trkpt>
<trkpt lat="44.1122166666667" lon="5.277015">
<ele>752.1667</ele>
<speed>1.1426834</speed>
<time>2021-11-25T09:40:46</time>
</trkpt>
<trkpt lat="44.112215" lon="5.27701166666667">
<ele>752.1667</ele>
<speed>0.9187792</speed>
<time>2021-11-25T09:40:47</time>
</trkpt>
<trkpt lat="44.112215" lon="5.27701166666667">
<ele>752.1667</ele>
<speed>0.87657195</speed>
<time>2021-11-25T09:40:48</time>
</trkpt>
<trkpt lat="44.1122216666667" lon="5.27701">
<ele>754.3</ele>
<speed>0.8848075</speed>
<time>2021-11-25T09:40:49</time>
</trkpt>
<trkpt lat="44.1122233333333" lon="5.276985">
<ele>754.3</ele>
<speed>0.7381117</speed>
<time>2021-11-25T09:40:53</time>
</trkpt>
<trkpt lat="44.1122266666667" lon="5.27696333333333">
<ele>754.3</ele>
<speed>0.59656304</speed>
<time>2021-11-25T09:40:54</time>
</trkpt>
<trkpt lat="44.11222" lon="5.27696333333333">
<ele>754.3</ele>
<speed>0.5584736</speed>
<time>2021-11-25T09:40:55</time>
</trkpt>
<trkpt lat="44.1122483333333" lon="5.27697833333333">
<ele>754.3</ele>
<speed>0.58729804</speed>
<time>2021-11-25T09:40:56</time>
</trkpt>
<trkpt lat="44.1122483333333" lon="5.27700833333333">
<ele>754.3</ele>
<speed>0.59193057</speed>
<time>2021-11-25T09:40:58</time>
</trkpt>
<trkpt lat="44.1122466666667" lon="5.27702333333333">
<ele>758.5</ele>
<speed>0.5528117</speed>
<time>2021-11-25T09:40:59</time>
</trkpt>
<trkpt lat="44.1122583333333" lon="5.27703333333333">
<ele>758.5</ele>
<speed>0.54560554</speed>
<time>2021-11-25T09:41:00</time>
</trkpt>
<trkpt lat="44.11226" lon="5.27706333333333">
<ele>758.5</ele>
<speed>0.0</speed>
<time>2021-11-25T09:41:03</time>
</trkpt>
<trkpt lat="44.1122516666667" lon="5.27707">
<ele>758.5</ele>
<speed>0.0</speed>
<time>2021-11-25T09:41:04</time>
</trkpt>
<trkpt lat="44.1122383333333" lon="5.27709833333333">
<ele>758.5</ele>
<speed>0.44369057</speed>
<time>2021-11-25T09:41:07</time>
</trkpt>
<trkpt lat="44.112235" lon="5.27713">
<ele>759.9</ele>
<speed>0.5883275</speed>
<time>2021-11-25T09:41:10</time>
</trkpt>
<trkpt lat="44.11224" lon="5.277165">
<ele>759.9</ele>
<speed>0.670683</speed>
<time>2021-11-25T09:41:12</time>
</trkpt>
<trkpt lat="44.1122466666667" lon="5.27717833333333">
<ele>759.9</ele>
<speed>0.81377584</speed>
<time>2021-11-25T09:41:13</time>
</trkpt>
<trkpt lat="44.1122483333333" lon="5.27719666666667">
<ele>759.9</ele>
<speed>0.8693658</speed>
<time>2021-11-25T09:41:14</time>
</trkpt>
<trkpt lat="44.112245" lon="5.27721666666667">
<ele>759.9</ele>
<speed>1.0438566</speed>
<time>2021-11-25T09:41:15</time>
</trkpt>
<trkpt lat="44.11222" lon="5.27729333333333">
<ele>759.9</ele>
<speed>1.6141689</speed>
<time>2021-11-25T09:41:18</time>
</trkpt>
<trkpt lat="44.1121883333333" lon="5.27734833333333">
<ele>761.4</ele>
<speed>1.8190284</speed>
<time>2021-11-25T09:41:21</time>
</trkpt>
<trkpt lat="44.112185" lon="5.27736166666667">
<ele>761.4</ele>
<speed>1.849397</speed>
<time>2021-11-25T09:41:22</time>
</trkpt>
<trkpt lat="44.1121833333333" lon="5.27739666666667">
<ele>761.4</ele>
<speed>1.3140858</speed>
<time>2021-11-25T09:41:26</time>
</trkpt>
<trkpt lat="44.1121816666667" lon="5.27741166666667">
<ele>761.4</ele>
<speed>1.1663605</speed>
<time>2021-11-25T09:41:27</time>
</trkpt>
<trkpt lat="44.1121633333333" lon="5.277455">
<ele>760.4</ele>
<speed>0.8333353</speed>
<time>2021-11-25T09:41:30</time>
</trkpt>
<trkpt lat="44.1121516666667" lon="5.27747">
<ele>760.4</ele>
<speed>0.7375969</speed>
<time>2021-11-25T09:41:31</time>
</trkpt>
<trkpt lat="44.1121483333333" lon="5.277485">
<ele>760.4</ele>
<speed>0.6902425</speed>
<time>2021-11-25T09:41:32</time>
</trkpt>
<trkpt lat="44.1121066666667" lon="5.27752166666667">
<ele>760.4</ele>
<speed>0.7926722</speed>
<time>2021-11-25T09:41:34</time>
</trkpt>
<trkpt lat="44.1120266666667" lon="5.27760166666667">
<ele>759.7</ele>
<speed>1.2183475</speed>
<time>2021-11-25T09:41:39</time>
</trkpt>
<trkpt lat="44.1120133333333" lon="5.27761833333333">
<ele>759.7</ele>
<speed>1.2950411</speed>
<time>2021-11-25T09:41:40</time>
</trkpt>
<trkpt lat="44.1119583333333" lon="5.277685">
<ele>759.7</ele>
<speed>1.5601231</speed>
<time>2021-11-25T09:41:43</time>
</trkpt>
<trkpt lat="44.1119333333333" lon="5.27769666666667">
<ele>759.7</ele>
<speed>1.6193161</speed>
<time>2021-11-25T09:41:44</time>
</trkpt>
<trkpt lat="44.11187" lon="5.27773666666667">
<ele>759.7</ele>
<speed>1.7330698</speed>
<time>2021-11-25T09:41:47</time>
</trkpt>
<trkpt lat="44.1118183333333" lon="5.27777">
<ele>759.1</ele>
<speed>1.7042453</speed>
<time>2021-11-25T09:41:50</time>
</trkpt>
<trkpt lat="44.1117816666667" lon="5.27780333333333">
<ele>759.1</ele>
<speed>1.5307839</speed>
<time>2021-11-25T09:41:53</time>
</trkpt>
<trkpt lat="44.111775" lon="5.27782">
<ele>759.1</ele>
<speed>1.4479136</speed>
<time>2021-11-25T09:41:54</time>
</trkpt>
<trkpt lat="44.1117266666667" lon="5.277905">
<ele>759.1</ele>
<speed>1.3151153</speed>
<time>2021-11-25T09:41:58</time>
</trkpt>
<trkpt lat="44.111695" lon="5.27794">
<ele>759.0333</ele>
<speed>1.358352</speed>
<time>2021-11-25T09:42:00</time>
</trkpt>
<trkpt lat="44.111655" lon="5.27796666666667">
<ele>759.0333</ele>
<speed>1.4968122</speed>
<time>2021-11-25T09:42:02</time>
</trkpt>
<trkpt lat="44.111645" lon="5.27798166666667">
<ele>759.0333</ele>
<speed>1.5585788</speed>
<time>2021-11-25T09:42:03</time>
</trkpt>
<trkpt lat="44.1116366666667" lon="5.277995">
<ele>759.0333</ele>
<speed>1.5853444</speed>
<time>2021-11-25T09:42:04</time>
</trkpt>
<trkpt lat="44.1116116666667" lon="5.27802333333333">
<ele>759.0333</ele>
<speed>1.5976977</speed>
<time>2021-11-25T09:42:06</time>
</trkpt>
<trkpt lat="44.1116083333333" lon="5.27803833333333">
<ele>759.0333</ele>
<speed>1.5796825</speed>
<time>2021-11-25T09:42:07</time>
</trkpt>
<trkpt lat="44.111565" lon="5.27807333333333">
<ele>758.5333</ele>
<speed>1.4875473</speed>
<time>2021-11-25T09:42:10</time>
</trkpt>
<trkpt lat="44.111545" lon="5.27811833333333">
<ele>758.5333</ele>
<speed>1.2729081</speed>
<time>2021-11-25T09:42:13</time>
</trkpt>
<trkpt lat="44.1115416666667" lon="5.27813166666667">
<ele>758.5333</ele>
<speed>1.198788</speed>
<time>2021-11-25T09:42:14</time>
</trkpt>
<trkpt lat="44.1115216666667" lon="5.278165">
<ele>758.5333</ele>
<speed>1.05621</speed>
<time>2021-11-25T09:42:16</time>
</trkpt>
<trkpt lat="44.1115183333333" lon="5.27817333333333">
<ele>758.5333</ele>
<speed>0.9723103</speed>
<time>2021-11-25T09:42:17</time>
</trkpt>
<trkpt lat="44.1115166666667" lon="5.27818333333333">
<ele>758.5333</ele>
<speed>1.0145175</speed>
<time>2021-11-25T09:42:18</time>
</trkpt>
<trkpt lat="44.1115133333333" lon="5.27821">
<ele>757.5</ele>
<speed>1.013488</speed>
<time>2021-11-25T09:42:19</time>
</trkpt>
<trkpt lat="44.1114933333333" lon="5.27826333333333">
<ele>757.5</ele>
<speed>1.0567247</speed>
<time>2021-11-25T09:42:21</time>
</trkpt>
<trkpt lat="44.111485" lon="5.27832">
<ele>757.5</ele>
<speed>1.1637869</speed>
<time>2021-11-25T09:42:23</time>
</trkpt>
<trkpt lat="44.111455" lon="5.278425">
<ele>757.5</ele>
<speed>1.3732789</speed>
<time>2021-11-25T09:42:25</time>
</trkpt>
<trkpt lat="44.1114416666667" lon="5.27844833333333">
<ele>757.5</ele>
<speed>1.5122539</speed>
<time>2021-11-25T09:42:26</time>
</trkpt>
<trkpt lat="44.111445" lon="5.27847666666667">
<ele>757.5</ele>
<speed>1.6450522</speed>
<time>2021-11-25T09:42:27</time>
</trkpt>
<trkpt lat="44.1114533333333" lon="5.27849666666667">
<ele>757.5</ele>
<speed>1.6795386</speed>
<time>2021-11-25T09:42:28</time>
</trkpt>
<trkpt lat="44.1114633333333" lon="5.27852333333333">
<ele>754.8333</ele>
<speed>1.7063042</speed>
<time>2021-11-25T09:42:29</time>
</trkpt>
<trkpt lat="44.1114666666667" lon="5.27855166666667">
<ele>754.8333</ele>
<speed>1.664097</speed>
<time>2021-11-25T09:42:30</time>
</trkpt>
<trkpt lat="44.1114716666667" lon="5.27858333333333">
<ele>754.8333</ele>
<speed>1.6779945</speed>
<time>2021-11-25T09:42:31</time>
</trkpt>
<trkpt lat="44.1115016666667" lon="5.27865166666667">
<ele>754.8333</ele>
<speed>1.7037306</speed>
<time>2021-11-25T09:42:34</time>
</trkpt>
<trkpt lat="44.1115233333333" lon="5.27866666666667">
<ele>754.8333</ele>
<speed>1.4968122</speed>
<time>2021-11-25T09:42:36</time>
</trkpt>
<trkpt lat="44.111535" lon="5.27867666666667">
<ele>754.8333</ele>
<speed>1.4607817</speed>
<time>2021-11-25T09:42:37</time>
</trkpt>
<trkpt lat="44.1115483333333" lon="5.27870833333333">
<ele>754.5</ele>
<speed>1.40828</speed>
<time>2021-11-25T09:42:39</time>
</trkpt>
<trkpt lat="44.111555" lon="5.27871333333333">
<ele>754.5</ele>
<speed>1.4412222</speed>
<time>2021-11-25T09:42:40</time>
</trkpt>
<trkpt lat="44.1115716666667" lon="5.27873166666667">
<ele>754.5</ele>
<speed>1.4103389</speed>
<time>2021-11-25T09:42:41</time>
</trkpt>
<trkpt lat="44.1116316666667" lon="5.27874333333333">
<ele>754.5</ele>
<speed>1.4834294</speed>
<time>2021-11-25T09:42:44</time>
</trkpt>
<trkpt lat="44.11165" lon="5.278765">
<ele>754.5</ele>
<speed>1.4612964</speed>
<time>2021-11-25T09:42:45</time>
</trkpt>
<trkpt lat="44.11165" lon="5.278775">
<ele>754.5</ele>
<speed>1.4437958</speed>
<time>2021-11-25T09:42:46</time>
</trkpt>
<trkpt lat="44.11164" lon="5.27877666666667">
<ele>754.5</ele>
<speed>1.3985003</speed>
<time>2021-11-25T09:42:47</time>
</trkpt>
<trkpt lat="44.11166" lon="5.27881333333333">
<ele>756.4667</ele>
<speed>1.3748231</speed>
<time>2021-11-25T09:42:49</time>
</trkpt>
<trkpt lat="44.11168" lon="5.27886166666667">
<ele>756.4667</ele>
<speed>1.3598961</speed>
<time>2021-11-25T09:42:51</time>
</trkpt>
<trkpt lat="44.1116883333333" lon="5.27892833333333">
<ele>756.4667</ele>
<speed>1.3362188</speed>
<time>2021-11-25T09:42:53</time>
</trkpt>
<trkpt lat="44.1116983333333" lon="5.278955">
<ele>756.4667</ele>
<speed>1.3310716</speed>
<time>2021-11-25T09:42:54</time>
</trkpt>
<trkpt lat="44.11173" lon="5.27902666666667">
<ele>756.4667</ele>
<speed>1.5580642</speed>
<time>2021-11-25T09:42:57</time>
</trkpt>
<trkpt lat="44.1117383333333" lon="5.27905333333333">
<ele>756.4667</ele>
<speed>1.6193161</speed>
<time>2021-11-25T09:42:58</time>
</trkpt>
<trkpt lat="44.1118383333333" lon="5.27918666666667">
<ele>759.8</ele>
<speed>1.5426224</speed>
<time>2021-11-25T09:43:03</time>
</trkpt>
<trkpt lat="44.1118483333333" lon="5.27923666666667">
<ele>759.8</ele>
<speed>1.4957827</speed>
<time>2021-11-25T09:43:05</time>
</trkpt>
<trkpt lat="44.111855" lon="5.27926">
<ele>759.8</ele>
<speed>1.4623258</speed>
<time>2021-11-25T09:43:06</time>
</trkpt>
<trkpt lat="44.1118766666667" lon="5.27931333333333">
<ele>759.8</ele>
<speed>1.4561492</speed>
<time>2021-11-25T09:43:08</time>
</trkpt>
<trkpt lat="44.1118816666667" lon="5.27933333333333">
<ele>761.5</ele>
<speed>1.4829147</speed>
<time>2021-11-25T09:43:09</time>
</trkpt>
<trkpt lat="44.1118866666667" lon="5.27936333333333">
<ele>761.5</ele>
<speed>1.4690173</speed>
<time>2021-11-25T09:43:11</time>
</trkpt>
<trkpt lat="44.1118816666667" lon="5.27938666666667">
<ele>761.5</ele>
<speed>1.4947534</speed>
<time>2021-11-25T09:43:12</time>
</trkpt>
<trkpt lat="44.1118883333333" lon="5.27941333333333">
<ele>761.5</ele>
<speed>1.5204895</speed>
<time>2021-11-25T09:43:13</time>
</trkpt>
<trkpt lat="44.1119133333333" lon="5.27947833333333">
<ele>761.5</ele>
<speed>1.5318134</speed>
<time>2021-11-25T09:43:16</time>
</trkpt>
<trkpt lat="44.111925" lon="5.27949333333333">
<ele>761.5</ele>
<speed>1.4880619</speed>
<time>2021-11-25T09:43:17</time>
</trkpt>
<trkpt lat="44.1119366666667" lon="5.27951">
<ele>761.5</ele>
<speed>1.448943</speed>
<time>2021-11-25T09:43:18</time>
</trkpt>
<trkpt lat="44.11195" lon="5.27951833333333">
<ele>762.2</ele>
<speed>1.4201186</speed>
<time>2021-11-25T09:43:19</time>
</trkpt>
<trkpt lat="44.111955" lon="5.27953666666667">
<ele>762.2</ele>
<speed>1.4587228</speed>
<time>2021-11-25T09:43:20</time>
</trkpt>
<trkpt lat="44.1119683333333" lon="5.279595">
<ele>762.2</ele>
<speed>1.4880619</speed>
<time>2021-11-25T09:43:23</time>
</trkpt>
<trkpt lat="44.111975" lon="5.27963333333333">
<ele>762.2</ele>
<speed>1.4571786</speed>
<time>2021-11-25T09:43:25</time>
</trkpt>
<trkpt lat="44.11198" lon="5.27966">
<ele>762.2</ele>
<speed>1.4818853</speed>
<time>2021-11-25T09:43:26</time>
</trkpt>
<trkpt lat="44.1119816666667" lon="5.27967833333333">
<ele>762.2</ele>
<speed>1.5570347</speed>
<time>2021-11-25T09:43:27</time>
</trkpt>
<trkpt lat="44.1119783333333" lon="5.27970166666667">
<ele>762.2</ele>
<speed>1.5987272</speed>
<time>2021-11-25T09:43:28</time>
</trkpt>
<trkpt lat="44.1119783333333" lon="5.27972666666667">
<ele>759.9</ele>
<speed>1.6151984</speed>
<time>2021-11-25T09:43:29</time>
</trkpt>
<trkpt lat="44.1119966666667" lon="5.27979666666667">
<ele>759.9</ele>
<speed>1.4206333</speed>
<time>2021-11-25T09:43:33</time>
</trkpt>
<trkpt lat="44.1120183333333" lon="5.27980333333333">
<ele>759.9</ele>
<speed>1.4113684</speed>
<time>2021-11-25T09:43:34</time>
</trkpt>
<trkpt lat="44.112035" lon="5.279815">
<ele>759.9</ele>
<speed>1.4154861</speed>
<time>2021-11-25T09:43:35</time>
</trkpt>
<trkpt lat="44.11209" lon="5.27983333333333">
<ele>759.9</ele>
<speed>1.2518045</speed>
<time>2021-11-25T09:43:38</time>
</trkpt>
<trkpt lat="44.112095" lon="5.27984666666667">
<ele>758.1</ele>
<speed>1.1776844</speed>
<time>2021-11-25T09:43:39</time>
</trkpt>
<trkpt lat="44.112105" lon="5.27986333333333">
<ele>758.1</ele>
<speed>1.2080531</speed>
<time>2021-11-25T09:43:40</time>
</trkpt>
<trkpt lat="44.1121066666667" lon="5.27987333333333">
<ele>758.1</ele>
<speed>1.1560661</speed>
<time>2021-11-25T09:43:41</time>
</trkpt>
<trkpt lat="44.1121133333333" lon="5.279875">
<ele>758.1</ele>
<speed>1.1066527</speed>
<time>2021-11-25T09:43:42</time>
</trkpt>
<trkpt lat="44.112125" lon="5.27987666666667">
<ele>758.1</ele>
<speed>1.0078261</speed>
<time>2021-11-25T09:43:43</time>
</trkpt>
<trkpt lat="44.112125" lon="5.27988833333333">
<ele>758.1</ele>
<speed>0.9203233</speed>
<time>2021-11-25T09:43:44</time>
</trkpt>
<trkpt lat="44.11213" lon="5.279895">
<ele>758.1</ele>
<speed>0.80965805</speed>
<time>2021-11-25T09:43:45</time>
</trkpt>
<trkpt lat="44.11214" lon="5.279905">
<ele>758.1</ele>
<speed>0.78958386</speed>
<time>2021-11-25T09:43:46</time>
</trkpt>
<trkpt lat="44.1121533333333" lon="5.27991333333333">
<ele>758.1</ele>
<speed>0.7602447</speed>
<time>2021-11-25T09:43:47</time>
</trkpt>
<trkpt lat="44.1121616666667" lon="5.27993333333333">
<ele>758.1</ele>
<speed>0.71700805</speed>
<time>2021-11-25T09:43:48</time>
</trkpt>
<trkpt lat="44.1121916666667" lon="5.27996166666667">
<ele>756.0</ele>
<speed>0.6557561</speed>
<time>2021-11-25T09:43:50</time>
</trkpt>
<trkpt lat="44.1122033333333" lon="5.27997333333333">
<ele>756.0</ele>
<speed>0.6624475</speed>
<time>2021-11-25T09:43:51</time>
</trkpt>
<trkpt lat="44.112255" lon="5.28007166666667">
<ele>756.0</ele>
<speed>0.9645894</speed>
<time>2021-11-25T09:43:57</time>
</trkpt>
<trkpt lat="44.1122483333333" lon="5.28010666666667">
<ele>754.0</ele>
<speed>1.1375362</speed>
<time>2021-11-25T09:44:01</time>
</trkpt>
<trkpt lat="44.112245" lon="5.28012">
<ele>754.0</ele>
<speed>1.0953289</speed>
<time>2021-11-25T09:44:02</time>
</trkpt>
<trkpt lat="44.1122733333333" lon="5.28013833333333">
<ele>754.0</ele>
<speed>1.0572394</speed>
<time>2021-11-25T09:44:03</time>
</trkpt>
<trkpt lat="44.1122883333333" lon="5.28015666666667">
<ele>754.0</ele>
<speed>1.0145175</speed>
<time>2021-11-25T09:44:04</time>
</trkpt>
<trkpt lat="44.1123" lon="5.28016666666667">
<ele>754.0</ele>
<speed>1.0057672</speed>
<time>2021-11-25T09:44:05</time>
</trkpt>
<trkpt lat="44.1123183333333" lon="5.280185">
<ele>754.0</ele>
<speed>0.935765</speed>
<time>2021-11-25T09:44:06</time>
</trkpt>
<trkpt lat="44.1123283333333" lon="5.28020333333333">
<ele>754.0</ele>
<speed>0.87914556</speed>
<time>2021-11-25T09:44:07</time>
</trkpt>
<trkpt lat="44.1123466666667" lon="5.28025">
<ele>751.7</ele>
<speed>0.8667922</speed>
<time>2021-11-25T09:44:09</time>
</trkpt>
<trkpt lat="44.1123533333333" lon="5.28027833333333">
<ele>751.7</ele>
<speed>0.86576277</speed>
<time>2021-11-25T09:44:10</time>
</trkpt>
<trkpt lat="44.112365" lon="5.28031">
<ele>751.7</ele>
<speed>0.9028228</speed>
<time>2021-11-25T09:44:11</time>
</trkpt>
<trkpt lat="44.11242" lon="5.28044333333333">
<ele>749.7</ele>
<speed>1.2183475</speed>
<time>2021-11-25T09:44:20</time>
</trkpt>
<trkpt lat="44.1124183333333" lon="5.28045666666667">
<ele>749.7</ele>
<speed>1.0984172</speed>
<time>2021-11-25T09:44:21</time>
</trkpt>
<trkpt lat="44.1124083333333" lon="5.280465">
<ele>749.7</ele>
<speed>1.0484892</speed>
<time>2021-11-25T09:44:22</time>
</trkpt>
<trkpt lat="44.1124333333333" lon="5.28046833333333">
<ele>749.7</ele>
<speed>1.059813</speed>
<time>2021-11-25T09:44:23</time>
</trkpt>
<trkpt lat="44.112435" lon="5.28048">
<ele>749.7</ele>
<speed>0.9985611</speed>
<time>2021-11-25T09:44:24</time>
</trkpt>
<trkpt lat="44.1124383333333" lon="5.28048166666667">
<ele>749.7</ele>
<speed>0.9985611</speed>
<time>2021-11-25T09:44:25</time>
</trkpt>
<trkpt lat="44.1124433333333" lon="5.28051833333333">
<ele>749.7</ele>
<speed>0.99753165</speed>
<time>2021-11-25T09:44:27</time>
</trkpt>
<trkpt lat="44.11245" lon="5.28057">
<ele>747.7</ele>
<speed>1.0804019</speed>
<time>2021-11-25T09:44:30</time>
</trkpt>
<trkpt lat="44.112375" lon="5.280655">
<ele>747.7</ele>
<speed>1.2327597</speed>
<time>2021-11-25T09:44:34</time>
</trkpt>
<trkpt lat="44.1123716666667" lon="5.28074">
<ele>747.7</ele>
<speed>1.3223214</speed>
<time>2021-11-25T09:44:37</time>
</trkpt>
<trkpt lat="44.112375" lon="5.28076833333333">
<ele>747.7</ele>
<speed>1.2651873</speed>
<time>2021-11-25T09:44:38</time>
</trkpt>
<trkpt lat="44.112375" lon="5.28079333333333">
<ele>748.36664</ele>
<speed>1.1745961</speed>
<time>2021-11-25T09:44:40</time>
</trkpt>
<trkpt lat="44.112365" lon="5.28081666666667">
<ele>748.36664</ele>
<speed>1.1920967</speed>
<time>2021-11-25T09:44:41</time>
</trkpt>
<trkpt lat="44.1123616666667" lon="5.280835">
<ele>748.36664</ele>
<speed>1.1905525</speed>
<time>2021-11-25T09:44:42</time>
</trkpt>
<trkpt lat="44.1123616666667" lon="5.28086333333333">
<ele>748.36664</ele>
<speed>1.2065089</speed>
<time>2021-11-25T09:44:43</time>
</trkpt>
<trkpt lat="44.112365" lon="5.28088833333333">
<ele>748.36664</ele>
<speed>1.2620989</speed>
<time>2021-11-25T09:44:44</time>
</trkpt>
<trkpt lat="44.1123783333333" lon="5.28095333333333">
<ele>748.36664</ele>
<speed>1.2574664</speed>
<time>2021-11-25T09:44:46</time>
</trkpt>
<trkpt lat="44.1123733333333" lon="5.28098666666667">
<ele>748.36664</ele>
<speed>1.2857761</speed>
<time>2021-11-25T09:44:47</time>
</trkpt>
<trkpt lat="44.11238" lon="5.28101333333333">
<ele>748.36664</ele>
<speed>1.3053355</speed>
<time>2021-11-25T09:44:48</time>
</trkpt>
<trkpt lat="44.1123666666667" lon="5.28103666666667">
<ele>748.06665</ele>
<speed>1.3532047</speed>
<time>2021-11-25T09:44:49</time>
</trkpt>
<trkpt lat="44.1123583333333" lon="5.28106666666667">
<ele>748.06665</ele>
<speed>1.3794556</speed>
<time>2021-11-25T09:44:50</time>
</trkpt>
<trkpt lat="44.1123583333333" lon="5.2811">
<ele>748.06665</ele>
<speed>1.3459986</speed>
<time>2021-11-25T09:44:51</time>
</trkpt>
<trkpt lat="44.1123516666667" lon="5.28113">
<ele>748.06665</ele>
<speed>1.3671023</speed>
<time>2021-11-25T09:44:52</time>
</trkpt>
<trkpt lat="44.112365" lon="5.28115333333333">
<ele>748.06665</ele>
<speed>1.3315864</speed>
<time>2021-11-25T09:44:53</time>
</trkpt>
<trkpt lat="44.1123733333333" lon="5.28116666666667">
<ele>748.06665</ele>
<speed>1.2188622</speed>
<time>2021-11-25T09:44:54</time>
</trkpt>
<trkpt lat="44.112395" lon="5.281195">
<ele>748.06665</ele>
<speed>1.0587837</speed>
<time>2021-11-25T09:44:56</time>
</trkpt>
<trkpt lat="44.11241" lon="5.28119666666667">
<ele>748.06665</ele>
<speed>0.9645894</speed>
<time>2021-11-25T09:44:57</time>
</trkpt>
<trkpt lat="44.1124083333333" lon="5.28121">
<ele>748.06665</ele>
<speed>0.85083586</speed>
<time>2021-11-25T09:44:58</time>
</trkpt>
<trkpt lat="44.1124266666667" lon="5.28121666666667">
<ele>748.1667</ele>
<speed>0.768995</speed>
<time>2021-11-25T09:44:59</time>
</trkpt>
<trkpt lat="44.1124633333333" lon="5.28125166666667">
<ele>748.1667</ele>
<speed>0.54817915</speed>
<time>2021-11-25T09:45:02</time>
</trkpt>
<trkpt lat="44.1124716666667" lon="5.28126">
<ele>748.1667</ele>
<speed>0.4931039</speed>
<time>2021-11-25T09:45:03</time>
</trkpt>
<trkpt lat="44.1124916666667" lon="5.28127166666667">
<ele>748.1667</ele>
<speed>0.55898833</speed>
<time>2021-11-25T09:45:04</time>
</trkpt>
<trkpt lat="44.11251" lon="5.28127333333333">
<ele>748.1667</ele>
<speed>0.61663723</speed>
<time>2021-11-25T09:45:05</time>
</trkpt>
<trkpt lat="44.1125233333333" lon="5.28128666666667">
<ele>748.1667</ele>
<speed>0.64443225</speed>
<time>2021-11-25T09:45:06</time>
</trkpt>
<trkpt lat="44.11253" lon="5.28129666666667">
<ele>748.1667</ele>
<speed>0.67531556</speed>
<time>2021-11-25T09:45:07</time>
</trkpt>
<trkpt lat="44.1125583333333" lon="5.28135">
<ele>748.4</ele>
<speed>0.7957606</speed>
<time>2021-11-25T09:45:09</time>
</trkpt>
<trkpt lat="44.11256" lon="5.28139">
<ele>748.4</ele>
<speed>0.8410561</speed>
<time>2021-11-25T09:45:10</time>
</trkpt>
<trkpt lat="44.1125783333333" lon="5.28142166666667">
<ele>748.4</ele>
<speed>0.86576277</speed>
<time>2021-11-25T09:45:12</time>
</trkpt>
<trkpt lat="44.1125816666667" lon="5.281445">
<ele>748.4</ele>
<speed>0.9151761</speed>
<time>2021-11-25T09:45:13</time>
</trkpt>
<trkpt lat="44.112575" lon="5.28145833333333">
<ele>748.4</ele>
<speed>0.87451303</speed>
<time>2021-11-25T09:45:14</time>
</trkpt>
<trkpt lat="44.112575" lon="5.28148666666667">
<ele>748.4</ele>
<speed>0.87914556</speed>
<time>2021-11-25T09:45:16</time>
</trkpt>
<trkpt lat="44.1125933333333" lon="5.28164666666667">
<ele>750.8</ele>
<speed>1.2157739</speed>
<time>2021-11-25T09:45:23</time>
</trkpt>
<trkpt lat="44.1125916666667" lon="5.28167">
<ele>750.8</ele>
<speed>1.2723933</speed>
<time>2021-11-25T09:45:24</time>
</trkpt>
<trkpt lat="44.1125983333333" lon="5.28175333333333">
<ele>750.8</ele>
<speed>1.2126856</speed>
<time>2021-11-25T09:45:28</time>
</trkpt>
<trkpt lat="44.112605" lon="5.28178">
<ele>753.26666</ele>
<speed>1.0706222</speed>
<time>2021-11-25T09:45:30</time>
</trkpt>
<trkpt lat="44.11261" lon="5.281795">
<ele>753.26666</ele>
<speed>1.0773137</speed>
<time>2021-11-25T09:45:31</time>
</trkpt>
<trkpt lat="44.1125983333333" lon="5.28181833333333">
<ele>753.26666</ele>
<speed>1.1329036</speed>
<time>2021-11-25T09:45:32</time>
</trkpt>
<trkpt lat="44.1126066666667" lon="5.28182833333333">
<ele>753.26666</ele>
<speed>1.0762842</speed>
<time>2021-11-25T09:45:33</time>
</trkpt>
<trkpt lat="44.1126" lon="5.28185">
<ele>753.26666</ele>
<speed>1.089667</speed>
<time>2021-11-25T09:45:34</time>
</trkpt>
<trkpt lat="44.112605" lon="5.28188666666667">
<ele>753.26666</ele>
<speed>1.0721664</speed>
<time>2021-11-25T09:45:36</time>
</trkpt>
<trkpt lat="44.112615" lon="5.28189833333333">
<ele>753.26666</ele>
<speed>1.0850345</speed>
<time>2021-11-25T09:45:37</time>
</trkpt>
<trkpt lat="44.1126233333333" lon="5.28190333333333">
<ele>753.26666</ele>
<speed>1.0330476</speed>
<time>2021-11-25T09:45:38</time>
</trkpt>
<trkpt lat="44.11266" lon="5.28190666666667">
<ele>756.9</ele>
<speed>1.0603278</speed>
<time>2021-11-25T09:45:40</time>
</trkpt>
<trkpt lat="44.1126766666667" lon="5.28190833333333">
<ele>756.9</ele>
<speed>1.0577542</speed>
<time>2021-11-25T09:45:41</time>
</trkpt>
<trkpt lat="44.112685" lon="5.28190666666667">
<ele>756.9</ele>
<speed>0.97900164</speed>
<time>2021-11-25T09:45:42</time>
</trkpt>
<trkpt lat="44.112695" lon="5.28191666666667">
<ele>756.9</ele>
<speed>1.0181205</speed>
<time>2021-11-25T09:45:43</time>
</trkpt>
<trkpt lat="44.1127166666667" lon="5.28192333333333">
<ele>756.9</ele>
<speed>1.022753</speed>
<time>2021-11-25T09:45:44</time>
</trkpt>
<trkpt lat="44.1127283333333" lon="5.28193833333333">
<ele>756.9</ele>
<speed>1.0623866</speed>
<time>2021-11-25T09:45:45</time>
</trkpt>
<trkpt lat="44.1127383333333" lon="5.28194833333333">
<ele>756.9</ele>
<speed>1.0397389</speed>
<time>2021-11-25T09:45:46</time>
</trkpt>
<trkpt lat="44.1127416666667" lon="5.28196166666667">
<ele>756.9</ele>
<speed>1.009885</speed>
<time>2021-11-25T09:45:48</time>
</trkpt>
<trkpt lat="44.1127483333333" lon="5.28196833333333">
<ele>759.3</ele>
<speed>0.9898108</speed>
<time>2021-11-25T09:45:49</time>
</trkpt>
<trkpt lat="44.112745" lon="5.28198">
<ele>759.3</ele>
<speed>0.87914556</speed>
<time>2021-11-25T09:45:51</time>
</trkpt>
<trkpt lat="44.1127433333333" lon="5.28201166666667">
<ele>759.3</ele>
<speed>0.7823778</speed>
<time>2021-11-25T09:45:54</time>
</trkpt>
<trkpt lat="44.11273" lon="5.28210333333333">
<ele>765.2</ele>
<speed>0.898705</speed>
<time>2021-11-25T09:46:00</time>
</trkpt>
<trkpt lat="44.1127833333333" lon="5.282175">
<ele>765.2</ele>
<speed>0.8940725</speed>
<time>2021-11-25T09:46:05</time>
</trkpt>
<trkpt lat="44.112805" lon="5.28221333333333">
<ele>765.2</ele>
<speed>0.8786308</speed>
<time>2021-11-25T09:46:08</time>
</trkpt>
<trkpt lat="44.11281" lon="5.282235">
<ele>767.2</ele>
<speed>0.8317911</speed>
<time>2021-11-25T09:46:09</time>
</trkpt>
<trkpt lat="44.1128533333333" lon="5.282335">
<ele>767.2</ele>
<speed>0.9501772</speed>
<time>2021-11-25T09:46:13</time>
</trkpt>
<trkpt lat="44.11285" lon="5.28235833333333">
<ele>767.2</ele>
<speed>0.94657415</speed>
<time>2021-11-25T09:46:15</time>
</trkpt>
<trkpt lat="44.1128533333333" lon="5.28236666666667">
<ele>767.2</ele>
<speed>0.89921975</speed>
<time>2021-11-25T09:46:16</time>
</trkpt>
<trkpt lat="44.1128566666667" lon="5.28237666666667">
<ele>767.2</ele>
<speed>0.8693658</speed>
<time>2021-11-25T09:46:17</time>
</trkpt>
<trkpt lat="44.1128683333333" lon="5.28238">
<ele>767.2</ele>
<speed>0.861645</speed>
<time>2021-11-25T09:46:18</time>
</trkpt>
<trkpt lat="44.11287" lon="5.28238833333333">
<ele>772.5</ele>
<speed>0.8544389</speed>
<time>2021-11-25T09:46:19</time>
</trkpt>
<trkpt lat="44.112885" lon="5.28239333333333">
<ele>772.5</ele>
<speed>0.8477475</speed>
<time>2021-11-25T09:46:20</time>
</trkpt>
<trkpt lat="44.112895" lon="5.28240166666667">
<ele>772.5</ele>
<speed>0.80708444</speed>
<time>2021-11-25T09:46:21</time>
</trkpt>
<trkpt lat="44.112885" lon="5.28243333333333">
<ele>772.5</ele>
<speed>0.79730475</speed>
<time>2021-11-25T09:46:23</time>
</trkpt>
<trkpt lat="44.112935" lon="5.28245833333333">
<ele>772.5</ele>
<speed>0.8750278</speed>
<time>2021-11-25T09:46:28</time>
</trkpt>
<trkpt lat="44.112925" lon="5.28248">
<ele>774.9667</ele>
<speed>0.8235555</speed>
<time>2021-11-25T09:46:29</time>
</trkpt>
<trkpt lat="44.1129416666667" lon="5.28248833333333">
<ele>774.9667</ele>
<speed>0.8729689</speed>
<time>2021-11-25T09:46:30</time>
</trkpt>
<trkpt lat="44.1129583333333" lon="5.28252333333333">
<ele>774.9667</ele>
<speed>0.9337061</speed>
<time>2021-11-25T09:46:32</time>
</trkpt>
<trkpt lat="44.11294" lon="5.282575">
<ele>774.9667</ele>
<speed>1.0114292</speed>
<time>2021-11-25T09:46:36</time>
</trkpt>
<trkpt lat="44.1129933333333" lon="5.28267">
<ele>779.8</ele>
<speed>0.74222946</speed>
<time>2021-11-25T09:46:45</time>
</trkpt>
<trkpt lat="44.1129966666667" lon="5.28268666666667">
<ele>779.8</ele>
<speed>0.73347914</speed>
<time>2021-11-25T09:46:46</time>
</trkpt>
<trkpt lat="44.1130033333333" lon="5.28271333333333">
<ele>779.8</ele>
<speed>0.7762011</speed>
<time>2021-11-25T09:46:48</time>
</trkpt>
<trkpt lat="44.1130033333333" lon="5.28273">
<ele>785.1</ele>
<speed>0.8436297</speed>
<time>2021-11-25T09:46:49</time>
</trkpt>
<trkpt lat="44.1130116666667" lon="5.28277833333333">
<ele>785.1</ele>
<speed>0.8935578</speed>
<time>2021-11-25T09:46:51</time>
</trkpt>
<trkpt lat="44.1130083333333" lon="5.28280333333333">
<ele>785.1</ele>
<speed>0.8575272</speed>
<time>2021-11-25T09:46:52</time>
</trkpt>
<trkpt lat="44.1130066666667" lon="5.28281666666667">
<ele>785.1</ele>
<speed>0.8199525</speed>
<time>2021-11-25T09:46:53</time>
</trkpt>
<trkpt lat="44.1129966666667" lon="5.28289">
<ele>788.9</ele>
<speed>0.7381117</speed>
<time>2021-11-25T09:46:59</time>
</trkpt>
<trkpt lat="44.112985" lon="5.28292833333333">
<ele>788.9</ele>
<speed>0.7293614</speed>
<time>2021-11-25T09:47:01</time>
</trkpt>
<trkpt lat="44.1129966666667" lon="5.28301333333333">
<ele>788.9</ele>
<speed>0.68561</speed>
<time>2021-11-25T09:47:05</time>
</trkpt>
<trkpt lat="44.11299" lon="5.28304666666667">
<ele>788.9</ele>
<speed>0.7190669</speed>
<time>2021-11-25T09:47:06</time>
</trkpt>
<trkpt lat="44.113" lon="5.28313666666667">
<ele>791.9</ele>
<speed>0.7566417</speed>
<time>2021-11-25T09:47:12</time>
</trkpt>
<trkpt lat="44.11302" lon="5.283155">
<ele>791.9</ele>
<speed>0.81480527</speed>
<time>2021-11-25T09:47:14</time>
</trkpt>
<trkpt lat="44.11303" lon="5.28318">
<ele>791.9</ele>
<speed>0.7792894</speed>
<time>2021-11-25T09:47:16</time>
</trkpt>
<trkpt lat="44.1130316666667" lon="5.2832">
<ele>791.9</ele>
<speed>0.72781724</speed>
<time>2021-11-25T09:47:17</time>
</trkpt>
<trkpt lat="44.1130316666667" lon="5.28321166666667">
<ele>791.9</ele>
<speed>0.6840658</speed>
<time>2021-11-25T09:47:18</time>
</trkpt>
<trkpt lat="44.1130383333333" lon="5.283235">
<ele>793.1</ele>
<speed>0.6356819</speed>
<time>2021-11-25T09:47:20</time>
</trkpt>
<trkpt lat="44.1130516666667" lon="5.28323833333333">
<ele>793.1</ele>
<speed>0.63825554</speed>
<time>2021-11-25T09:47:21</time>
</trkpt>
<trkpt lat="44.113045" lon="5.28328">
<ele>793.1</ele>
<speed>0.7283319</speed>
<time>2021-11-25T09:47:23</time>
</trkpt>
<trkpt lat="44.1130433333333" lon="5.28331833333333">
<ele>793.1</ele>
<speed>0.7365675</speed>
<time>2021-11-25T09:47:24</time>
</trkpt>
<trkpt lat="44.113055" lon="5.28335166666667">
<ele>793.1</ele>
<speed>0.76127416</speed>
<time>2021-11-25T09:47:26</time>
</trkpt>
<trkpt lat="44.1130333333333" lon="5.28341">
<ele>795.56665</ele>
<speed>1.0381948</speed>
<time>2021-11-25T09:47:29</time>
</trkpt>
<trkpt lat="44.11302" lon="5.28342833333333">
<ele>795.56665</ele>
<speed>1.1447423</speed>
<time>2021-11-25T09:47:30</time>
</trkpt>
<trkpt lat="44.1130166666667" lon="5.28344333333333">
<ele>795.56665</ele>
<speed>1.1560661</speed>
<time>2021-11-25T09:47:31</time>
</trkpt>
<trkpt lat="44.1130183333333" lon="5.28345666666667">
<ele>795.56665</ele>
<speed>1.154522</speed>
<time>2021-11-25T09:47:32</time>
</trkpt>
<trkpt lat="44.1130383333333" lon="5.28352">
<ele>795.56665</ele>
<speed>1.0994467</speed>
<time>2021-11-25T09:47:35</time>
</trkpt>
<trkpt lat="44.11305" lon="5.28355166666667">
<ele>795.56665</ele>
<speed>1.1179767</speed>
<time>2021-11-25T09:47:36</time>
</trkpt>
<trkpt lat="44.11306" lon="5.28356833333333">
<ele>795.56665</ele>
<speed>1.0665045</speed>
<time>2021-11-25T09:47:37</time>
</trkpt>
<trkpt lat="44.1130733333333" lon="5.28360166666667">
<ele>797.2</ele>
<speed>0.9177497</speed>
<time>2021-11-25T09:47:39</time>
</trkpt>
<trkpt lat="44.113075" lon="5.283635">
<ele>797.2</ele>
<speed>0.898705</speed>
<time>2021-11-25T09:47:41</time>
</trkpt>
<trkpt lat="44.1130783333333" lon="5.283645">
<ele>797.2</ele>
<speed>0.8945872</speed>
<time>2021-11-25T09:47:42</time>
</trkpt>
<trkpt lat="44.113085" lon="5.28365833333333">
<ele>797.2</ele>
<speed>0.9167203</speed>
<time>2021-11-25T09:47:43</time>
</trkpt>
<trkpt lat="44.1130933333333" lon="5.28369">
<ele>797.2</ele>
<speed>0.8703953</speed>
<time>2021-11-25T09:47:45</time>
</trkpt>
<trkpt lat="44.1130816666667" lon="5.28370166666667">
<ele>797.2</ele>
<speed>0.8426003</speed>
<time>2021-11-25T09:47:46</time>
</trkpt>
<trkpt lat="44.1131016666667" lon="5.28377666666667">
<ele>798.5</ele>
<speed>0.82561445</speed>
<time>2021-11-25T09:47:50</time>
</trkpt>
<trkpt lat="44.113105" lon="5.28379833333333">
<ele>798.5</ele>
<speed>0.86473334</speed>
<time>2021-11-25T09:47:51</time>
</trkpt>
<trkpt lat="44.1131016666667" lon="5.28381333333333">
<ele>798.5</ele>
<speed>0.85649776</speed>
<time>2021-11-25T09:47:53</time>
</trkpt>
<trkpt lat="44.1131066666667" lon="5.28382666666667">
<ele>798.5</ele>
<speed>0.86730695</speed>
<time>2021-11-25T09:47:54</time>
</trkpt>
<trkpt lat="44.11311" lon="5.28383833333333">
<ele>798.5</ele>
<speed>0.86061555</speed>
<time>2021-11-25T09:47:55</time>
</trkpt>
<trkpt lat="44.1131133333333" lon="5.28384166666667">
<ele>798.5</ele>
<speed>0.8240703</speed>
<time>2021-11-25T09:47:56</time>
</trkpt>
<trkpt lat="44.1131233333333" lon="5.28386">
<ele>798.5</ele>
<speed>0.7890692</speed>
<time>2021-11-25T09:47:58</time>
</trkpt>
<trkpt lat="44.1131283333333" lon="5.28388166666667">
<ele>801.43335</ele>
<speed>0.7808336</speed>
<time>2021-11-25T09:48:00</time>
</trkpt>
<trkpt lat="44.1131283333333" lon="5.28390166666667">
<ele>801.43335</ele>
<speed>0.7566417</speed>
<time>2021-11-25T09:48:01</time>
</trkpt>
<trkpt lat="44.1131333333333" lon="5.28392833333333">
<ele>801.43335</ele>
<speed>0.7834072</speed>
<time>2021-11-25T09:48:03</time>
</trkpt>
<trkpt lat="44.1131383333333" lon="5.283945">
<ele>801.43335</ele>
<speed>0.8343647</speed>
<time>2021-11-25T09:48:04</time>
</trkpt>
<trkpt lat="44.1131483333333" lon="5.28398666666667">
<ele>801.43335</ele>
<speed>0.90488166</speed>
<time>2021-11-25T09:48:07</time>
</trkpt>
<trkpt lat="44.113175" lon="5.28402333333333">
<ele>805.93335</ele>
<speed>0.90488166</speed>
<time>2021-11-25T09:48:09</time>
</trkpt>
<trkpt lat="44.113195" lon="5.28403666666667">
<ele>805.93335</ele>
<speed>0.9630453</speed>
<time>2021-11-25T09:48:10</time>
</trkpt>
<trkpt lat="44.1132466666667" lon="5.28407">
<ele>805.93335</ele>
<speed>1.1426834</speed>
<time>2021-11-25T09:48:12</time>
</trkpt>
<trkpt lat="44.1132833333333" lon="5.284115">
<ele>805.93335</ele>
<speed>1.3737936</speed>
<time>2021-11-25T09:48:15</time>
</trkpt>
<trkpt lat="44.113295" lon="5.28413666666667">
<ele>805.93335</ele>
<speed>1.3763672</speed>
<time>2021-11-25T09:48:16</time>
</trkpt>
<trkpt lat="44.1133016666667" lon="5.28415333333333">
<ele>805.93335</ele>
<speed>1.4021033</speed>
<time>2021-11-25T09:48:17</time>
</trkpt>
<trkpt lat="44.11331" lon="5.28417166666667">
<ele>805.93335</ele>
<speed>1.4252658</speed>
<time>2021-11-25T09:48:18</time>
</trkpt>
<trkpt lat="44.1133266666667" lon="5.28421333333333">
<ele>809.3</ele>
<speed>1.4947534</speed>
<time>2021-11-25T09:48:20</time>
</trkpt>
<trkpt lat="44.11332" lon="5.28423166666667">
<ele>809.3</ele>
<speed>1.4309278</speed>
<time>2021-11-25T09:48:21</time>
</trkpt>
<trkpt lat="44.1133066666667" lon="5.284325">
<ele>809.3</ele>
<speed>1.2533486</speed>
<time>2021-11-25T09:48:23</time>
</trkpt>
<trkpt lat="44.1133116666667" lon="5.28436">
<ele>809.3</ele>
<speed>1.213715</speed>
<time>2021-11-25T09:48:24</time>
</trkpt>
<trkpt lat="44.113345" lon="5.28441166666667">
<ele>809.3</ele>
<speed>1.2620989</speed>
<time>2021-11-25T09:48:26</time>
</trkpt>
<trkpt lat="44.1133633333333" lon="5.284415">
<ele>809.3</ele>
<speed>1.306365</speed>
<time>2021-11-25T09:48:27</time>
</trkpt>
<trkpt lat="44.1133716666667" lon="5.284425">
<ele>809.3</ele>
<speed>1.3609256</speed>
<time>2021-11-25T09:48:28</time>
</trkpt>
<trkpt lat="44.113385" lon="5.28442833333333">
<ele>814.8</ele>
<speed>1.274967</speed>
<time>2021-11-25T09:48:29</time>
</trkpt>
<trkpt lat="44.1133733333333" lon="5.28442333333333">
<ele>814.8</ele>
<speed>1.2703345</speed>
<time>2021-11-25T09:48:30</time>
</trkpt>
<trkpt lat="44.1133683333333" lon="5.28443666666667">
<ele>814.8</ele>
<speed>1.250775</speed>
<time>2021-11-25T09:48:31</time>
</trkpt>
<trkpt lat="44.11338" lon="5.28445">
<ele>814.8</ele>
<speed>1.2548928</speed>
<time>2021-11-25T09:48:32</time>
</trkpt>
<trkpt lat="44.1133883333333" lon="5.28445833333333">
<ele>814.8</ele>
<speed>1.2034205</speed>
<time>2021-11-25T09:48:33</time>
</trkpt>
<trkpt lat="44.1133966666667" lon="5.28447166666667">
<ele>814.8</ele>
<speed>1.20445</speed>
<time>2021-11-25T09:48:34</time>
</trkpt>
<trkpt lat="44.1134" lon="5.28448666666667">
<ele>814.8</ele>
<speed>1.2183475</speed>
<time>2021-11-25T09:48:35</time>
</trkpt>
<trkpt lat="44.1134016666667" lon="5.28450333333333">
<ele>814.8</ele>
<speed>0.9110583</speed>
<time>2021-11-25T09:48:37</time>
</trkpt>
<trkpt lat="44.1134066666667" lon="5.284505">
<ele>814.8</ele>
<speed>0.7700244</speed>
<time>2021-11-25T09:48:38</time>
</trkpt>
<trkpt lat="44.1134016666667" lon="5.28450666666667">
<ele>818.23334</ele>
<speed>0.7242142</speed>
<time>2021-11-25T09:48:39</time>
</trkpt>
<trkpt lat="44.1134466666667" lon="5.28480166666667">
<ele>823.0</ele>
<speed>1.1745961</speed>
<time>2021-11-25T09:48:55</time>
</trkpt>
<trkpt lat="44.1134566666667" lon="5.2848">
<ele>823.0</ele>
<speed>1.2497456</speed>
<time>2021-11-25T09:48:56</time>
</trkpt>
<trkpt lat="44.1134766666667" lon="5.28481166666667">
<ele>823.0</ele>
<speed>1.2595253</speed>
<time>2021-11-25T09:48:57</time>
</trkpt>
<trkpt lat="44.1135066666667" lon="5.28478166666667">
<ele>824.8333</ele>
<speed>1.2482014</speed>
<time>2021-11-25T09:48:59</time>
</trkpt>
<trkpt lat="44.11351" lon="5.28479166666667">
<ele>824.8333</ele>
<speed>1.1982733</speed>
<time>2021-11-25T09:49:00</time>
</trkpt>
<trkpt lat="44.113535" lon="5.28479">
<ele>824.8333</ele>
<speed>1.022753</speed>
<time>2021-11-25T09:49:03</time>
</trkpt>
<trkpt lat="44.1135466666667" lon="5.28478333333333">
<ele>824.8333</ele>
<speed>0.8940725</speed>
<time>2021-11-25T09:49:04</time>
</trkpt>
<trkpt lat="44.113565" lon="5.28478">
<ele>824.8333</ele>
<speed>0.67531556</speed>
<time>2021-11-25T09:49:06</time>
</trkpt>
<trkpt lat="44.1135783333333" lon="5.28479666666667">
<ele>824.8333</ele>
<speed>0.72267</speed>
<time>2021-11-25T09:49:08</time>
</trkpt>
<trkpt lat="44.1135866666667" lon="5.28482">
<ele>827.8333</ele>
<speed>0.8184083</speed>
<time>2021-11-25T09:49:11</time>
</trkpt>
<trkpt lat="44.1135866666667" lon="5.284845">
<ele>827.8333</ele>
<speed>0.8642186</speed>
<time>2021-11-25T09:49:13</time>
</trkpt>
<trkpt lat="44.1135716666667" lon="5.28486666666667">
<ele>827.8333</ele>
<speed>1.0196648</speed>
<time>2021-11-25T09:49:15</time>
</trkpt>
<trkpt lat="44.11356" lon="5.284965">
<ele>829.4</ele>
<speed>1.2193769</speed>
<time>2021-11-25T09:49:19</time>
</trkpt>
<trkpt lat="44.1135583333333" lon="5.28497666666667">
<ele>829.4</ele>
<speed>1.2291566</speed>
<time>2021-11-25T09:49:20</time>
</trkpt>
<trkpt lat="44.11354" lon="5.28502833333333">
<ele>829.4</ele>
<speed>1.287835</speed>
<time>2021-11-25T09:49:22</time>
</trkpt>
<trkpt lat="44.1135516666667" lon="5.28506">
<ele>829.4</ele>
<speed>1.2893791</speed>
<time>2021-11-25T09:49:24</time>
</trkpt>
<trkpt lat="44.1135583333333" lon="5.28506166666667">
<ele>829.4</ele>
<speed>1.1591544</speed>
<time>2021-11-25T09:49:25</time>
</trkpt>
<trkpt lat="44.113555" lon="5.28506833333333">
<ele>829.4</ele>
<speed>1.0670192</speed>
<time>2021-11-25T09:49:26</time>
</trkpt>
<trkpt lat="44.1135616666667" lon="5.285075">
<ele>829.4</ele>
<speed>0.9481183</speed>
<time>2021-11-25T09:49:27</time>
</trkpt>
<trkpt lat="44.1135716666667" lon="5.28508333333333">
<ele>829.4</ele>
<speed>0.8575272</speed>
<time>2021-11-25T09:49:28</time>
</trkpt>
<trkpt lat="44.1135666666667" lon="5.2851">
<ele>828.8</ele>
<speed>0.8235555</speed>
<time>2021-11-25T09:49:29</time>
</trkpt>
<trkpt lat="44.1135683333333" lon="5.28513333333333">
<ele>828.8</ele>
<speed>0.7406853</speed>
<time>2021-11-25T09:49:31</time>
</trkpt>
<trkpt lat="44.1135766666667" lon="5.28514833333333">
<ele>828.8</ele>
<speed>0.6974486</speed>
<time>2021-11-25T09:49:33</time>
</trkpt>
<trkpt lat="44.1136116666667" lon="5.2852">
<ele>828.43335</ele>
<speed>0.71443444</speed>
<time>2021-11-25T09:49:39</time>
</trkpt>
<trkpt lat="44.1136466666667" lon="5.28528">
<ele>828.43335</ele>
<speed>0.7252436</speed>
<time>2021-11-25T09:49:46</time>
</trkpt>
<trkpt lat="44.11365" lon="5.28531166666667">
<ele>828.43335</ele>
<speed>0.811717</speed>
<time>2021-11-25T09:49:48</time>
</trkpt>
<trkpt lat="44.1136683333333" lon="5.28532666666667">
<ele>828.5</ele>
<speed>0.8199525</speed>
<time>2021-11-25T09:49:49</time>
</trkpt>
<trkpt lat="44.11368" lon="5.285395">
<ele>828.5</ele>
<speed>0.9445153</speed>
<time>2021-11-25T09:49:52</time>
</trkpt>
<trkpt lat="44.1136866666667" lon="5.28541">
<ele>828.5</ele>
<speed>0.9362797</speed>
<time>2021-11-25T09:49:53</time>
</trkpt>
<trkpt lat="44.1137" lon="5.28542833333333">
<ele>828.5</ele>
<speed>0.9939286</speed>
<time>2021-11-25T09:49:54</time>
</trkpt>
<trkpt lat="44.11371" lon="5.28544333333333">
<ele>828.5</ele>
<speed>1.071137</speed>
<time>2021-11-25T09:49:55</time>
</trkpt>
<trkpt lat="44.11375" lon="5.28548333333333">
<ele>828.5</ele>
<speed>1.2873203</speed>
<time>2021-11-25T09:49:57</time>
</trkpt>
<trkpt lat="44.113765" lon="5.28549833333333">
<ele>828.5</ele>
<speed>1.3274686</speed>
<time>2021-11-25T09:49:58</time>
</trkpt>
<trkpt lat="44.1137833333333" lon="5.285505">
<ele>828.4</ele>
<speed>1.3182036</speed>
<time>2021-11-25T09:49:59</time>
</trkpt>
<trkpt lat="44.1137933333333" lon="5.285515">
<ele>828.4</ele>
<speed>1.2826878</speed>
<time>2021-11-25T09:50:00</time>
</trkpt>
<trkpt lat="44.1137883333333" lon="5.28553">
<ele>828.4</ele>
<speed>1.2018764</speed>
<time>2021-11-25T09:50:01</time>
</trkpt>
<trkpt lat="44.1138" lon="5.28553833333333">
<ele>828.4</ele>
<speed>1.1468011</speed>
<time>2021-11-25T09:50:02</time>
</trkpt>
<trkpt lat="44.113795" lon="5.28555333333333">
<ele>828.4</ele>
<speed>1.1936408</speed>
<time>2021-11-25T09:50:03</time>
</trkpt>
<trkpt lat="44.1138066666667" lon="5.28558666666667">
<ele>828.4</ele>
<speed>1.1401098</speed>
<time>2021-11-25T09:50:05</time>
</trkpt>
<trkpt lat="44.113825" lon="5.285605">
<ele>828.4</ele>
<speed>1.0870934</speed>
<time>2021-11-25T09:50:06</time>
</trkpt>
<trkpt lat="44.11383" lon="5.28562">
<ele>828.4</ele>
<speed>0.98106056</speed>
<time>2021-11-25T09:50:07</time>
</trkpt>
<trkpt lat="44.113845" lon="5.28564">
<ele>828.4</ele>
<speed>0.92083806</speed>
<time>2021-11-25T09:50:08</time>
</trkpt>
<trkpt lat="44.1138583333333" lon="5.28566166666667">
<ele>828.7</ele>
<speed>0.9517214</speed>
<time>2021-11-25T09:50:09</time>
</trkpt>
<trkpt lat="44.1138766666667" lon="5.28570333333333">
<ele>828.7</ele>
<speed>1.1205503</speed>
<time>2021-11-25T09:50:11</time>
</trkpt>
<trkpt lat="44.1138716666667" lon="5.28573">
<ele>828.7</ele>
<speed>1.2358481</speed>
<time>2021-11-25T09:50:12</time>
</trkpt>
<trkpt lat="44.11387" lon="5.28574833333333">
<ele>828.7</ele>
<speed>1.2209212</speed>
<time>2021-11-25T09:50:13</time>
</trkpt>
<trkpt lat="44.113875" lon="5.285775">
<ele>828.7</ele>
<speed>1.2723933</speed>
<time>2021-11-25T09:50:14</time>
</trkpt>
<trkpt lat="44.11388" lon="5.28583666666667">
<ele>828.7</ele>
<speed>1.3634992</speed>
<time>2021-11-25T09:50:17</time>
</trkpt>
<trkpt lat="44.113885" lon="5.28585">
<ele>828.7</ele>
<speed>1.3022472</speed>
<time>2021-11-25T09:50:18</time>
</trkpt>
<trkpt lat="44.1139" lon="5.28589333333333">
<ele>829.0</ele>
<speed>1.2646725</speed>
<time>2021-11-25T09:50:20</time>
</trkpt>
<trkpt lat="44.1138966666667" lon="5.28591">
<ele>829.0</ele>
<speed>1.2132003</speed>
<time>2021-11-25T09:50:21</time>
</trkpt>
<trkpt lat="44.1138933333333" lon="5.28594">
<ele>829.0</ele>
<speed>1.07474</speed>
<time>2021-11-25T09:50:23</time>
</trkpt>
<trkpt lat="44.1138916666667" lon="5.28598166666667">
<ele>829.0</ele>
<speed>0.88944</speed>
<time>2021-11-25T09:50:25</time>
</trkpt>
<trkpt lat="44.11389" lon="5.28600333333333">
<ele>829.0</ele>
<speed>0.83282053</speed>
<time>2021-11-25T09:50:26</time>
</trkpt>
<trkpt lat="44.11389" lon="5.28604666666667">
<ele>829.0</ele>
<speed>0.95326555</speed>
<time>2021-11-25T09:50:28</time>
</trkpt>
<trkpt lat="44.113885" lon="5.28608166666667">
<ele>828.8</ele>
<speed>0.9604717</speed>
<time>2021-11-25T09:50:29</time>
</trkpt>
<trkpt lat="44.1139183333333" lon="5.28613">
<ele>828.8</ele>
<speed>0.92804414</speed>
<time>2021-11-25T09:50:31</time>
</trkpt>
<trkpt lat="44.1139333333333" lon="5.28617833333333">
<ele>828.8</ele>
<speed>0.9620158</speed>
<time>2021-11-25T09:50:33</time>
</trkpt>
<trkpt lat="44.1139333333333" lon="5.286205">
<ele>828.8</ele>
<speed>0.98209</speed>
<time>2021-11-25T09:50:34</time>
</trkpt>
<trkpt lat="44.1139416666667" lon="5.28632">
<ele>828.8</ele>
<speed>1.2065089</speed>
<time>2021-11-25T09:50:38</time>
</trkpt>
<trkpt lat="44.1139366666667" lon="5.28634333333333">
<ele>825.8333</ele>
<speed>1.2759964</speed>
<time>2021-11-25T09:50:39</time>
</trkpt>
<trkpt lat="44.113935" lon="5.28639166666667">
<ele>825.8333</ele>
<speed>1.3588667</speed>
<time>2021-11-25T09:50:41</time>
</trkpt>
<trkpt lat="44.1139366666667" lon="5.28640833333333">
<ele>825.8333</ele>
<speed>1.3907795</speed>
<time>2021-11-25T09:50:42</time>
</trkpt>
<trkpt lat="44.1139383333333" lon="5.28644666666667">
<ele>825.8333</ele>
<speed>1.3058503</speed>
<time>2021-11-25T09:50:44</time>
</trkpt>
<trkpt lat="44.11393" lon="5.28650333333333">
<ele>825.8333</ele>
<speed>1.1725372</speed>
<time>2021-11-25T09:50:47</time>
</trkpt>
<trkpt lat="44.1139183333333" lon="5.28652833333333">
<ele>825.8333</ele>
<speed>1.0886375</speed>
<time>2021-11-25T09:50:48</time>
</trkpt>
<trkpt lat="44.1138816666667" lon="5.28655">
<ele>824.7</ele>
<speed>1.0366505</speed>
<time>2021-11-25T09:50:49</time>
</trkpt>
<trkpt lat="44.1138633333333" lon="5.28658333333333">
<ele>824.7</ele>
<speed>1.0263561</speed>
<time>2021-11-25T09:50:51</time>
</trkpt>
<trkpt lat="44.1138533333333" lon="5.28660166666667">
<ele>824.7</ele>
<speed>1.0999614</speed>
<time>2021-11-25T09:50:52</time>
</trkpt>
<trkpt lat="44.1138383333333" lon="5.28664333333333">
<ele>824.7</ele>
<speed>1.1756256</speed>
<time>2021-11-25T09:50:54</time>
</trkpt>
<trkpt lat="44.11384" lon="5.28666333333333">
<ele>824.7</ele>
<speed>1.2204064</speed>
<time>2021-11-25T09:50:55</time>
</trkpt>
<trkpt lat="44.1138283333333" lon="5.28673166666667">
<ele>824.7</ele>
<speed>1.306365</speed>
<time>2021-11-25T09:50:58</time>
</trkpt>
<trkpt lat="44.1138183333333" lon="5.28674333333333">
<ele>823.3</ele>
<speed>1.2996736</speed>
<time>2021-11-25T09:50:59</time>
</trkpt>
<trkpt lat="44.1138133333333" lon="5.28675333333333">
<ele>823.3</ele>
<speed>1.2620989</speed>
<time>2021-11-25T09:51:00</time>
</trkpt>
<trkpt lat="44.1138066666667" lon="5.286775">
<ele>823.3</ele>
<speed>1.2430542</speed>
<time>2021-11-25T09:51:02</time>
</trkpt>
<trkpt lat="44.1137883333333" lon="5.28682666666667">
<ele>823.3</ele>
<speed>1.198788</speed>
<time>2021-11-25T09:51:06</time>
</trkpt>
<trkpt lat="44.1137783333333" lon="5.28684166666667">
<ele>823.3</ele>
<speed>1.2008469</speed>
<time>2021-11-25T09:51:07</time>
</trkpt>
<trkpt lat="44.1137733333333" lon="5.28684833333333">
<ele>823.3</ele>
<speed>1.1910672</speed>
<time>2021-11-25T09:51:08</time>
</trkpt>
<trkpt lat="44.1137666666667" lon="5.28686166666667">
<ele>820.9</ele>
<speed>1.1818023</speed>
<time>2021-11-25T09:51:09</time>
</trkpt>
<trkpt lat="44.1137583333333" lon="5.28688333333333">
<ele>820.9</ele>
<speed>1.1956997</speed>
<time>2021-11-25T09:51:10</time>
</trkpt>
<trkpt lat="44.1137383333333" lon="5.28691333333333">
<ele>820.9</ele>
<speed>1.1411391</speed>
<time>2021-11-25T09:51:12</time>
</trkpt>
<trkpt lat="44.1137316666667" lon="5.28692833333333">
<ele>820.9</ele>
<speed>1.124668</speed>
<time>2021-11-25T09:51:13</time>
</trkpt>
<trkpt lat="44.1136966666667" lon="5.28695666666667">
<ele>820.9</ele>
<speed>1.1509188</speed>
<time>2021-11-25T09:51:15</time>
</trkpt>
<trkpt lat="44.113685" lon="5.28698666666667">
<ele>820.9</ele>
<speed>1.0984172</speed>
<time>2021-11-25T09:51:17</time>
</trkpt>
<trkpt lat="44.1136766666667" lon="5.28702666666667">
<ele>819.2</ele>
<speed>1.1071675</speed>
<time>2021-11-25T09:51:19</time>
</trkpt>
<trkpt lat="44.1136816666667" lon="5.28705166666667">
<ele>819.2</ele>
<speed>1.0865786</speed>
<time>2021-11-25T09:51:20</time>
</trkpt>
<trkpt lat="44.1136916666667" lon="5.28707166666667">
<ele>819.2</ele>
<speed>1.0922406</speed>
<time>2021-11-25T09:51:21</time>
</trkpt>
<trkpt lat="44.1137016666667" lon="5.28711">
<ele>819.2</ele>
<speed>1.0876081</speed>
<time>2021-11-25T09:51:23</time>
</trkpt>
<trkpt lat="44.1137383333333" lon="5.28716166666667">
<ele>819.2</ele>
<speed>1.028415</speed>
<time>2021-11-25T09:51:26</time>
</trkpt>
<trkpt lat="44.1137533333333" lon="5.28718333333333">
<ele>819.2</ele>
<speed>1.0258414</speed>
<time>2021-11-25T09:51:27</time>
</trkpt>
<trkpt lat="44.1137733333333" lon="5.28720333333333">
<ele>819.2</ele>
<speed>1.0752547</speed>
<time>2021-11-25T09:51:28</time>
</trkpt>
<trkpt lat="44.1137883333333" lon="5.287225">
<ele>818.2</ele>
<speed>1.1004761</speed>
<time>2021-11-25T09:51:29</time>
</trkpt>
<trkpt lat="44.1138216666667" lon="5.28726333333333">
<ele>818.2</ele>
<speed>1.2070236</speed>
<time>2021-11-25T09:51:31</time>
</trkpt>
<trkpt lat="44.1138616666667" lon="5.287305">
<ele>818.2</ele>
<speed>1.3269539</speed>
<time>2021-11-25T09:51:33</time>
</trkpt>
<trkpt lat="44.1138733333333" lon="5.28731833333333">
<ele>818.2</ele>
<speed>1.3444544</speed>
<time>2021-11-25T09:51:34</time>
</trkpt>
<trkpt lat="44.11389" lon="5.28733666666667">
<ele>818.2</ele>
<speed>1.3892353</speed>
<time>2021-11-25T09:51:35</time>
</trkpt>
<trkpt lat="44.1139033333333" lon="5.28735833333333">
<ele>818.2</ele>
<speed>1.4690173</speed>
<time>2021-11-25T09:51:36</time>
</trkpt>
<trkpt lat="44.1139083333333" lon="5.28737833333333">
<ele>818.2</ele>
<speed>1.4762233</speed>
<time>2021-11-25T09:51:37</time>
</trkpt>
<trkpt lat="44.1139183333333" lon="5.28739833333333">
<ele>818.2</ele>
<speed>1.4412222</speed>
<time>2021-11-25T09:51:38</time>
</trkpt>
<trkpt lat="44.1139433333333" lon="5.28744333333333">
<ele>817.3333</ele>
<speed>1.5091655</speed>
<time>2021-11-25T09:51:40</time>
</trkpt>
<trkpt lat="44.1139433333333" lon="5.28750833333333">
<ele>817.3333</ele>
<speed>1.5606378</speed>
<time>2021-11-25T09:51:41</time>
</trkpt>
<trkpt lat="44.1139566666667" lon="5.28752333333333">
<ele>817.3333</ele>
<speed>1.5297544</speed>
<time>2021-11-25T09:51:42</time>
</trkpt>
<trkpt lat="44.1139566666667" lon="5.28763166666667">
<ele>817.3333</ele>
<speed>1.4278394</speed>
<time>2021-11-25T09:51:47</time>
</trkpt>
<trkpt lat="44.1139483333333" lon="5.28765166666667">
<ele>817.3333</ele>
<speed>1.3794556</speed>
<time>2021-11-25T09:51:48</time>
</trkpt>
<trkpt lat="44.11396" lon="5.287675">
<ele>824.43335</ele>
<speed>1.3480575</speed>
<time>2021-11-25T09:51:49</time>
</trkpt>
<trkpt lat="44.114025" lon="5.28773666666667">
<ele>824.43335</ele>
<speed>1.1761403</speed>
<time>2021-11-25T09:51:54</time>
</trkpt>
<trkpt lat="44.1140333333333" lon="5.28777666666667">
<ele>824.43335</ele>
<speed>1.2059941</speed>
<time>2021-11-25T09:51:56</time>
</trkpt>
<trkpt lat="44.11404" lon="5.28780333333333">
<ele>824.43335</ele>
<speed>1.2482014</speed>
<time>2021-11-25T09:51:57</time>
</trkpt>
<trkpt lat="44.1140683333333" lon="5.28787833333333">
<ele>824.5</ele>
<speed>1.14886</speed>
<time>2021-11-25T09:52:01</time>
</trkpt>
<trkpt lat="44.1140833333333" lon="5.28791333333333">
<ele>824.5</ele>
<speed>1.195185</speed>
<time>2021-11-25T09:52:02</time>
</trkpt>
<trkpt lat="44.11411" lon="5.28795166666667">
<ele>824.5</ele>
<speed>1.2626137</speed>
<time>2021-11-25T09:52:04</time>
</trkpt>
<trkpt lat="44.1141383333333" lon="5.28797">
<ele>824.5</ele>
<speed>1.2502602</speed>
<time>2021-11-25T09:52:05</time>
</trkpt>
<trkpt lat="44.11419" lon="5.28799">
<ele>824.5</ele>
<speed>1.2574664</speed>
<time>2021-11-25T09:52:07</time>
</trkpt>
<trkpt lat="44.11422" lon="5.28805333333333">
<ele>822.4</ele>
<speed>1.3084239</speed>
<time>2021-11-25T09:52:09</time>
</trkpt>
<trkpt lat="44.1142233333333" lon="5.28807833333333">
<ele>822.4</ele>
<speed>1.3562931</speed>
<time>2021-11-25T09:52:10</time>
</trkpt>
<trkpt lat="44.1142366666667" lon="5.28827166666667">
<ele>822.4</ele>
<speed>1.467473</speed>
<time>2021-11-25T09:52:17</time>
</trkpt>
<trkpt lat="44.1142233333333" lon="5.28829166666667">
<ele>822.4</ele>
<speed>1.4340161</speed>
<time>2021-11-25T09:52:18</time>
</trkpt>
<trkpt lat="44.1142216666667" lon="5.288305">
<ele>821.8</ele>
<speed>1.3737936</speed>
<time>2021-11-25T09:52:19</time>
</trkpt>
<trkpt lat="44.1142133333333" lon="5.28832833333333">
<ele>821.8</ele>
<speed>1.3521752</speed>
<time>2021-11-25T09:52:20</time>
</trkpt>
<trkpt lat="44.1142133333333" lon="5.28834833333333">
<ele>821.8</ele>
<speed>1.3511459</speed>
<time>2021-11-25T09:52:21</time>
</trkpt>
<trkpt lat="44.114225" lon="5.288405">
<ele>821.8</ele>
<speed>1.250775</speed>
<time>2021-11-25T09:52:23</time>
</trkpt>
<trkpt lat="44.1142266666667" lon="5.28843666666667">
<ele>821.8</ele>
<speed>1.2399658</speed>
<time>2021-11-25T09:52:24</time>
</trkpt>
<trkpt lat="44.1142283333333" lon="5.288455">
<ele>821.8</ele>
<speed>1.1668752</speed>
<time>2021-11-25T09:52:25</time>
</trkpt>
<trkpt lat="44.1142366666667" lon="5.288465">
<ele>821.8</ele>
<speed>1.1370214</speed>
<time>2021-11-25T09:52:26</time>
</trkpt>
<trkpt lat="44.1142183333333" lon="5.28852833333333">
<ele>821.8</ele>
<speed>1.0762842</speed>
<time>2021-11-25T09:52:27</time>
</trkpt>
<trkpt lat="44.1142233333333" lon="5.28853166666667">
<ele>821.8</ele>
<speed>0.99495804</speed>
<time>2021-11-25T09:52:28</time>
</trkpt>
<trkpt lat="44.1142316666667" lon="5.28855166666667">
<ele>821.6</ele>
<speed>0.92907363</speed>
<time>2021-11-25T09:52:29</time>
</trkpt>
<trkpt lat="44.1142266666667" lon="5.28857166666667">
<ele>821.6</ele>
<speed>0.8343647</speed>
<time>2021-11-25T09:52:30</time>
</trkpt>
<trkpt lat="44.1142116666667" lon="5.28862">
<ele>821.6</ele>
<speed>0.6094311</speed>
<time>2021-11-25T09:52:33</time>
</trkpt>
<trkpt lat="44.1142116666667" lon="5.28862666666667">
<ele>821.6</ele>
<speed>0.5811214</speed>
<time>2021-11-25T09:52:34</time>
</trkpt>
<trkpt lat="44.1142033333333" lon="5.28866666666667">
<ele>821.6</ele>
<speed>0.5404583</speed>
<time>2021-11-25T09:52:36</time>
</trkpt>
<trkpt lat="44.1142133333333" lon="5.28868166666667">
<ele>821.6</ele>
<speed>0.6120047</speed>
<time>2021-11-25T09:52:37</time>
</trkpt>
<trkpt lat="44.11424" lon="5.288725">
<ele>825.2</ele>
<speed>0.88892525</speed>
<time>2021-11-25T09:52:40</time>
</trkpt>
<trkpt lat="44.114245" lon="5.28873833333333">
<ele>825.2</ele>
<speed>0.95995694</speed>
<time>2021-11-25T09:52:41</time>
</trkpt>
<trkpt lat="44.1142483333333" lon="5.288755">
<ele>825.2</ele>
<speed>0.95583916</speed>
<time>2021-11-25T09:52:42</time>
</trkpt>
<trkpt lat="44.11426" lon="5.28877833333333">
<ele>825.2</ele>
<speed>0.90745527</speed>
<time>2021-11-25T09:52:44</time>
</trkpt>
<trkpt lat="44.1142583333333" lon="5.2888">
<ele>825.2</ele>
<speed>0.90436697</speed>
<time>2021-11-25T09:52:46</time>
</trkpt>
<trkpt lat="44.1142683333333" lon="5.28881">
<ele>825.2</ele>
<speed>0.90436697</speed>
<time>2021-11-25T09:52:47</time>
</trkpt>
<trkpt lat="44.1142783333333" lon="5.288825">
<ele>825.2</ele>
<speed>0.8878958</speed>
<time>2021-11-25T09:52:48</time>
</trkpt>
<trkpt lat="44.1142783333333" lon="5.28885333333333">
<ele>824.2</ele>
<speed>0.9167203</speed>
<time>2021-11-25T09:52:49</time>
</trkpt>
<trkpt lat="44.1142833333333" lon="5.28896166666667">
<ele>824.2</ele>
<speed>1.419604</speed>
<time>2021-11-25T09:52:54</time>
</trkpt>
<trkpt lat="44.1142816666667" lon="5.288985">
<ele>824.2</ele>
<speed>1.5812267</speed>
<time>2021-11-25T09:52:55</time>
</trkpt>
<trkpt lat="44.11428" lon="5.28902666666667">
<ele>824.2</ele>
<speed>1.6996127</speed>
<time>2021-11-25T09:52:56</time>
</trkpt>
<trkpt lat="44.1142883333333" lon="5.28913666666667">
<ele>821.8</ele>
<speed>1.9713861</speed>
<time>2021-11-25T09:53:00</time>
</trkpt>
<trkpt lat="44.1142933333333" lon="5.28915">
<ele>821.8</ele>
<speed>1.9667536</speed>
<time>2021-11-25T09:53:01</time>
</trkpt>
<trkpt lat="44.1143116666667" lon="5.28917">
<ele>821.8</ele>
<speed>2.004843</speed>
<time>2021-11-25T09:53:02</time>
</trkpt>
<trkpt lat="44.1143166666667" lon="5.28918">
<ele>821.8</ele>
<speed>1.9960928</speed>
<time>2021-11-25T09:53:03</time>
</trkpt>
<trkpt lat="44.1143133333333" lon="5.289195">
<ele>821.8</ele>
<speed>1.8288081</speed>
<time>2021-11-25T09:53:04</time>
</trkpt>
<trkpt lat="44.1143033333333" lon="5.28921666666667">
<ele>821.8</ele>
<speed>1.7443936</speed>
<time>2021-11-25T09:53:05</time>
</trkpt>
<trkpt lat="44.1143133333333" lon="5.28925166666667">
<ele>821.8</ele>
<speed>1.552917</speed>
<time>2021-11-25T09:53:07</time>
</trkpt>
<trkpt lat="44.1143083333333" lon="5.28927">
<ele>821.8</ele>
<speed>1.4262953</speed>
<time>2021-11-25T09:53:08</time>
</trkpt>
<trkpt lat="44.1143133333333" lon="5.28928333333333">
<ele>818.76666</ele>
<speed>1.324895</speed>
<time>2021-11-25T09:53:09</time>
</trkpt>
<trkpt lat="44.114325" lon="5.28928666666667">
<ele>818.76666</ele>
<speed>1.2348186</speed>
<time>2021-11-25T09:53:10</time>
</trkpt>
<trkpt lat="44.1143283333333" lon="5.289295">
<ele>818.76666</ele>
<speed>1.1570956</speed>
<time>2021-11-25T09:53:11</time>
</trkpt>
<trkpt lat="44.1143466666667" lon="5.28930666666667">
<ele>818.76666</ele>
<speed>1.0973878</speed>
<time>2021-11-25T09:53:12</time>
</trkpt>
<trkpt lat="44.11434" lon="5.28933166666667">
<ele>818.76666</ele>
<speed>1.108197</speed>
<time>2021-11-25T09:53:13</time>
</trkpt>
<trkpt lat="44.114345" lon="5.289345">
<ele>818.76666</ele>
<speed>1.1200355</speed>
<time>2021-11-25T09:53:14</time>
</trkpt>
<trkpt lat="44.114345" lon="5.28935833333333">
<ele>818.76666</ele>
<speed>1.1087117</speed>
<time>2021-11-25T09:53:15</time>
</trkpt>
<trkpt lat="44.1143533333333" lon="5.289375">
<ele>818.76666</ele>
<speed>1.1118</speed>
<time>2021-11-25T09:53:16</time>
</trkpt>
<trkpt lat="44.11436" lon="5.28939">
<ele>818.76666</ele>
<speed>1.0989319</speed>
<time>2021-11-25T09:53:17</time>
</trkpt>
<trkpt lat="44.1143683333333" lon="5.289405">
<ele>818.76666</ele>
<speed>1.0942994</speed>
<time>2021-11-25T09:53:18</time>
</trkpt>
<trkpt lat="44.1143766666667" lon="5.28942666666667">
<ele>814.9</ele>
<speed>1.0917258</speed>
<time>2021-11-25T09:53:20</time>
</trkpt>
<trkpt lat="44.11439" lon="5.28943666666667">
<ele>814.9</ele>
<speed>1.1087117</speed>
<time>2021-11-25T09:53:21</time>
</trkpt>
<trkpt lat="44.114425" lon="5.28949">
<ele>814.9</ele>
<speed>1.0603278</speed>
<time>2021-11-25T09:53:24</time>
</trkpt>
<trkpt lat="44.1144283333333" lon="5.289505">
<ele>814.9</ele>
<speed>1.0438566</speed>
<time>2021-11-25T09:53:25</time>
</trkpt>
<trkpt lat="44.1144266666667" lon="5.28952666666667">
<ele>814.9</ele>
<speed>1.0819461</speed>
<time>2021-11-25T09:53:26</time>
</trkpt>
<trkpt lat="44.114435" lon="5.28954">
<ele>814.9</ele>
<speed>1.0757694</speed>
<time>2021-11-25T09:53:27</time>
</trkpt>
<trkpt lat="44.1144516666667" lon="5.289545">
<ele>814.9</ele>
<speed>1.046945</speed>
<time>2021-11-25T09:53:28</time>
</trkpt>
<trkpt lat="44.1144583333333" lon="5.289575">
<ele>813.1</ele>
<speed>1.1241534</speed>
<time>2021-11-25T09:53:30</time>
</trkpt>
<trkpt lat="44.1144933333333" lon="5.28961">
<ele>813.1</ele>
<speed>1.1087117</speed>
<time>2021-11-25T09:53:32</time>
</trkpt>
<trkpt lat="44.1145083333333" lon="5.289615">
<ele>813.1</ele>
<speed>1.1051086</speed>
<time>2021-11-25T09:53:33</time>
</trkpt>
<trkpt lat="44.1145333333333" lon="5.28963166666667">
<ele>813.1</ele>
<speed>1.0876081</speed>
<time>2021-11-25T09:53:34</time>
</trkpt>
<trkpt lat="44.11454" lon="5.28963333333333">
<ele>813.1</ele>
<speed>1.0109144</speed>
<time>2021-11-25T09:53:35</time>
</trkpt>
<trkpt lat="44.1145566666667" lon="5.28968333333333">
<ele>813.1</ele>
<speed>1.13033</speed>
<time>2021-11-25T09:53:37</time>
</trkpt>
<trkpt lat="44.1145533333333" lon="5.2897">
<ele>813.1</ele>
<speed>1.1226091</speed>
<time>2021-11-25T09:53:38</time>
</trkpt>
<trkpt lat="44.1145483333333" lon="5.28972333333333">
<ele>811.2</ele>
<speed>1.1447423</speed>
<time>2021-11-25T09:53:39</time>
</trkpt>
<trkpt lat="44.1145383333333" lon="5.28976333333333">
<ele>811.2</ele>
<speed>1.1725372</speed>
<time>2021-11-25T09:53:41</time>
</trkpt>
<trkpt lat="44.1145366666667" lon="5.28978333333333">
<ele>811.2</ele>
<speed>1.2224653</speed>
<time>2021-11-25T09:53:42</time>
</trkpt>
<trkpt lat="44.1145433333333" lon="5.28980166666667">
<ele>811.2</ele>
<speed>1.2090825</speed>
<time>2021-11-25T09:53:43</time>
</trkpt>
<trkpt lat="44.1145416666667" lon="5.28982333333333">
<ele>811.2</ele>
<speed>1.2543781</speed>
<time>2021-11-25T09:53:44</time>
</trkpt>
<trkpt lat="44.11455" lon="5.28985">
<ele>811.2</ele>
<speed>1.2183475</speed>
<time>2021-11-25T09:53:46</time>
</trkpt>
<trkpt lat="44.1145566666667" lon="5.28985833333333">
<ele>811.2</ele>
<speed>1.0731958</speed>
<time>2021-11-25T09:53:47</time>
</trkpt>
<trkpt lat="44.11456" lon="5.28987">
<ele>811.2</ele>
<speed>1.0351064</speed>
<time>2021-11-25T09:53:48</time>
</trkpt>
<trkpt lat="44.1145583333333" lon="5.28987833333333">
<ele>812.3</ele>
<speed>0.9723103</speed>
<time>2021-11-25T09:53:49</time>
</trkpt>
<trkpt lat="44.1145533333333" lon="5.289895">
<ele>812.3</ele>
<speed>0.9645894</speed>
<time>2021-11-25T09:53:50</time>
</trkpt>
<trkpt lat="44.1145466666667" lon="5.289915">
<ele>812.3</ele>
<speed>0.8817192</speed>
<time>2021-11-25T09:53:51</time>
</trkpt>
<trkpt lat="44.1145716666667" lon="5.28995166666667">
<ele>812.3</ele>
<speed>0.8426003</speed>
<time>2021-11-25T09:53:53</time>
</trkpt>
<trkpt lat="44.1145883333333" lon="5.28998166666667">
<ele>812.3</ele>
<speed>0.77826</speed>
<time>2021-11-25T09:53:55</time>
</trkpt>
<trkpt lat="44.114595" lon="5.28998666666667">
<ele>812.3</ele>
<speed>0.731935</speed>
<time>2021-11-25T09:53:56</time>
</trkpt>
<trkpt lat="44.1145916666667" lon="5.29004833333333">
<ele>816.8</ele>
<speed>0.89510196</speed>
<time>2021-11-25T09:53:59</time>
</trkpt>
<trkpt lat="44.1146233333333" lon="5.29010833333333">
<ele>816.8</ele>
<speed>0.8642186</speed>
<time>2021-11-25T09:54:03</time>
</trkpt>
<trkpt lat="44.1146483333333" lon="5.29014833333333">
<ele>816.8</ele>
<speed>0.9187792</speed>
<time>2021-11-25T09:54:05</time>
</trkpt>
<trkpt lat="44.114655" lon="5.29017666666667">
<ele>816.8</ele>
<speed>1.0253266</speed>
<time>2021-11-25T09:54:06</time>
</trkpt>
<trkpt lat="44.1147116666667" lon="5.29023333333333">
<ele>818.6</ele>
<speed>1.1195208</speed>
<time>2021-11-25T09:54:11</time>
</trkpt>
<trkpt lat="44.1147166666667" lon="5.29025166666667">
<ele>818.6</ele>
<speed>1.1833464</speed>
<time>2021-11-25T09:54:12</time>
</trkpt>
<trkpt lat="44.1147133333333" lon="5.29027166666667">
<ele>818.6</ele>
<speed>1.1720225</speed>
<time>2021-11-25T09:54:13</time>
</trkpt>
<trkpt lat="44.1147183333333" lon="5.290285">
<ele>818.6</ele>
<speed>1.143198</speed>
<time>2021-11-25T09:54:14</time>
</trkpt>
<trkpt lat="44.1147216666667" lon="5.29031833333333">
<ele>818.6</ele>
<speed>1.1339331</speed>
<time>2021-11-25T09:54:16</time>
</trkpt>
<trkpt lat="44.114715" lon="5.29034333333333">
<ele>818.6</ele>
<speed>1.1658459</speed>
<time>2021-11-25T09:54:17</time>
</trkpt>
<trkpt lat="44.1147083333333" lon="5.29036833333333">
<ele>818.6</ele>
<speed>1.1900377</speed>
<time>2021-11-25T09:54:18</time>
</trkpt>
<trkpt lat="44.1147116666667" lon="5.29038333333333">
<ele>823.8</ele>
<speed>1.124668</speed>
<time>2021-11-25T09:54:19</time>
</trkpt>
<trkpt lat="44.1147116666667" lon="5.29040833333333">
<ele>823.8</ele>
<speed>1.1174619</speed>
<time>2021-11-25T09:54:20</time>
</trkpt>
<trkpt lat="44.11471" lon="5.29046333333333">
<ele>823.8</ele>
<speed>1.16739</speed>
<time>2021-11-25T09:54:22</time>
</trkpt>
<trkpt lat="44.11471" lon="5.29052166666667">
<ele>823.8</ele>
<speed>1.1869495</speed>
<time>2021-11-25T09:54:25</time>
</trkpt>
<trkpt lat="44.11472" lon="5.29060166666667">
<ele>828.6</ele>
<speed>1.1540072</speed>
<time>2021-11-25T09:54:29</time>
</trkpt>
<trkpt lat="44.1147166666667" lon="5.29062">
<ele>828.6</ele>
<speed>1.1498895</speed>
<time>2021-11-25T09:54:30</time>
</trkpt>
<trkpt lat="44.1147116666667" lon="5.29063">
<ele>828.6</ele>
<speed>1.0901817</speed>
<time>2021-11-25T09:54:31</time>
</trkpt>
<trkpt lat="44.11472" lon="5.290655">
<ele>828.6</ele>
<speed>0.94245636</speed>
<time>2021-11-25T09:54:33</time>
</trkpt>
<trkpt lat="44.1147216666667" lon="5.290675">
<ele>828.6</ele>
<speed>0.92083806</speed>
<time>2021-11-25T09:54:34</time>
</trkpt>
<trkpt lat="44.1147166666667" lon="5.29075666666667">
<ele>828.6</ele>
<speed>0.8384825</speed>
<time>2021-11-25T09:54:38</time>
</trkpt>
<trkpt lat="44.1147116666667" lon="5.29078833333333">
<ele>834.73334</ele>
<speed>0.8359089</speed>
<time>2021-11-25T09:54:40</time>
</trkpt>
<trkpt lat="44.1146983333333" lon="5.29081833333333">
<ele>834.73334</ele>
<speed>0.87091</speed>
<time>2021-11-25T09:54:42</time>
</trkpt>
<trkpt lat="44.11469" lon="5.290845">
<ele>834.73334</ele>
<speed>0.8688511</speed>
<time>2021-11-25T09:54:44</time>
</trkpt>
<trkpt lat="44.1146866666667" lon="5.29085833333333">
<ele>834.73334</ele>
<speed>0.8812044</speed>
<time>2021-11-25T09:54:45</time>
</trkpt>
<trkpt lat="44.1146883333333" lon="5.29088666666667">
<ele>834.73334</ele>
<speed>0.89973444</speed>
<time>2021-11-25T09:54:46</time>
</trkpt>
<trkpt lat="44.11468" lon="5.29094166666667">
<ele>834.73334</ele>
<speed>0.954295</speed>
<time>2021-11-25T09:54:48</time>
</trkpt>
<trkpt lat="44.1146283333333" lon="5.29106833333333">
<ele>836.6</ele>
<speed>0.91414666</speed>
<time>2021-11-25T09:54:54</time>
</trkpt>
<trkpt lat="44.1146333333333" lon="5.29116833333333">
<ele>836.6</ele>
<speed>0.7056842</speed>
<time>2021-11-25T09:54:58</time>
</trkpt>
<trkpt lat="44.1146416666667" lon="5.29120333333333">
<ele>840.2</ele>
<speed>0.5862686</speed>
<time>2021-11-25T09:55:02</time>
</trkpt>
<trkpt lat="44.1146366666667" lon="5.29125833333333">
<ele>840.2</ele>
<speed>0.55332637</speed>
<time>2021-11-25T09:55:03</time>
</trkpt>
<trkpt lat="44.1146233333333" lon="5.29128333333333">
<ele>840.2</ele>
<speed>0.52398723</speed>
<time>2021-11-25T09:55:04</time>
</trkpt>
<trkpt lat="44.114595" lon="5.29126333333333">
<ele>840.2</ele>
<speed>0.0</speed>
<time>2021-11-25T09:55:10</time>
</trkpt>
<trkpt lat="44.1145966666667" lon="5.29126">
<ele>840.2</ele>
<speed>0.0</speed>
<time>2021-11-25T09:55:11</time>
</trkpt>
<trkpt lat="44.1145783333333" lon="5.29126">
<ele>840.2</ele>
<speed>0.0</speed>
<time>2021-11-25T09:55:15</time>
</trkpt>
<trkpt lat="44.1145816666667" lon="5.29126833333333">
<ele>840.2</ele>
<speed>0.0</speed>
<time>2021-11-25T09:55:17</time>
</trkpt>
<trkpt lat="44.1145766666667" lon="5.29128">
<ele>840.2</ele>
<speed>0.42310166</speed>
<time>2021-11-25T09:55:18</time>
</trkpt>
<trkpt lat="44.1145783333333" lon="5.2913">
<ele>845.3</ele>
<speed>0.50339836</speed>
<time>2021-11-25T09:55:19</time>
</trkpt>
<trkpt lat="44.1146116666667" lon="5.29135">
<ele>845.3</ele>
<speed>0.74634725</speed>
<time>2021-11-25T09:55:23</time>
</trkpt>
<trkpt lat="44.114615" lon="5.29135833333333">
<ele>845.3</ele>
<speed>0.731935</speed>
<time>2021-11-25T09:55:24</time>
</trkpt>
<trkpt lat="44.114665" lon="5.29137833333333">
<ele>845.3</ele>
<speed>0.80965805</speed>
<time>2021-11-25T09:55:28</time>
</trkpt>
<trkpt lat="44.1146833333333" lon="5.29139">
<ele>845.36664</ele>
<speed>0.82715863</speed>
<time>2021-11-25T09:55:29</time>
</trkpt>
<trkpt lat="44.11472" lon="5.291405">
<ele>845.36664</ele>
<speed>0.8971608</speed>
<time>2021-11-25T09:55:32</time>
</trkpt>
<trkpt lat="44.1147466666667" lon="5.29144666666667">
<ele>845.36664</ele>
<speed>1.0500333</speed>
<time>2021-11-25T09:55:35</time>
</trkpt>
<trkpt lat="44.1147716666667" lon="5.29146833333333">
<ele>845.36664</ele>
<speed>1.1334183</speed>
<time>2021-11-25T09:55:37</time>
</trkpt>
<trkpt lat="44.1147983333333" lon="5.29150166666667">
<ele>845.76666</ele>
<speed>1.1534925</speed>
<time>2021-11-25T09:55:40</time>
</trkpt>
<trkpt lat="44.1148066666667" lon="5.29151833333333">
<ele>845.76666</ele>
<speed>1.121065</speed>
<time>2021-11-25T09:55:41</time>
</trkpt>
<trkpt lat="44.1148016666667" lon="5.29155666666667">
<ele>845.76666</ele>
<speed>1.1478306</speed>
<time>2021-11-25T09:55:42</time>
</trkpt>
<trkpt lat="44.11481" lon="5.29157333333333">
<ele>845.76666</ele>
<speed>1.1231239</speed>
<time>2021-11-25T09:55:43</time>
</trkpt>
<trkpt lat="44.1148066666667" lon="5.29158833333333">
<ele>845.76666</ele>
<speed>1.0392241</speed>
<time>2021-11-25T09:55:44</time>
</trkpt>
<trkpt lat="44.114815" lon="5.29160166666667">
<ele>845.76666</ele>
<speed>1.0320181</speed>
<time>2021-11-25T09:55:45</time>
</trkpt>
<trkpt lat="44.1148233333333" lon="5.29161166666667">
<ele>845.76666</ele>
<speed>0.98003113</speed>
<time>2021-11-25T09:55:46</time>
</trkpt>
<trkpt lat="44.11484" lon="5.29164">
<ele>845.76666</ele>
<speed>0.86988056</speed>
<time>2021-11-25T09:55:48</time>
</trkpt>
<trkpt lat="44.114825" lon="5.29168166666667">
<ele>846.2</ele>
<speed>0.8703953</speed>
<time>2021-11-25T09:55:49</time>
</trkpt>
<trkpt lat="44.1148283333333" lon="5.29173833333333">
<ele>846.2</ele>
<speed>0.85804194</speed>
<time>2021-11-25T09:55:52</time>
</trkpt>
<trkpt lat="44.1148416666667" lon="5.29174666666667">
<ele>846.2</ele>
<speed>0.83642364</speed>
<time>2021-11-25T09:55:53</time>
</trkpt>
<trkpt lat="44.11485" lon="5.29175833333333">
<ele>846.2</ele>
<speed>0.85804194</speed>
<time>2021-11-25T09:55:54</time>
</trkpt>
<trkpt lat="44.1148616666667" lon="5.29179666666667">
<ele>846.2</ele>
<speed>0.8827486</speed>
<time>2021-11-25T09:55:57</time>
</trkpt>
<trkpt lat="44.1148633333333" lon="5.29181166666667">
<ele>846.2</ele>
<speed>0.8652481</speed>
<time>2021-11-25T09:55:58</time>
</trkpt>
<trkpt lat="44.1148816666667" lon="5.29182833333333">
<ele>845.93335</ele>
<speed>0.8940725</speed>
<time>2021-11-25T09:55:59</time>
</trkpt>
<trkpt lat="44.1148966666667" lon="5.29183833333333">
<ele>845.93335</ele>
<speed>0.917235</speed>
<time>2021-11-25T09:56:00</time>
</trkpt>
<trkpt lat="44.1149183333333" lon="5.29187333333333">
<ele>845.93335</ele>
<speed>0.9954728</speed>
<time>2021-11-25T09:56:02</time>
</trkpt>
<trkpt lat="44.114935" lon="5.29190666666667">
<ele>845.93335</ele>
<speed>1.0500333</speed>
<time>2021-11-25T09:56:04</time>
</trkpt>
<trkpt lat="44.1149583333333" lon="5.29195666666667">
<ele>845.93335</ele>
<speed>1.0644456</speed>
<time>2021-11-25T09:56:07</time>
</trkpt>
<trkpt lat="44.1149783333333" lon="5.29198833333333">
<ele>845.73334</ele>
<speed>1.1004761</speed>
<time>2021-11-25T09:56:09</time>
</trkpt>
<trkpt lat="44.1149983333333" lon="5.292025">
<ele>845.73334</ele>
<speed>1.1051086</speed>
<time>2021-11-25T09:56:11</time>
</trkpt>
<trkpt lat="44.115005" lon="5.29203666666667">
<ele>845.73334</ele>
<speed>1.0860639</speed>
<time>2021-11-25T09:56:12</time>
</trkpt>
<trkpt lat="44.1150083333333" lon="5.29205166666667">
<ele>845.73334</ele>
<speed>1.0778283</speed>
<time>2021-11-25T09:56:13</time>
</trkpt>
<trkpt lat="44.115" lon="5.292105">
<ele>845.73334</ele>
<speed>1.102535</speed>
<time>2021-11-25T09:56:15</time>
</trkpt>
<trkpt lat="44.115" lon="5.29212333333333">
<ele>845.73334</ele>
<speed>1.0953289</speed>
<time>2021-11-25T09:56:16</time>
</trkpt>
<trkpt lat="44.11501" lon="5.29217166666667">
<ele>845.73334</ele>
<speed>1.1972439</speed>
<time>2021-11-25T09:56:18</time>
</trkpt>
<trkpt lat="44.1150033333333" lon="5.29220666666667">
<ele>846.6</ele>
<speed>1.24151</speed>
<time>2021-11-25T09:56:19</time>
</trkpt>
<trkpt lat="44.1150166666667" lon="5.29224666666667">
<ele>846.6</ele>
<speed>1.2466573</speed>
<time>2021-11-25T09:56:22</time>
</trkpt>
<trkpt lat="44.1150216666667" lon="5.29225833333333">
<ele>846.6</ele>
<speed>1.2250389</speed>
<time>2021-11-25T09:56:23</time>
</trkpt>
<trkpt lat="44.1150316666667" lon="5.29226833333333">
<ele>846.6</ele>
<speed>1.2337892</speed>
<time>2021-11-25T09:56:24</time>
</trkpt>
<trkpt lat="44.115035" lon="5.29228666666667">
<ele>846.6</ele>
<speed>1.247172</speed>
<time>2021-11-25T09:56:25</time>
</trkpt>
<trkpt lat="44.115045" lon="5.29232166666667">
<ele>846.6</ele>
<speed>1.1241534</speed>
<time>2021-11-25T09:56:28</time>
</trkpt>
<trkpt lat="44.1150316666667" lon="5.292335">
<ele>847.06665</ele>
<speed>1.0459156</speed>
<time>2021-11-25T09:56:29</time>
</trkpt>
<trkpt lat="44.11503" lon="5.29234333333333">
<ele>847.06665</ele>
<speed>0.9738544</speed>
<time>2021-11-25T09:56:30</time>
</trkpt>
<trkpt lat="44.1150166666667" lon="5.29235">
<ele>847.06665</ele>
<speed>0.954295</speed>
<time>2021-11-25T09:56:31</time>
</trkpt>
<trkpt lat="44.11499" lon="5.29235333333333">
<ele>847.06665</ele>
<speed>1.0124586</speed>
<time>2021-11-25T09:56:32</time>
</trkpt>
<trkpt lat="44.11498" lon="5.292365">
<ele>847.06665</ele>
<speed>1.059813</speed>
<time>2021-11-25T09:56:33</time>
</trkpt>
<trkpt lat="44.1149883333333" lon="5.29236833333333">
<ele>847.06665</ele>
<speed>1.0294445</speed>
<time>2021-11-25T09:56:34</time>
</trkpt>
<trkpt lat="44.1149916666667" lon="5.29237833333333">
<ele>847.06665</ele>
<speed>0.9486331</speed>
<time>2021-11-25T09:56:35</time>
</trkpt>
<trkpt lat="44.115145" lon="5.29240166666667">
<ele>847.1</ele>
<speed>0.657815</speed>
<time>2021-11-25T09:56:53</time>
</trkpt>
<trkpt lat="44.1151416666667" lon="5.29246">
<ele>847.9667</ele>
<speed>0.68252164</speed>
<time>2021-11-25T09:57:02</time>
</trkpt>
<trkpt lat="44.1151883333333" lon="5.29257666666667">
<ele>848.9</ele>
<speed>0.87245417</speed>
<time>2021-11-25T09:57:11</time>
</trkpt>
<trkpt lat="44.1151866666667" lon="5.29260833333333">
<ele>848.9</ele>
<speed>0.8755425</speed>
<time>2021-11-25T09:57:13</time>
</trkpt>
<trkpt lat="44.1152016666667" lon="5.29263">
<ele>848.9</ele>
<speed>0.88377804</speed>
<time>2021-11-25T09:57:15</time>
</trkpt>
<trkpt lat="44.1152383333333" lon="5.29269833333333">
<ele>849.4</ele>
<speed>0.8734836</speed>
<time>2021-11-25T09:57:21</time>
</trkpt>
<trkpt lat="44.1153466666667" lon="5.29289333333333">
<ele>850.5</ele>
<speed>1.2188622</speed>
<time>2021-11-25T09:57:32</time>
</trkpt>
<trkpt lat="44.1153766666667" lon="5.29293833333333">
<ele>850.5</ele>
<speed>1.4262953</speed>
<time>2021-11-25T09:57:34</time>
</trkpt>
<trkpt lat="44.1154316666667" lon="5.29304">
<ele>852.7</ele>
<speed>1.6455669</speed>
<time>2021-11-25T09:57:39</time>
</trkpt>
<trkpt lat="44.1154666666667" lon="5.293055">
<ele>852.7</ele>
<speed>1.7495408</speed>
<time>2021-11-25T09:57:40</time>
</trkpt>
<trkpt lat="44.115495" lon="5.29310833333333">
<ele>852.7</ele>
<speed>1.8782214</speed>
<time>2021-11-25T09:57:43</time>
</trkpt>
<trkpt lat="44.1155033333333" lon="5.29313666666667">
<ele>852.7</ele>
<speed>1.8957219</speed>
<time>2021-11-25T09:57:44</time>
</trkpt>
<trkpt lat="44.1155183333333" lon="5.29321">
<ele>852.7</ele>
<speed>2.0274909</speed>
<time>2021-11-25T09:57:46</time>
</trkpt>
<trkpt lat="44.1155116666667" lon="5.29332833333333">
<ele>853.4</ele>
<speed>2.0331528</speed>
<time>2021-11-25T09:57:50</time>
</trkpt>
<trkpt lat="44.115515" lon="5.29334833333333">
<ele>853.4</ele>
<speed>1.9688125</speed>
<time>2021-11-25T09:57:51</time>
</trkpt>
<trkpt lat="44.1155166666667" lon="5.29336">
<ele>853.4</ele>
<speed>1.803072</speed>
<time>2021-11-25T09:57:52</time>
</trkpt>
<trkpt lat="44.1155216666667" lon="5.293375">
<ele>853.4</ele>
<speed>1.6841711</speed>
<time>2021-11-25T09:57:53</time>
</trkpt>
<trkpt lat="44.1155216666667" lon="5.29339166666667">
<ele>853.4</ele>
<speed>1.6275517</speed>
<time>2021-11-25T09:57:54</time>
</trkpt>
<trkpt lat="44.1155316666667" lon="5.293415">
<ele>853.4</ele>
<speed>1.5874033</speed>
<time>2021-11-25T09:57:55</time>
</trkpt>
<trkpt lat="44.1155383333333" lon="5.29343">
<ele>853.4</ele>
<speed>1.4561492</speed>
<time>2021-11-25T09:57:56</time>
</trkpt>
<trkpt lat="44.115535" lon="5.29346">
<ele>853.4</ele>
<speed>1.3784261</speed>
<time>2021-11-25T09:57:57</time>
</trkpt>
<trkpt lat="44.1155316666667" lon="5.29348333333333">
<ele>853.4</ele>
<speed>1.3331306</speed>
<time>2021-11-25T09:57:58</time>
</trkpt>
<trkpt lat="44.1155233333333" lon="5.29353833333333">
<ele>853.0</ele>
<speed>1.3429103</speed>
<time>2021-11-25T09:58:00</time>
</trkpt>
<trkpt lat="44.115515" lon="5.29359333333333">
<ele>853.0</ele>
<speed>1.3918089</speed>
<time>2021-11-25T09:58:02</time>
</trkpt>
<trkpt lat="44.1155266666667" lon="5.29361833333333">
<ele>853.0</ele>
<speed>1.4437958</speed>
<time>2021-11-25T09:58:03</time>
</trkpt>
<trkpt lat="44.1155516666667" lon="5.293665">
<ele>853.0</ele>
<speed>1.4329866</speed>
<time>2021-11-25T09:58:05</time>
</trkpt>
<trkpt lat="44.115565" lon="5.29369333333333">
<ele>853.0</ele>
<speed>1.5297544</speed>
<time>2021-11-25T09:58:06</time>
</trkpt>
<trkpt lat="44.1155733333333" lon="5.29372333333333">
<ele>853.0</ele>
<speed>1.5626967</speed>
<time>2021-11-25T09:58:07</time>
</trkpt>
<trkpt lat="44.11556" lon="5.29379666666667">
<ele>851.8333</ele>
<speed>1.587918</speed>
<time>2021-11-25T09:58:10</time>
</trkpt>
<trkpt lat="44.11555" lon="5.29382333333333">
<ele>851.8333</ele>
<speed>1.5585788</speed>
<time>2021-11-25T09:58:11</time>
</trkpt>
<trkpt lat="44.11555" lon="5.29390333333333">
<ele>851.8333</ele>
<speed>1.738217</speed>
<time>2021-11-25T09:58:14</time>
</trkpt>
<trkpt lat="44.115515" lon="5.29398833333333">
<ele>851.8333</ele>
<speed>1.8035867</speed>
<time>2021-11-25T09:58:17</time>
</trkpt>
<trkpt lat="44.1155033333333" lon="5.29401666666667">
<ele>851.8333</ele>
<speed>1.838073</speed>
<time>2021-11-25T09:58:18</time>
</trkpt>
<trkpt lat="44.115445" lon="5.29414166666667">
<ele>850.2</ele>
<speed>1.773218</speed>
<time>2021-11-25T09:58:23</time>
</trkpt>
<trkpt lat="44.115435" lon="5.29415666666667">
<ele>850.2</ele>
<speed>1.6265222</speed>
<time>2021-11-25T09:58:24</time>
</trkpt>
<trkpt lat="44.1154283333333" lon="5.29418666666667">
<ele>850.2</ele>
<speed>1.5719616</speed>
<time>2021-11-25T09:58:25</time>
</trkpt>
<trkpt lat="44.115415" lon="5.29420666666667">
<ele>850.2</ele>
<speed>1.4726202</speed>
<time>2021-11-25T09:58:26</time>
</trkpt>
<trkpt lat="44.1154083333333" lon="5.29424166666667">
<ele>850.2</ele>
<speed>1.4412222</speed>
<time>2021-11-25T09:58:27</time>
</trkpt>
<trkpt lat="44.1153983333333" lon="5.29426166666667">
<ele>850.2</ele>
<speed>1.38975</speed>
<time>2021-11-25T09:58:28</time>
</trkpt>
<trkpt lat="44.1153983333333" lon="5.29428666666667">
<ele>852.26666</ele>
<speed>1.3321011</speed>
<time>2021-11-25T09:58:29</time>
</trkpt>
<trkpt lat="44.1154016666667" lon="5.29431666666667">
<ele>852.26666</ele>
<speed>1.2981294</speed>
<time>2021-11-25T09:58:30</time>
</trkpt>
<trkpt lat="44.1154216666667" lon="5.29438333333333">
<ele>852.26666</ele>
<speed>1.2523192</speed>
<time>2021-11-25T09:58:33</time>
</trkpt>
<trkpt lat="44.11542" lon="5.29441333333333">
<ele>852.26666</ele>
<speed>1.402618</speed>
<time>2021-11-25T09:58:34</time>
</trkpt>
<trkpt lat="44.115425" lon="5.29445">
<ele>852.26666</ele>
<speed>1.4298984</speed>
<time>2021-11-25T09:58:35</time>
</trkpt>
<trkpt lat="44.115435" lon="5.294475">
<ele>852.26666</ele>
<speed>1.4875473</speed>
<time>2021-11-25T09:58:36</time>
</trkpt>
<trkpt lat="44.11546" lon="5.29453">
<ele>852.26666</ele>
<speed>1.5503433</speed>
<time>2021-11-25T09:58:38</time>
</trkpt>
<trkpt lat="44.1154633333333" lon="5.29454166666667">
<ele>852.2</ele>
<speed>1.5467403</speed>
<time>2021-11-25T09:58:39</time>
</trkpt>
<trkpt lat="44.1154766666667" lon="5.29458">
<ele>852.2</ele>
<speed>1.6188014</speed>
<time>2021-11-25T09:58:41</time>
</trkpt>
<trkpt lat="44.1154716666667" lon="5.294605">
<ele>852.2</ele>
<speed>1.7217458</speed>
<time>2021-11-25T09:58:42</time>
</trkpt>
<trkpt lat="44.11547" lon="5.29465333333333">
<ele>852.2</ele>
<speed>1.8113075</speed>
<time>2021-11-25T09:58:44</time>
</trkpt>
<trkpt lat="44.11549" lon="5.29465666666667">
<ele>852.2</ele>
<speed>1.769615</speed>
<time>2021-11-25T09:58:45</time>
</trkpt>
<trkpt lat="44.11551" lon="5.29473166666667">
<ele>851.3</ele>
<speed>1.4813706</speed>
<time>2021-11-25T09:58:49</time>
</trkpt>
<trkpt lat="44.1155183333333" lon="5.29476">
<ele>851.3</ele>
<speed>1.4077653</speed>
<time>2021-11-25T09:58:50</time>
</trkpt>
<trkpt lat="44.1155333333333" lon="5.29479833333333">
<ele>851.3</ele>
<speed>1.2373922</speed>
<time>2021-11-25T09:58:52</time>
</trkpt>
<trkpt lat="44.115545" lon="5.29482">
<ele>851.3</ele>
<speed>1.0798873</speed>
<time>2021-11-25T09:58:53</time>
</trkpt>
<trkpt lat="44.1155566666667" lon="5.29482666666667">
<ele>851.3</ele>
<speed>1.0361358</speed>
<time>2021-11-25T09:58:54</time>
</trkpt>
<trkpt lat="44.1155633333333" lon="5.29484">
<ele>851.3</ele>
<speed>0.9898108</speed>
<time>2021-11-25T09:58:55</time>
</trkpt>
<trkpt lat="44.1155783333333" lon="5.294855">
<ele>851.3</ele>
<speed>0.9965022</speed>
<time>2021-11-25T09:58:56</time>
</trkpt>
<trkpt lat="44.115585" lon="5.294875">
<ele>851.3</ele>
<speed>1.0484892</speed>
<time>2021-11-25T09:58:57</time>
</trkpt>
<trkpt lat="44.1155966666667" lon="5.29488833333333">
<ele>851.3</ele>
<speed>1.0901817</speed>
<time>2021-11-25T09:58:58</time>
</trkpt>
<trkpt lat="44.1156066666667" lon="5.29490333333333">
<ele>850.3</ele>
<speed>1.1061381</speed>
<time>2021-11-25T09:58:59</time>
</trkpt>
<trkpt lat="44.115615" lon="5.294925">
<ele>850.3</ele>
<speed>1.1256975</speed>
<time>2021-11-25T09:59:00</time>
</trkpt>
<trkpt lat="44.1156483333333" lon="5.29503">
<ele>850.3</ele>
<speed>1.3516606</speed>
<time>2021-11-25T09:59:04</time>
</trkpt>
<trkpt lat="44.1156583333333" lon="5.29505166666667">
<ele>850.3</ele>
<speed>1.4350456</speed>
<time>2021-11-25T09:59:05</time>
</trkpt>
<trkpt lat="44.1156666666667" lon="5.29508">
<ele>850.3</ele>
<speed>1.4741645</speed>
<time>2021-11-25T09:59:06</time>
</trkpt>
<trkpt lat="44.1156816666667" lon="5.2951">
<ele>850.3</ele>
<speed>1.460267</speed>
<time>2021-11-25T09:59:07</time>
</trkpt>
<trkpt lat="44.1157366666667" lon="5.29515">
<ele>849.0</ele>
<speed>1.3784261</speed>
<time>2021-11-25T09:59:11</time>
</trkpt>
<trkpt lat="44.11576" lon="5.29516833333333">
<ele>849.0</ele>
<speed>1.2512897</speed>
<time>2021-11-25T09:59:13</time>
</trkpt>
<trkpt lat="44.1157633333333" lon="5.295185">
<ele>849.0</ele>
<speed>1.1123147</speed>
<time>2021-11-25T09:59:14</time>
</trkpt>
<trkpt lat="44.11577" lon="5.295195">
<ele>849.0</ele>
<speed>1.0232677</speed>
<time>2021-11-25T09:59:15</time>
</trkpt>
<trkpt lat="44.1157783333333" lon="5.29521333333333">
<ele>849.0</ele>
<speed>0.9589275</speed>
<time>2021-11-25T09:59:16</time>
</trkpt>
<trkpt lat="44.1157966666667" lon="5.29522166666667">
<ele>849.0</ele>
<speed>0.93422085</speed>
<time>2021-11-25T09:59:17</time>
</trkpt>
<trkpt lat="44.1158183333333" lon="5.29523833333333">
<ele>849.0</ele>
<speed>0.9769428</speed>
<time>2021-11-25T09:59:18</time>
</trkpt>
<trkpt lat="44.1158583333333" lon="5.29527166666667">
<ele>847.8</ele>
<speed>0.94657415</speed>
<time>2021-11-25T09:59:21</time>
</trkpt>
<trkpt lat="44.115875" lon="5.29527">
<ele>847.8</ele>
<speed>0.8827486</speed>
<time>2021-11-25T09:59:22</time>
</trkpt>
<trkpt lat="44.11592" lon="5.29536">
<ele>847.0</ele>
<speed>0.9213528</speed>
<time>2021-11-25T09:59:30</time>
</trkpt>
<trkpt lat="44.1159533333333" lon="5.29539333333333">
<ele>847.0</ele>
<speed>0.9270147</speed>
<time>2021-11-25T09:59:33</time>
</trkpt>
<trkpt lat="44.1159666666667" lon="5.29541666666667">
<ele>847.0</ele>
<speed>0.9702514</speed>
<time>2021-11-25T09:59:34</time>
</trkpt>
<trkpt lat="44.115995" lon="5.29545166666667">
<ele>847.0</ele>
<speed>1.0078261</speed>
<time>2021-11-25T09:59:36</time>
</trkpt>
<trkpt lat="44.116005" lon="5.29546333333333">
<ele>847.0</ele>
<speed>0.9846636</speed>
<time>2021-11-25T09:59:37</time>
</trkpt>
<trkpt lat="44.1160266666667" lon="5.29550166666667">
<ele>848.0333</ele>
<speed>1.0906963</speed>
<time>2021-11-25T09:59:39</time>
</trkpt>
<trkpt lat="44.1160366666667" lon="5.29552333333333">
<ele>848.0333</ele>
<speed>1.1426834</speed>
<time>2021-11-25T09:59:40</time>
</trkpt>
<trkpt lat="44.1160483333333" lon="5.29554333333333">
<ele>848.0333</ele>
<speed>1.245113</speed>
<time>2021-11-25T09:59:41</time>
</trkpt>
<trkpt lat="44.11608" lon="5.29559666666667">
<ele>848.0333</ele>
<speed>1.256437</speed>
<time>2021-11-25T09:59:44</time>
</trkpt>
<trkpt lat="44.1160933333333" lon="5.29565166666667">
<ele>848.0333</ele>
<speed>1.2677609</speed>
<time>2021-11-25T09:59:46</time>
</trkpt>
<trkpt lat="44.1160983333333" lon="5.295675">
<ele>848.0333</ele>
<speed>1.3423955</speed>
<time>2021-11-25T09:59:47</time>
</trkpt>
<trkpt lat="44.11609" lon="5.29570166666667">
<ele>848.0333</ele>
<speed>1.3084239</speed>
<time>2021-11-25T09:59:48</time>
</trkpt>
<trkpt lat="44.1160833333333" lon="5.29575666666667">
<ele>849.0</ele>
<speed>1.2548928</speed>
<time>2021-11-25T09:59:50</time>
</trkpt>
<trkpt lat="44.1160833333333" lon="5.29577833333333">
<ele>849.0</ele>
<speed>1.2337892</speed>
<time>2021-11-25T09:59:51</time>
</trkpt>
<trkpt lat="44.1160733333333" lon="5.2958">
<ele>849.0</ele>
<speed>1.2929822</speed>
<time>2021-11-25T09:59:52</time>
</trkpt>
<trkpt lat="44.1160733333333" lon="5.29583166666667">
<ele>849.0</ele>
<speed>1.324895</speed>
<time>2021-11-25T09:59:54</time>
</trkpt>
<trkpt lat="44.11608" lon="5.29584333333333">
<ele>849.0</ele>
<speed>1.2868055</speed>
<time>2021-11-25T09:59:55</time>
</trkpt>
<trkpt lat="44.116085" lon="5.29585833333333">
<ele>849.0</ele>
<speed>1.2739375</speed>
<time>2021-11-25T09:59:56</time>
</trkpt>
<trkpt lat="44.1160933333333" lon="5.29589166666667">
<ele>849.0</ele>
<speed>1.2456278</speed>
<time>2021-11-25T09:59:58</time>
</trkpt>
<trkpt lat="44.11611" lon="5.295945">
<ele>848.7</ele>
<speed>1.1740814</speed>
<time>2021-11-25T10:00:01</time>
</trkpt>
<trkpt lat="44.1161166666667" lon="5.29595166666667">
<ele>848.7</ele>
<speed>1.0716517</speed>
<time>2021-11-25T10:00:02</time>
</trkpt>
<trkpt lat="44.116115" lon="5.29596">
<ele>848.7</ele>
<speed>0.9954728</speed>
<time>2021-11-25T10:00:03</time>
</trkpt>
<trkpt lat="44.116125" lon="5.29596833333333">
<ele>848.7</ele>
<speed>0.9517214</speed>
<time>2021-11-25T10:00:04</time>
</trkpt>
<trkpt lat="44.1161266666667" lon="5.29598333333333">
<ele>848.7</ele>
<speed>0.954295</speed>
<time>2021-11-25T10:00:05</time>
</trkpt>
<trkpt lat="44.1161316666667" lon="5.29604166666667">
<ele>849.4</ele>
<speed>0.8776014</speed>
<time>2021-11-25T10:00:09</time>
</trkpt>
<trkpt lat="44.11614" lon="5.29608">
<ele>849.4</ele>
<speed>0.94914776</speed>
<time>2021-11-25T10:00:11</time>
</trkpt>
<trkpt lat="44.1161666666667" lon="5.29616666666667">
<ele>849.4</ele>
<speed>1.1658459</speed>
<time>2021-11-25T10:00:15</time>
</trkpt>
<trkpt lat="44.1161933333333" lon="5.29621">
<ele>849.4</ele>
<speed>1.2754817</speed>
<time>2021-11-25T10:00:17</time>
</trkpt>
<trkpt lat="44.116245" lon="5.296275">
<ele>851.3</ele>
<speed>1.3547488</speed>
<time>2021-11-25T10:00:20</time>
</trkpt>
<trkpt lat="44.1162516666667" lon="5.2963">
<ele>851.3</ele>
<speed>1.3830587</speed>
<time>2021-11-25T10:00:21</time>
</trkpt>
<trkpt lat="44.1162333333333" lon="5.29633166666667">
<ele>851.3</ele>
<speed>1.4880619</speed>
<time>2021-11-25T10:00:22</time>
</trkpt>
<trkpt lat="44.1162066666667" lon="5.29635833333333">
<ele>851.3</ele>
<speed>1.4901209</speed>
<time>2021-11-25T10:00:23</time>
</trkpt>
<trkpt lat="44.11619" lon="5.29638166666667">
<ele>851.3</ele>
<speed>1.42681</speed>
<time>2021-11-25T10:00:24</time>
</trkpt>
<trkpt lat="44.1161916666667" lon="5.29641">
<ele>851.3</ele>
<speed>1.361955</speed>
<time>2021-11-25T10:00:25</time>
</trkpt>
<trkpt lat="44.11618" lon="5.29645">
<ele>851.3</ele>
<speed>1.2209212</speed>
<time>2021-11-25T10:00:27</time>
</trkpt>
<trkpt lat="44.1161883333333" lon="5.29646166666667">
<ele>851.3</ele>
<speed>1.1735667</speed>
<time>2021-11-25T10:00:28</time>
</trkpt>
<trkpt lat="44.116195" lon="5.29648166666667">
<ele>852.5</ele>
<speed>1.1334183</speed>
<time>2021-11-25T10:00:29</time>
</trkpt>
<trkpt lat="44.116205" lon="5.296505">
<ele>852.5</ele>
<speed>1.1555514</speed>
<time>2021-11-25T10:00:30</time>
</trkpt>
<trkpt lat="44.1162483333333" lon="5.29656833333333">
<ele>852.5</ele>
<speed>1.1854053</speed>
<time>2021-11-25T10:00:35</time>
</trkpt>
<trkpt lat="44.1162633333333" lon="5.29658333333333">
<ele>852.5</ele>
<speed>1.2348186</speed>
<time>2021-11-25T10:00:36</time>
</trkpt>
<trkpt lat="44.1162816666667" lon="5.29659333333333">
<ele>852.5</ele>
<speed>1.2960706</speed>
<time>2021-11-25T10:00:37</time>
</trkpt>
<trkpt lat="44.116295" lon="5.29660833333333">
<ele>852.5</ele>
<speed>1.3161447</speed>
<time>2021-11-25T10:00:38</time>
</trkpt>
<trkpt lat="44.1163083333333" lon="5.29662333333333">
<ele>852.2</ele>
<speed>1.2734228</speed>
<time>2021-11-25T10:00:39</time>
</trkpt>
<trkpt lat="44.11633" lon="5.296655">
<ele>852.2</ele>
<speed>1.2085677</speed>
<time>2021-11-25T10:00:41</time>
</trkpt>
<trkpt lat="44.116345" lon="5.29668">
<ele>852.2</ele>
<speed>1.1375362</speed>
<time>2021-11-25T10:00:43</time>
</trkpt>
<trkpt lat="44.1163566666667" lon="5.29669166666667">
<ele>852.2</ele>
<speed>1.0901817</speed>
<time>2021-11-25T10:00:44</time>
</trkpt>
<trkpt lat="44.1163716666667" lon="5.29669833333333">
<ele>852.2</ele>
<speed>1.0495186</speed>
<time>2021-11-25T10:00:45</time>
</trkpt>
<trkpt lat="44.1164016666667" lon="5.29672">
<ele>852.2</ele>
<speed>1.0510628</speed>
<time>2021-11-25T10:00:47</time>
</trkpt>
<trkpt lat="44.1164266666667" lon="5.29674333333333">
<ele>854.3</ele>
<speed>1.1179767</speed>
<time>2021-11-25T10:00:49</time>
</trkpt>
<trkpt lat="44.1164283333333" lon="5.29679">
<ele>854.3</ele>
<speed>1.0037084</speed>
<time>2021-11-25T10:00:51</time>
</trkpt>
<trkpt lat="44.1164366666667" lon="5.29681">
<ele>854.3</ele>
<speed>1.022753</speed>
<time>2021-11-25T10:00:52</time>
</trkpt>
<trkpt lat="44.1164633333333" lon="5.296875">
<ele>854.3</ele>
<speed>1.18592</speed>
<time>2021-11-25T10:00:55</time>
</trkpt>
<trkpt lat="44.11648" lon="5.29689666666667">
<ele>854.3</ele>
<speed>1.2281272</speed>
<time>2021-11-25T10:00:56</time>
</trkpt>
<trkpt lat="44.116505" lon="5.29695333333333">
<ele>854.3</ele>
<speed>1.256437</speed>
<time>2021-11-25T10:00:58</time>
</trkpt>
<trkpt lat="44.1165133333333" lon="5.29697333333333">
<ele>855.7</ele>
<speed>1.2554075</speed>
<time>2021-11-25T10:00:59</time>
</trkpt>
<trkpt lat="44.1165216666667" lon="5.29698833333333">
<ele>855.7</ele>
<speed>1.2759964</speed>
<time>2021-11-25T10:01:00</time>
</trkpt>
<trkpt lat="44.1165233333333" lon="5.29700833333333">
<ele>855.7</ele>
<speed>1.2466573</speed>
<time>2021-11-25T10:01:01</time>
</trkpt>
<trkpt lat="44.11652" lon="5.29701833333333">
<ele>855.7</ele>
<speed>1.2008469</speed>
<time>2021-11-25T10:01:02</time>
</trkpt>
<trkpt lat="44.1165133333333" lon="5.29703333333333">
<ele>855.7</ele>
<speed>1.1293006</speed>
<time>2021-11-25T10:01:04</time>
</trkpt>
<trkpt lat="44.1165283333333" lon="5.29705166666667">
<ele>855.7</ele>
<speed>1.1390803</speed>
<time>2021-11-25T10:01:05</time>
</trkpt>
<trkpt lat="44.11653" lon="5.29705666666667">
<ele>855.7</ele>
<speed>1.0680486</speed>
<time>2021-11-25T10:01:06</time>
</trkpt>
<trkpt lat="44.1165366666667" lon="5.297065">
<ele>855.7</ele>
<speed>0.9136319</speed>
<time>2021-11-25T10:01:07</time>
</trkpt>
<trkpt lat="44.1165416666667" lon="5.29707">
<ele>855.7</ele>
<speed>0.8199525</speed>
<time>2021-11-25T10:01:08</time>
</trkpt>
<trkpt lat="44.1165333333333" lon="5.29707666666667">
<ele>856.6</ele>
<speed>0.76127416</speed>
<time>2021-11-25T10:01:09</time>
</trkpt>
<trkpt lat="44.1165316666667" lon="5.29707166666667">
<ele>856.6</ele>
<speed>0.77208334</speed>
<time>2021-11-25T10:01:11</time>
</trkpt>
<trkpt lat="44.116535" lon="5.297075">
<ele>856.6</ele>
<speed>0.77465695</speed>
<time>2021-11-25T10:01:12</time>
</trkpt>
<trkpt lat="44.1165383333333" lon="5.29708166666667">
<ele>856.6</ele>
<speed>0.77465695</speed>
<time>2021-11-25T10:01:13</time>
</trkpt>
<trkpt lat="44.1165933333333" lon="5.29730833333333">
<ele>862.3333</ele>
<speed>1.0942994</speed>
<time>2021-11-25T10:01:27</time>
</trkpt>
<trkpt lat="44.1165716666667" lon="5.29729">
<ele>862.3333</ele>
<speed>1.0356212</speed>
<time>2021-11-25T10:01:28</time>
</trkpt>
<trkpt lat="44.1165616666667" lon="5.297275">
<ele>860.73334</ele>
<speed>0.9712808</speed>
<time>2021-11-25T10:01:29</time>
</trkpt>
<trkpt lat="44.11656" lon="5.29726333333333">
<ele>860.73334</ele>
<speed>0.8456886</speed>
<time>2021-11-25T10:01:30</time>
</trkpt>
<trkpt lat="44.1165166666667" lon="5.29724833333333">
<ele>860.73334</ele>
<speed>0.6161225</speed>
<time>2021-11-25T10:01:31</time>
</trkpt>
<trkpt lat="44.1165" lon="5.29724666666667">
<ele>860.73334</ele>
<speed>0.4493525</speed>
<time>2021-11-25T10:01:32</time>
</trkpt>
<trkpt lat="44.1164833333333" lon="5.29724833333333">
<ele>860.73334</ele>
<speed>0.0</speed>
<time>2021-11-25T10:01:33</time>
</trkpt>
<trkpt lat="44.1164533333333" lon="5.29724333333333">
<ele>860.73334</ele>
<speed>0.0</speed>
<time>2021-11-25T10:01:35</time>
</trkpt>
<trkpt lat="44.1164533333333" lon="5.29724333333333">
<ele>860.73334</ele>
<speed>0.0</speed>
<time>2021-11-25T10:01:38</time>
</trkpt>
<trkpt lat="44.1164016666667" lon="5.29730833333333">
<ele>861.9</ele>
<speed>0.29802418</speed>
<time>2021-11-25T10:01:43</time>
</trkpt>
<trkpt lat="44.1163983333333" lon="5.29731166666667">
<ele>861.9</ele>
<speed>0.3494964</speed>
<time>2021-11-25T10:01:44</time>
</trkpt>
<trkpt lat="44.1164216666667" lon="5.29733333333333">
<ele>861.9</ele>
<speed>0.6047986</speed>
<time>2021-11-25T10:01:50</time>
</trkpt>
<trkpt lat="44.116425" lon="5.29735166666667">
<ele>861.9</ele>
<speed>0.5404583</speed>
<time>2021-11-25T10:01:52</time>
</trkpt>
<trkpt lat="44.1164366666667" lon="5.29735666666667">
<ele>861.9</ele>
<speed>0.54251724</speed>
<time>2021-11-25T10:01:53</time>
</trkpt>
<trkpt lat="44.1164566666667" lon="5.29736333333333">
<ele>861.9</ele>
<speed>0.4771475</speed>
<time>2021-11-25T10:01:56</time>
</trkpt>
<trkpt lat="44.1164583333333" lon="5.29737">
<ele>861.9</ele>
<speed>0.4586175</speed>
<time>2021-11-25T10:01:57</time>
</trkpt>
<trkpt lat="44.1164683333333" lon="5.29736666666667">
<ele>868.8</ele>
<speed>0.4426611</speed>
<time>2021-11-25T10:02:00</time>
</trkpt>
<trkpt lat="44.1164733333333" lon="5.29737">
<ele>868.8</ele>
<speed>0.46273527</speed>
<time>2021-11-25T10:02:01</time>
</trkpt>
<trkpt lat="44.1165" lon="5.29735333333333">
<ele>868.8</ele>
<speed>0.5044278</speed>
<time>2021-11-25T10:02:06</time>
</trkpt>
<trkpt lat="44.1164766666667" lon="5.29736333333333">
<ele>868.8</ele>
<speed>0.5245019</speed>
<time>2021-11-25T10:02:08</time>
</trkpt>
<trkpt lat="44.1164566666667" lon="5.29736833333333">
<ele>868.8</ele>
<speed>0.528105</speed>
<time>2021-11-25T10:02:10</time>
</trkpt>
<trkpt lat="44.1165316666667" lon="5.29747666666667">
<ele>876.0</ele>
<speed>0.4359697</speed>
<time>2021-11-25T10:02:44</time>
</trkpt>
<trkpt lat="44.1165933333333" lon="5.297635">
<ele>876.8</ele>
<speed>0.98106056</speed>
<time>2021-11-25T10:02:56</time>
</trkpt>
<trkpt lat="44.1165916666667" lon="5.297645">
<ele>876.8</ele>
<speed>0.97436917</speed>
<time>2021-11-25T10:02:57</time>
</trkpt>
<trkpt lat="44.1165966666667" lon="5.29765666666667">
<ele>876.8</ele>
<speed>0.95275086</speed>
<time>2021-11-25T10:02:58</time>
</trkpt>
<trkpt lat="44.1166" lon="5.29769">
<ele>879.4</ele>
<speed>0.95326555</speed>
<time>2021-11-25T10:03:00</time>
</trkpt>
<trkpt lat="44.1166016666667" lon="5.29776666666667">
<ele>879.4</ele>
<speed>0.8039961</speed>
<time>2021-11-25T10:03:05</time>
</trkpt>
<trkpt lat="44.1166" lon="5.29778">
<ele>879.4</ele>
<speed>0.79781944</speed>
<time>2021-11-25T10:03:06</time>
</trkpt>
<trkpt lat="44.1166033333333" lon="5.29778833333333">
<ele>879.4</ele>
<speed>0.7926722</speed>
<time>2021-11-25T10:03:07</time>
</trkpt>
<trkpt lat="44.116615" lon="5.29784166666667">
<ele>885.6</ele>
<speed>0.79370165</speed>
<time>2021-11-25T10:03:11</time>
</trkpt>
<trkpt lat="44.1166233333333" lon="5.29786833333333">
<ele>885.6</ele>
<speed>0.787525</speed>
<time>2021-11-25T10:03:13</time>
</trkpt>
<trkpt lat="44.1166233333333" lon="5.29789">
<ele>885.6</ele>
<speed>0.8343647</speed>
<time>2021-11-25T10:03:14</time>
</trkpt>
<trkpt lat="44.1166183333333" lon="5.29796">
<ele>885.6</ele>
<speed>0.82715863</speed>
<time>2021-11-25T10:03:17</time>
</trkpt>
<trkpt lat="44.11662" lon="5.297965">
<ele>885.6</ele>
<speed>0.75870055</speed>
<time>2021-11-25T10:03:18</time>
</trkpt>
<trkpt lat="44.1166183333333" lon="5.29797833333333">
<ele>887.3</ele>
<speed>0.66090333</speed>
<time>2021-11-25T10:03:19</time>
</trkpt>
<trkpt lat="44.11662" lon="5.29798833333333">
<ele>887.3</ele>
<speed>0.58009195</speed>
<time>2021-11-25T10:03:20</time>
</trkpt>
<trkpt lat="44.11661" lon="5.29807833333333">
<ele>887.3</ele>
<speed>0.7113461</speed>
<time>2021-11-25T10:03:26</time>
</trkpt>
<trkpt lat="44.1166033333333" lon="5.29810166666667">
<ele>887.3</ele>
<speed>0.72627306</speed>
<time>2021-11-25T10:03:27</time>
</trkpt>
<trkpt lat="44.1166016666667" lon="5.298145">
<ele>887.9</ele>
<speed>0.8426003</speed>
<time>2021-11-25T10:03:30</time>
</trkpt>
<trkpt lat="44.1166" lon="5.29819666666667">
<ele>887.9</ele>
<speed>0.7375969</speed>
<time>2021-11-25T10:03:33</time>
</trkpt>
<trkpt lat="44.1165983333333" lon="5.29822333333333">
<ele>887.9</ele>
<speed>0.7530386</speed>
<time>2021-11-25T10:03:34</time>
</trkpt>
<trkpt lat="44.116605" lon="5.29823166666667">
<ele>887.9</ele>
<speed>0.7267878</speed>
<time>2021-11-25T10:03:35</time>
</trkpt>
<trkpt lat="44.1166116666667" lon="5.298255">
<ele>887.9</ele>
<speed>0.7242142</speed>
<time>2021-11-25T10:03:36</time>
</trkpt>
<trkpt lat="44.116645" lon="5.298315">
<ele>887.9</ele>
<speed>0.78855443</speed>
<time>2021-11-25T10:03:37</time>
</trkpt>
<trkpt lat="44.1166566666667" lon="5.29834">
<ele>887.9</ele>
<speed>0.8976756</speed>
<time>2021-11-25T10:03:38</time>
</trkpt>
<trkpt lat="44.1166616666667" lon="5.29838333333333">
<ele>889.7</ele>
<speed>0.97436917</speed>
<time>2021-11-25T10:03:39</time>
</trkpt>
<trkpt lat="44.116675" lon="5.29846">
<ele>889.7</ele>
<speed>1.2497456</speed>
<time>2021-11-25T10:03:41</time>
</trkpt>
<trkpt lat="44.11667" lon="5.29852666666667">
<ele>889.7</ele>
<speed>1.4901209</speed>
<time>2021-11-25T10:03:43</time>
</trkpt>
<trkpt lat="44.1166616666667" lon="5.298545">
<ele>889.7</ele>
<speed>1.5019594</speed>
<time>2021-11-25T10:03:44</time>
</trkpt>
<trkpt lat="44.1166683333333" lon="5.29855666666667">
<ele>889.7</ele>
<speed>1.5632114</speed>
<time>2021-11-25T10:03:45</time>
</trkpt>
<trkpt lat="44.1166733333333" lon="5.29857">
<ele>889.7</ele>
<speed>1.6043892</speed>
<time>2021-11-25T10:03:46</time>
</trkpt>
<trkpt lat="44.1166716666667" lon="5.29859">
<ele>889.7</ele>
<speed>1.5874033</speed>
<time>2021-11-25T10:03:47</time>
</trkpt>
<trkpt lat="44.1166916666667" lon="5.29860833333333">
<ele>889.7</ele>
<speed>1.5688733</speed>
<time>2021-11-25T10:03:48</time>
</trkpt>
<trkpt lat="44.1167016666667" lon="5.29862833333333">
<ele>889.8</ele>
<speed>1.5755647</speed>
<time>2021-11-25T10:03:49</time>
</trkpt>
<trkpt lat="44.1167016666667" lon="5.298645">
<ele>889.8</ele>
<speed>1.5210042</speed>
<time>2021-11-25T10:03:50</time>
</trkpt>
<trkpt lat="44.1167266666667" lon="5.29866333333333">
<ele>889.8</ele>
<speed>1.4726202</speed>
<time>2021-11-25T10:03:51</time>
</trkpt>
<trkpt lat="44.1167716666667" lon="5.29874833333333">
<ele>889.8</ele>
<speed>1.5668144</speed>
<time>2021-11-25T10:03:55</time>
</trkpt>
<trkpt lat="44.1167933333333" lon="5.298805">
<ele>889.8</ele>
<speed>1.7191722</speed>
<time>2021-11-25T10:03:57</time>
</trkpt>
<trkpt lat="44.1168133333333" lon="5.29884333333333">
<ele>889.1</ele>
<speed>1.7068189</speed>
<time>2021-11-25T10:03:59</time>
</trkpt>
<trkpt lat="44.1168266666667" lon="5.29885833333333">
<ele>889.1</ele>
<speed>1.7093925</speed>
<time>2021-11-25T10:04:00</time>
</trkpt>
<trkpt lat="44.1168466666667" lon="5.2989">
<ele>889.1</ele>
<speed>1.7109367</speed>
<time>2021-11-25T10:04:02</time>
</trkpt>
<trkpt lat="44.1168633333333" lon="5.298935">
<ele>889.1</ele>
<speed>1.7207164</speed>
<time>2021-11-25T10:04:03</time>
</trkpt>
<trkpt lat="44.116885" lon="5.29903">
<ele>889.1</ele>
<speed>1.7464525</speed>
<time>2021-11-25T10:04:06</time>
</trkpt>
<trkpt lat="44.1169183333333" lon="5.29910833333333">
<ele>889.3</ele>
<speed>1.7104219</speed>
<time>2021-11-25T10:04:10</time>
</trkpt>
<trkpt lat="44.116925" lon="5.29915">
<ele>889.3</ele>
<speed>1.7145398</speed>
<time>2021-11-25T10:04:12</time>
</trkpt>
<trkpt lat="44.1169366666667" lon="5.29919">
<ele>889.3</ele>
<speed>1.61211</speed>
<time>2021-11-25T10:04:14</time>
</trkpt>
<trkpt lat="44.1169483333333" lon="5.29920833333333">
<ele>889.3</ele>
<speed>1.6151984</speed>
<time>2021-11-25T10:04:15</time>
</trkpt>
<trkpt lat="44.116965" lon="5.29922166666667">
<ele>889.3</ele>
<speed>1.6188014</speed>
<time>2021-11-25T10:04:16</time>
</trkpt>
<trkpt lat="44.1169983333333" lon="5.29925833333333">
<ele>889.5</ele>
<speed>1.5312986</speed>
<time>2021-11-25T10:04:19</time>
</trkpt>
<trkpt lat="44.1170166666667" lon="5.29928833333333">
<ele>889.5</ele>
<speed>1.4777675</speed>
<time>2021-11-25T10:04:21</time>
</trkpt>
<trkpt lat="44.1170316666667" lon="5.29933333333333">
<ele>889.5</ele>
<speed>1.4932091</speed>
<time>2021-11-25T10:04:23</time>
</trkpt>
<trkpt lat="44.117035" lon="5.29935833333333">
<ele>889.5</ele>
<speed>1.4901209</speed>
<time>2021-11-25T10:04:24</time>
</trkpt>
<trkpt lat="44.1170416666667" lon="5.29938">
<ele>889.5</ele>
<speed>1.4535756</speed>
<time>2021-11-25T10:04:25</time>
</trkpt>
<trkpt lat="44.11705" lon="5.29943">
<ele>889.5</ele>
<speed>1.478797</speed>
<time>2021-11-25T10:04:27</time>
</trkpt>
<trkpt lat="44.1170566666667" lon="5.29945333333333">
<ele>889.5</ele>
<speed>1.4957827</speed>
<time>2021-11-25T10:04:28</time>
</trkpt>
<trkpt lat="44.11706" lon="5.299475">
<ele>889.7</ele>
<speed>1.5524023</speed>
<time>2021-11-25T10:04:29</time>
</trkpt>
<trkpt lat="44.1170766666667" lon="5.29951833333333">
<ele>889.7</ele>
<speed>1.3784261</speed>
<time>2021-11-25T10:04:32</time>
</trkpt>
<trkpt lat="44.11708" lon="5.29952666666667">
<ele>889.7</ele>
<speed>1.2641578</speed>
<time>2021-11-25T10:04:33</time>
</trkpt>
<trkpt lat="44.117095" lon="5.299545">
<ele>889.7</ele>
<speed>1.2806289</speed>
<time>2021-11-25T10:04:34</time>
</trkpt>
<trkpt lat="44.1171183333333" lon="5.299615">
<ele>889.7</ele>
<speed>0.96407473</speed>
<time>2021-11-25T10:04:38</time>
</trkpt>
<trkpt lat="44.1171383333333" lon="5.29964666666667">
<ele>889.7</ele>
<speed>0.93319136</speed>
<time>2021-11-25T10:04:40</time>
</trkpt>
<trkpt lat="44.1171483333333" lon="5.299665">
<ele>889.7</ele>
<speed>0.95583916</speed>
<time>2021-11-25T10:04:41</time>
</trkpt>
<trkpt lat="44.117165" lon="5.29968">
<ele>889.7</ele>
<speed>0.9836342</speed>
<time>2021-11-25T10:04:42</time>
</trkpt>
<trkpt lat="44.117265" lon="5.29986">
<ele>889.0</ele>
<speed>1.1962144</speed>
<time>2021-11-25T10:04:50</time>
</trkpt>
<trkpt lat="44.117325" lon="5.29991833333333">
<ele>889.0</ele>
<speed>1.1941556</speed>
<time>2021-11-25T10:04:52</time>
</trkpt>
<trkpt lat="44.1173316666667" lon="5.29994833333333">
<ele>889.0</ele>
<speed>1.2826878</speed>
<time>2021-11-25T10:04:53</time>
</trkpt>
<trkpt lat="44.117345" lon="5.29996166666667">
<ele>889.0</ele>
<speed>1.3537195</speed>
<time>2021-11-25T10:04:54</time>
</trkpt>
<trkpt lat="44.1173466666667" lon="5.29998">
<ele>889.0</ele>
<speed>1.3609256</speed>
<time>2021-11-25T10:04:55</time>
</trkpt>
<trkpt lat="44.1173483333333" lon="5.3">
<ele>889.0</ele>
<speed>1.402618</speed>
<time>2021-11-25T10:04:56</time>
</trkpt>
<trkpt lat="44.1173516666667" lon="5.30003833333333">
<ele>889.0</ele>
<speed>1.4129125</speed>
<time>2021-11-25T10:04:58</time>
</trkpt>
<trkpt lat="44.1173583333333" lon="5.30005833333333">
<ele>888.7</ele>
<speed>1.430413</speed>
<time>2021-11-25T10:04:59</time>
</trkpt>
<trkpt lat="44.117375" lon="5.30011333333333">
<ele>888.7</ele>
<speed>1.4901209</speed>
<time>2021-11-25T10:05:02</time>
</trkpt>
<trkpt lat="44.1173866666667" lon="5.30013">
<ele>888.7</ele>
<speed>1.4031328</speed>
<time>2021-11-25T10:05:03</time>
</trkpt>
<trkpt lat="44.1174183333333" lon="5.30016666666667">
<ele>888.7</ele>
<speed>1.4612964</speed>
<time>2021-11-25T10:05:05</time>
</trkpt>
<trkpt lat="44.1174483333333" lon="5.30023833333333">
<ele>888.7</ele>
<speed>1.534387</speed>
<time>2021-11-25T10:05:08</time>
</trkpt>
<trkpt lat="44.1174533333333" lon="5.30025833333333">
<ele>888.3</ele>
<speed>1.5143127</speed>
<time>2021-11-25T10:05:09</time>
</trkpt>
<trkpt lat="44.117475" lon="5.3003">
<ele>888.3</ele>
<speed>1.6059333</speed>
<time>2021-11-25T10:05:11</time>
</trkpt>
<trkpt lat="44.1174766666667" lon="5.30033666666667">
<ele>888.3</ele>
<speed>1.6151984</speed>
<time>2021-11-25T10:05:12</time>
</trkpt>
<trkpt lat="44.11749" lon="5.300395">
<ele>888.3</ele>
<speed>1.6579202</speed>
<time>2021-11-25T10:05:14</time>
</trkpt>
<trkpt lat="44.1174983333333" lon="5.30045333333333">
<ele>888.3</ele>
<speed>1.639905</speed>
<time>2021-11-25T10:05:16</time>
</trkpt>
<trkpt lat="44.1175066666667" lon="5.30048166666667">
<ele>888.3</ele>
<speed>1.5940948</speed>
<time>2021-11-25T10:05:17</time>
</trkpt>
<trkpt lat="44.11755" lon="5.30056666666667">
<ele>887.6</ele>
<speed>1.6800534</speed>
<time>2021-11-25T10:05:20</time>
</trkpt>
<trkpt lat="44.11756" lon="5.30059166666667">
<ele>887.6</ele>
<speed>1.7289519</speed>
<time>2021-11-25T10:05:21</time>
</trkpt>
<trkpt lat="44.1175683333333" lon="5.30061">
<ele>887.6</ele>
<speed>1.7078483</speed>
<time>2021-11-25T10:05:22</time>
</trkpt>
<trkpt lat="44.117575" lon="5.30063">
<ele>887.6</ele>
<speed>1.7227752</speed>
<time>2021-11-25T10:05:23</time>
</trkpt>
<trkpt lat="44.1175933333333" lon="5.30066166666667">
<ele>887.6</ele>
<speed>1.701157</speed>
<time>2021-11-25T10:05:24</time>
</trkpt>
<trkpt lat="44.1176216666667" lon="5.300705">
<ele>887.6</ele>
<speed>1.7227752</speed>
<time>2021-11-25T10:05:26</time>
</trkpt>
<trkpt lat="44.1176433333333" lon="5.30076166666667">
<ele>887.6</ele>
<speed>1.736158</speed>
<time>2021-11-25T10:05:28</time>
</trkpt>
<trkpt lat="44.11765" lon="5.30079333333333">
<ele>886.3333</ele>
<speed>1.7006422</speed>
<time>2021-11-25T10:05:29</time>
</trkpt>
<trkpt lat="44.1176533333333" lon="5.30082">
<ele>886.3333</ele>
<speed>1.6738766</speed>
<time>2021-11-25T10:05:30</time>
</trkpt>
<trkpt lat="44.1176533333333" lon="5.30085833333333">
<ele>886.3333</ele>
<speed>1.6450522</speed>
<time>2021-11-25T10:05:31</time>
</trkpt>
<trkpt lat="44.1176466666667" lon="5.300935">
<ele>886.3333</ele>
<speed>1.7093925</speed>
<time>2021-11-25T10:05:33</time>
</trkpt>
<trkpt lat="44.1176466666667" lon="5.300985">
<ele>886.3333</ele>
<speed>1.6975539</speed>
<time>2021-11-25T10:05:35</time>
</trkpt>
<trkpt lat="44.1176416666667" lon="5.30100666666667">
<ele>886.3333</ele>
<speed>1.6193161</speed>
<time>2021-11-25T10:05:36</time>
</trkpt>
<trkpt lat="44.11765" lon="5.30106833333333">
<ele>888.2</ele>
<speed>1.4535756</speed>
<time>2021-11-25T10:05:39</time>
</trkpt>
<trkpt lat="44.1176666666667" lon="5.30110666666667">
<ele>888.2</ele>
<speed>1.312027</speed>
<time>2021-11-25T10:05:41</time>
</trkpt>
<trkpt lat="44.11768" lon="5.30112666666667">
<ele>888.2</ele>
<speed>1.2904086</speed>
<time>2021-11-25T10:05:42</time>
</trkpt>
<trkpt lat="44.1177033333333" lon="5.301175">
<ele>888.2</ele>
<speed>1.1982733</speed>
<time>2021-11-25T10:05:44</time>
</trkpt>
<trkpt lat="44.1177166666667" lon="5.30119333333333">
<ele>888.2</ele>
<speed>1.2605547</speed>
<time>2021-11-25T10:05:45</time>
</trkpt>
<trkpt lat="44.1177533333333" lon="5.30125333333333">
<ele>888.2</ele>
<speed>1.3779113</speed>
<time>2021-11-25T10:05:48</time>
</trkpt>
<trkpt lat="44.11776" lon="5.30127833333333">
<ele>887.8</ele>
<speed>1.3784261</speed>
<time>2021-11-25T10:05:49</time>
</trkpt>
<trkpt lat="44.1177666666667" lon="5.3013">
<ele>887.8</ele>
<speed>1.4046769</speed>
<time>2021-11-25T10:05:50</time>
</trkpt>
<trkpt lat="44.1177733333333" lon="5.30135666666667">
<ele>887.8</ele>
<speed>1.3923236</speed>
<time>2021-11-25T10:05:53</time>
</trkpt>
<trkpt lat="44.1177783333333" lon="5.30139333333333">
<ele>887.8</ele>
<speed>1.2626137</speed>
<time>2021-11-25T10:05:55</time>
</trkpt>
<trkpt lat="44.1177916666667" lon="5.30141666666667">
<ele>887.8</ele>
<speed>1.2554075</speed>
<time>2021-11-25T10:05:56</time>
</trkpt>
<trkpt lat="44.1177983333333" lon="5.30143666666667">
<ele>887.8</ele>
<speed>1.2456278</speed>
<time>2021-11-25T10:05:57</time>
</trkpt>
<trkpt lat="44.1178" lon="5.30149166666667">
<ele>886.5</ele>
<speed>1.2240094</speed>
<time>2021-11-25T10:05:59</time>
</trkpt>
<trkpt lat="44.1178016666667" lon="5.301545">
<ele>886.5</ele>
<speed>1.2857761</speed>
<time>2021-11-25T10:06:01</time>
</trkpt>
<trkpt lat="44.1177966666667" lon="5.30161333333333">
<ele>886.5</ele>
<speed>1.4335014</speed>
<time>2021-11-25T10:06:04</time>
</trkpt>
<trkpt lat="44.1178" lon="5.30162833333333">
<ele>886.5</ele>
<speed>1.411883</speed>
<time>2021-11-25T10:06:05</time>
</trkpt>
<trkpt lat="44.1178033333333" lon="5.30164">
<ele>886.5</ele>
<speed>1.3418808</speed>
<time>2021-11-25T10:06:06</time>
</trkpt>
<trkpt lat="44.1178116666667" lon="5.30165833333333">
<ele>886.5</ele>
<speed>1.2914381</speed>
<time>2021-11-25T10:06:07</time>
</trkpt>
<trkpt lat="44.11782" lon="5.30171666666667">
<ele>885.5</ele>
<speed>1.2909234</speed>
<time>2021-11-25T10:06:09</time>
</trkpt>
<trkpt lat="44.1178266666667" lon="5.30173666666667">
<ele>885.5</ele>
<speed>1.2744522</speed>
<time>2021-11-25T10:06:10</time>
</trkpt>
<trkpt lat="44.11787" lon="5.30180333333333">
<ele>885.5</ele>
<speed>1.2095972</speed>
<time>2021-11-25T10:06:13</time>
</trkpt>
<trkpt lat="44.1178833333333" lon="5.30182166666667">
<ele>885.5</ele>
<speed>1.1514336</speed>
<time>2021-11-25T10:06:14</time>
</trkpt>
<trkpt lat="44.1178933333333" lon="5.30184333333333">
<ele>885.5</ele>
<speed>1.1236386</speed>
<time>2021-11-25T10:06:16</time>
</trkpt>
<trkpt lat="44.1178983333333" lon="5.301855">
<ele>885.5</ele>
<speed>1.1133442</speed>
<time>2021-11-25T10:06:17</time>
</trkpt>
<trkpt lat="44.11791" lon="5.30187166666667">
<ele>885.5</ele>
<speed>1.1226091</speed>
<time>2021-11-25T10:06:18</time>
</trkpt>
<trkpt lat="44.11793" lon="5.30190833333333">
<ele>885.8</ele>
<speed>1.0428272</speed>
<time>2021-11-25T10:06:20</time>
</trkpt>
<trkpt lat="44.117955" lon="5.30196666666667">
<ele>885.8</ele>
<speed>1.0356212</speed>
<time>2021-11-25T10:06:22</time>
</trkpt>
<trkpt lat="44.11796" lon="5.30199333333333">
<ele>885.8</ele>
<speed>1.0067967</speed>
<time>2021-11-25T10:06:23</time>
</trkpt>
<trkpt lat="44.1179733333333" lon="5.30201166666667">
<ele>885.8</ele>
<speed>1.0217236</speed>
<time>2021-11-25T10:06:24</time>
</trkpt>
<trkpt lat="44.1179933333333" lon="5.30205166666667">
<ele>885.8</ele>
<speed>1.1123147</speed>
<time>2021-11-25T10:06:26</time>
</trkpt>
<trkpt lat="44.117995" lon="5.30206833333333">
<ele>885.8</ele>
<speed>1.1359919</speed>
<time>2021-11-25T10:06:27</time>
</trkpt>
<trkpt lat="44.1179983333333" lon="5.30209333333333">
<ele>885.73334</ele>
<speed>1.0587837</speed>
<time>2021-11-25T10:06:29</time>
</trkpt>
<trkpt lat="44.117995" lon="5.302145">
<ele>885.73334</ele>
<speed>1.1555514</speed>
<time>2021-11-25T10:06:31</time>
</trkpt>
<trkpt lat="44.117985" lon="5.302175">
<ele>885.73334</ele>
<speed>1.1982733</speed>
<time>2021-11-25T10:06:32</time>
</trkpt>
<trkpt lat="44.1179866666667" lon="5.30220333333333">
<ele>885.73334</ele>
<speed>1.2301861</speed>
<time>2021-11-25T10:06:33</time>
</trkpt>
<trkpt lat="44.1179883333333" lon="5.30224666666667">
<ele>885.73334</ele>
<speed>1.2482014</speed>
<time>2021-11-25T10:06:35</time>
</trkpt>
<trkpt lat="44.1180016666667" lon="5.302275">
<ele>885.73334</ele>
<speed>1.2734228</speed>
<time>2021-11-25T10:06:36</time>
</trkpt>
<trkpt lat="44.1180066666667" lon="5.30229666666667">
<ele>885.73334</ele>
<speed>1.3130563</speed>
<time>2021-11-25T10:06:37</time>
</trkpt>
<trkpt lat="44.1180283333333" lon="5.30231">
<ele>885.73334</ele>
<speed>1.3918089</speed>
<time>2021-11-25T10:06:38</time>
</trkpt>
<trkpt lat="44.1180466666667" lon="5.30233166666667">
<ele>885.9</ele>
<speed>1.4736497</speed>
<time>2021-11-25T10:06:39</time>
</trkpt>
<trkpt lat="44.118075" lon="5.30237166666667">
<ele>885.9</ele>
<speed>1.5333575</speed>
<time>2021-11-25T10:06:41</time>
</trkpt>
<trkpt lat="44.1181033333333" lon="5.30241333333333">
<ele>885.9</ele>
<speed>1.5745353</speed>
<time>2021-11-25T10:06:43</time>
</trkpt>
<trkpt lat="44.1181183333333" lon="5.30247666666667">
<ele>885.9</ele>
<speed>1.5580642</speed>
<time>2021-11-25T10:06:47</time>
</trkpt>
<trkpt lat="44.118125" lon="5.302485">
<ele>885.9</ele>
<speed>1.50093</speed>
<time>2021-11-25T10:06:48</time>
</trkpt>
<trkpt lat="44.11813" lon="5.30249666666667">
<ele>886.6</ele>
<speed>1.4427664</speed>
<time>2021-11-25T10:06:49</time>
</trkpt>
<trkpt lat="44.1181316666667" lon="5.30250666666667">
<ele>886.6</ele>
<speed>1.3465134</speed>
<time>2021-11-25T10:06:50</time>
</trkpt>
<trkpt lat="44.1181333333333" lon="5.302515">
<ele>886.6</ele>
<speed>1.2080531</speed>
<time>2021-11-25T10:06:51</time>
</trkpt>
<trkpt lat="44.1181233333333" lon="5.302545">
<ele>886.6</ele>
<speed>0.77877474</speed>
<time>2021-11-25T10:06:55</time>
</trkpt>
<trkpt lat="44.1181583333333" lon="5.30261833333333">
<ele>886.5</ele>
<speed>0.8621597</speed>
<time>2021-11-25T10:06:59</time>
</trkpt>
<trkpt lat="44.1181733333333" lon="5.30266">
<ele>886.5</ele>
<speed>1.0258414</speed>
<time>2021-11-25T10:07:01</time>
</trkpt>
<trkpt lat="44.118185" lon="5.302705">
<ele>886.5</ele>
<speed>1.1890084</speed>
<time>2021-11-25T10:07:03</time>
</trkpt>
<trkpt lat="44.1182216666667" lon="5.30278833333333">
<ele>886.5</ele>
<speed>1.4067358</speed>
<time>2021-11-25T10:07:07</time>
</trkpt>
<trkpt lat="44.1182283333333" lon="5.30281666666667">
<ele>886.5</ele>
<speed>1.4041622</speed>
<time>2021-11-25T10:07:08</time>
</trkpt>
<trkpt lat="44.1182133333333" lon="5.30287666666667">
<ele>886.13336</ele>
<speed>1.3475428</speed>
<time>2021-11-25T10:07:10</time>
</trkpt>
<trkpt lat="44.1182" lon="5.30292333333333">
<ele>886.13336</ele>
<speed>1.2610694</speed>
<time>2021-11-25T10:07:12</time>
</trkpt>
<trkpt lat="44.11821" lon="5.30296166666667">
<ele>886.13336</ele>
<speed>1.1797433</speed>
<time>2021-11-25T10:07:14</time>
</trkpt>
<trkpt lat="44.1181966666667" lon="5.302985">
<ele>886.13336</ele>
<speed>1.0891522</speed>
<time>2021-11-25T10:07:15</time>
</trkpt>
<trkpt lat="44.1181966666667" lon="5.30301666666667">
<ele>886.13336</ele>
<speed>1.0819461</speed>
<time>2021-11-25T10:07:16</time>
</trkpt>
<trkpt lat="44.1181933333333" lon="5.30305166666667">
<ele>886.13336</ele>
<speed>1.1009909</speed>
<time>2021-11-25T10:07:17</time>
</trkpt>
<trkpt lat="44.1181966666667" lon="5.30308">
<ele>886.13336</ele>
<speed>1.1179767</speed>
<time>2021-11-25T10:07:18</time>
</trkpt>
<trkpt lat="44.1182016666667" lon="5.30313666666667">
<ele>887.9667</ele>
<speed>1.1262122</speed>
<time>2021-11-25T10:07:20</time>
</trkpt>
<trkpt lat="44.11821" lon="5.30316">
<ele>887.9667</ele>
<speed>1.1781992</speed>
<time>2021-11-25T10:07:21</time>
</trkpt>
<trkpt lat="44.1182233333333" lon="5.30318">
<ele>887.9667</ele>
<speed>1.2307009</speed>
<time>2021-11-25T10:07:22</time>
</trkpt>
<trkpt lat="44.1182183333333" lon="5.30323">
<ele>887.9667</ele>
<speed>1.2384217</speed>
<time>2021-11-25T10:07:24</time>
</trkpt>
<trkpt lat="44.1182216666667" lon="5.30325666666667">
<ele>887.9667</ele>
<speed>1.282173</speed>
<time>2021-11-25T10:07:25</time>
</trkpt>
<trkpt lat="44.11823" lon="5.30328166666667">
<ele>887.9667</ele>
<speed>1.2924675</speed>
<time>2021-11-25T10:07:26</time>
</trkpt>
<trkpt lat="44.1182316666667" lon="5.30330333333333">
<ele>887.9667</ele>
<speed>1.2595253</speed>
<time>2021-11-25T10:07:27</time>
</trkpt>
<trkpt lat="44.1182" lon="5.30333666666667">
<ele>887.9667</ele>
<speed>1.26004</speed>
<time>2021-11-25T10:07:28</time>
</trkpt>
<trkpt lat="44.118195" lon="5.30337666666667">
<ele>888.43335</ele>
<speed>1.2687902</speed>
<time>2021-11-25T10:07:30</time>
</trkpt>
<trkpt lat="44.118175" lon="5.3034">
<ele>888.43335</ele>
<speed>1.2590106</speed>
<time>2021-11-25T10:07:31</time>
</trkpt>
<trkpt lat="44.1181683333333" lon="5.30341666666667">
<ele>888.43335</ele>
<speed>1.2296714</speed>
<time>2021-11-25T10:07:32</time>
</trkpt>
<trkpt lat="44.1181566666667" lon="5.30344166666667">
<ele>888.43335</ele>
<speed>1.1879789</speed>
<time>2021-11-25T10:07:34</time>
</trkpt>
<trkpt lat="44.118155" lon="5.30346333333333">
<ele>888.43335</ele>
<speed>1.1900377</speed>
<time>2021-11-25T10:07:35</time>
</trkpt>
<trkpt lat="44.1181333333333" lon="5.30358833333333">
<ele>889.2</ele>
<speed>1.1658459</speed>
<time>2021-11-25T10:07:39</time>
</trkpt>
<trkpt lat="44.11812" lon="5.3037">
<ele>889.2</ele>
<speed>1.2518045</speed>
<time>2021-11-25T10:07:42</time>
</trkpt>
<trkpt lat="44.1181016666667" lon="5.303735">
<ele>889.2</ele>
<speed>1.3393072</speed>
<time>2021-11-25T10:07:43</time>
</trkpt>
<trkpt lat="44.1180333333333" lon="5.30389166666667">
<ele>889.2</ele>
<speed>1.4870325</speed>
<time>2021-11-25T10:07:48</time>
</trkpt>
<trkpt lat="44.1180233333333" lon="5.30391666666667">
<ele>889.5</ele>
<speed>1.4705614</speed>
<time>2021-11-25T10:07:49</time>
</trkpt>
<trkpt lat="44.1180116666667" lon="5.30395666666667">
<ele>889.5</ele>
<speed>1.4252658</speed>
<time>2021-11-25T10:07:51</time>
</trkpt>
<trkpt lat="44.118015" lon="5.30397666666667">
<ele>889.5</ele>
<speed>1.376882</speed>
<time>2021-11-25T10:07:52</time>
</trkpt>
<trkpt lat="44.118015" lon="5.303995">
<ele>889.5</ele>
<speed>1.3037914</speed>
<time>2021-11-25T10:07:53</time>
</trkpt>
<trkpt lat="44.1180183333333" lon="5.30401">
<ele>889.5</ele>
<speed>1.2152592</speed>
<time>2021-11-25T10:07:54</time>
</trkpt>
<trkpt lat="44.1180183333333" lon="5.30403">
<ele>889.5</ele>
<speed>1.154522</speed>
<time>2021-11-25T10:07:55</time>
</trkpt>
<trkpt lat="44.1180233333333" lon="5.30406166666667">
<ele>889.5</ele>
<speed>1.158125</speed>
<time>2021-11-25T10:07:56</time>
</trkpt>
<trkpt lat="44.11802" lon="5.30410333333333">
<ele>889.5</ele>
<speed>1.1334183</speed>
<time>2021-11-25T10:07:58</time>
</trkpt>
<trkpt lat="44.1180283333333" lon="5.30413">
<ele>890.0</ele>
<speed>1.1169472</speed>
<time>2021-11-25T10:07:59</time>
</trkpt>
<trkpt lat="44.1180216666667" lon="5.30415833333333">
<ele>890.0</ele>
<speed>1.1370214</speed>
<time>2021-11-25T10:08:00</time>
</trkpt>
<trkpt lat="44.1180266666667" lon="5.30418666666667">
<ele>890.0</ele>
<speed>1.1648164</speed>
<time>2021-11-25T10:08:01</time>
</trkpt>
<trkpt lat="44.11803" lon="5.30421833333333">
<ele>890.0</ele>
<speed>1.2054795</speed>
<time>2021-11-25T10:08:02</time>
</trkpt>
<trkpt lat="44.11803" lon="5.30424333333333">
<ele>890.0</ele>
<speed>1.2301861</speed>
<time>2021-11-25T10:08:03</time>
</trkpt>
<trkpt lat="44.1180166666667" lon="5.30425833333333">
<ele>890.0</ele>
<speed>1.2981294</speed>
<time>2021-11-25T10:08:04</time>
</trkpt>
<trkpt lat="44.1180133333333" lon="5.30427333333333">
<ele>890.0</ele>
<speed>1.2940117</speed>
<time>2021-11-25T10:08:05</time>
</trkpt>
<trkpt lat="44.1180166666667" lon="5.30429833333333">
<ele>890.0</ele>
<speed>1.2744522</speed>
<time>2021-11-25T10:08:06</time>
</trkpt>
<trkpt lat="44.1180216666667" lon="5.30433166666667">
<ele>890.0</ele>
<speed>1.2307009</speed>
<time>2021-11-25T10:08:08</time>
</trkpt>
<trkpt lat="44.1180216666667" lon="5.30435">
<ele>890.3</ele>
<speed>1.2548928</speed>
<time>2021-11-25T10:08:09</time>
</trkpt>
<trkpt lat="44.1180216666667" lon="5.30440166666667">
<ele>890.3</ele>
<speed>1.2657019</speed>
<time>2021-11-25T10:08:11</time>
</trkpt>
<trkpt lat="44.1180216666667" lon="5.30442666666667">
<ele>890.3</ele>
<speed>1.2873203</speed>
<time>2021-11-25T10:08:12</time>
</trkpt>
<trkpt lat="44.1180166666667" lon="5.30445166666667">
<ele>890.3</ele>
<speed>1.2893791</speed>
<time>2021-11-25T10:08:13</time>
</trkpt>
<trkpt lat="44.1180183333333" lon="5.30447333333333">
<ele>890.3</ele>
<speed>1.2672461</speed>
<time>2021-11-25T10:08:14</time>
</trkpt>
<trkpt lat="44.1180233333333" lon="5.30449166666667">
<ele>890.3</ele>
<speed>1.2868055</speed>
<time>2021-11-25T10:08:15</time>
</trkpt>
<trkpt lat="44.1180266666667" lon="5.3045">
<ele>890.3</ele>
<speed>1.2533486</speed>
<time>2021-11-25T10:08:16</time>
</trkpt>
<trkpt lat="44.118015" lon="5.30451333333333">
<ele>890.3</ele>
<speed>1.2492309</speed>
<time>2021-11-25T10:08:17</time>
</trkpt>
<trkpt lat="44.11801" lon="5.30452333333333">
<ele>890.3</ele>
<speed>1.2157739</speed>
<time>2021-11-25T10:08:18</time>
</trkpt>
<trkpt lat="44.118005" lon="5.30454166666667">
<ele>889.7</ele>
<speed>1.1869495</speed>
<time>2021-11-25T10:08:19</time>
</trkpt>
<trkpt lat="44.1179883333333" lon="5.30458666666667">
<ele>889.7</ele>
<speed>1.1205503</speed>
<time>2021-11-25T10:08:21</time>
</trkpt>
<trkpt lat="44.1179866666667" lon="5.30460833333333">
<ele>889.7</ele>
<speed>1.0989319</speed>
<time>2021-11-25T10:08:22</time>
</trkpt>
<trkpt lat="44.1179616666667" lon="5.30463833333333">
<ele>889.7</ele>
<speed>1.1220944</speed>
<time>2021-11-25T10:08:23</time>
</trkpt>
<trkpt lat="44.1179483333333" lon="5.30465833333333">
<ele>889.7</ele>
<speed>1.1179767</speed>
<time>2021-11-25T10:08:24</time>
</trkpt>
<trkpt lat="44.117935" lon="5.30468166666667">
<ele>889.7</ele>
<speed>1.1462864</speed>
<time>2021-11-25T10:08:25</time>
</trkpt>
<trkpt lat="44.1179233333333" lon="5.304705">
<ele>889.7</ele>
<speed>1.1920967</speed>
<time>2021-11-25T10:08:26</time>
</trkpt>
<trkpt lat="44.1179166666667" lon="5.30472666666667">
<ele>889.7</ele>
<speed>1.22298</speed>
<time>2021-11-25T10:08:27</time>
</trkpt>
<trkpt lat="44.1179166666667" lon="5.304745">
<ele>889.7</ele>
<speed>1.24151</speed>
<time>2021-11-25T10:08:28</time>
</trkpt>
<trkpt lat="44.11792" lon="5.30476">
<ele>887.3</ele>
<speed>1.1900377</speed>
<time>2021-11-25T10:08:29</time>
</trkpt>
<trkpt lat="44.1179233333333" lon="5.30476666666667">
<ele>887.3</ele>
<speed>1.1354772</speed>
<time>2021-11-25T10:08:30</time>
</trkpt>
<trkpt lat="44.11793" lon="5.304785">
<ele>887.3</ele>
<speed>1.1112853</speed>
<time>2021-11-25T10:08:31</time>
</trkpt>
<trkpt lat="44.11795" lon="5.30488">
<ele>887.3</ele>
<speed>1.198788</speed>
<time>2021-11-25T10:08:35</time>
</trkpt>
<trkpt lat="44.1179433333333" lon="5.30494333333333">
<ele>887.3</ele>
<speed>1.3115122</speed>
<time>2021-11-25T10:08:37</time>
</trkpt>
<trkpt lat="44.1179216666667" lon="5.30499666666667">
<ele>887.7</ele>
<speed>1.4494578</speed>
<time>2021-11-25T10:08:39</time>
</trkpt>
<trkpt lat="44.1178983333333" lon="5.3051">
<ele>887.7</ele>
<speed>1.510195</speed>
<time>2021-11-25T10:08:44</time>
</trkpt>
<trkpt lat="44.11789" lon="5.30524666666667">
<ele>888.6</ele>
<speed>1.3604108</speed>
<time>2021-11-25T10:08:50</time>
</trkpt>
<trkpt lat="44.1178933333333" lon="5.3053">
<ele>888.6</ele>
<speed>1.3418808</speed>
<time>2021-11-25T10:08:52</time>
</trkpt>
<trkpt lat="44.1179016666667" lon="5.30532666666667">
<ele>888.6</ele>
<speed>1.3321011</speed>
<time>2021-11-25T10:08:53</time>
</trkpt>
<trkpt lat="44.1178983333333" lon="5.30535666666667">
<ele>888.6</ele>
<speed>1.3351895</speed>
<time>2021-11-25T10:08:54</time>
</trkpt>
<trkpt lat="44.1178533333333" lon="5.3054">
<ele>888.6</ele>
<speed>1.1787139</speed>
<time>2021-11-25T10:08:56</time>
</trkpt>
<trkpt lat="44.1178383333333" lon="5.30541833333333">
<ele>888.6</ele>
<speed>1.1812875</speed>
<time>2021-11-25T10:08:57</time>
</trkpt>
<trkpt lat="44.1178183333333" lon="5.30544166666667">
<ele>888.6</ele>
<speed>1.2780553</speed>
<time>2021-11-25T10:08:58</time>
</trkpt>
<trkpt lat="44.1178066666667" lon="5.30549166666667">
<ele>888.8</ele>
<speed>1.5369606</speed>
<time>2021-11-25T10:08:59</time>
</trkpt>
<trkpt lat="44.1177883333333" lon="5.30553166666667">
<ele>888.8</ele>
<speed>1.8427056</speed>
<time>2021-11-25T10:09:00</time>
</trkpt>
<trkpt lat="44.1177666666667" lon="5.30551833333333">
<ele>888.8</ele>
<speed>1.9780775</speed>
<time>2021-11-25T10:09:01</time>
</trkpt>
<trkpt lat="44.1177583333333" lon="5.30553833333333">
<ele>888.8</ele>
<speed>2.0964637</speed>
<time>2021-11-25T10:09:02</time>
</trkpt>
<trkpt lat="44.1177716666667" lon="5.30555666666667">
<ele>888.8</ele>
<speed>2.0022695</speed>
<time>2021-11-25T10:09:05</time>
</trkpt>
<trkpt lat="44.11779" lon="5.30558666666667">
<ele>888.8</ele>
<speed>1.8483675</speed>
<time>2021-11-25T10:09:07</time>
</trkpt>
<trkpt lat="44.117805" lon="5.30559166666667">
<ele>888.8</ele>
<speed>1.6985834</speed>
<time>2021-11-25T10:09:08</time>
</trkpt>
<trkpt lat="44.1178233333333" lon="5.30559666666667">
<ele>890.7</ele>
<speed>1.0371653</speed>
<time>2021-11-25T10:09:10</time>
</trkpt>
<trkpt lat="44.1178266666667" lon="5.30559166666667">
<ele>890.7</ele>
<speed>0.8518653</speed>
<time>2021-11-25T10:09:11</time>
</trkpt>
<trkpt lat="44.1178366666667" lon="5.30558833333333">
<ele>890.7</ele>
<speed>0.6547267</speed>
<time>2021-11-25T10:09:12</time>
</trkpt>
<trkpt lat="44.117855" lon="5.30559666666667">
<ele>890.7</ele>
<speed>0.61149</speed>
<time>2021-11-25T10:09:13</time>
</trkpt>
<trkpt lat="44.1178883333333" lon="5.30562833333333">
<ele>893.1</ele>
<speed>0.88377804</speed>
<time>2021-11-25T10:09:23</time>
</trkpt>
<trkpt lat="44.1179166666667" lon="5.30567833333333">
<ele>893.1</ele>
<speed>1.1637869</speed>
<time>2021-11-25T10:09:27</time>
</trkpt>
<trkpt lat="44.11793" lon="5.305705">
<ele>895.6</ele>
<speed>1.2270977</speed>
<time>2021-11-25T10:09:29</time>
</trkpt>
<trkpt lat="44.117935" lon="5.30573166666667">
<ele>895.6</ele>
<speed>1.300703</speed>
<time>2021-11-25T10:09:31</time>
</trkpt>
<trkpt lat="44.1179316666667" lon="5.30576166666667">
<ele>895.6</ele>
<speed>1.2940117</speed>
<time>2021-11-25T10:09:32</time>
</trkpt>
<trkpt lat="44.1179316666667" lon="5.305775">
<ele>895.6</ele>
<speed>1.2971</speed>
<time>2021-11-25T10:09:33</time>
</trkpt>
<trkpt lat="44.1179116666667" lon="5.305815">
<ele>895.6</ele>
<speed>1.2281272</speed>
<time>2021-11-25T10:09:34</time>
</trkpt>
<trkpt lat="44.117895" lon="5.30583833333333">
<ele>895.6</ele>
<speed>1.1498895</speed>
<time>2021-11-25T10:09:35</time>
</trkpt>
<trkpt lat="44.1178916666667" lon="5.30587833333333">
<ele>895.6</ele>
<speed>1.0417978</speed>
<time>2021-11-25T10:09:37</time>
</trkpt>
<trkpt lat="44.1178766666667" lon="5.30591666666667">
<ele>901.6</ele>
<speed>0.89510196</speed>
<time>2021-11-25T10:09:39</time>
</trkpt>
<trkpt lat="44.1178783333333" lon="5.30593166666667">
<ele>901.6</ele>
<speed>0.85340947</speed>
<time>2021-11-25T10:09:40</time>
</trkpt>
<trkpt lat="44.1178733333333" lon="5.306065">
<ele>901.6</ele>
<speed>0.8853222</speed>
<time>2021-11-25T10:09:46</time>
</trkpt>
<trkpt lat="44.117885" lon="5.30608833333333">
<ele>901.6</ele>
<speed>0.95738333</speed>
<time>2021-11-25T10:09:48</time>
</trkpt>
<trkpt lat="44.1178833333333" lon="5.30610166666667">
<ele>902.6</ele>
<speed>0.98106056</speed>
<time>2021-11-25T10:09:49</time>
</trkpt>
<trkpt lat="44.1178983333333" lon="5.30615">
<ele>902.6</ele>
<speed>1.1030498</speed>
<time>2021-11-25T10:09:53</time>
</trkpt>
<trkpt lat="44.11791" lon="5.30616333333333">
<ele>902.6</ele>
<speed>1.1390803</speed>
<time>2021-11-25T10:09:54</time>
</trkpt>
<trkpt lat="44.1178816666667" lon="5.30624333333333">
<ele>902.6</ele>
<speed>1.115403</speed>
<time>2021-11-25T10:09:58</time>
</trkpt>
<trkpt lat="44.1178816666667" lon="5.30625166666667">
<ele>906.6667</ele>
<speed>1.1097411</speed>
<time>2021-11-25T10:09:59</time>
</trkpt>
<trkpt lat="44.11787" lon="5.30625333333333">
<ele>906.6667</ele>
<speed>1.1442275</speed>
<time>2021-11-25T10:10:00</time>
</trkpt>
<trkpt lat="44.11785" lon="5.30626666666667">
<ele>906.6667</ele>
<speed>1.1493747</speed>
<time>2021-11-25T10:10:01</time>
</trkpt>
<trkpt lat="44.1178183333333" lon="5.30628333333333">
<ele>906.6667</ele>
<speed>1.1468011</speed>
<time>2021-11-25T10:10:02</time>
</trkpt>
<trkpt lat="44.1177966666667" lon="5.30632333333333">
<ele>906.6667</ele>
<speed>1.1323888</speed>
<time>2021-11-25T10:10:03</time>
</trkpt>
<trkpt lat="44.11779" lon="5.30633166666667">
<ele>906.6667</ele>
<speed>1.0273856</speed>
<time>2021-11-25T10:10:04</time>
</trkpt>
<trkpt lat="44.1177616666667" lon="5.306385">
<ele>906.6667</ele>
<speed>0.96664834</speed>
<time>2021-11-25T10:10:06</time>
</trkpt>
<trkpt lat="44.1177666666667" lon="5.30642166666667">
<ele>906.6667</ele>
<speed>1.041283</speed>
<time>2021-11-25T10:10:07</time>
</trkpt>
<trkpt lat="44.117795" lon="5.30654833333333">
<ele>917.43335</ele>
<speed>1.2214358</speed>
<time>2021-11-25T10:10:12</time>
</trkpt>
<trkpt lat="44.1177816666667" lon="5.30657666666667">
<ele>917.43335</ele>
<speed>1.22298</speed>
<time>2021-11-25T10:10:13</time>
</trkpt>
<trkpt lat="44.1177833333333" lon="5.30660333333333">
<ele>917.43335</ele>
<speed>1.31563</speed>
<time>2021-11-25T10:10:14</time>
</trkpt>
<trkpt lat="44.1177933333333" lon="5.30665333333333">
<ele>917.43335</ele>
<speed>1.4015886</speed>
<time>2021-11-25T10:10:16</time>
</trkpt>
<trkpt lat="44.1178033333333" lon="5.306675">
<ele>917.43335</ele>
<speed>1.3593814</speed>
<time>2021-11-25T10:10:17</time>
</trkpt>
<trkpt lat="44.117795" lon="5.30669333333333">
<ele>917.43335</ele>
<speed>1.2595253</speed>
<time>2021-11-25T10:10:18</time>
</trkpt>
<trkpt lat="44.1178033333333" lon="5.306715">
<ele>918.8</ele>
<speed>1.2312156</speed>
<time>2021-11-25T10:10:19</time>
</trkpt>
<trkpt lat="44.1178333333333" lon="5.30684666666667">
<ele>918.8</ele>
<speed>1.3660728</speed>
<time>2021-11-25T10:10:23</time>
</trkpt>
<trkpt lat="44.1178566666667" lon="5.30690333333333">
<ele>918.8</ele>
<speed>1.460267</speed>
<time>2021-11-25T10:10:25</time>
</trkpt>
<trkpt lat="44.11788" lon="5.30697333333333">
<ele>923.3</ele>
<speed>1.4242364</speed>
<time>2021-11-25T10:10:29</time>
</trkpt>
<trkpt lat="44.1178966666667" lon="5.30701">
<ele>923.3</ele>
<speed>1.3974708</speed>
<time>2021-11-25T10:10:31</time>
</trkpt>
<trkpt lat="44.117915" lon="5.30704666666667">
<ele>923.3</ele>
<speed>1.358352</speed>
<time>2021-11-25T10:10:33</time>
</trkpt>
<trkpt lat="44.117925" lon="5.307075">
<ele>923.3</ele>
<speed>1.395412</speed>
<time>2021-11-25T10:10:34</time>
</trkpt>
<trkpt lat="44.1179433333333" lon="5.307125">
<ele>923.3</ele>
<speed>1.4628406</speed>
<time>2021-11-25T10:10:36</time>
</trkpt>
<trkpt lat="44.1179633333333" lon="5.30717833333333">
<ele>925.7</ele>
<speed>1.5683587</speed>
<time>2021-11-25T10:10:39</time>
</trkpt>
<trkpt lat="44.1180316666667" lon="5.30731">
<ele>925.7</ele>
<speed>1.5971831</speed>
<time>2021-11-25T10:10:46</time>
</trkpt>
<trkpt lat="44.1180466666667" lon="5.30734833333333">
<ele>926.7</ele>
<speed>1.4705614</speed>
<time>2021-11-25T10:10:49</time>
</trkpt>
<trkpt lat="44.11806" lon="5.307375">
<ele>926.7</ele>
<speed>1.3650433</speed>
<time>2021-11-25T10:10:51</time>
</trkpt>
<trkpt lat="44.1180666666667" lon="5.30738833333333">
<ele>926.7</ele>
<speed>1.2837173</speed>
<time>2021-11-25T10:10:52</time>
</trkpt>
<trkpt lat="44.1180766666667" lon="5.30742833333333">
<ele>926.7</ele>
<speed>1.1812875</speed>
<time>2021-11-25T10:10:54</time>
</trkpt>
<trkpt lat="44.1180933333333" lon="5.30748666666667">
<ele>926.7</ele>
<speed>1.1570956</speed>
<time>2021-11-25T10:10:56</time>
</trkpt>
<trkpt lat="44.118125" lon="5.30759833333333">
<ele>928.0</ele>
<speed>1.3727641</speed>
<time>2021-11-25T10:11:00</time>
</trkpt>
<trkpt lat="44.1181266666667" lon="5.30761666666667">
<ele>928.0</ele>
<speed>1.3696759</speed>
<time>2021-11-25T10:11:01</time>
</trkpt>
<trkpt lat="44.1181366666667" lon="5.30769166666667">
<ele>928.0</ele>
<speed>1.4515166</speed>
<time>2021-11-25T10:11:03</time>
</trkpt>
<trkpt lat="44.1181416666667" lon="5.307765">
<ele>928.0</ele>
<speed>1.50093</speed>
<time>2021-11-25T10:11:05</time>
</trkpt>
<trkpt lat="44.1181583333333" lon="5.30781333333333">
<ele>928.0</ele>
<speed>1.5863739</speed>
<time>2021-11-25T10:11:07</time>
</trkpt>
<trkpt lat="44.1181716666667" lon="5.307835">
<ele>928.0</ele>
<speed>1.5709323</speed>
<time>2021-11-25T10:11:08</time>
</trkpt>
<trkpt lat="44.1181816666667" lon="5.307845">
<ele>929.3</ele>
<speed>1.5374752</speed>
<time>2021-11-25T10:11:09</time>
</trkpt>
<trkpt lat="44.1181883333333" lon="5.30785833333333">
<ele>929.3</ele>
<speed>1.4885767</speed>
<time>2021-11-25T10:11:10</time>
</trkpt>
<trkpt lat="44.1182316666667" lon="5.30795166666667">
<ele>929.3</ele>
<speed>1.5699028</speed>
<time>2021-11-25T10:11:14</time>
</trkpt>
<trkpt lat="44.118255" lon="5.30800333333333">
<ele>929.3</ele>
<speed>1.5863739</speed>
<time>2021-11-25T10:11:16</time>
</trkpt>
<trkpt lat="44.1182783333333" lon="5.30806">
<ele>929.8</ele>
<speed>1.5961536</speed>
<time>2021-11-25T10:11:19</time>
</trkpt>
<trkpt lat="44.1182916666667" lon="5.30807833333333">
<ele>929.8</ele>
<speed>1.6455669</speed>
<time>2021-11-25T10:11:20</time>
</trkpt>
<trkpt lat="44.118305" lon="5.30811">
<ele>929.8</ele>
<speed>1.5673292</speed>
<time>2021-11-25T10:11:22</time>
</trkpt>
<trkpt lat="44.1183183333333" lon="5.30814833333333">
<ele>929.8</ele>
<speed>1.4417369</speed>
<time>2021-11-25T10:11:24</time>
</trkpt>
<trkpt lat="44.1183283333333" lon="5.30815666666667">
<ele>929.8</ele>
<speed>1.3640139</speed>
<time>2021-11-25T10:11:25</time>
</trkpt>
<trkpt lat="44.118355" lon="5.30818333333333">
<ele>929.8</ele>
<speed>1.195185</speed>
<time>2021-11-25T10:11:28</time>
</trkpt>
<trkpt lat="44.11839" lon="5.30821833333333">
<ele>935.63336</ele>
<speed>1.145257</speed>
<time>2021-11-25T10:11:31</time>
</trkpt>
<trkpt lat="44.11841" lon="5.30823166666667">
<ele>935.63336</ele>
<speed>1.0695928</speed>
<time>2021-11-25T10:11:34</time>
</trkpt>
<trkpt lat="44.1184116666667" lon="5.30823333333333">
<ele>935.63336</ele>
<speed>0.9928992</speed>
<time>2021-11-25T10:11:35</time>
</trkpt>
<trkpt lat="44.118415" lon="5.30823">
<ele>935.63336</ele>
<speed>0.94503</speed>
<time>2021-11-25T10:11:36</time>
</trkpt>
<trkpt lat="44.118415" lon="5.30823">
<ele>935.63336</ele>
<speed>0.8601008</speed>
<time>2021-11-25T10:11:37</time>
</trkpt>
<trkpt lat="44.1184183333333" lon="5.30823333333333">
<ele>935.63336</ele>
<speed>0.7365675</speed>
<time>2021-11-25T10:11:38</time>
</trkpt>
<trkpt lat="44.1184266666667" lon="5.30824">
<ele>936.6</ele>
<speed>0.0</speed>
<time>2021-11-25T10:11:43</time>
</trkpt>
<trkpt lat="44.11843" lon="5.30824166666667">
<ele>936.6</ele>
<speed>0.0</speed>
<time>2021-11-25T10:11:45</time>
</trkpt>
<trkpt lat="44.1184933333333" lon="5.30826666666667">
<ele>937.5</ele>
<speed>0.31140694</speed>
<time>2021-11-25T10:12:03</time>
</trkpt>
<trkpt lat="44.1184916666667" lon="5.30823333333333">
<ele>937.5</ele>
<speed>0.0</speed>
<time>2021-11-25T10:12:48</time>
</trkpt>
<trkpt lat="44.1184666666667" lon="5.30815833333333">
<ele>939.5</ele>
<speed>0.2614789</speed>
<time>2021-11-25T10:12:52</time>
</trkpt>
<trkpt lat="44.11847" lon="5.308435">
<ele>940.86664</ele>
<speed>0.4956775</speed>
<time>2021-11-25T10:13:14</time>
</trkpt>
<trkpt lat="44.118475" lon="5.308525">
<ele>941.3</ele>
<speed>0.75973</speed>
<time>2021-11-25T10:13:19</time>
</trkpt>
<trkpt lat="44.11847" lon="5.30854833333333">
<ele>941.3</ele>
<speed>0.8101728</speed>
<time>2021-11-25T10:13:20</time>
</trkpt>
<trkpt lat="44.1184366666667" lon="5.308735">
<ele>941.3</ele>
<speed>0.9753986</speed>
<time>2021-11-25T10:13:30</time>
</trkpt>
<trkpt lat="44.1184033333333" lon="5.30876166666667">
<ele>941.3</ele>
<speed>0.9270147</speed>
<time>2021-11-25T10:13:32</time>
</trkpt>
<trkpt lat="44.1183716666667" lon="5.308805">
<ele>941.3</ele>
<speed>0.98260474</speed>
<time>2021-11-25T10:13:35</time>
</trkpt>
<trkpt lat="44.1183666666667" lon="5.30886833333333">
<ele>943.9</ele>
<speed>0.86988056</speed>
<time>2021-11-25T10:13:40</time>
</trkpt>
<trkpt lat="44.1183716666667" lon="5.308935">
<ele>943.9</ele>
<speed>0.9095142</speed>
<time>2021-11-25T10:13:43</time>
</trkpt>
<trkpt lat="44.118355" lon="5.30912166666667">
<ele>945.4667</ele>
<speed>1.4190892</speed>
<time>2021-11-25T10:13:52</time>
</trkpt>
<trkpt lat="44.1183583333333" lon="5.30916166666667">
<ele>945.4667</ele>
<speed>1.3707052</speed>
<time>2021-11-25T10:13:54</time>
</trkpt>
<trkpt lat="44.1183583333333" lon="5.30919333333333">
<ele>945.4667</ele>
<speed>1.3640139</speed>
<time>2021-11-25T10:13:55</time>
</trkpt>
<trkpt lat="44.1183616666667" lon="5.30923666666667">
<ele>945.4667</ele>
<speed>1.3676169</speed>
<time>2021-11-25T10:13:57</time>
</trkpt>
<trkpt lat="44.1183816666667" lon="5.30928666666667">
<ele>948.9</ele>
<speed>1.2482014</speed>
<time>2021-11-25T10:14:01</time>
</trkpt>
<trkpt lat="44.1183783333333" lon="5.30928833333333">
<ele>948.9</ele>
<speed>1.1370214</speed>
<time>2021-11-25T10:14:02</time>
</trkpt>
<trkpt lat="44.1183816666667" lon="5.30930666666667">
<ele>948.9</ele>
<speed>1.1200355</speed>
<time>2021-11-25T10:14:03</time>
</trkpt>
<trkpt lat="44.1183866666667" lon="5.30932">
<ele>948.9</ele>
<speed>1.1370214</speed>
<time>2021-11-25T10:14:04</time>
</trkpt>
<trkpt lat="44.1183816666667" lon="5.30933">
<ele>948.9</ele>
<speed>1.1056234</speed>
<time>2021-11-25T10:14:05</time>
</trkpt>
<trkpt lat="44.1183783333333" lon="5.30934333333333">
<ele>948.9</ele>
<speed>1.05621</speed>
<time>2021-11-25T10:14:06</time>
</trkpt>
<trkpt lat="44.1183816666667" lon="5.30935666666667">
<ele>948.9</ele>
<speed>1.0484892</speed>
<time>2021-11-25T10:14:07</time>
</trkpt>
<trkpt lat="44.1183833333333" lon="5.30936666666667">
<ele>948.9</ele>
<speed>1.0052525</speed>
<time>2021-11-25T10:14:08</time>
</trkpt>
<trkpt lat="44.1183833333333" lon="5.30939166666667">
<ele>949.7</ele>
<speed>0.9146614</speed>
<time>2021-11-25T10:14:11</time>
</trkpt>
<trkpt lat="44.118445" lon="5.30976833333333">
<ele>953.4667</ele>
<speed>1.028415</speed>
<time>2021-11-25T10:14:35</time>
</trkpt>
<trkpt lat="44.1184583333333" lon="5.30979666666667">
<ele>953.4667</ele>
<speed>1.0690781</speed>
<time>2021-11-25T10:14:36</time>
</trkpt>
<trkpt lat="44.1184733333333" lon="5.30984833333333">
<ele>953.4667</ele>
<speed>1.09327</speed>
<time>2021-11-25T10:14:38</time>
</trkpt>
<trkpt lat="44.1184666666667" lon="5.30986833333333">
<ele>954.2</ele>
<speed>1.0670192</speed>
<time>2021-11-25T10:14:41</time>
</trkpt>
<trkpt lat="44.1184733333333" lon="5.30988">
<ele>954.2</ele>
<speed>1.0474597</speed>
<time>2021-11-25T10:14:42</time>
</trkpt>
<trkpt lat="44.1184783333333" lon="5.30989666666667">
<ele>954.2</ele>
<speed>1.0366505</speed>
<time>2021-11-25T10:14:43</time>
</trkpt>
<trkpt lat="44.1184866666667" lon="5.30990833333333">
<ele>954.2</ele>
<speed>1.0145175</speed>
<time>2021-11-25T10:14:44</time>
</trkpt>
<trkpt lat="44.1185016666667" lon="5.30991666666667">
<ele>954.2</ele>
<speed>0.9604717</speed>
<time>2021-11-25T10:14:45</time>
</trkpt>
<trkpt lat="44.118515" lon="5.30992666666667">
<ele>954.2</ele>
<speed>0.9002492</speed>
<time>2021-11-25T10:14:46</time>
</trkpt>
<trkpt lat="44.11853" lon="5.30994166666667">
<ele>954.2</ele>
<speed>0.83899724</speed>
<time>2021-11-25T10:14:47</time>
</trkpt>
<trkpt lat="44.1185816666667" lon="5.31004166666667">
<ele>955.6</ele>
<speed>0.8966461</speed>
<time>2021-11-25T10:14:50</time>
</trkpt>
<trkpt lat="44.1186666666667" lon="5.31026333333333">
<ele>958.1</ele>
<speed>1.1818023</speed>
<time>2021-11-25T10:15:00</time>
</trkpt>
<trkpt lat="44.118705" lon="5.31041833333333">
<ele>958.1</ele>
<speed>1.065475</speed>
<time>2021-11-25T10:15:07</time>
</trkpt>
<trkpt lat="44.11871" lon="5.31042833333333">
<ele>958.1</ele>
<speed>1.0129733</speed>
<time>2021-11-25T10:15:08</time>
</trkpt>
<trkpt lat="44.1187133333333" lon="5.31045">
<ele>960.3333</ele>
<speed>0.98414886</speed>
<time>2021-11-25T10:15:09</time>
</trkpt>
<trkpt lat="44.1187166666667" lon="5.31049">
<ele>960.3333</ele>
<speed>0.93936807</speed>
<time>2021-11-25T10:15:11</time>
</trkpt>
<trkpt lat="44.1187916666667" lon="5.31075833333333">
<ele>963.36664</ele>
<speed>1.0500333</speed>
<time>2021-11-25T10:15:25</time>
</trkpt>
<trkpt lat="44.11882" lon="5.31081166666667">
<ele>963.36664</ele>
<speed>1.1329036</speed>
<time>2021-11-25T10:15:28</time>
</trkpt>
<trkpt lat="44.118815" lon="5.31087333333333">
<ele>964.86664</ele>
<speed>1.0937847</speed>
<time>2021-11-25T10:15:31</time>
</trkpt>
<trkpt lat="44.1188216666667" lon="5.31087166666667">
<ele>964.86664</ele>
<speed>0.95275086</speed>
<time>2021-11-25T10:15:32</time>
</trkpt>
<trkpt lat="44.1188283333333" lon="5.31087833333333">
<ele>964.86664</ele>
<speed>0.88892525</speed>
<time>2021-11-25T10:15:33</time>
</trkpt>
<trkpt lat="44.11883" lon="5.31088333333333">
<ele>964.86664</ele>
<speed>0.83230585</speed>
<time>2021-11-25T10:15:34</time>
</trkpt>
<trkpt lat="44.1188416666667" lon="5.31089">
<ele>964.86664</ele>
<speed>0.7617889</speed>
<time>2021-11-25T10:15:35</time>
</trkpt>
<trkpt lat="44.1188566666667" lon="5.31090833333333">
<ele>964.86664</ele>
<speed>0.74377364</speed>
<time>2021-11-25T10:15:36</time>
</trkpt>
<trkpt lat="44.1188666666667" lon="5.31092833333333">
<ele>964.86664</ele>
<speed>0.71700805</speed>
<time>2021-11-25T10:15:37</time>
</trkpt>
<trkpt lat="44.1188733333333" lon="5.310935">
<ele>964.86664</ele>
<speed>0.70105165</speed>
<time>2021-11-25T10:15:38</time>
</trkpt>
<trkpt lat="44.1188783333333" lon="5.31094833333333">
<ele>965.1</ele>
<speed>0.670683</speed>
<time>2021-11-25T10:15:39</time>
</trkpt>
<trkpt lat="44.1188966666667" lon="5.310985">
<ele>965.1</ele>
<speed>0.7792894</speed>
<time>2021-11-25T10:15:41</time>
</trkpt>
<trkpt lat="44.11891" lon="5.31101166666667">
<ele>965.1</ele>
<speed>0.90230805</speed>
<time>2021-11-25T10:15:43</time>
</trkpt>
<trkpt lat="44.118925" lon="5.31103833333333">
<ele>965.1</ele>
<speed>0.9578981</speed>
<time>2021-11-25T10:15:45</time>
</trkpt>
<trkpt lat="44.1189366666667" lon="5.31106166666667">
<ele>965.1</ele>
<speed>0.9836342</speed>
<time>2021-11-25T10:15:46</time>
</trkpt>
<trkpt lat="44.1189933333333" lon="5.31117166666667">
<ele>967.4</ele>
<speed>1.1483452</speed>
<time>2021-11-25T10:15:51</time>
</trkpt>
<trkpt lat="44.1189983333333" lon="5.311195">
<ele>967.4</ele>
<speed>1.1745961</speed>
<time>2021-11-25T10:15:52</time>
</trkpt>
<trkpt lat="44.119005" lon="5.31121">
<ele>967.4</ele>
<speed>1.1807728</speed>
<time>2021-11-25T10:15:53</time>
</trkpt>
<trkpt lat="44.1190166666667" lon="5.31122166666667">
<ele>967.4</ele>
<speed>1.2075384</speed>
<time>2021-11-25T10:15:54</time>
</trkpt>
<trkpt lat="44.1190283333333" lon="5.31123">
<ele>967.4</ele>
<speed>1.217318</speed>
<time>2021-11-25T10:15:55</time>
</trkpt>
<trkpt lat="44.1190383333333" lon="5.31126166666667">
<ele>967.4</ele>
<speed>0.9995906</speed>
<time>2021-11-25T10:15:58</time>
</trkpt>
<trkpt lat="44.1190466666667" lon="5.31130166666667">
<ele>966.0</ele>
<speed>0.9553245</speed>
<time>2021-11-25T10:16:00</time>
</trkpt>
<trkpt lat="44.1190633333333" lon="5.31133333333333">
<ele>966.0</ele>
<speed>1.0011348</speed>
<time>2021-11-25T10:16:01</time>
</trkpt>
<trkpt lat="44.1190766666667" lon="5.31140333333333">
<ele>966.0</ele>
<speed>1.0546658</speed>
<time>2021-11-25T10:16:04</time>
</trkpt>
<trkpt lat="44.1190833333333" lon="5.31142333333333">
<ele>966.0</ele>
<speed>0.972825</speed>
<time>2021-11-25T10:16:06</time>
</trkpt>
<trkpt lat="44.1190833333333" lon="5.31147333333333">
<ele>964.5333</ele>
<speed>0.9053964</speed>
<time>2021-11-25T10:16:09</time>
</trkpt>
<trkpt lat="44.1191033333333" lon="5.31156833333333">
<ele>964.5333</ele>
<speed>0.6830364</speed>
<time>2021-11-25T10:16:15</time>
</trkpt>
<trkpt lat="44.1191166666667" lon="5.311615">
<ele>964.5333</ele>
<speed>0.7792894</speed>
<time>2021-11-25T10:16:17</time>
</trkpt>
<trkpt lat="44.119125" lon="5.31165833333333">
<ele>964.4</ele>
<speed>0.85649776</speed>
<time>2021-11-25T10:16:19</time>
</trkpt>
<trkpt lat="44.1191383333333" lon="5.31169166666667">
<ele>964.4</ele>
<speed>0.824585</speed>
<time>2021-11-25T10:16:21</time>
</trkpt>
<trkpt lat="44.1191466666667" lon="5.31170333333333">
<ele>964.4</ele>
<speed>0.70259583</speed>
<time>2021-11-25T10:16:23</time>
</trkpt>
<trkpt lat="44.1191533333333" lon="5.31171666666667">
<ele>964.4</ele>
<speed>0.7046547</speed>
<time>2021-11-25T10:16:24</time>
</trkpt>
<trkpt lat="44.11916" lon="5.311725">
<ele>964.4</ele>
<speed>0.7566417</speed>
<time>2021-11-25T10:16:25</time>
</trkpt>
<trkpt lat="44.11917" lon="5.31175166666667">
<ele>964.4</ele>
<speed>0.7556122</speed>
<time>2021-11-25T10:16:27</time>
</trkpt>
<trkpt lat="44.11918" lon="5.311775">
<ele>964.1</ele>
<speed>0.76384777</speed>
<time>2021-11-25T10:16:29</time>
</trkpt>
<trkpt lat="44.1191966666667" lon="5.31179833333333">
<ele>964.1</ele>
<speed>0.82715863</speed>
<time>2021-11-25T10:16:31</time>
</trkpt>
<trkpt lat="44.11921" lon="5.31209166666667">
<ele>965.6667</ele>
<speed>0.0</speed>
<time>2021-11-25T10:16:54</time>
</trkpt>
<trkpt lat="44.11921" lon="5.31209166666667">
<ele>965.6667</ele>
<speed>0.0</speed>
<time>2021-11-25T10:16:57</time>
</trkpt>
<trkpt lat="44.1192233333333" lon="5.31218833333333">
<ele>967.9</ele>
<speed>0.38552696</speed>
<time>2021-11-25T10:17:00</time>
</trkpt>
<trkpt lat="44.1192133333333" lon="5.31221666666667">
<ele>967.9</ele>
<speed>0.509575</speed>
<time>2021-11-25T10:17:02</time>
</trkpt>
<trkpt lat="44.1192133333333" lon="5.312245">
<ele>967.9</ele>
<speed>0.68869835</speed>
<time>2021-11-25T10:17:04</time>
</trkpt>
<trkpt lat="44.11922" lon="5.31228">
<ele>967.9</ele>
<speed>0.7859808</speed>
<time>2021-11-25T10:17:06</time>
</trkpt>
<trkpt lat="44.11922" lon="5.31230166666667">
<ele>967.9</ele>
<speed>0.84208554</speed>
<time>2021-11-25T10:17:07</time>
</trkpt>
<trkpt lat="44.1192183333333" lon="5.312315">
<ele>967.9</ele>
<speed>0.8734836</speed>
<time>2021-11-25T10:17:08</time>
</trkpt>
<trkpt lat="44.1192166666667" lon="5.31232333333333">
<ele>968.93335</ele>
<speed>0.88326335</speed>
<time>2021-11-25T10:17:09</time>
</trkpt>
<trkpt lat="44.1192216666667" lon="5.31234">
<ele>968.93335</ele>
<speed>0.8585567</speed>
<time>2021-11-25T10:17:10</time>
</trkpt>
<trkpt lat="44.11924" lon="5.31238666666667">
<ele>968.93335</ele>
<speed>0.73553807</speed>
<time>2021-11-25T10:17:13</time>
</trkpt>
<trkpt lat="44.1192516666667" lon="5.31240833333333">
<ele>968.93335</ele>
<speed>0.7175228</speed>
<time>2021-11-25T10:17:14</time>
</trkpt>
<trkpt lat="44.1192583333333" lon="5.31242333333333">
<ele>968.93335</ele>
<speed>0.67531556</speed>
<time>2021-11-25T10:17:15</time>
</trkpt>
<trkpt lat="44.1192616666667" lon="5.31243666666667">
<ele>968.93335</ele>
<speed>0.64494693</speed>
<time>2021-11-25T10:17:16</time>
</trkpt>
<trkpt lat="44.1192683333333" lon="5.31245333333333">
<ele>968.93335</ele>
<speed>0.59604836</speed>
<time>2021-11-25T10:17:17</time>
</trkpt>
<trkpt lat="44.119275" lon="5.31247">
<ele>968.93335</ele>
<speed>0.5811214</speed>
<time>2021-11-25T10:17:18</time>
</trkpt>
<trkpt lat="44.1192816666667" lon="5.31247666666667">
<ele>970.1</ele>
<speed>0.4586175</speed>
<time>2021-11-25T10:17:23</time>
</trkpt>
<trkpt lat="44.1192783333333" lon="5.31247333333333">
<ele>970.1</ele>
<speed>0.0</speed>
<time>2021-11-25T10:17:24</time>
</trkpt>
<trkpt lat="44.11928" lon="5.312475">
<ele>970.8</ele>
<speed>0.48332417</speed>
<time>2021-11-25T10:17:29</time>
</trkpt>
<trkpt lat="44.1192833333333" lon="5.312495">
<ele>970.8</ele>
<speed>0.5811214</speed>
<time>2021-11-25T10:17:31</time>
</trkpt>
<trkpt lat="44.1192783333333" lon="5.31252666666667">
<ele>970.8</ele>
<speed>0.5420025</speed>
<time>2021-11-25T10:17:36</time>
</trkpt>
<trkpt lat="44.1192933333333" lon="5.31256">
<ele>968.7</ele>
<speed>0.47817695</speed>
<time>2021-11-25T10:17:39</time>
</trkpt>
<trkpt lat="44.1192983333333" lon="5.31257333333333">
<ele>968.7</ele>
<speed>0.47200027</speed>
<time>2021-11-25T10:17:40</time>
</trkpt>
<trkpt lat="44.1192983333333" lon="5.31258833333333">
<ele>968.7</ele>
<speed>0.47817695</speed>
<time>2021-11-25T10:17:41</time>
</trkpt>
<trkpt lat="44.1192966666667" lon="5.31259833333333">
<ele>968.7</ele>
<speed>0.48126528</speed>
<time>2021-11-25T10:17:42</time>
</trkpt>
<trkpt lat="44.1193" lon="5.31263">
<ele>968.7</ele>
<speed>0.59398943</speed>
<time>2021-11-25T10:17:44</time>
</trkpt>
<trkpt lat="44.1193" lon="5.312645">
<ele>968.7</ele>
<speed>0.6531825</speed>
<time>2021-11-25T10:17:45</time>
</trkpt>
<trkpt lat="44.1193016666667" lon="5.31271666666667">
<ele>970.8</ele>
<speed>0.8039961</speed>
<time>2021-11-25T10:17:49</time>
</trkpt>
<trkpt lat="44.1193033333333" lon="5.31275333333333">
<ele>970.8</ele>
<speed>0.87245417</speed>
<time>2021-11-25T10:17:51</time>
</trkpt>
<trkpt lat="44.1193183333333" lon="5.31282">
<ele>970.8</ele>
<speed>0.8961314</speed>
<time>2021-11-25T10:17:56</time>
</trkpt>
<trkpt lat="44.119325" lon="5.31283333333333">
<ele>970.8</ele>
<speed>0.85340947</speed>
<time>2021-11-25T10:17:57</time>
</trkpt>
<trkpt lat="44.1193433333333" lon="5.31288">
<ele>973.4</ele>
<speed>0.82612914</speed>
<time>2021-11-25T10:17:59</time>
</trkpt>
<trkpt lat="44.11937" lon="5.31296333333333">
<ele>973.4</ele>
<speed>0.7324497</speed>
<time>2021-11-25T10:18:03</time>
</trkpt>
<trkpt lat="44.1193633333333" lon="5.312975">
<ele>973.4</ele>
<speed>0.68921304</speed>
<time>2021-11-25T10:18:05</time>
</trkpt>
<trkpt lat="44.1193666666667" lon="5.31299">
<ele>973.4</ele>
<speed>0.7412</speed>
<time>2021-11-25T10:18:06</time>
</trkpt>
<trkpt lat="44.1192533333333" lon="5.31305333333333">
<ele>978.1</ele>
<speed>1.2430542</speed>
<time>2021-11-25T10:18:15</time>
</trkpt>
<trkpt lat="44.1192483333333" lon="5.313105">
<ele>978.1</ele>
<speed>1.2646725</speed>
<time>2021-11-25T10:18:16</time>
</trkpt>
<trkpt lat="44.1192433333333" lon="5.31315833333333">
<ele>978.1</ele>
<speed>1.2023911</speed>
<time>2021-11-25T10:18:17</time>
</trkpt>
<trkpt lat="44.119245" lon="5.31320166666667">
<ele>978.1</ele>
<speed>1.0834903</speed>
<time>2021-11-25T10:18:18</time>
</trkpt>
<trkpt lat="44.1192933333333" lon="5.313205">
<ele>981.9667</ele>
<speed>0.93422085</speed>
<time>2021-11-25T10:18:20</time>
</trkpt>
<trkpt lat="44.1192883333333" lon="5.31320333333333">
<ele>981.9667</ele>
<speed>0.9661336</speed>
<time>2021-11-25T10:18:21</time>
</trkpt>
<trkpt lat="44.1193983333333" lon="5.31319833333333">
<ele>981.9667</ele>
<speed>1.4252658</speed>
<time>2021-11-25T10:18:28</time>
</trkpt>
<trkpt lat="44.1193916666667" lon="5.31321333333333">
<ele>979.5</ele>
<speed>1.5441667</speed>
<time>2021-11-25T10:18:30</time>
</trkpt>
<trkpt lat="44.1194033333333" lon="5.313205">
<ele>979.5</ele>
<speed>1.6625528</speed>
<time>2021-11-25T10:18:32</time>
</trkpt>
<trkpt lat="44.119405" lon="5.31322666666667">
<ele>979.5</ele>
<speed>1.5410783</speed>
<time>2021-11-25T10:18:34</time>
</trkpt>
<trkpt lat="44.1194083333333" lon="5.31324">
<ele>979.5</ele>
<speed>1.4108536</speed>
<time>2021-11-25T10:18:35</time>
</trkpt>
<trkpt lat="44.1194133333333" lon="5.31325666666667">
<ele>979.5</ele>
<speed>1.3902647</speed>
<time>2021-11-25T10:18:36</time>
</trkpt>
<trkpt lat="44.1194316666667" lon="5.3133">
<ele>979.5</ele>
<speed>1.3933531</speed>
<time>2021-11-25T10:18:38</time>
</trkpt>
<trkpt lat="44.11945" lon="5.31336833333333">
<ele>974.86664</ele>
<speed>1.2873203</speed>
<time>2021-11-25T10:18:41</time>
</trkpt>
<trkpt lat="44.1194483333333" lon="5.313385">
<ele>974.86664</ele>
<speed>1.2548928</speed>
<time>2021-11-25T10:18:42</time>
</trkpt>
<trkpt lat="44.11945" lon="5.31339833333333">
<ele>974.86664</ele>
<speed>1.210112</speed>
<time>2021-11-25T10:18:43</time>
</trkpt>
<trkpt lat="44.1194483333333" lon="5.31340833333333">
<ele>974.86664</ele>
<speed>1.16739</speed>
<time>2021-11-25T10:18:44</time>
</trkpt>
<trkpt lat="44.119445" lon="5.313415">
<ele>974.86664</ele>
<speed>1.0942994</speed>
<time>2021-11-25T10:18:45</time>
</trkpt>
<trkpt lat="44.119445" lon="5.313425">
<ele>974.86664</ele>
<speed>0.99341387</speed>
<time>2021-11-25T10:18:46</time>
</trkpt>
<trkpt lat="44.119445" lon="5.31342833333333">
<ele>974.86664</ele>
<speed>0.87245417</speed>
<time>2021-11-25T10:18:47</time>
</trkpt>
<trkpt lat="44.1194483333333" lon="5.31344">
<ele>974.86664</ele>
<speed>0.8168642</speed>
<time>2021-11-25T10:18:48</time>
</trkpt>
<trkpt lat="44.1194633333333" lon="5.31345166666667">
<ele>974.86664</ele>
<speed>0.77053916</speed>
<time>2021-11-25T10:18:49</time>
</trkpt>
<trkpt lat="44.1194716666667" lon="5.31346833333333">
<ele>973.3333</ele>
<speed>0.7736275</speed>
<time>2021-11-25T10:18:50</time>
</trkpt>
<trkpt lat="44.119505" lon="5.31356833333333">
<ele>973.3333</ele>
<speed>1.0963583</speed>
<time>2021-11-25T10:18:54</time>
</trkpt>
<trkpt lat="44.11951" lon="5.31359333333333">
<ele>973.3333</ele>
<speed>1.2234948</speed>
<time>2021-11-25T10:18:55</time>
</trkpt>
<trkpt lat="44.1195166666667" lon="5.31360666666667">
<ele>973.3333</ele>
<speed>1.2528338</speed>
<time>2021-11-25T10:18:56</time>
</trkpt>
<trkpt lat="44.1195283333333" lon="5.313625">
<ele>973.3333</ele>
<speed>1.3043061</speed>
<time>2021-11-25T10:18:57</time>
</trkpt>
<trkpt lat="44.11954" lon="5.313655">
<ele>973.3333</ele>
<speed>1.3748231</speed>
<time>2021-11-25T10:18:58</time>
</trkpt>
<trkpt lat="44.1195433333333" lon="5.31368">
<ele>973.3333</ele>
<speed>1.4051917</speed>
<time>2021-11-25T10:18:59</time>
</trkpt>
<trkpt lat="44.1195466666667" lon="5.31370166666667">
<ele>975.4667</ele>
<speed>1.4108536</speed>
<time>2021-11-25T10:19:00</time>
</trkpt>
<trkpt lat="44.119545" lon="5.31376">
<ele>975.4667</ele>
<speed>1.2904086</speed>
<time>2021-11-25T10:19:02</time>
</trkpt>
<trkpt lat="44.119545" lon="5.31377333333333">
<ele>975.4667</ele>
<speed>1.1823169</speed>
<time>2021-11-25T10:19:03</time>
</trkpt>
<trkpt lat="44.1195466666667" lon="5.31379166666667">
<ele>975.4667</ele>
<speed>1.16739</speed>
<time>2021-11-25T10:19:04</time>
</trkpt>
<trkpt lat="44.1195716666667" lon="5.31386666666667">
<ele>975.4667</ele>
<speed>1.3634992</speed>
<time>2021-11-25T10:19:06</time>
</trkpt>
<trkpt lat="44.1195666666667" lon="5.31388833333333">
<ele>975.4667</ele>
<speed>1.4468842</speed>
<time>2021-11-25T10:19:07</time>
</trkpt>
<trkpt lat="44.11957" lon="5.31392333333333">
<ele>975.4667</ele>
<speed>1.4355602</speed>
<time>2021-11-25T10:19:08</time>
</trkpt>
<trkpt lat="44.1195683333333" lon="5.31394">
<ele>975.4667</ele>
<speed>1.4437958</speed>
<time>2021-11-25T10:19:09</time>
</trkpt>
<trkpt lat="44.1195683333333" lon="5.31399333333333">
<ele>977.1</ele>
<speed>1.3887205</speed>
<time>2021-11-25T10:19:11</time>
</trkpt>
<trkpt lat="44.119575" lon="5.314025">
<ele>977.1</ele>
<speed>1.4226922</speed>
<time>2021-11-25T10:19:12</time>
</trkpt>
<trkpt lat="44.119585" lon="5.314095">
<ele>977.1</ele>
<speed>1.4041622</speed>
<time>2021-11-25T10:19:15</time>
</trkpt>
<trkpt lat="44.119585" lon="5.314115">
<ele>977.1</ele>
<speed>1.3037914</speed>
<time>2021-11-25T10:19:16</time>
</trkpt>
<trkpt lat="44.1195783333333" lon="5.31412333333333">
<ele>977.1</ele>
<speed>1.2317302</speed>
<time>2021-11-25T10:19:17</time>
</trkpt>
<trkpt lat="44.11957" lon="5.31413333333333">
<ele>977.1</ele>
<speed>1.1771697</speed>
<time>2021-11-25T10:19:18</time>
</trkpt>
<trkpt lat="44.1195666666667" lon="5.31415333333333">
<ele>977.1</ele>
<speed>1.1771697</speed>
<time>2021-11-25T10:19:19</time>
</trkpt>
<trkpt lat="44.1195566666667" lon="5.31416333333333">
<ele>980.0</ele>
<speed>1.180258</speed>
<time>2021-11-25T10:19:20</time>
</trkpt>
<trkpt lat="44.1195366666667" lon="5.31419333333333">
<ele>980.0</ele>
<speed>1.0510628</speed>
<time>2021-11-25T10:19:23</time>
</trkpt>
<trkpt lat="44.1195383333333" lon="5.31421">
<ele>980.0</ele>
<speed>1.059813</speed>
<time>2021-11-25T10:19:24</time>
</trkpt>
<trkpt lat="44.119535" lon="5.31421833333333">
<ele>980.0</ele>
<speed>1.013488</speed>
<time>2021-11-25T10:19:25</time>
</trkpt>
<trkpt lat="44.1195333333333" lon="5.31423166666667">
<ele>980.0</ele>
<speed>0.9779722</speed>
<time>2021-11-25T10:19:26</time>
</trkpt>
<trkpt lat="44.119525" lon="5.31424833333333">
<ele>980.0</ele>
<speed>1.0021641</speed>
<time>2021-11-25T10:19:27</time>
</trkpt>
<trkpt lat="44.11952" lon="5.31426">
<ele>980.0</ele>
<speed>1.0042231</speed>
<time>2021-11-25T10:19:28</time>
</trkpt>
<trkpt lat="44.119515" lon="5.31427333333333">
<ele>980.0</ele>
<speed>0.98414886</speed>
<time>2021-11-25T10:19:29</time>
</trkpt>
<trkpt lat="44.1195033333333" lon="5.31428833333333">
<ele>982.0</ele>
<speed>0.9470889</speed>
<time>2021-11-25T10:19:30</time>
</trkpt>
<trkpt lat="44.1194183333333" lon="5.31448">
<ele>986.6667</ele>
<speed>0.73039085</speed>
<time>2021-11-25T10:19:46</time>
</trkpt>
<trkpt lat="44.1192233333333" lon="5.314705">
<ele>986.8</ele>
<speed>1.024812</speed>
<time>2021-11-25T10:20:05</time>
</trkpt>
<trkpt lat="44.1190916666667" lon="5.31485166666667">
<ele>986.7</ele>
<speed>0.6995075</speed>
<time>2021-11-25T10:20:19</time>
</trkpt>
<trkpt lat="44.119085" lon="5.31486833333333">
<ele>986.7</ele>
<speed>0.6902425</speed>
<time>2021-11-25T10:20:20</time>
</trkpt>
<trkpt lat="44.119025" lon="5.31490333333333">
<ele>986.7</ele>
<speed>0.7556122</speed>
<time>2021-11-25T10:20:26</time>
</trkpt>
<trkpt lat="44.1186666666667" lon="5.31504333333333">
<ele>987.5</ele>
<speed>0.0</speed>
<time>2021-11-25T10:20:56</time>
</trkpt>
<trkpt lat="44.1184733333333" lon="5.31524">
<ele>984.76666</ele>
<speed>1.0531217</speed>
<time>2021-11-25T10:21:10</time>
</trkpt>
<trkpt lat="44.118455" lon="5.31526666666667">
<ele>984.76666</ele>
<speed>1.0737106</speed>
<time>2021-11-25T10:21:11</time>
</trkpt>
<trkpt lat="44.1184466666667" lon="5.31528333333333">
<ele>984.76666</ele>
<speed>1.1339331</speed>
<time>2021-11-25T10:21:12</time>
</trkpt>
<trkpt lat="44.118445" lon="5.3153">
<ele>984.76666</ele>
<speed>1.0335622</speed>
<time>2021-11-25T10:21:13</time>
</trkpt>
<trkpt lat="44.1184283333333" lon="5.3153">
<ele>984.76666</ele>
<speed>1.0870934</speed>
<time>2021-11-25T10:21:14</time>
</trkpt>
<trkpt lat="44.11841" lon="5.31531166666667">
<ele>984.76666</ele>
<speed>1.0479745</speed>
<time>2021-11-25T10:21:15</time>
</trkpt>
<trkpt lat="44.1184016666667" lon="5.31532333333333">
<ele>984.76666</ele>
<speed>0.93833864</speed>
<time>2021-11-25T10:21:16</time>
</trkpt>
<trkpt lat="44.1183916666667" lon="5.31533833333333">
<ele>984.76666</ele>
<speed>0.93319136</speed>
<time>2021-11-25T10:21:17</time>
</trkpt>
<trkpt lat="44.11838" lon="5.31535">
<ele>984.76666</ele>
<speed>0.9038522</speed>
<time>2021-11-25T10:21:18</time>
</trkpt>
<trkpt lat="44.1182533333333" lon="5.315305">
<ele>985.6</ele>
<speed>0.7412</speed>
<time>2021-11-25T10:21:29</time>
</trkpt>
<trkpt lat="44.11823" lon="5.31527833333333">
<ele>986.0333</ele>
<speed>0.8812044</speed>
<time>2021-11-25T10:21:31</time>
</trkpt>
<trkpt lat="44.1182183333333" lon="5.31527833333333">
<ele>986.0333</ele>
<speed>0.8637039</speed>
<time>2021-11-25T10:21:32</time>
</trkpt>
<trkpt lat="44.1182183333333" lon="5.31528666666667">
<ele>986.0333</ele>
<speed>0.83282053</speed>
<time>2021-11-25T10:21:33</time>
</trkpt>
<trkpt lat="44.118225" lon="5.31529833333333">
<ele>986.0333</ele>
<speed>0.8426003</speed>
<time>2021-11-25T10:21:34</time>
</trkpt>
<trkpt lat="44.1182333333333" lon="5.31532166666667">
<ele>986.0333</ele>
<speed>0.7314203</speed>
<time>2021-11-25T10:21:39</time>
</trkpt>
<trkpt lat="44.118205" lon="5.31527833333333">
<ele>989.0</ele>
<speed>0.69847804</speed>
<time>2021-11-25T10:21:45</time>
</trkpt>
<trkpt lat="44.1182016666667" lon="5.31526666666667">
<ele>989.0</ele>
<speed>0.7087725</speed>
<time>2021-11-25T10:21:46</time>
</trkpt>
<trkpt lat="44.1181516666667" lon="5.31521166666667">
<ele>994.8333</ele>
<speed>0.7324497</speed>
<time>2021-11-25T10:21:53</time>
</trkpt>
<trkpt lat="44.1181166666667" lon="5.31529">
<ele>996.1</ele>
<speed>1.0536364</speed>
<time>2021-11-25T10:22:00</time>
</trkpt>
<trkpt lat="44.1181233333333" lon="5.31529833333333">
<ele>996.1</ele>
<speed>1.0145175</speed>
<time>2021-11-25T10:22:01</time>
</trkpt>
<trkpt lat="44.11813" lon="5.31531666666667">
<ele>996.1</ele>
<speed>0.95583916</speed>
<time>2021-11-25T10:22:02</time>
</trkpt>
<trkpt lat="44.1181416666667" lon="5.315345">
<ele>996.1</ele>
<speed>0.8112022</speed>
<time>2021-11-25T10:22:03</time>
</trkpt>
<trkpt lat="44.1181533333333" lon="5.31535833333333">
<ele>996.1</ele>
<speed>0.5883275</speed>
<time>2021-11-25T10:22:04</time>
</trkpt>
<trkpt lat="44.1181566666667" lon="5.31535833333333">
<ele>996.1</ele>
<speed>0.47302973</speed>
<time>2021-11-25T10:22:05</time>
</trkpt>
<trkpt lat="44.1182116666667" lon="5.31535333333333">
<ele>996.1</ele>
<speed>0.0</speed>
<time>2021-11-25T10:22:08</time>
</trkpt>
<trkpt lat="44.118225" lon="5.31535166666667">
<ele>998.5</ele>
<speed>0.0</speed>
<time>2021-11-25T10:22:12</time>
</trkpt>
<trkpt lat="44.118225" lon="5.31535166666667">
<ele>998.5</ele>
<speed>0.0</speed>
<time>2021-11-25T10:22:14</time>
</trkpt>
<trkpt lat="44.1181816666667" lon="5.31533166666667">
<ele>996.9</ele>
<speed>0.0</speed>
<time>2021-11-25T10:22:40</time>
</trkpt>
<trkpt lat="44.1181816666667" lon="5.31533166666667">
<ele>996.9</ele>
<speed>0.0</speed>
<time>2021-11-25T10:22:42</time>
</trkpt>
<trkpt lat="44.1181966666667" lon="5.31536666666667">
<ele>996.9</ele>
<speed>0.26250833</speed>
<time>2021-11-25T10:22:46</time>
</trkpt>
<trkpt lat="44.1181983333333" lon="5.315355">
<ele>996.9</ele>
<speed>0.0</speed>
<time>2021-11-25T10:22:49</time>
</trkpt>
<trkpt lat="44.1182" lon="5.31536333333333">
<ele>994.2</ele>
<speed>0.35773194</speed>
<time>2021-11-25T10:22:57</time>
</trkpt>
<trkpt lat="44.1182866666667" lon="5.315415">
<ele>995.6</ele>
<speed>0.0</speed>
<time>2021-11-25T10:23:12</time>
</trkpt>
<trkpt lat="44.118265" lon="5.31537833333333">
<ele>995.6</ele>
<speed>0.49876583</speed>
<time>2021-11-25T10:23:28</time>
</trkpt>
<trkpt lat="44.1182533333333" lon="5.31537666666667">
<ele>995.6</ele>
<speed>0.45707333</speed>
<time>2021-11-25T10:23:29</time>
</trkpt>
<trkpt lat="44.1182516666667" lon="5.31537833333333">
<ele>995.6</ele>
<speed>0.4426611</speed>
<time>2021-11-25T10:23:30</time>
</trkpt>
<trkpt lat="44.1182466666667" lon="5.31537">
<ele>995.6</ele>
<speed>0.0</speed>
<time>2021-11-25T10:23:33</time>
</trkpt>
<trkpt lat="44.1182016666667" lon="5.31530666666667">
<ele>994.0</ele>
<speed>0.3078039</speed>
<time>2021-11-25T10:23:42</time>
</trkpt>
<trkpt lat="44.1181966666667" lon="5.31529666666667">
<ele>994.0</ele>
<speed>0.3937625</speed>
<time>2021-11-25T10:23:44</time>
</trkpt>
<trkpt lat="44.1182033333333" lon="5.31528">
<ele>994.0</ele>
<speed>0.47354445</speed>
<time>2021-11-25T10:23:46</time>
</trkpt>
<trkpt lat="44.1182116666667" lon="5.31527166666667">
<ele>994.0</ele>
<speed>0.5049425</speed>
<time>2021-11-25T10:23:47</time>
</trkpt>
<trkpt lat="44.1182066666667" lon="5.31523">
<ele>993.8</ele>
<speed>0.5785478</speed>
<time>2021-11-25T10:23:50</time>
</trkpt>
<trkpt lat="44.1182033333333" lon="5.31522">
<ele>993.8</ele>
<speed>0.6156078</speed>
<time>2021-11-25T10:23:51</time>
</trkpt>
<trkpt lat="44.1181983333333" lon="5.31517666666667">
<ele>993.8</ele>
<speed>0.68561</speed>
<time>2021-11-25T10:23:56</time>
</trkpt>
<trkpt lat="44.1182283333333" lon="5.31516333333333">
<ele>994.3</ele>
<speed>0.6614181</speed>
<time>2021-11-25T10:24:01</time>
</trkpt>
<trkpt lat="44.1182316666667" lon="5.315155">
<ele>994.3</ele>
<speed>0.6367114</speed>
<time>2021-11-25T10:24:02</time>
</trkpt>
<trkpt lat="44.1182566666667" lon="5.31508666666667">
<ele>994.3</ele>
<speed>0.7273025</speed>
<time>2021-11-25T10:24:05</time>
</trkpt>
<trkpt lat="44.1183233333333" lon="5.31491">
<ele>996.4</ele>
<speed>0.47405916</speed>
<time>2021-11-25T10:24:20</time>
</trkpt>
<trkpt lat="44.11832" lon="5.31486166666667">
<ele>996.4</ele>
<speed>0.47663277</speed>
<time>2021-11-25T10:24:22</time>
</trkpt>
<trkpt lat="44.1183183333333" lon="5.31483833333333">
<ele>996.4</ele>
<speed>0.5116339</speed>
<time>2021-11-25T10:24:23</time>
</trkpt>
<trkpt lat="44.1183833333333" lon="5.31467833333333">
<ele>998.4</ele>
<speed>0.6186961</speed>
<time>2021-11-25T10:24:34</time>
</trkpt>
<trkpt lat="44.1183866666667" lon="5.314655">
<ele>998.4</ele>
<speed>0.6989928</speed>
<time>2021-11-25T10:24:35</time>
</trkpt>
<trkpt lat="44.1184133333333" lon="5.31462666666667">
<ele>1000.4</ele>
<speed>0.5327375</speed>
<time>2021-11-25T10:24:40</time>
</trkpt>
<trkpt lat="44.118465" lon="5.31452666666667">
<ele>1000.4</ele>
<speed>0.46376473</speed>
<time>2021-11-25T10:24:45</time>
</trkpt>
<trkpt lat="44.1185383333333" lon="5.31444333333333">
<ele>998.1</ele>
<speed>0.6655358</speed>
<time>2021-11-25T10:24:50</time>
</trkpt>
<trkpt lat="44.1186733333333" lon="5.31420833333333">
<ele>999.2</ele>
<speed>0.79884887</speed>
<time>2021-11-25T10:25:10</time>
</trkpt>
<trkpt lat="44.1186733333333" lon="5.31418833333333">
<ele>999.2</ele>
<speed>0.79987836</speed>
<time>2021-11-25T10:25:11</time>
</trkpt>
<trkpt lat="44.1186716666667" lon="5.31417166666667">
<ele>999.2</ele>
<speed>0.74377364</speed>
<time>2021-11-25T10:25:12</time>
</trkpt>
<trkpt lat="44.1186683333333" lon="5.31415666666667">
<ele>999.2</ele>
<speed>0.7375969</speed>
<time>2021-11-25T10:25:13</time>
</trkpt>
<trkpt lat="44.11866" lon="5.31408666666667">
<ele>999.2</ele>
<speed>0.7293614</speed>
<time>2021-11-25T10:25:17</time>
</trkpt>
<trkpt lat="44.118655" lon="5.31407">
<ele>999.2</ele>
<speed>0.7231847</speed>
<time>2021-11-25T10:25:18</time>
</trkpt>
<trkpt lat="44.1186516666667" lon="5.31405333333333">
<ele>999.2</ele>
<speed>0.7350233</speed>
<time>2021-11-25T10:25:19</time>
</trkpt>
<trkpt lat="44.1186416666667" lon="5.31400333333333">
<ele>999.8</ele>
<speed>0.82973224</speed>
<time>2021-11-25T10:25:22</time>
</trkpt>
<trkpt lat="44.11863" lon="5.31398666666667">
<ele>999.8</ele>
<speed>0.69796336</speed>
<time>2021-11-25T10:25:26</time>
</trkpt>
<trkpt lat="44.1186216666667" lon="5.31397166666667">
<ele>999.8</ele>
<speed>0.7283319</speed>
<time>2021-11-25T10:25:27</time>
</trkpt>
<trkpt lat="44.11862" lon="5.313955">
<ele>999.8</ele>
<speed>0.7417147</speed>
<time>2021-11-25T10:25:28</time>
</trkpt>
<trkpt lat="44.1185533333333" lon="5.31365">
<ele>1006.0</ele>
<speed>0.7200964</speed>
<time>2021-11-25T10:25:45</time>
</trkpt>
<trkpt lat="44.118545" lon="5.31363833333333">
<ele>1006.0</ele>
<speed>0.7067136</speed>
<time>2021-11-25T10:25:46</time>
</trkpt>
<trkpt lat="44.118525" lon="5.31356166666667">
<ele>1010.5</ele>
<speed>0.8848075</speed>
<time>2021-11-25T10:25:51</time>
</trkpt>
<trkpt lat="44.1185133333333" lon="5.31353333333333">
<ele>1010.5</ele>
<speed>0.9110583</speed>
<time>2021-11-25T10:25:53</time>
</trkpt>
<trkpt lat="44.1185066666667" lon="5.31349166666667">
<ele>1010.5</ele>
<speed>0.7216405</speed>
<time>2021-11-25T10:25:57</time>
</trkpt>
<trkpt lat="44.1184566666667" lon="5.31335">
<ele>1012.0</ele>
<speed>0.7000222</speed>
<time>2021-11-25T10:26:05</time>
</trkpt>
<trkpt lat="44.1184516666667" lon="5.31333">
<ele>1012.0</ele>
<speed>0.6923014</speed>
<time>2021-11-25T10:26:07</time>
</trkpt>
<trkpt lat="44.1184466666667" lon="5.313315">
<ele>1012.0</ele>
<speed>0.72781724</speed>
<time>2021-11-25T10:26:09</time>
</trkpt>
<trkpt lat="44.1184616666667" lon="5.313235">
<ele>1014.6</ele>
<speed>0.7283319</speed>
<time>2021-11-25T10:26:14</time>
</trkpt>
<trkpt lat="44.1183716666667" lon="5.31304833333333">
<ele>1015.86664</ele>
<speed>0.82818806</speed>
<time>2021-11-25T10:26:30</time>
</trkpt>
<trkpt lat="44.1183516666667" lon="5.31304333333333">
<ele>1015.86664</ele>
<speed>0.7257583</speed>
<time>2021-11-25T10:26:34</time>
</trkpt>
<trkpt lat="44.1183533333333" lon="5.31304833333333">
<ele>1015.86664</ele>
<speed>0.7206111</speed>
<time>2021-11-25T10:26:35</time>
</trkpt>
<trkpt lat="44.11835" lon="5.31304833333333">
<ele>1015.86664</ele>
<speed>0.69436026</speed>
<time>2021-11-25T10:26:36</time>
</trkpt>
<trkpt lat="44.118345" lon="5.31303666666667">
<ele>1015.86664</ele>
<speed>0.61097527</speed>
<time>2021-11-25T10:26:37</time>
</trkpt>
<trkpt lat="44.1183283333333" lon="5.31301833333333">
<ele>1015.86664</ele>
<speed>0.0</speed>
<time>2021-11-25T10:26:39</time>
</trkpt>
<trkpt lat="44.1183216666667" lon="5.313015">
<ele>1015.56665</ele>
<speed>0.0</speed>
<time>2021-11-25T10:26:45</time>
</trkpt>
<trkpt lat="44.1183216666667" lon="5.313015">
<ele>1015.56665</ele>
<speed>0.0</speed>
<time>2021-11-25T10:26:49</time>
</trkpt>
<trkpt lat="44.1183216666667" lon="5.313015">
<ele>1016.0</ele>
<speed>0.0</speed>
<time>2021-11-25T10:26:51</time>
</trkpt>
<trkpt lat="44.1180733333333" lon="5.31270833333333">
<ele>1013.9</ele>
<speed>0.68921304</speed>
<time>2021-11-25T10:27:15</time>
</trkpt>
<trkpt lat="44.118" lon="5.31262">
<ele>1014.3</ele>
<speed>0.7700244</speed>
<time>2021-11-25T10:27:22</time>
</trkpt>
<trkpt lat="44.1179583333333" lon="5.31256">
<ele>1014.3</ele>
<speed>0.89921975</speed>
<time>2021-11-25T10:27:26</time>
</trkpt>
<trkpt lat="44.11795" lon="5.31254166666667">
<ele>1014.3</ele>
<speed>0.89561665</speed>
<time>2021-11-25T10:27:27</time>
</trkpt>
<trkpt lat="44.1179433333333" lon="5.31253166666667">
<ele>1014.3</ele>
<speed>0.8827486</speed>
<time>2021-11-25T10:27:28</time>
</trkpt>
<trkpt lat="44.11794" lon="5.31250166666667">
<ele>1016.7</ele>
<speed>0.7983342</speed>
<time>2021-11-25T10:27:31</time>
</trkpt>
<trkpt lat="44.11784" lon="5.31240666666667">
<ele>1016.7</ele>
<speed>0.88738114</speed>
<time>2021-11-25T10:27:39</time>
</trkpt>
<trkpt lat="44.1177066666667" lon="5.31225333333333">
<ele>1019.7</ele>
<speed>1.263643</speed>
<time>2021-11-25T10:27:49</time>
</trkpt>
<trkpt lat="44.117695" lon="5.31223333333333">
<ele>1019.3</ele>
<speed>1.3125417</speed>
<time>2021-11-25T10:27:50</time>
</trkpt>
<trkpt lat="44.11764" lon="5.31214166666667">
<ele>1019.3</ele>
<speed>1.547255</speed>
<time>2021-11-25T10:27:54</time>
</trkpt>
<trkpt lat="44.1176166666667" lon="5.31209666666667">
<ele>1019.3</ele>
<speed>1.5853444</speed>
<time>2021-11-25T10:27:56</time>
</trkpt>
<trkpt lat="44.1175966666667" lon="5.312065">
<ele>1019.3</ele>
<speed>1.504533</speed>
<time>2021-11-25T10:27:58</time>
</trkpt>
<trkpt lat="44.1175816666667" lon="5.31204333333333">
<ele>1019.3</ele>
<speed>1.5560052</speed>
<time>2021-11-25T10:27:59</time>
</trkpt>
<trkpt lat="44.11754" lon="5.31197666666667">
<ele>1020.0</ele>
<speed>1.550858</speed>
<time>2021-11-25T10:28:02</time>
</trkpt>
<trkpt lat="44.11752" lon="5.31194166666667">
<ele>1020.0</ele>
<speed>1.4880619</speed>
<time>2021-11-25T10:28:04</time>
</trkpt>
<trkpt lat="44.1174916666667" lon="5.31190666666667">
<ele>1020.0</ele>
<speed>1.2533486</speed>
<time>2021-11-25T10:28:07</time>
</trkpt>
<trkpt lat="44.1174816666667" lon="5.31188333333333">
<ele>1020.0</ele>
<speed>1.3048208</speed>
<time>2021-11-25T10:28:08</time>
</trkpt>
<trkpt lat="44.117475" lon="5.31187">
<ele>1020.0</ele>
<speed>1.2847466</speed>
<time>2021-11-25T10:28:09</time>
</trkpt>
<trkpt lat="44.1174633333333" lon="5.311855">
<ele>1021.3333</ele>
<speed>1.2317302</speed>
<time>2021-11-25T10:28:10</time>
</trkpt>
<trkpt lat="44.1174233333333" lon="5.31181833333333">
<ele>1021.3333</ele>
<speed>1.043342</speed>
<time>2021-11-25T10:28:14</time>
</trkpt>
<trkpt lat="44.11741" lon="5.31181833333333">
<ele>1021.3333</ele>
<speed>1.0459156</speed>
<time>2021-11-25T10:28:15</time>
</trkpt>
<trkpt lat="44.1173933333333" lon="5.31181333333333">
<ele>1021.3333</ele>
<speed>1.0999614</speed>
<time>2021-11-25T10:28:16</time>
</trkpt>
<trkpt lat="44.11737" lon="5.3118">
<ele>1021.3333</ele>
<speed>1.0500333</speed>
<time>2021-11-25T10:28:19</time>
</trkpt>
<trkpt lat="44.1173683333333" lon="5.31179166666667">
<ele>1022.5333</ele>
<speed>1.0556953</speed>
<time>2021-11-25T10:28:20</time>
</trkpt>
<trkpt lat="44.1173216666667" lon="5.311715">
<ele>1022.5333</ele>
<speed>1.1169472</speed>
<time>2021-11-25T10:28:24</time>
</trkpt>
<trkpt lat="44.117305" lon="5.31169666666667">
<ele>1022.5333</ele>
<speed>1.1220944</speed>
<time>2021-11-25T10:28:25</time>
</trkpt>
<trkpt lat="44.1172933333333" lon="5.31167666666667">
<ele>1022.5333</ele>
<speed>1.1123147</speed>
<time>2021-11-25T10:28:26</time>
</trkpt>
<trkpt lat="44.11727" lon="5.31165166666667">
<ele>1022.5333</ele>
<speed>1.1020203</speed>
<time>2021-11-25T10:28:27</time>
</trkpt>
<trkpt lat="44.1172533333333" lon="5.31163">
<ele>1022.5333</ele>
<speed>1.1807728</speed>
<time>2021-11-25T10:28:28</time>
</trkpt>
<trkpt lat="44.1172033333333" lon="5.31157833333333">
<ele>1024.2</ele>
<speed>1.3449692</speed>
<time>2021-11-25T10:28:31</time>
</trkpt>
<trkpt lat="44.1171883333333" lon="5.31157">
<ele>1024.2</ele>
<speed>1.3557783</speed>
<time>2021-11-25T10:28:32</time>
</trkpt>
<trkpt lat="44.1171533333333" lon="5.31153333333333">
<ele>1024.2</ele>
<speed>1.3501164</speed>
<time>2021-11-25T10:28:34</time>
</trkpt>
<trkpt lat="44.117135" lon="5.31152166666667">
<ele>1024.2</ele>
<speed>1.3799703</speed>
<time>2021-11-25T10:28:35</time>
</trkpt>
<trkpt lat="44.1171066666667" lon="5.31150333333333">
<ele>1024.2</ele>
<speed>1.4803411</speed>
<time>2021-11-25T10:28:37</time>
</trkpt>
<trkpt lat="44.117095" lon="5.31148666666667">
<ele>1024.2</ele>
<speed>1.454605</speed>
<time>2021-11-25T10:28:38</time>
</trkpt>
<trkpt lat="44.11705" lon="5.31143333333333">
<ele>1024.6</ele>
<speed>1.1869495</speed>
<time>2021-11-25T10:28:42</time>
</trkpt>
<trkpt lat="44.1170433333333" lon="5.311425">
<ele>1024.6</ele>
<speed>1.1390803</speed>
<time>2021-11-25T10:28:43</time>
</trkpt>
<trkpt lat="44.1170366666667" lon="5.31140833333333">
<ele>1024.6</ele>
<speed>1.0603278</speed>
<time>2021-11-25T10:28:44</time>
</trkpt>
<trkpt lat="44.1170183333333" lon="5.31137666666667">
<ele>1024.6</ele>
<speed>1.046945</speed>
<time>2021-11-25T10:28:45</time>
</trkpt>
<trkpt lat="44.1170033333333" lon="5.31136833333333">
<ele>1024.6</ele>
<speed>1.03768</speed>
<time>2021-11-25T10:28:46</time>
</trkpt>
<trkpt lat="44.1169416666667" lon="5.31129666666667">
<ele>1023.0</ele>
<speed>1.2409953</speed>
<time>2021-11-25T10:28:50</time>
</trkpt>
<trkpt lat="44.1169316666667" lon="5.31127833333333">
<ele>1023.0</ele>
<speed>1.3223214</speed>
<time>2021-11-25T10:28:51</time>
</trkpt>
<trkpt lat="44.11691" lon="5.31124333333333">
<ele>1023.0</ele>
<speed>1.5004153</speed>
<time>2021-11-25T10:28:54</time>
</trkpt>
<trkpt lat="44.1169066666667" lon="5.311215">
<ele>1023.0</ele>
<speed>1.5606378</speed>
<time>2021-11-25T10:28:55</time>
</trkpt>
<trkpt lat="44.1168983333333" lon="5.31118333333333">
<ele>1023.0</ele>
<speed>1.5276955</speed>
<time>2021-11-25T10:28:56</time>
</trkpt>
<trkpt lat="44.11686" lon="5.31113333333333">
<ele>1023.0</ele>
<speed>1.5251219</speed>
<time>2021-11-25T10:28:58</time>
</trkpt>
<trkpt lat="44.11684" lon="5.31112">
<ele>1023.0</ele>
<speed>1.5220336</speed>
<time>2021-11-25T10:28:59</time>
</trkpt>
<trkpt lat="44.1167983333333" lon="5.3111">
<ele>1022.3</ele>
<speed>1.4849737</speed>
<time>2021-11-25T10:29:01</time>
</trkpt>
<trkpt lat="44.1167866666667" lon="5.31109166666667">
<ele>1022.3</ele>
<speed>1.5050478</speed>
<time>2021-11-25T10:29:02</time>
</trkpt>
<trkpt lat="44.1167583333333" lon="5.31106166666667">
<ele>1022.3</ele>
<speed>1.534387</speed>
<time>2021-11-25T10:29:04</time>
</trkpt>
<trkpt lat="44.1167433333333" lon="5.31104333333333">
<ele>1022.3</ele>
<speed>1.4906355</speed>
<time>2021-11-25T10:29:05</time>
</trkpt>
<trkpt lat="44.1167316666667" lon="5.31103">
<ele>1022.3</ele>
<speed>1.5091655</speed>
<time>2021-11-25T10:29:06</time>
</trkpt>
<trkpt lat="44.1167183333333" lon="5.31101">
<ele>1022.3</ele>
<speed>1.5503433</speed>
<time>2021-11-25T10:29:07</time>
</trkpt>
<trkpt lat="44.1166716666667" lon="5.31096666666667">
<ele>1022.3</ele>
<speed>1.4633553</speed>
<time>2021-11-25T10:29:09</time>
</trkpt>
<trkpt lat="44.1166566666667" lon="5.31095333333333">
<ele>1021.76666</ele>
<speed>1.4499725</speed>
<time>2021-11-25T10:29:10</time>
</trkpt>
<trkpt lat="44.1166366666667" lon="5.31092">
<ele>1021.76666</ele>
<speed>1.4273248</speed>
<time>2021-11-25T10:29:11</time>
</trkpt>
<trkpt lat="44.1166266666667" lon="5.31090166666667">
<ele>1021.76666</ele>
<speed>1.4093094</speed>
<time>2021-11-25T10:29:12</time>
</trkpt>
<trkpt lat="44.11661" lon="5.310905">
<ele>1021.76666</ele>
<speed>1.2759964</speed>
<time>2021-11-25T10:29:14</time>
</trkpt>
<trkpt lat="44.1166033333333" lon="5.310905">
<ele>1021.76666</ele>
<speed>1.195185</speed>
<time>2021-11-25T10:29:15</time>
</trkpt>
<trkpt lat="44.1165866666667" lon="5.31089166666667">
<ele>1021.76666</ele>
<speed>1.1004761</speed>
<time>2021-11-25T10:29:17</time>
</trkpt>
<trkpt lat="44.1165766666667" lon="5.31087166666667">
<ele>1021.76666</ele>
<speed>1.0047377</speed>
<time>2021-11-25T10:29:18</time>
</trkpt>
<trkpt lat="44.1165516666667" lon="5.31082666666667">
<ele>1021.3</ele>
<speed>0.8410561</speed>
<time>2021-11-25T10:29:21</time>
</trkpt>
<trkpt lat="44.1165433333333" lon="5.31081833333333">
<ele>1021.3</ele>
<speed>0.8127464</speed>
<time>2021-11-25T10:29:22</time>
</trkpt>
<trkpt lat="44.1165216666667" lon="5.31080333333333">
<ele>1021.3</ele>
<speed>0.80554026</speed>
<time>2021-11-25T10:29:24</time>
</trkpt>
<trkpt lat="44.11647" lon="5.31074166666667">
<ele>1021.3</ele>
<speed>0.8477475</speed>
<time>2021-11-25T10:29:29</time>
</trkpt>
<trkpt lat="44.1164733333333" lon="5.310735">
<ele>1022.6</ele>
<speed>0.7916428</speed>
<time>2021-11-25T10:29:30</time>
</trkpt>
<trkpt lat="44.11647" lon="5.310725">
<ele>1022.6</ele>
<speed>0.6665653</speed>
<time>2021-11-25T10:29:32</time>
</trkpt>
<trkpt lat="44.11647" lon="5.31071666666667">
<ele>1022.6</ele>
<speed>0.5595031</speed>
<time>2021-11-25T10:29:34</time>
</trkpt>
<trkpt lat="44.11647" lon="5.31071333333333">
<ele>1022.6</ele>
<speed>0.49722168</speed>
<time>2021-11-25T10:29:35</time>
</trkpt>
<trkpt lat="44.1164716666667" lon="5.31069166666667">
<ele>1022.6</ele>
<speed>0.0</speed>
<time>2021-11-25T10:29:42</time>
</trkpt>
<trkpt lat="44.1164716666667" lon="5.31069166666667">
<ele>1022.6</ele>
<speed>0.0</speed>
<time>2021-11-25T10:29:46</time>
</trkpt>
<trkpt lat="44.116475" lon="5.31067166666667">
<ele>1022.6</ele>
<speed>0.2269925</speed>
<time>2021-11-25T10:29:49</time>
</trkpt>
<trkpt lat="44.1164683333333" lon="5.31066666666667">
<ele>1024.2</ele>
<speed>0.24706666</speed>
<time>2021-11-25T10:29:50</time>
</trkpt>
<trkpt lat="44.1164666666667" lon="5.31066833333333">
<ele>1024.2</ele>
<speed>0.0</speed>
<time>2021-11-25T10:29:51</time>
</trkpt>
<trkpt lat="44.1164616666667" lon="5.31066166666667">
<ele>1024.2</ele>
<speed>0.0</speed>
<time>2021-11-25T10:29:52</time>
</trkpt>
<trkpt lat="44.11646" lon="5.31065666666667">
<ele>1024.2</ele>
<speed>0.0</speed>
<time>2021-11-25T10:29:53</time>
</trkpt>
<trkpt lat="44.1164383333333" lon="5.31051166666667">
<ele>1024.2</ele>
<speed>0.0</speed>
<time>2021-11-25T10:30:26</time>
</trkpt>
<trkpt lat="44.1164383333333" lon="5.31051166666667">
<ele>1024.2</ele>
<speed>0.0</speed>
<time>2021-11-25T10:30:31</time>
</trkpt>
<trkpt lat="44.1164383333333" lon="5.31051166666667">
<ele>1024.2</ele>
<speed>0.0</speed>
<time>2021-11-25T10:31:00</time>
</trkpt>
<trkpt lat="44.1164133333333" lon="5.31053833333333">
<ele>1024.2</ele>
<speed>0.48538306</speed>
<time>2021-11-25T10:31:08</time>
</trkpt>
<trkpt lat="44.1164183333333" lon="5.31053666666667">
<ele>1024.2</ele>
<speed>0.49619222</speed>
<time>2021-11-25T10:31:09</time>
</trkpt>
<trkpt lat="44.1164233333333" lon="5.31053666666667">
<ele>1025.5</ele>
<speed>0.5018542</speed>
<time>2021-11-25T10:31:10</time>
</trkpt>
<trkpt lat="44.1164266666667" lon="5.31054">
<ele>1025.5</ele>
<speed>0.49001557</speed>
<time>2021-11-25T10:31:11</time>
</trkpt>
<trkpt lat="44.1164233333333" lon="5.31052166666667">
<ele>1025.5</ele>
<speed>0.5208989</speed>
<time>2021-11-25T10:31:12</time>
</trkpt>
<trkpt lat="44.1164316666667" lon="5.31048833333333">
<ele>1025.5</ele>
<speed>0.50906026</speed>
<time>2021-11-25T10:31:13</time>
</trkpt>
<trkpt lat="44.1164416666667" lon="5.31048333333333">
<ele>1025.5</ele>
<speed>0.52398723</speed>
<time>2021-11-25T10:31:14</time>
</trkpt>
<trkpt lat="44.1164383333333" lon="5.31048166666667">
<ele>1025.5</ele>
<speed>0.53170806</speed>
<time>2021-11-25T10:31:15</time>
</trkpt>
<trkpt lat="44.116425" lon="5.31047833333333">
<ele>1025.5</ele>
<speed>0.5620767</speed>
<time>2021-11-25T10:31:16</time>
</trkpt>
<trkpt lat="44.1164216666667" lon="5.31045666666667">
<ele>1025.5</ele>
<speed>0.63156414</speed>
<time>2021-11-25T10:31:18</time>
</trkpt>
<trkpt lat="44.1163583333333" lon="5.31034833333333">
<ele>1027.7</ele>
<speed>0.62178445</speed>
<time>2021-11-25T10:31:30</time>
</trkpt>
<trkpt lat="44.1163616666667" lon="5.31032333333333">
<ele>1027.7</ele>
<speed>0.6130342</speed>
<time>2021-11-25T10:31:32</time>
</trkpt>
<trkpt lat="44.1163566666667" lon="5.310305">
<ele>1027.7</ele>
<speed>0.5914158</speed>
<time>2021-11-25T10:31:33</time>
</trkpt>
<trkpt lat="44.11635" lon="5.31028333333333">
<ele>1027.7</ele>
<speed>0.63825554</speed>
<time>2021-11-25T10:31:34</time>
</trkpt>
<trkpt lat="44.1163533333333" lon="5.31026333333333">
<ele>1027.7</ele>
<speed>0.65935916</speed>
<time>2021-11-25T10:31:35</time>
</trkpt>
<trkpt lat="44.116365" lon="5.31022666666667">
<ele>1027.7</ele>
<speed>0.69847804</speed>
<time>2021-11-25T10:31:37</time>
</trkpt>
<trkpt lat="44.1163766666667" lon="5.31020333333333">
<ele>1027.7</ele>
<speed>0.74892086</speed>
<time>2021-11-25T10:31:38</time>
</trkpt>
<trkpt lat="44.116385" lon="5.310145">
<ele>1028.1</ele>
<speed>0.8719394</speed>
<time>2021-11-25T10:31:41</time>
</trkpt>
<trkpt lat="44.116365" lon="5.31003333333333">
<ele>1028.1</ele>
<speed>1.1313595</speed>
<time>2021-11-25T10:31:46</time>
</trkpt>
<trkpt lat="44.1163366666667" lon="5.30993833333333">
<ele>1026.3</ele>
<speed>1.1128294</speed>
<time>2021-11-25T10:31:51</time>
</trkpt>
<trkpt lat="44.11634" lon="5.309925">
<ele>1026.3</ele>
<speed>1.0520922</speed>
<time>2021-11-25T10:31:52</time>
</trkpt>
<trkpt lat="44.1163433333333" lon="5.309905">
<ele>1026.3</ele>
<speed>1.0294445</speed>
<time>2021-11-25T10:31:53</time>
</trkpt>
<trkpt lat="44.1163416666667" lon="5.30988833333333">
<ele>1026.3</ele>
<speed>0.9995906</speed>
<time>2021-11-25T10:31:54</time>
</trkpt>
<trkpt lat="44.1163383333333" lon="5.30984">
<ele>1026.3</ele>
<speed>0.87811613</speed>
<time>2021-11-25T10:31:56</time>
</trkpt>
<trkpt lat="44.11633" lon="5.30981">
<ele>1026.3</ele>
<speed>0.9388533</speed>
<time>2021-11-25T10:31:57</time>
</trkpt>
<trkpt lat="44.1163116666667" lon="5.30975833333333">
<ele>1027.1666</ele>
<speed>0.95738333</speed>
<time>2021-11-25T10:32:00</time>
</trkpt>
<trkpt lat="44.1162983333333" lon="5.30971333333333">
<ele>1027.1666</ele>
<speed>0.9872372</speed>
<time>2021-11-25T10:32:03</time>
</trkpt>
<trkpt lat="44.116305" lon="5.30968666666667">
<ele>1027.1666</ele>
<speed>1.0397389</speed>
<time>2021-11-25T10:32:05</time>
</trkpt>
<trkpt lat="44.116345" lon="5.30951666666667">
<ele>1027.0</ele>
<speed>1.0237825</speed>
<time>2021-11-25T10:32:12</time>
</trkpt>
<trkpt lat="44.116345" lon="5.309455">
<ele>1027.0</ele>
<speed>1.1504042</speed>
<time>2021-11-25T10:32:14</time>
</trkpt>
<trkpt lat="44.1163433333333" lon="5.30938333333333">
<ele>1027.0</ele>
<speed>1.1606987</speed>
<time>2021-11-25T10:32:16</time>
</trkpt>
<trkpt lat="44.1163466666667" lon="5.30935833333333">
<ele>1027.0</ele>
<speed>1.1854053</speed>
<time>2021-11-25T10:32:17</time>
</trkpt>
<trkpt lat="44.1163483333333" lon="5.30933">
<ele>1027.0</ele>
<speed>1.2162886</speed>
<time>2021-11-25T10:32:18</time>
</trkpt>
<trkpt lat="44.1163466666667" lon="5.30930166666667">
<ele>1027.0</ele>
<speed>1.287835</speed>
<time>2021-11-25T10:32:19</time>
</trkpt>
<trkpt lat="44.1163483333333" lon="5.309275">
<ele>1024.1</ele>
<speed>1.3346747</speed>
<time>2021-11-25T10:32:20</time>
</trkpt>
<trkpt lat="44.1163466666667" lon="5.309255">
<ele>1024.1</ele>
<speed>1.3789408</speed>
<time>2021-11-25T10:32:21</time>
</trkpt>
<trkpt lat="44.116345" lon="5.309235">
<ele>1024.1</ele>
<speed>1.3758525</speed>
<time>2021-11-25T10:32:22</time>
</trkpt>
<trkpt lat="44.1163466666667" lon="5.30922166666667">
<ele>1024.1</ele>
<speed>1.3439398</speed>
<time>2021-11-25T10:32:23</time>
</trkpt>
<trkpt lat="44.116345" lon="5.30920833333333">
<ele>1024.1</ele>
<speed>1.2734228</speed>
<time>2021-11-25T10:32:24</time>
</trkpt>
<trkpt lat="44.1163433333333" lon="5.309195">
<ele>1024.1</ele>
<speed>1.18592</speed>
<time>2021-11-25T10:32:25</time>
</trkpt>
<trkpt lat="44.1163383333333" lon="5.30917666666667">
<ele>1024.1</ele>
<speed>1.1097411</speed>
<time>2021-11-25T10:32:26</time>
</trkpt>
<trkpt lat="44.1163316666667" lon="5.30915333333333">
<ele>1024.1</ele>
<speed>1.0623866</speed>
<time>2021-11-25T10:32:27</time>
</trkpt>
<trkpt lat="44.1163266666667" lon="5.30912666666667">
<ele>1024.1</ele>
<speed>1.0150322</speed>
<time>2021-11-25T10:32:28</time>
</trkpt>
<trkpt lat="44.116325" lon="5.309095">
<ele>1024.1</ele>
<speed>0.9836342</speed>
<time>2021-11-25T10:32:29</time>
</trkpt>
<trkpt lat="44.1162983333333" lon="5.30902833333333">
<ele>1022.5</ele>
<speed>1.0330476</speed>
<time>2021-11-25T10:32:31</time>
</trkpt>
<trkpt lat="44.1162816666667" lon="5.30898">
<ele>1022.5</ele>
<speed>1.121065</speed>
<time>2021-11-25T10:32:33</time>
</trkpt>
<trkpt lat="44.11627" lon="5.30896333333333">
<ele>1022.5</ele>
<speed>1.1843759</speed>
<time>2021-11-25T10:32:34</time>
</trkpt>
<trkpt lat="44.11626" lon="5.30894666666667">
<ele>1022.5</ele>
<speed>1.2260684</speed>
<time>2021-11-25T10:32:35</time>
</trkpt>
<trkpt lat="44.1162366666667" lon="5.30888833333333">
<ele>1022.5</ele>
<speed>1.2142297</speed>
<time>2021-11-25T10:32:38</time>
</trkpt>
<trkpt lat="44.116245" lon="5.30887333333333">
<ele>1022.5</ele>
<speed>1.1622428</speed>
<time>2021-11-25T10:32:39</time>
</trkpt>
<trkpt lat="44.1162433333333" lon="5.30883166666667">
<ele>1022.4</ele>
<speed>1.0484892</speed>
<time>2021-11-25T10:32:41</time>
</trkpt>
<trkpt lat="44.1162416666667" lon="5.30880666666667">
<ele>1022.4</ele>
<speed>1.0170912</speed>
<time>2021-11-25T10:32:42</time>
</trkpt>
<trkpt lat="44.1162416666667" lon="5.30878">
<ele>1022.4</ele>
<speed>0.99186975</speed>
<time>2021-11-25T10:32:43</time>
</trkpt>
<trkpt lat="44.11624" lon="5.30875666666667">
<ele>1022.4</ele>
<speed>1.0001053</speed>
<time>2021-11-25T10:32:44</time>
</trkpt>
<trkpt lat="44.1162383333333" lon="5.308735">
<ele>1022.4</ele>
<speed>1.0042231</speed>
<time>2021-11-25T10:32:45</time>
</trkpt>
<trkpt lat="44.1162333333333" lon="5.30870333333333">
<ele>1022.4</ele>
<speed>1.0273856</speed>
<time>2021-11-25T10:32:46</time>
</trkpt>
<trkpt lat="44.11622" lon="5.30864333333333">
<ele>1022.4</ele>
<speed>1.0603278</speed>
<time>2021-11-25T10:32:48</time>
</trkpt>
<trkpt lat="44.1162083333333" lon="5.30854666666667">
<ele>1023.93335</ele>
<speed>1.1993028</speed>
<time>2021-11-25T10:32:51</time>
</trkpt>
<trkpt lat="44.1161816666667" lon="5.308435">
<ele>1023.93335</ele>
<speed>1.2533486</speed>
<time>2021-11-25T10:32:55</time>
</trkpt>
<trkpt lat="44.1161766666667" lon="5.3084">
<ele>1023.93335</ele>
<speed>1.3238655</speed>
<time>2021-11-25T10:32:56</time>
</trkpt>
<trkpt lat="44.1161666666667" lon="5.30834833333333">
<ele>1023.93335</ele>
<speed>1.4463694</speed>
<time>2021-11-25T10:32:58</time>
</trkpt>
<trkpt lat="44.11616" lon="5.30832">
<ele>1023.93335</ele>
<speed>1.486003</speed>
<time>2021-11-25T10:32:59</time>
</trkpt>
<trkpt lat="44.1161533333333" lon="5.30828833333333">
<ele>1024.8</ele>
<speed>1.5204895</speed>
<time>2021-11-25T10:33:00</time>
</trkpt>
<trkpt lat="44.1161416666667" lon="5.30826666666667">
<ele>1024.8</ele>
<speed>1.4932091</speed>
<time>2021-11-25T10:33:01</time>
</trkpt>
<trkpt lat="44.1161" lon="5.30819333333333">
<ele>1024.8</ele>
<speed>1.6260076</speed>
<time>2021-11-25T10:33:04</time>
</trkpt>
<trkpt lat="44.11606" lon="5.30814166666667">
<ele>1024.8</ele>
<speed>1.510195</speed>
<time>2021-11-25T10:33:07</time>
</trkpt>
<trkpt lat="44.1160166666667" lon="5.308075">
<ele>1025.1333</ele>
<speed>1.460267</speed>
<time>2021-11-25T10:33:10</time>
</trkpt>
<trkpt lat="44.116005" lon="5.308055">
<ele>1025.1333</ele>
<speed>1.4226922</speed>
<time>2021-11-25T10:33:11</time>
</trkpt>
<trkpt lat="44.1159983333333" lon="5.30802833333333">
<ele>1025.1333</ele>
<speed>1.3593814</speed>
<time>2021-11-25T10:33:12</time>
</trkpt>
<trkpt lat="44.1159916666667" lon="5.308">
<ele>1025.1333</ele>
<speed>1.3135711</speed>
<time>2021-11-25T10:33:13</time>
</trkpt>
<trkpt lat="44.11598" lon="5.30794333333333">
<ele>1025.1333</ele>
<speed>1.2430542</speed>
<time>2021-11-25T10:33:15</time>
</trkpt>
<trkpt lat="44.1159783333333" lon="5.30792">
<ele>1025.1333</ele>
<speed>1.2198917</speed>
<time>2021-11-25T10:33:16</time>
</trkpt>
<trkpt lat="44.1159866666667" lon="5.30788666666667">
<ele>1025.1333</ele>
<speed>1.2533486</speed>
<time>2021-11-25T10:33:17</time>
</trkpt>
<trkpt lat="44.1159966666667" lon="5.30785833333333">
<ele>1025.1333</ele>
<speed>1.2842319</speed>
<time>2021-11-25T10:33:18</time>
</trkpt>
<trkpt lat="44.1159983333333" lon="5.307825">
<ele>1025.1333</ele>
<speed>1.3115122</speed>
<time>2021-11-25T10:33:19</time>
</trkpt>
<trkpt lat="44.1160033333333" lon="5.307775">
<ele>1026.0333</ele>
<speed>1.3182036</speed>
<time>2021-11-25T10:33:21</time>
</trkpt>
<trkpt lat="44.1160033333333" lon="5.30774833333333">
<ele>1026.0333</ele>
<speed>1.3593814</speed>
<time>2021-11-25T10:33:22</time>
</trkpt>
<trkpt lat="44.1160033333333" lon="5.30772833333333">
<ele>1026.0333</ele>
<speed>1.3516606</speed>
<time>2021-11-25T10:33:23</time>
</trkpt>
<trkpt lat="44.1160083333333" lon="5.30768166666667">
<ele>1026.0333</ele>
<speed>1.3557783</speed>
<time>2021-11-25T10:33:25</time>
</trkpt>
<trkpt lat="44.116015" lon="5.30766333333333">
<ele>1026.0333</ele>
<speed>1.3645287</speed>
<time>2021-11-25T10:33:26</time>
</trkpt>
<trkpt lat="44.11602" lon="5.30764333333333">
<ele>1026.0333</ele>
<speed>1.3135711</speed>
<time>2021-11-25T10:33:27</time>
</trkpt>
<trkpt lat="44.11602" lon="5.307615">
<ele>1026.0333</ele>
<speed>1.2816583</speed>
<time>2021-11-25T10:33:28</time>
</trkpt>
<trkpt lat="44.1160233333333" lon="5.30749833333333">
<ele>1028.2</ele>
<speed>1.2554075</speed>
<time>2021-11-25T10:33:32</time>
</trkpt>
<trkpt lat="44.11602" lon="5.30746666666667">
<ele>1028.2</ele>
<speed>1.2579811</speed>
<time>2021-11-25T10:33:33</time>
</trkpt>
<trkpt lat="44.1160083333333" lon="5.307415">
<ele>1028.2</ele>
<speed>1.13033</speed>
<time>2021-11-25T10:33:35</time>
</trkpt>
<trkpt lat="44.1160116666667" lon="5.30741">
<ele>1028.2</ele>
<speed>1.0526069</speed>
<time>2021-11-25T10:33:36</time>
</trkpt>
<trkpt lat="44.1160116666667" lon="5.3074">
<ele>1028.2</ele>
<speed>1.0140028</speed>
<time>2021-11-25T10:33:37</time>
</trkpt>
<trkpt lat="44.116015" lon="5.307405">
<ele>1028.2</ele>
<speed>0.9687072</speed>
<time>2021-11-25T10:33:38</time>
</trkpt>
<trkpt lat="44.1160183333333" lon="5.30741166666667">
<ele>1028.2</ele>
<speed>0.9069406</speed>
<time>2021-11-25T10:33:39</time>
</trkpt>
<trkpt lat="44.1160216666667" lon="5.30741">
<ele>1028.2</ele>
<speed>0.8549536</speed>
<time>2021-11-25T10:33:40</time>
</trkpt>
<trkpt lat="44.116025" lon="5.30741333333333">
<ele>1028.2</ele>
<speed>0.709802</speed>
<time>2021-11-25T10:33:41</time>
</trkpt>
<trkpt lat="44.1160266666667" lon="5.30741333333333">
<ele>1028.2</ele>
<speed>0.4956775</speed>
<time>2021-11-25T10:33:43</time>
</trkpt>
<trkpt lat="44.1160266666667" lon="5.30739833333333">
<ele>1028.2</ele>
<speed>0.0</speed>
<time>2021-11-25T10:33:46</time>
</trkpt>
<trkpt lat="44.1160266666667" lon="5.307395">
<ele>1028.2</ele>
<speed>0.0</speed>
<time>2021-11-25T10:33:47</time>
</trkpt>
<trkpt lat="44.1160283333333" lon="5.30739">
<ele>1028.2</ele>
<speed>0.0</speed>
<time>2021-11-25T10:33:48</time>
</trkpt>
<trkpt lat="44.1160283333333" lon="5.30739">
<ele>1029.3</ele>
<speed>0.0</speed>
<time>2021-11-25T10:33:52</time>
</trkpt>
<trkpt lat="44.11593" lon="5.30723">
<ele>1029.0</ele>
<speed>0.80296665</speed>
<time>2021-11-25T10:34:13</time>
</trkpt>
<trkpt lat="44.1158333333333" lon="5.30692">
<ele>1030.6</ele>
<speed>1.1426834</speed>
<time>2021-11-25T10:34:55</time>
</trkpt>
<trkpt lat="44.115925" lon="5.30694">
<ele>1033.3</ele>
<speed>0.0</speed>
<time>2021-11-25T10:35:48</time>
</trkpt>
<trkpt lat="44.1159116666667" lon="5.30692333333333">
<ele>1033.3</ele>
<speed>0.5368553</speed>
<time>2021-11-25T10:35:54</time>
</trkpt>
<trkpt lat="44.1159116666667" lon="5.30695166666667">
<ele>1033.3</ele>
<speed>0.44574943</speed>
<time>2021-11-25T10:35:55</time>
</trkpt>
<trkpt lat="44.1158516666667" lon="5.30702">
<ele>1029.4</ele>
<speed>0.5903864</speed>
<time>2021-11-25T10:36:01</time>
</trkpt>
<trkpt lat="44.1158483333333" lon="5.30701833333333">
<ele>1029.4</ele>
<speed>0.5620767</speed>
<time>2021-11-25T10:36:02</time>
</trkpt>
<trkpt lat="44.1158383333333" lon="5.30701333333333">
<ele>1029.4</ele>
<speed>0.5728858</speed>
<time>2021-11-25T10:36:03</time>
</trkpt>
<trkpt lat="44.1158316666667" lon="5.30700833333333">
<ele>1029.4</ele>
<speed>0.59501886</speed>
<time>2021-11-25T10:36:04</time>
</trkpt>
<trkpt lat="44.11583" lon="5.30700333333333">
<ele>1029.4</ele>
<speed>0.5723711</speed>
<time>2021-11-25T10:36:05</time>
</trkpt>
<trkpt lat="44.11583" lon="5.307">
<ele>1029.4</ele>
<speed>0.5420025</speed>
<time>2021-11-25T10:36:06</time>
</trkpt>
<trkpt lat="44.1158316666667" lon="5.30696166666667">
<ele>1029.4</ele>
<speed>0.47920638</speed>
<time>2021-11-25T10:36:09</time>
</trkpt>
<trkpt lat="44.11582" lon="5.30693">
<ele>1028.9</ele>
<speed>0.48538306</speed>
<time>2021-11-25T10:36:11</time>
</trkpt>
<trkpt lat="44.1158133333333" lon="5.30685666666667">
<ele>1028.9</ele>
<speed>0.6423733</speed>
<time>2021-11-25T10:36:15</time>
</trkpt>
<trkpt lat="44.1158066666667" lon="5.30681666666667">
<ele>1028.9</ele>
<speed>0.79627526</speed>
<time>2021-11-25T10:36:17</time>
</trkpt>
<trkpt lat="44.1158" lon="5.306735">
<ele>1031.2</ele>
<speed>1.0345917</speed>
<time>2021-11-25T10:36:21</time>
</trkpt>
<trkpt lat="44.11578" lon="5.30666166666667">
<ele>1031.2</ele>
<speed>1.0870934</speed>
<time>2021-11-25T10:36:25</time>
</trkpt>
<trkpt lat="44.11578" lon="5.30664166666667">
<ele>1031.2</ele>
<speed>1.0716517</speed>
<time>2021-11-25T10:36:26</time>
</trkpt>
<trkpt lat="44.115775" lon="5.30661833333333">
<ele>1031.2</ele>
<speed>1.054151</speed>
<time>2021-11-25T10:36:27</time>
</trkpt>
<trkpt lat="44.115765" lon="5.30660333333333">
<ele>1031.2</ele>
<speed>1.022753</speed>
<time>2021-11-25T10:36:28</time>
</trkpt>
<trkpt lat="44.1157583333333" lon="5.30657666666667">
<ele>1031.2</ele>
<speed>1.024812</speed>
<time>2021-11-25T10:36:29</time>
</trkpt>
<trkpt lat="44.115755" lon="5.30654833333333">
<ele>1032.2</ele>
<speed>1.0052525</speed>
<time>2021-11-25T10:36:30</time>
</trkpt>
<trkpt lat="44.1157516666667" lon="5.30647333333333">
<ele>1032.2</ele>
<speed>1.0176058</speed>
<time>2021-11-25T10:36:33</time>
</trkpt>
<trkpt lat="44.1157516666667" lon="5.30645166666667">
<ele>1032.2</ele>
<speed>1.0572394</speed>
<time>2021-11-25T10:36:34</time>
</trkpt>
<trkpt lat="44.11574" lon="5.30641666666667">
<ele>1032.2</ele>
<speed>1.1375362</speed>
<time>2021-11-25T10:36:35</time>
</trkpt>
<trkpt lat="44.11573" lon="5.30633166666667">
<ele>1032.2</ele>
<speed>1.2708491</speed>
<time>2021-11-25T10:36:38</time>
</trkpt>
<trkpt lat="44.1157233333333" lon="5.30630833333333">
<ele>1032.2</ele>
<speed>1.2811437</speed>
<time>2021-11-25T10:36:39</time>
</trkpt>
<trkpt lat="44.115715" lon="5.30628166666667">
<ele>1032.1</ele>
<speed>1.3228362</speed>
<time>2021-11-25T10:36:40</time>
</trkpt>
<trkpt lat="44.1157033333333" lon="5.306235">
<ele>1032.1</ele>
<speed>1.3521752</speed>
<time>2021-11-25T10:36:42</time>
</trkpt>
<trkpt lat="44.11569" lon="5.30616666666667">
<ele>1032.1</ele>
<speed>1.2919527</speed>
<time>2021-11-25T10:36:45</time>
</trkpt>
<trkpt lat="44.1156616666667" lon="5.30612333333333">
<ele>1032.1</ele>
<speed>1.3290128</speed>
<time>2021-11-25T10:36:47</time>
</trkpt>
<trkpt lat="44.11565" lon="5.30610166666667">
<ele>1032.1</ele>
<speed>1.31563</speed>
<time>2021-11-25T10:36:48</time>
</trkpt>
<trkpt lat="44.1156333333333" lon="5.30609666666667">
<ele>1032.1</ele>
<speed>1.3125417</speed>
<time>2021-11-25T10:36:49</time>
</trkpt>
<trkpt lat="44.1156166666667" lon="5.30608833333333">
<ele>1033.6</ele>
<speed>1.2775406</speed>
<time>2021-11-25T10:36:50</time>
</trkpt>
<trkpt lat="44.1156" lon="5.306075">
<ele>1033.6</ele>
<speed>1.2307009</speed>
<time>2021-11-25T10:36:51</time>
</trkpt>
<trkpt lat="44.1155883333333" lon="5.30605833333333">
<ele>1033.6</ele>
<speed>1.2409953</speed>
<time>2021-11-25T10:36:52</time>
</trkpt>
<trkpt lat="44.11551" lon="5.305935">
<ele>1033.6</ele>
<speed>1.5385047</speed>
<time>2021-11-25T10:36:57</time>
</trkpt>
<trkpt lat="44.1154816666667" lon="5.3059">
<ele>1033.6</ele>
<speed>1.676965</speed>
<time>2021-11-25T10:36:58</time>
</trkpt>
<trkpt lat="44.11543" lon="5.30580333333333">
<ele>1032.2</ele>
<speed>1.939988</speed>
<time>2021-11-25T10:37:02</time>
</trkpt>
<trkpt lat="44.1154266666667" lon="5.30578833333333">
<ele>1032.2</ele>
<speed>1.8957219</speed>
<time>2021-11-25T10:37:03</time>
</trkpt>
<trkpt lat="44.1154266666667" lon="5.30577333333333">
<ele>1032.2</ele>
<speed>1.8432202</speed>
<time>2021-11-25T10:37:04</time>
</trkpt>
<trkpt lat="44.115425" lon="5.30575333333333">
<ele>1032.2</ele>
<speed>1.7387316</speed>
<time>2021-11-25T10:37:05</time>
</trkpt>
<trkpt lat="44.115425" lon="5.30572166666667">
<ele>1032.2</ele>
<speed>1.4298984</speed>
<time>2021-11-25T10:37:07</time>
</trkpt>
<trkpt lat="44.1154283333333" lon="5.30570833333333">
<ele>1032.2</ele>
<speed>1.2461425</speed>
<time>2021-11-25T10:37:08</time>
</trkpt>
<trkpt lat="44.1154266666667" lon="5.30568333333333">
<ele>1032.2</ele>
<speed>1.1107706</speed>
<time>2021-11-25T10:37:09</time>
</trkpt>
<trkpt lat="44.1154183333333" lon="5.305665">
<ele>1028.8</ele>
<speed>1.0289297</speed>
<time>2021-11-25T10:37:10</time>
</trkpt>
<trkpt lat="44.115395" lon="5.30559666666667">
<ele>1028.8</ele>
<speed>0.88995475</speed>
<time>2021-11-25T10:37:15</time>
</trkpt>
<trkpt lat="44.1153866666667" lon="5.305585">
<ele>1028.8</ele>
<speed>0.8776014</speed>
<time>2021-11-25T10:37:16</time>
</trkpt>
<trkpt lat="44.115375" lon="5.305565">
<ele>1028.8</ele>
<speed>0.8456886</speed>
<time>2021-11-25T10:37:18</time>
</trkpt>
<trkpt lat="44.1153583333333" lon="5.30552833333333">
<ele>1028.6</ele>
<speed>0.71855223</speed>
<time>2021-11-25T10:37:22</time>
</trkpt>
<trkpt lat="44.1153383333333" lon="5.30542666666667">
<ele>1028.6</ele>
<speed>0.713405</speed>
<time>2021-11-25T10:37:30</time>
</trkpt>
<trkpt lat="44.1153133333333" lon="5.30542333333333">
<ele>1029.5</ele>
<speed>0.50803083</speed>
<time>2021-11-25T10:37:37</time>
</trkpt>
<trkpt lat="44.1153133333333" lon="5.30534166666667">
<ele>1033.7333</ele>
<speed>0.9059111</speed>
<time>2021-11-25T10:37:41</time>
</trkpt>
<trkpt lat="44.115275" lon="5.30543">
<ele>1033.7333</ele>
<speed>1.3501164</speed>
<time>2021-11-25T10:37:48</time>
</trkpt>
<trkpt lat="44.1151783333333" lon="5.30531">
<ele>1033.7333</ele>
<speed>0.0</speed>
<time>2021-11-25T10:37:56</time>
</trkpt>
<trkpt lat="44.1153033333333" lon="5.305325">
<ele>1033.2</ele>
<speed>0.5502381</speed>
<time>2021-11-25T10:38:20</time>
</trkpt>
<trkpt lat="44.1153083333333" lon="5.305325">
<ele>1033.6666</ele>
<speed>0.54251724</speed>
<time>2021-11-25T10:38:21</time>
</trkpt>
<trkpt lat="44.1153116666667" lon="5.30529">
<ele>1033.6666</ele>
<speed>0.6156078</speed>
<time>2021-11-25T10:38:24</time>
</trkpt>
<trkpt lat="44.1153" lon="5.30526833333333">
<ele>1033.6666</ele>
<speed>0.52398723</speed>
<time>2021-11-25T10:38:25</time>
</trkpt>
<trkpt lat="44.115295" lon="5.30526166666667">
<ele>1033.6666</ele>
<speed>0.5219283</speed>
<time>2021-11-25T10:38:26</time>
</trkpt>
<trkpt lat="44.1152933333333" lon="5.30525333333333">
<ele>1033.6666</ele>
<speed>0.42516056</speed>
<time>2021-11-25T10:38:28</time>
</trkpt>
<trkpt lat="44.1153" lon="5.30525666666667">
<ele>1033.6666</ele>
<speed>0.42567527</speed>
<time>2021-11-25T10:38:30</time>
</trkpt>
<trkpt lat="44.1153083333333" lon="5.30525166666667">
<ele>1036.1</ele>
<speed>0.4375139</speed>
<time>2021-11-25T10:38:31</time>
</trkpt>
<trkpt lat="44.1153183333333" lon="5.30524666666667">
<ele>1036.1</ele>
<speed>0.416925</speed>
<time>2021-11-25T10:38:32</time>
</trkpt>
<trkpt lat="44.1153266666667" lon="5.30524666666667">
<ele>1036.1</ele>
<speed>0.398395</speed>
<time>2021-11-25T10:38:33</time>
</trkpt>
<trkpt lat="44.1153333333333" lon="5.30524666666667">
<ele>1036.1</ele>
<speed>0.0</speed>
<time>2021-11-25T10:38:34</time>
</trkpt>
<trkpt lat="44.1153366666667" lon="5.30525">
<ele>1036.1</ele>
<speed>0.0</speed>
<time>2021-11-25T10:38:35</time>
</trkpt>
<trkpt lat="44.115345" lon="5.30526">
<ele>1036.1</ele>
<speed>0.0</speed>
<time>2021-11-25T10:38:36</time>
</trkpt>
<trkpt lat="44.115345" lon="5.30526">
<ele>1035.3</ele>
<speed>0.0</speed>
<time>2021-11-25T10:38:41</time>
</trkpt>
<trkpt lat="44.115345" lon="5.30526">
<ele>1035.3</ele>
<speed>0.0</speed>
<time>2021-11-25T10:38:44</time>
</trkpt>
<trkpt lat="44.115345" lon="5.30526">
<ele>1035.3</ele>
<speed>0.0</speed>
<time>2021-11-25T10:38:47</time>
</trkpt>
<trkpt lat="44.115345" lon="5.30526">
<ele>1035.3</ele>
<speed>0.0</speed>
<time>2021-11-25T10:38:52</time>
</trkpt>
<trkpt lat="44.1153133333333" lon="5.30530666666667">
<ele>1035.3</ele>
<speed>0.33045167</speed>
<time>2021-11-25T10:38:54</time>
</trkpt>
<trkpt lat="44.1153133333333" lon="5.30531666666667">
<ele>1035.3</ele>
<speed>0.416925</speed>
<time>2021-11-25T10:38:55</time>
</trkpt>
<trkpt lat="44.1153083333333" lon="5.30535666666667">
<ele>1035.3</ele>
<speed>0.6691389</speed>
<time>2021-11-25T10:38:58</time>
</trkpt>
<trkpt lat="44.115305" lon="5.30537333333333">
<ele>1035.3</ele>
<speed>0.7530386</speed>
<time>2021-11-25T10:38:59</time>
</trkpt>
<trkpt lat="44.115295" lon="5.305385">
<ele>1035.3</ele>
<speed>0.85238</speed>
<time>2021-11-25T10:39:00</time>
</trkpt>
<trkpt lat="44.1152916666667" lon="5.30539">
<ele>1035.3</ele>
<speed>0.91414666</speed>
<time>2021-11-25T10:39:01</time>
</trkpt>
<trkpt lat="44.1152816666667" lon="5.30540166666667">
<ele>1035.3</ele>
<speed>0.9769428</speed>
<time>2021-11-25T10:39:02</time>
</trkpt>
<trkpt lat="44.115275" lon="5.30541">
<ele>1035.3</ele>
<speed>1.0242972</speed>
<time>2021-11-25T10:39:03</time>
</trkpt>
<trkpt lat="44.1152633333333" lon="5.30541333333333">
<ele>1035.3</ele>
<speed>1.0495186</speed>
<time>2021-11-25T10:39:04</time>
</trkpt>
<trkpt lat="44.115245" lon="5.30541333333333">
<ele>1035.3</ele>
<speed>0.9589275</speed>
<time>2021-11-25T10:39:07</time>
</trkpt>
<trkpt lat="44.115185" lon="5.30540333333333">
<ele>1035.5</ele>
<speed>1.0520922</speed>
<time>2021-11-25T10:39:13</time>
</trkpt>
<trkpt lat="44.1151233333333" lon="5.30538166666667">
<ele>1035.5</ele>
<speed>1.2476866</speed>
<time>2021-11-25T10:39:18</time>
</trkpt>
<trkpt lat="44.1151183333333" lon="5.305415">
<ele>1035.9667</ele>
<speed>1.1112853</speed>
<time>2021-11-25T10:39:21</time>
</trkpt>
<trkpt lat="44.11511" lon="5.30542333333333">
<ele>1035.9667</ele>
<speed>0.9872372</speed>
<time>2021-11-25T10:39:23</time>
</trkpt>
<trkpt lat="44.115105" lon="5.30542166666667">
<ele>1035.9667</ele>
<speed>1.0047377</speed>
<time>2021-11-25T10:39:24</time>
</trkpt>
<trkpt lat="44.1150683333333" lon="5.30543333333333">
<ele>1035.9667</ele>
<speed>1.0479745</speed>
<time>2021-11-25T10:39:25</time>
</trkpt>
<trkpt lat="44.1150516666667" lon="5.30543333333333">
<ele>1035.9667</ele>
<speed>1.1190062</speed>
<time>2021-11-25T10:39:26</time>
</trkpt>
<trkpt lat="44.115035" lon="5.305435">
<ele>1035.9667</ele>
<speed>1.1118</speed>
<time>2021-11-25T10:39:27</time>
</trkpt>
<trkpt lat="44.114935" lon="5.30544333333333">
<ele>1034.4333</ele>
<speed>1.5014447</speed>
<time>2021-11-25T10:39:31</time>
</trkpt>
<trkpt lat="44.1149083333333" lon="5.30543">
<ele>1034.4333</ele>
<speed>1.7006422</speed>
<time>2021-11-25T10:39:32</time>
</trkpt>
<trkpt lat="44.1148683333333" lon="5.305445">
<ele>1034.4333</ele>
<speed>1.954915</speed>
<time>2021-11-25T10:39:34</time>
</trkpt>
<trkpt lat="44.11485" lon="5.30545">
<ele>1034.4333</ele>
<speed>2.01977</speed>
<time>2021-11-25T10:39:35</time>
</trkpt>
<trkpt lat="44.1148016666667" lon="5.30546">
<ele>1034.4333</ele>
<speed>2.2426448</speed>
<time>2021-11-25T10:39:37</time>
</trkpt>
<trkpt lat="44.1147166666667" lon="5.30553333333333">
<ele>1034.4333</ele>
<speed>2.6111858</speed>
<time>2021-11-25T10:39:40</time>
</trkpt>
<trkpt lat="44.1146533333333" lon="5.30559333333333">
<ele>1034.0</ele>
<speed>2.8927388</speed>
<time>2021-11-25T10:39:42</time>
</trkpt>
<trkpt lat="44.114585" lon="5.30563333333333">
<ele>1034.0</ele>
<speed>3.1619387</speed>
<time>2021-11-25T10:39:44</time>
</trkpt>
<trkpt lat="44.1144833333333" lon="5.30567833333333">
<ele>1034.0</ele>
<speed>3.3894458</speed>
<time>2021-11-25T10:39:47</time>
</trkpt>
<trkpt lat="44.1144566666667" lon="5.30569">
<ele>1034.0</ele>
<speed>3.3343706</speed>
<time>2021-11-25T10:39:48</time>
</trkpt>
<trkpt lat="44.1143883333333" lon="5.305715">
<ele>1034.0</ele>
<speed>3.3580477</speed>
<time>2021-11-25T10:39:50</time>
</trkpt>
<trkpt lat="44.11436" lon="5.30571166666667">
<ele>1029.8667</ele>
<speed>3.2587063</speed>
<time>2021-11-25T10:39:51</time>
</trkpt>
<trkpt lat="44.1143366666667" lon="5.305725">
<ele>1029.8667</ele>
<speed>3.1933367</speed>
<time>2021-11-25T10:39:52</time>
</trkpt>
<trkpt lat="44.1143066666667" lon="5.305745">
<ele>1029.8667</ele>
<speed>3.088848</speed>
<time>2021-11-25T10:39:53</time>
</trkpt>
<trkpt lat="44.1142783333333" lon="5.30576">
<ele>1029.8667</ele>
<speed>3.0378907</speed>
<time>2021-11-25T10:39:54</time>
</trkpt>
<trkpt lat="44.1142466666667" lon="5.30577166666667">
<ele>1029.8667</ele>
<speed>3.0121543</speed>
<time>2021-11-25T10:39:55</time>
</trkpt>
<trkpt lat="44.1141783333333" lon="5.3058">
<ele>1029.8667</ele>
<speed>2.894283</speed>
<time>2021-11-25T10:39:58</time>
</trkpt>
<trkpt lat="44.1141583333333" lon="5.30581333333333">
<ele>1029.8667</ele>
<speed>2.8227367</speed>
<time>2021-11-25T10:39:59</time>
</trkpt>
<trkpt lat="44.114135" lon="5.30581333333333">
<ele>1029.8667</ele>
<speed>2.7748675</speed>
<time>2021-11-25T10:40:00</time>
</trkpt>
<trkpt lat="44.11411" lon="5.30581833333333">
<ele>1020.8333</ele>
<speed>2.7398665</speed>
<time>2021-11-25T10:40:01</time>
</trkpt>
<trkpt lat="44.1140866666667" lon="5.30581">
<ele>1020.8333</ele>
<speed>2.6894236</speed>
<time>2021-11-25T10:40:02</time>
</trkpt>
<trkpt lat="44.11401" lon="5.30581666666667">
<ele>1020.8333</ele>
<speed>2.6137595</speed>
<time>2021-11-25T10:40:05</time>
</trkpt>
<trkpt lat="44.1139716666667" lon="5.305835">
<ele>1020.8333</ele>
<speed>2.3502216</speed>
<time>2021-11-25T10:40:07</time>
</trkpt>
<trkpt lat="44.113955" lon="5.30584333333333">
<ele>1020.8333</ele>
<speed>2.1608038</speed>
<time>2021-11-25T10:40:08</time>
</trkpt>
<trkpt lat="44.1139416666667" lon="5.30583833333333">
<ele>1020.8333</ele>
<speed>2.0485945</speed>
<time>2021-11-25T10:40:09</time>
</trkpt>
<trkpt lat="44.1139183333333" lon="5.30584333333333">
<ele>1020.8333</ele>
<speed>1.951312</speed>
<time>2021-11-25T10:40:10</time>
</trkpt>
<trkpt lat="44.113895" lon="5.305845">
<ele>1016.4</ele>
<speed>1.8890306</speed>
<time>2021-11-25T10:40:11</time>
</trkpt>
<trkpt lat="44.1138666666667" lon="5.305845">
<ele>1016.4</ele>
<speed>1.8895453</speed>
<time>2021-11-25T10:40:12</time>
</trkpt>
<trkpt lat="44.1138383333333" lon="5.30584666666667">
<ele>1016.4</ele>
<speed>1.8833686</speed>
<time>2021-11-25T10:40:13</time>
</trkpt>
<trkpt lat="44.1136316666667" lon="5.30585833333333">
<ele>1016.4</ele>
<speed>2.532948</speed>
<time>2021-11-25T10:40:20</time>
</trkpt>
<trkpt lat="44.113605" lon="5.30586333333333">
<ele>1003.2</ele>
<speed>2.6189067</speed>
<time>2021-11-25T10:40:21</time>
</trkpt>
<trkpt lat="44.1135483333333" lon="5.30588166666667">
<ele>1003.2</ele>
<speed>2.6971445</speed>
<time>2021-11-25T10:40:23</time>
</trkpt>
<trkpt lat="44.1134216666667" lon="5.30592166666667">
<ele>1003.2</ele>
<speed>2.4089</speed>
<time>2021-11-25T10:40:29</time>
</trkpt>
<trkpt lat="44.1133766666667" lon="5.305925">
<ele>993.8</ele>
<speed>2.2838225</speed>
<time>2021-11-25T10:40:31</time>
</trkpt>
<trkpt lat="44.113355" lon="5.30592833333333">
<ele>993.8</ele>
<speed>2.2488215</speed>
<time>2021-11-25T10:40:32</time>
</trkpt>
<trkpt lat="44.1133333333333" lon="5.305935">
<ele>993.8</ele>
<speed>2.1767602</speed>
<time>2021-11-25T10:40:33</time>
</trkpt>
<trkpt lat="44.1132866666667" lon="5.30593833333333">
<ele>993.8</ele>
<speed>2.1880841</speed>
<time>2021-11-25T10:40:35</time>
</trkpt>
<trkpt lat="44.11324" lon="5.30593666666667">
<ele>993.8</ele>
<speed>2.2241147</speed>
<time>2021-11-25T10:40:37</time>
</trkpt>
<trkpt lat="44.1132183333333" lon="5.305945">
<ele>993.8</ele>
<speed>2.1783044</speed>
<time>2021-11-25T10:40:38</time>
</trkpt>
<trkpt lat="44.1131983333333" lon="5.30595">
<ele>993.8</ele>
<speed>2.0686686</speed>
<time>2021-11-25T10:40:39</time>
</trkpt>
<trkpt lat="44.1131716666667" lon="5.30595166666667">
<ele>993.8</ele>
<speed>2.0851398</speed>
<time>2021-11-25T10:40:40</time>
</trkpt>
<trkpt lat="44.113145" lon="5.30595666666667">
<ele>984.1</ele>
<speed>2.1052139</speed>
<time>2021-11-25T10:40:41</time>
</trkpt>
<trkpt lat="44.113115" lon="5.30595666666667">
<ele>984.1</ele>
<speed>2.1335237</speed>
<time>2021-11-25T10:40:42</time>
</trkpt>
<trkpt lat="44.1130116666667" lon="5.30598333333333">
<ele>984.1</ele>
<speed>2.3749282</speed>
<time>2021-11-25T10:40:45</time>
</trkpt>
<trkpt lat="44.113" lon="5.30600166666667">
<ele>984.1</ele>
<speed>2.3358095</speed>
<time>2021-11-25T10:40:46</time>
</trkpt>
<trkpt lat="44.112985" lon="5.30601833333333">
<ele>984.1</ele>
<speed>2.2802196</speed>
<time>2021-11-25T10:40:47</time>
</trkpt>
<trkpt lat="44.112965" lon="5.30602833333333">
<ele>984.1</ele>
<speed>2.3363242</speed>
<time>2021-11-25T10:40:48</time>
</trkpt>
<trkpt lat="44.1129383333333" lon="5.306045">
<ele>984.1</ele>
<speed>2.4330919</speed>
<time>2021-11-25T10:40:49</time>
</trkpt>
<trkpt lat="44.1129233333333" lon="5.30604666666667">
<ele>984.1</ele>
<speed>2.3708105</speed>
<time>2021-11-25T10:40:50</time>
</trkpt>
<trkpt lat="44.11291" lon="5.30604">
<ele>975.5</ele>
<speed>2.31625</speed>
<time>2021-11-25T10:40:51</time>
</trkpt>
<trkpt lat="44.1129033333333" lon="5.306035">
<ele>975.5</ele>
<speed>2.170069</speed>
<time>2021-11-25T10:40:52</time>
</trkpt>
<trkpt lat="44.1128883333333" lon="5.30601833333333">
<ele>975.5</ele>
<speed>2.0743306</speed>
<time>2021-11-25T10:40:53</time>
</trkpt>
<trkpt lat="44.1128683333333" lon="5.30601166666667">
<ele>975.5</ele>
<speed>1.9523414</speed>
<time>2021-11-25T10:40:54</time>
</trkpt>
<trkpt lat="44.1128416666667" lon="5.30601166666667">
<ele>975.5</ele>
<speed>1.9224875</speed>
<time>2021-11-25T10:40:55</time>
</trkpt>
<trkpt lat="44.11281" lon="5.30601">
<ele>975.5</ele>
<speed>2.0007253</speed>
<time>2021-11-25T10:40:57</time>
</trkpt>
<trkpt lat="44.1127666666667" lon="5.30599">
<ele>975.5</ele>
<speed>2.0151374</speed>
<time>2021-11-25T10:40:59</time>
</trkpt>
<trkpt lat="44.1127533333333" lon="5.30598166666667">
<ele>975.5</ele>
<speed>2.0223436</speed>
<time>2021-11-25T10:41:00</time>
</trkpt>
<trkpt lat="44.1127483333333" lon="5.30596666666667">
<ele>965.2</ele>
<speed>2.0367558</speed>
<time>2021-11-25T10:41:01</time>
</trkpt>
<trkpt lat="44.112745" lon="5.30595333333333">
<ele>965.2</ele>
<speed>2.1165378</speed>
<time>2021-11-25T10:41:02</time>
</trkpt>
<trkpt lat="44.1126866666667" lon="5.30591166666667">
<ele>965.2</ele>
<speed>1.6867447</speed>
<time>2021-11-25T10:41:06</time>
</trkpt>
<trkpt lat="44.1126566666667" lon="5.305865">
<ele>965.2</ele>
<speed>1.3995297</speed>
<time>2021-11-25T10:41:09</time>
</trkpt>
<trkpt lat="44.1126283333333" lon="5.30584166666667">
<ele>958.6</ele>
<speed>1.3506311</speed>
<time>2021-11-25T10:41:11</time>
</trkpt>
<trkpt lat="44.1126116666667" lon="5.30582166666667">
<ele>958.6</ele>
<speed>1.2641578</speed>
<time>2021-11-25T10:41:13</time>
</trkpt>
<trkpt lat="44.112605" lon="5.305815">
<ele>958.6</ele>
<speed>1.2718786</speed>
<time>2021-11-25T10:41:14</time>
</trkpt>
<trkpt lat="44.1126033333333" lon="5.30580666666667">
<ele>958.6</ele>
<speed>1.3027619</speed>
<time>2021-11-25T10:41:15</time>
</trkpt>
<trkpt lat="44.1125966666667" lon="5.305805">
<ele>958.6</ele>
<speed>1.2981294</speed>
<time>2021-11-25T10:41:16</time>
</trkpt>
<trkpt lat="44.112585" lon="5.305805">
<ele>958.6</ele>
<speed>1.2734228</speed>
<time>2021-11-25T10:41:17</time>
</trkpt>
<trkpt lat="44.1125566666667" lon="5.30577833333333">
<ele>958.6</ele>
<speed>1.3109975</speed>
<time>2021-11-25T10:41:19</time>
</trkpt>
<trkpt lat="44.1125383333333" lon="5.305755">
<ele>958.6</ele>
<speed>1.3948972</speed>
<time>2021-11-25T10:41:20</time>
</trkpt>
<trkpt lat="44.11252" lon="5.30573333333333">
<ele>950.7</ele>
<speed>1.432472</speed>
<time>2021-11-25T10:41:21</time>
</trkpt>
<trkpt lat="44.1124916666667" lon="5.30571166666667">
<ele>950.7</ele>
<speed>1.5626967</speed>
<time>2021-11-25T10:41:23</time>
</trkpt>
<trkpt lat="44.1124733333333" lon="5.30571333333333">
<ele>950.7</ele>
<speed>1.6579202</speed>
<time>2021-11-25T10:41:24</time>
</trkpt>
<trkpt lat="44.1124533333333" lon="5.30571166666667">
<ele>950.7</ele>
<speed>1.8061603</speed>
<time>2021-11-25T10:41:25</time>
</trkpt>
<trkpt lat="44.1123933333333" lon="5.30572166666667">
<ele>950.7</ele>
<speed>2.1412444</speed>
<time>2021-11-25T10:41:27</time>
</trkpt>
<trkpt lat="44.1123666666667" lon="5.30572333333333">
<ele>950.7</ele>
<speed>2.2338943</speed>
<time>2021-11-25T10:41:28</time>
</trkpt>
<trkpt lat="44.1123566666667" lon="5.30571666666667">
<ele>950.7</ele>
<speed>2.2091877</speed>
<time>2021-11-25T10:41:29</time>
</trkpt>
<trkpt lat="44.112345" lon="5.30570833333333">
<ele>950.7</ele>
<speed>2.1319795</speed>
<time>2021-11-25T10:41:30</time>
</trkpt>
<trkpt lat="44.1123266666667" lon="5.3057">
<ele>942.7</ele>
<speed>2.0207994</speed>
<time>2021-11-25T10:41:31</time>
</trkpt>
<trkpt lat="44.1123066666667" lon="5.30568666666667">
<ele>942.7</ele>
<speed>1.9302083</speed>
<time>2021-11-25T10:41:32</time>
</trkpt>
<trkpt lat="44.112265" lon="5.30569">
<ele>942.7</ele>
<speed>1.5210042</speed>
<time>2021-11-25T10:41:35</time>
</trkpt>
<trkpt lat="44.112245" lon="5.30567666666667">
<ele>942.7</ele>
<speed>1.2183475</speed>
<time>2021-11-25T10:41:37</time>
</trkpt>
<trkpt lat="44.11223" lon="5.30567">
<ele>942.7</ele>
<speed>1.1112853</speed>
<time>2021-11-25T10:41:38</time>
</trkpt>
<trkpt lat="44.11222" lon="5.30566">
<ele>942.7</ele>
<speed>1.1087117</speed>
<time>2021-11-25T10:41:39</time>
</trkpt>
<trkpt lat="44.1121783333333" lon="5.305605">
<ele>938.7</ele>
<speed>1.2790847</speed>
<time>2021-11-25T10:41:42</time>
</trkpt>
<trkpt lat="44.1121533333333" lon="5.305585">
<ele>938.7</ele>
<speed>1.4484284</speed>
<time>2021-11-25T10:41:44</time>
</trkpt>
<trkpt lat="44.1120766666667" lon="5.30549333333333">
<ele>938.7</ele>
<speed>1.747482</speed>
<time>2021-11-25T10:41:48</time>
</trkpt>
<trkpt lat="44.1120116666667" lon="5.30546833333333">
<ele>938.7</ele>
<speed>1.9240316</speed>
<time>2021-11-25T10:41:50</time>
</trkpt>
<trkpt lat="44.1119283333333" lon="5.30545166666667">
<ele>931.7</ele>
<speed>2.0177112</speed>
<time>2021-11-25T10:41:53</time>
</trkpt>
<trkpt lat="44.1118683333333" lon="5.30541">
<ele>931.7</ele>
<speed>2.0969784</speed>
<time>2021-11-25T10:41:56</time>
</trkpt>
<trkpt lat="44.1118483333333" lon="5.305405">
<ele>931.7</ele>
<speed>2.0635214</speed>
<time>2021-11-25T10:41:57</time>
</trkpt>
<trkpt lat="44.1118283333333" lon="5.30539666666667">
<ele>931.7</ele>
<speed>2.0388148</speed>
<time>2021-11-25T10:41:58</time>
</trkpt>
<trkpt lat="44.1117866666667" lon="5.30538666666667">
<ele>931.7</ele>
<speed>1.8998398</speed>
<time>2021-11-25T10:42:00</time>
</trkpt>
<trkpt lat="44.1117333333333" lon="5.30535833333333">
<ele>931.6</ele>
<speed>1.8061603</speed>
<time>2021-11-25T10:42:03</time>
</trkpt>
<trkpt lat="44.11165" lon="5.30528666666667">
<ele>931.6</ele>
<speed>1.7979248</speed>
<time>2021-11-25T10:42:06</time>
</trkpt>
<trkpt lat="44.11162" lon="5.305255">
<ele>931.6</ele>
<speed>1.8638091</speed>
<time>2021-11-25T10:42:07</time>
</trkpt>
<trkpt lat="44.1115916666667" lon="5.30524166666667">
<ele>931.6</ele>
<speed>1.9157962</speed>
<time>2021-11-25T10:42:08</time>
</trkpt>
<trkpt lat="44.1115033333333" lon="5.30521833333333">
<ele>927.4</ele>
<speed>1.9806511</speed>
<time>2021-11-25T10:42:11</time>
</trkpt>
<trkpt lat="44.1114783333333" lon="5.30523666666667">
<ele>927.4</ele>
<speed>1.9482236</speed>
<time>2021-11-25T10:42:12</time>
</trkpt>
<trkpt lat="44.111465" lon="5.305235">
<ele>927.4</ele>
<speed>1.9163108</speed>
<time>2021-11-25T10:42:13</time>
</trkpt>
<trkpt lat="44.1114316666667" lon="5.30522">
<ele>927.4</ele>
<speed>1.7680708</speed>
<time>2021-11-25T10:42:15</time>
</trkpt>
<trkpt lat="44.1114216666667" lon="5.30521833333333">
<ele>927.4</ele>
<speed>1.6079922</speed>
<time>2021-11-25T10:42:16</time>
</trkpt>
<trkpt lat="44.1114033333333" lon="5.30521">
<ele>927.4</ele>
<speed>1.2909234</speed>
<time>2021-11-25T10:42:18</time>
</trkpt>
<trkpt lat="44.11139" lon="5.3052">
<ele>927.4</ele>
<speed>1.1864347</speed>
<time>2021-11-25T10:42:19</time>
</trkpt>
<trkpt lat="44.11138" lon="5.305215">
<ele>927.4</ele>
<speed>1.0279002</speed>
<time>2021-11-25T10:42:20</time>
</trkpt>
<trkpt lat="44.1113783333333" lon="5.30522166666667">
<ele>922.8</ele>
<speed>0.84414446</speed>
<time>2021-11-25T10:42:21</time>
</trkpt>
<trkpt lat="44.1113733333333" lon="5.30522">
<ele>922.8</ele>
<speed>0.76950973</speed>
<time>2021-11-25T10:42:22</time>
</trkpt>
<trkpt lat="44.11137" lon="5.305215">
<ele>922.8</ele>
<speed>0.7067136</speed>
<time>2021-11-25T10:42:23</time>
</trkpt>
<trkpt lat="44.1113633333333" lon="5.30521166666667">
<ele>922.8</ele>
<speed>0.54097307</speed>
<time>2021-11-25T10:42:25</time>
</trkpt>
<trkpt lat="44.1113666666667" lon="5.30521">
<ele>922.8</ele>
<speed>0.45552915</speed>
<time>2021-11-25T10:42:27</time>
</trkpt>
<trkpt lat="44.111365" lon="5.30524833333333">
<ele>920.3333</ele>
<speed>0.6717125</speed>
<time>2021-11-25T10:42:33</time>
</trkpt>
<trkpt lat="44.11137" lon="5.30525">
<ele>920.3333</ele>
<speed>0.9517214</speed>
<time>2021-11-25T10:42:39</time>
</trkpt>
<trkpt lat="44.1113666666667" lon="5.30523666666667">
<ele>920.3333</ele>
<speed>0.88326335</speed>
<time>2021-11-25T10:42:40</time>
</trkpt>
<trkpt lat="44.1113666666667" lon="5.30519666666667">
<ele>920.5</ele>
<speed>0.97591335</speed>
<time>2021-11-25T10:42:42</time>
</trkpt>
<trkpt lat="44.111365" lon="5.30519">
<ele>920.5</ele>
<speed>0.92804414</speed>
<time>2021-11-25T10:42:43</time>
</trkpt>
<trkpt lat="44.11133" lon="5.30517833333333">
<ele>920.5</ele>
<speed>1.3568078</speed>
<time>2021-11-25T10:42:45</time>
</trkpt>
<trkpt lat="44.1113" lon="5.30512833333333">
<ele>920.5</ele>
<speed>1.4170303</speed>
<time>2021-11-25T10:42:46</time>
</trkpt>
<trkpt lat="44.11126" lon="5.30507">
<ele>920.5</ele>
<speed>1.0505481</speed>
<time>2021-11-25T10:42:50</time>
</trkpt>
<trkpt lat="44.11125" lon="5.30506">
<ele>914.1</ele>
<speed>0.9723103</speed>
<time>2021-11-25T10:42:51</time>
</trkpt>
<trkpt lat="44.1112466666667" lon="5.30505">
<ele>914.1</ele>
<speed>0.8477475</speed>
<time>2021-11-25T10:42:52</time>
</trkpt>
<trkpt lat="44.1112416666667" lon="5.30504166666667">
<ele>914.1</ele>
<speed>0.74892086</speed>
<time>2021-11-25T10:42:53</time>
</trkpt>
<trkpt lat="44.1112266666667" lon="5.30501166666667">
<ele>914.1</ele>
<speed>0.0</speed>
<time>2021-11-25T10:42:56</time>
</trkpt>
<trkpt lat="44.111225" lon="5.305005">
<ele>914.1</ele>
<speed>0.0</speed>
<time>2021-11-25T10:42:57</time>
</trkpt>
<trkpt lat="44.1111783333333" lon="5.30500833333333">
<ele>914.7</ele>
<speed>0.4122925</speed>
<time>2021-11-25T10:43:04</time>
</trkpt>
<trkpt lat="44.1111233333333" lon="5.30499833333333">
<ele>914.7</ele>
<speed>0.94503</speed>
<time>2021-11-25T10:43:08</time>
</trkpt>
<trkpt lat="44.111085" lon="5.30498333333333">
<ele>914.7</ele>
<speed>1.3985003</speed>
<time>2021-11-25T10:43:10</time>
</trkpt>
<trkpt lat="44.11092" lon="5.304925">
<ele>914.7</ele>
<speed>2.4953732</speed>
<time>2021-11-25T10:43:17</time>
</trkpt>
<trkpt lat="44.1108933333333" lon="5.30491166666667">
<ele>914.7</ele>
<speed>2.4783876</speed>
<time>2021-11-25T10:43:18</time>
</trkpt>
<trkpt lat="44.1108033333333" lon="5.30484166666667">
<ele>914.6</ele>
<speed>2.4521368</speed>
<time>2021-11-25T10:43:22</time>
</trkpt>
<trkpt lat="44.1107816666667" lon="5.30482666666667">
<ele>914.6</ele>
<speed>2.434636</speed>
<time>2021-11-25T10:43:23</time>
</trkpt>
<trkpt lat="44.1105833333333" lon="5.30476166666667">
<ele>913.4</ele>
<speed>1.9729303</speed>
<time>2021-11-25T10:43:31</time>
</trkpt>
<trkpt lat="44.110555" lon="5.30473833333333">
<ele>913.4</ele>
<speed>1.9538856</speed>
<time>2021-11-25T10:43:32</time>
</trkpt>
<trkpt lat="44.1104" lon="5.30457833333333">
<ele>913.4</ele>
<speed>2.3239708</speed>
<time>2021-11-25T10:43:38</time>
</trkpt>
<trkpt lat="44.11036" lon="5.30452666666667">
<ele>913.4</ele>
<speed>2.37184</speed>
<time>2021-11-25T10:43:40</time>
</trkpt>
<trkpt lat="44.1103433333333" lon="5.30450833333333">
<ele>906.9</ele>
<speed>2.3852227</speed>
<time>2021-11-25T10:43:41</time>
</trkpt>
<trkpt lat="44.1103066666667" lon="5.30447666666667">
<ele>906.9</ele>
<speed>1.9425616</speed>
<time>2021-11-25T10:43:44</time>
</trkpt>
<trkpt lat="44.1102983333333" lon="5.30446166666667">
<ele>906.9</ele>
<speed>1.5812267</speed>
<time>2021-11-25T10:43:46</time>
</trkpt>
<trkpt lat="44.1102866666667" lon="5.30445333333333">
<ele>906.9</ele>
<speed>1.4607817</speed>
<time>2021-11-25T10:43:47</time>
</trkpt>
<trkpt lat="44.1102716666667" lon="5.304445">
<ele>906.9</ele>
<speed>1.3439398</speed>
<time>2021-11-25T10:43:48</time>
</trkpt>
<trkpt lat="44.11026" lon="5.304435">
<ele>906.9</ele>
<speed>1.2193769</speed>
<time>2021-11-25T10:43:49</time>
</trkpt>
<trkpt lat="44.11019" lon="5.304375">
<ele>901.2</ele>
<speed>1.0371653</speed>
<time>2021-11-25T10:43:55</time>
</trkpt>
<trkpt lat="44.1101833333333" lon="5.30437333333333">
<ele>901.2</ele>
<speed>1.0546658</speed>
<time>2021-11-25T10:43:56</time>
</trkpt>
<trkpt lat="44.1101666666667" lon="5.30437333333333">
<ele>901.2</ele>
<speed>1.0381948</speed>
<time>2021-11-25T10:43:58</time>
</trkpt>
<trkpt lat="44.1101566666667" lon="5.30437166666667">
<ele>901.2</ele>
<speed>1.0567247</speed>
<time>2021-11-25T10:43:59</time>
</trkpt>
<trkpt lat="44.1101333333333" lon="5.30439166666667">
<ele>897.9</ele>
<speed>1.1056234</speed>
<time>2021-11-25T10:44:01</time>
</trkpt>
<trkpt lat="44.1101216666667" lon="5.30438333333333">
<ele>897.9</ele>
<speed>1.1570956</speed>
<time>2021-11-25T10:44:02</time>
</trkpt>
<trkpt lat="44.110105" lon="5.30439166666667">
<ele>897.9</ele>
<speed>1.1715078</speed>
<time>2021-11-25T10:44:03</time>
</trkpt>
<trkpt lat="44.1100933333333" lon="5.30439333333333">
<ele>897.9</ele>
<speed>1.1540072</speed>
<time>2021-11-25T10:44:04</time>
</trkpt>
<trkpt lat="44.1100866666667" lon="5.30441666666667">
<ele>897.9</ele>
<speed>1.2904086</speed>
<time>2021-11-25T10:44:06</time>
</trkpt>
<trkpt lat="44.11007" lon="5.30442166666667">
<ele>897.9</ele>
<speed>1.3243803</speed>
<time>2021-11-25T10:44:07</time>
</trkpt>
<trkpt lat="44.1100583333333" lon="5.30443">
<ele>897.9</ele>
<speed>1.3300422</speed>
<time>2021-11-25T10:44:08</time>
</trkpt>
<trkpt lat="44.1100366666667" lon="5.304425">
<ele>897.9</ele>
<speed>1.3789408</speed>
<time>2021-11-25T10:44:09</time>
</trkpt>
<trkpt lat="44.110015" lon="5.304425">
<ele>897.9</ele>
<speed>1.4041622</speed>
<time>2021-11-25T10:44:10</time>
</trkpt>
<trkpt lat="44.109985" lon="5.30439333333333">
<ele>896.93335</ele>
<speed>1.4350456</speed>
<time>2021-11-25T10:44:12</time>
</trkpt>
<trkpt lat="44.109985" lon="5.30439666666667">
<ele>896.93335</ele>
<speed>1.4582081</speed>
<time>2021-11-25T10:44:13</time>
</trkpt>
<trkpt lat="44.109955" lon="5.30438666666667">
<ele>896.93335</ele>
<speed>1.5652703</speed>
<time>2021-11-25T10:44:15</time>
</trkpt>
<trkpt lat="44.1098683333333" lon="5.30439333333333">
<ele>896.93335</ele>
<speed>1.6126248</speed>
<time>2021-11-25T10:44:19</time>
</trkpt>
<trkpt lat="44.1097916666667" lon="5.30433">
<ele>893.8</ele>
<speed>1.7279226</speed>
<time>2021-11-25T10:44:23</time>
</trkpt>
<trkpt lat="44.1097683333333" lon="5.30432166666667">
<ele>893.8</ele>
<speed>1.7541733</speed>
<time>2021-11-25T10:44:24</time>
</trkpt>
<trkpt lat="44.10972" lon="5.304295">
<ele>893.8</ele>
<speed>1.8931483</speed>
<time>2021-11-25T10:44:26</time>
</trkpt>
<trkpt lat="44.1096633333333" lon="5.30426">
<ele>893.8</ele>
<speed>2.0130787</speed>
<time>2021-11-25T10:44:29</time>
</trkpt>
<trkpt lat="44.10965" lon="5.30425666666667">
<ele>893.8</ele>
<speed>1.942047</speed>
<time>2021-11-25T10:44:30</time>
</trkpt>
<trkpt lat="44.10964" lon="5.30425">
<ele>892.7</ele>
<speed>1.8550589</speed>
<time>2021-11-25T10:44:31</time>
</trkpt>
<trkpt lat="44.1096316666667" lon="5.30424">
<ele>892.7</ele>
<speed>1.7557175</speed>
<time>2021-11-25T10:44:32</time>
</trkpt>
<trkpt lat="44.1096216666667" lon="5.304235">
<ele>892.7</ele>
<speed>1.7006422</speed>
<time>2021-11-25T10:44:33</time>
</trkpt>
<trkpt lat="44.109605" lon="5.304205">
<ele>892.7</ele>
<speed>1.5421078</speed>
<time>2021-11-25T10:44:35</time>
</trkpt>
<trkpt lat="44.1095933333333" lon="5.30418333333333">
<ele>892.7</ele>
<speed>1.5400488</speed>
<time>2021-11-25T10:44:36</time>
</trkpt>
<trkpt lat="44.1095933333333" lon="5.30416">
<ele>892.7</ele>
<speed>1.515857</speed>
<time>2021-11-25T10:44:37</time>
</trkpt>
<trkpt lat="44.10959" lon="5.30413833333333">
<ele>892.7</ele>
<speed>1.5035036</speed>
<time>2021-11-25T10:44:38</time>
</trkpt>
<trkpt lat="44.1095966666667" lon="5.30412166666667">
<ele>892.7</ele>
<speed>1.5575495</speed>
<time>2021-11-25T10:44:39</time>
</trkpt>
<trkpt lat="44.1095933333333" lon="5.30409666666667">
<ele>892.7</ele>
<speed>1.5122539</speed>
<time>2021-11-25T10:44:40</time>
</trkpt>
<trkpt lat="44.1095983333333" lon="5.30408666666667">
<ele>886.8</ele>
<speed>1.4679878</speed>
<time>2021-11-25T10:44:41</time>
</trkpt>
<trkpt lat="44.1095983333333" lon="5.30406833333333">
<ele>886.8</ele>
<speed>1.4901209</speed>
<time>2021-11-25T10:44:42</time>
</trkpt>
<trkpt lat="44.109595" lon="5.30405">
<ele>886.8</ele>
<speed>1.411883</speed>
<time>2021-11-25T10:44:43</time>
</trkpt>
<trkpt lat="44.1095866666667" lon="5.30400166666667">
<ele>886.8</ele>
<speed>1.3835733</speed>
<time>2021-11-25T10:44:45</time>
</trkpt>
<trkpt lat="44.1095716666667" lon="5.30395833333333">
<ele>886.8</ele>
<speed>1.2327597</speed>
<time>2021-11-25T10:44:47</time>
</trkpt>
<trkpt lat="44.1095616666667" lon="5.30391333333333">
<ele>886.8</ele>
<speed>1.1277564</speed>
<time>2021-11-25T10:44:49</time>
</trkpt>
<trkpt lat="44.1095566666667" lon="5.30389333333333">
<ele>886.8</ele>
<speed>1.1956997</speed>
<time>2021-11-25T10:44:50</time>
</trkpt>
<trkpt lat="44.1095233333333" lon="5.30378666666667">
<ele>882.0</ele>
<speed>1.3423955</speed>
<time>2021-11-25T10:44:54</time>
</trkpt>
<trkpt lat="44.1094783333333" lon="5.30369666666667">
<ele>882.0</ele>
<speed>1.2914381</speed>
<time>2021-11-25T10:44:58</time>
</trkpt>
<trkpt lat="44.1094633333333" lon="5.30366666666667">
<ele>882.0</ele>
<speed>1.3758525</speed>
<time>2021-11-25T10:44:59</time>
</trkpt>
<trkpt lat="44.1094483333333" lon="5.30365833333333">
<ele>882.0</ele>
<speed>1.3887205</speed>
<time>2021-11-25T10:45:00</time>
</trkpt>
<trkpt lat="44.1094416666667" lon="5.30363">
<ele>876.7</ele>
<speed>1.380485</speed>
<time>2021-11-25T10:45:01</time>
</trkpt>
<trkpt lat="44.109425" lon="5.303605">
<ele>876.7</ele>
<speed>1.4103389</speed>
<time>2021-11-25T10:45:02</time>
</trkpt>
<trkpt lat="44.1094183333333" lon="5.30358166666667">
<ele>876.7</ele>
<speed>1.44534</speed>
<time>2021-11-25T10:45:03</time>
</trkpt>
<trkpt lat="44.1094166666667" lon="5.30355166666667">
<ele>876.7</ele>
<speed>1.3835733</speed>
<time>2021-11-25T10:45:05</time>
</trkpt>
<trkpt lat="44.1094283333333" lon="5.30354166666667">
<ele>876.7</ele>
<speed>1.35269</speed>
<time>2021-11-25T10:45:06</time>
</trkpt>
<trkpt lat="44.1094416666667" lon="5.30350833333333">
<ele>876.7</ele>
<speed>1.2214358</speed>
<time>2021-11-25T10:45:08</time>
</trkpt>
<trkpt lat="44.1094316666667" lon="5.30349">
<ele>876.7</ele>
<speed>1.0814314</speed>
<time>2021-11-25T10:45:09</time>
</trkpt>
<trkpt lat="44.1094283333333" lon="5.30347666666667">
<ele>876.7</ele>
<speed>0.9985611</speed>
<time>2021-11-25T10:45:10</time>
</trkpt>
<trkpt lat="44.10942" lon="5.30345666666667">
<ele>870.93335</ele>
<speed>0.9187792</speed>
<time>2021-11-25T10:45:11</time>
</trkpt>
<trkpt lat="44.109415" lon="5.30344666666667">
<ele>870.93335</ele>
<speed>0.8194378</speed>
<time>2021-11-25T10:45:12</time>
</trkpt>
<trkpt lat="44.1093916666667" lon="5.30344833333333">
<ele>870.93335</ele>
<speed>0.82818806</speed>
<time>2021-11-25T10:45:15</time>
</trkpt>
<trkpt lat="44.1093833333333" lon="5.303445">
<ele>870.93335</ele>
<speed>0.83282053</speed>
<time>2021-11-25T10:45:16</time>
</trkpt>
<trkpt lat="44.1093483333333" lon="5.30332166666667">
<ele>870.93335</ele>
<speed>1.0145175</speed>
<time>2021-11-25T10:45:23</time>
</trkpt>
<trkpt lat="44.10934" lon="5.30331166666667">
<ele>870.93335</ele>
<speed>0.90436697</speed>
<time>2021-11-25T10:45:24</time>
</trkpt>
<trkpt lat="44.109335" lon="5.30330666666667">
<ele>870.93335</ele>
<speed>0.74222946</speed>
<time>2021-11-25T10:45:25</time>
</trkpt>
<trkpt lat="44.1093333333333" lon="5.303305">
<ele>870.93335</ele>
<speed>0.67994803</speed>
<time>2021-11-25T10:45:26</time>
</trkpt>
<trkpt lat="44.109345" lon="5.30329166666667">
<ele>870.93335</ele>
<speed>0.6037692</speed>
<time>2021-11-25T10:45:27</time>
</trkpt>
<trkpt lat="44.1093583333333" lon="5.30325833333333">
<ele>870.93335</ele>
<speed>0.49053028</speed>
<time>2021-11-25T10:45:29</time>
</trkpt>
<trkpt lat="44.1093666666667" lon="5.30325166666667">
<ele>872.2</ele>
<speed>0.41949862</speed>
<time>2021-11-25T10:45:31</time>
</trkpt>
<trkpt lat="44.1093666666667" lon="5.303245">
<ele>872.2</ele>
<speed>0.0</speed>
<time>2021-11-25T10:45:32</time>
</trkpt>
<trkpt lat="44.1093666666667" lon="5.30326333333333">
<ele>872.2</ele>
<speed>0.0</speed>
<time>2021-11-25T10:45:34</time>
</trkpt>
<trkpt lat="44.1093666666667" lon="5.30326333333333">
<ele>872.2</ele>
<speed>0.0</speed>
<time>2021-11-25T10:45:37</time>
</trkpt>
<trkpt lat="44.1093083333333" lon="5.30321166666667">
<ele>872.2</ele>
<speed>0.0</speed>
<time>2021-11-25T10:45:40</time>
</trkpt>
<trkpt lat="44.1093066666667" lon="5.30320666666667">
<ele>872.5</ele>
<speed>0.0</speed>
<time>2021-11-25T10:45:41</time>
</trkpt>
<trkpt lat="44.1093016666667" lon="5.3032">
<ele>872.5</ele>
<speed>0.38604167</speed>
<time>2021-11-25T10:45:43</time>
</trkpt>
<trkpt lat="44.1093" lon="5.30319833333333">
<ele>872.5</ele>
<speed>0.0</speed>
<time>2021-11-25T10:45:44</time>
</trkpt>
<trkpt lat="44.1092983333333" lon="5.30320333333333">
<ele>872.5</ele>
<speed>0.0</speed>
<time>2021-11-25T10:45:45</time>
</trkpt>
<trkpt lat="44.109285" lon="5.30317833333333">
<ele>872.5</ele>
<speed>0.55332637</speed>
<time>2021-11-25T10:45:47</time>
</trkpt>
<trkpt lat="44.1092866666667" lon="5.303185">
<ele>872.5</ele>
<speed>0.65627086</speed>
<time>2021-11-25T10:45:48</time>
</trkpt>
<trkpt lat="44.109285" lon="5.30318833333333">
<ele>872.5</ele>
<speed>0.6583297</speed>
<time>2021-11-25T10:45:49</time>
</trkpt>
<trkpt lat="44.1092883333333" lon="5.30320833333333">
<ele>872.5</ele>
<speed>0.82561445</speed>
<time>2021-11-25T10:45:50</time>
</trkpt>
<trkpt lat="44.1092833333333" lon="5.30324166666667">
<ele>874.5</ele>
<speed>0.9259853</speed>
<time>2021-11-25T10:45:52</time>
</trkpt>
<trkpt lat="44.10924" lon="5.30327">
<ele>874.5</ele>
<speed>0.0</speed>
<time>2021-11-25T10:46:13</time>
</trkpt>
<trkpt lat="44.1092016666667" lon="5.303175">
<ele>874.5</ele>
<speed>0.29133278</speed>
<time>2021-11-25T10:46:18</time>
</trkpt>
<trkpt lat="44.1092083333333" lon="5.30316833333333">
<ele>874.5</ele>
<speed>0.33714306</speed>
<time>2021-11-25T10:46:19</time>
</trkpt>
<trkpt lat="44.1092116666667" lon="5.303165">
<ele>874.5</ele>
<speed>0.39067417</speed>
<time>2021-11-25T10:46:20</time>
</trkpt>
<trkpt lat="44.10922" lon="5.303165">
<ele>881.6</ele>
<speed>0.49876583</speed>
<time>2021-11-25T10:46:21</time>
</trkpt>
<trkpt lat="44.1092316666667" lon="5.30316">
<ele>881.6</ele>
<speed>0.5625914</speed>
<time>2021-11-25T10:46:22</time>
</trkpt>
<trkpt lat="44.109255" lon="5.303145">
<ele>881.6</ele>
<speed>0.75149447</speed>
<time>2021-11-25T10:46:24</time>
</trkpt>
<trkpt lat="44.1092683333333" lon="5.30313833333333">
<ele>881.6</ele>
<speed>0.78443664</speed>
<time>2021-11-25T10:46:25</time>
</trkpt>
<trkpt lat="44.1092816666667" lon="5.30314166666667">
<ele>881.6</ele>
<speed>0.90230805</speed>
<time>2021-11-25T10:46:26</time>
</trkpt>
<trkpt lat="44.109315" lon="5.30313333333333">
<ele>881.6</ele>
<speed>1.0325328</speed>
<time>2021-11-25T10:46:28</time>
</trkpt>
<trkpt lat="44.109335" lon="5.30313833333333">
<ele>881.6</ele>
<speed>1.1251827</speed>
<time>2021-11-25T10:46:29</time>
</trkpt>
<trkpt lat="44.1093566666667" lon="5.30314">
<ele>881.6</ele>
<speed>1.217318</speed>
<time>2021-11-25T10:46:30</time>
</trkpt>
<trkpt lat="44.1093733333333" lon="5.30313833333333">
<ele>885.8</ele>
<speed>1.2991589</speed>
<time>2021-11-25T10:46:31</time>
</trkpt>
<trkpt lat="44.1093933333333" lon="5.30313166666667">
<ele>885.8</ele>
<speed>1.3552636</speed>
<time>2021-11-25T10:46:33</time>
</trkpt>
<trkpt lat="44.1094133333333" lon="5.30312333333333">
<ele>885.8</ele>
<speed>1.3321011</speed>
<time>2021-11-25T10:46:35</time>
</trkpt>
<trkpt lat="44.1095166666667" lon="5.303095">
<ele>885.8</ele>
<speed>1.5029889</speed>
<time>2021-11-25T10:46:40</time>
</trkpt>
<trkpt lat="44.109535" lon="5.30308666666667">
<ele>888.6</ele>
<speed>1.4736497</speed>
<time>2021-11-25T10:46:41</time>
</trkpt>
<trkpt lat="44.1095566666667" lon="5.30308">
<ele>888.6</ele>
<speed>1.4926945</speed>
<time>2021-11-25T10:46:42</time>
</trkpt>
<trkpt lat="44.10967" lon="5.30303833333333">
<ele>888.6</ele>
<speed>1.8555737</speed>
<time>2021-11-25T10:46:46</time>
</trkpt>
<trkpt lat="44.10969" lon="5.30303333333333">
<ele>888.6</ele>
<speed>1.8813097</speed>
<time>2021-11-25T10:46:47</time>
</trkpt>
<trkpt lat="44.1097133333333" lon="5.30300166666667">
<ele>888.6</ele>
<speed>1.7562323</speed>
<time>2021-11-25T10:46:50</time>
</trkpt>
<trkpt lat="44.10974" lon="5.30297666666667">
<ele>893.1</ele>
<speed>1.8226314</speed>
<time>2021-11-25T10:46:51</time>
</trkpt>
<trkpt lat="44.1097566666667" lon="5.302945">
<ele>893.1</ele>
<speed>1.83447</speed>
<time>2021-11-25T10:46:52</time>
</trkpt>
<trkpt lat="44.1097916666667" lon="5.30294333333333">
<ele>893.1</ele>
<speed>1.9199139</speed>
<time>2021-11-25T10:46:53</time>
</trkpt>
<trkpt lat="44.109825" lon="5.30296">
<ele>893.1</ele>
<speed>2.034697</speed>
<time>2021-11-25T10:46:55</time>
</trkpt>
<trkpt lat="44.10984" lon="5.30296333333333">
<ele>893.1</ele>
<speed>2.058889</speed>
<time>2021-11-25T10:46:56</time>
</trkpt>
<trkpt lat="44.109855" lon="5.30297">
<ele>893.1</ele>
<speed>2.0954342</speed>
<time>2021-11-25T10:46:57</time>
</trkpt>
<trkpt lat="44.109865" lon="5.302975">
<ele>893.1</ele>
<speed>2.0969784</speed>
<time>2021-11-25T10:46:58</time>
</trkpt>
<trkpt lat="44.1098766666667" lon="5.30297166666667">
<ele>893.1</ele>
<speed>2.1427886</speed>
<time>2021-11-25T10:46:59</time>
</trkpt>
<trkpt lat="44.1098933333333" lon="5.30295333333333">
<ele>897.9667</ele>
<speed>1.9533708</speed>
<time>2021-11-25T10:47:02</time>
</trkpt>
<trkpt lat="44.1099" lon="5.302935">
<ele>897.9667</ele>
<speed>1.8504264</speed>
<time>2021-11-25T10:47:03</time>
</trkpt>
<trkpt lat="44.1099116666667" lon="5.30291333333333">
<ele>897.9667</ele>
<speed>1.8221166</speed>
<time>2021-11-25T10:47:04</time>
</trkpt>
<trkpt lat="44.109925" lon="5.302895">
<ele>897.9667</ele>
<speed>1.747482</speed>
<time>2021-11-25T10:47:05</time>
</trkpt>
<trkpt lat="44.1099616666667" lon="5.30285166666667">
<ele>897.9667</ele>
<speed>1.6815975</speed>
<time>2021-11-25T10:47:08</time>
</trkpt>
<trkpt lat="44.109975" lon="5.30284166666667">
<ele>897.9667</ele>
<speed>1.7006422</speed>
<time>2021-11-25T10:47:09</time>
</trkpt>
<trkpt lat="44.1100333333333" lon="5.30278666666667">
<ele>900.9</ele>
<speed>1.9610916</speed>
<time>2021-11-25T10:47:12</time>
</trkpt>
<trkpt lat="44.110055" lon="5.30276833333333">
<ele>900.9</ele>
<speed>2.01977</speed>
<time>2021-11-25T10:47:13</time>
</trkpt>
<trkpt lat="44.1100966666667" lon="5.30273">
<ele>900.9</ele>
<speed>2.1247733</speed>
<time>2021-11-25T10:47:15</time>
</trkpt>
<trkpt lat="44.1101183333333" lon="5.30271666666667">
<ele>900.9</ele>
<speed>2.138671</speed>
<time>2021-11-25T10:47:16</time>
</trkpt>
<trkpt lat="44.1101566666667" lon="5.30269">
<ele>900.9</ele>
<speed>2.2009523</speed>
<time>2021-11-25T10:47:18</time>
</trkpt>
<trkpt lat="44.1101883333333" lon="5.30265166666667">
<ele>900.9</ele>
<speed>2.1942608</speed>
<time>2021-11-25T10:47:20</time>
</trkpt>
<trkpt lat="44.1102033333333" lon="5.302635">
<ele>905.8</ele>
<speed>2.1572008</speed>
<time>2021-11-25T10:47:21</time>
</trkpt>
<trkpt lat="44.1102566666667" lon="5.30256833333333">
<ele>905.8</ele>
<speed>2.0671244</speed>
<time>2021-11-25T10:47:24</time>
</trkpt>
<trkpt lat="44.1103" lon="5.30253666666667">
<ele>905.8</ele>
<speed>2.066095</speed>
<time>2021-11-25T10:47:25</time>
</trkpt>
<trkpt lat="44.1103583333333" lon="5.30247666666667">
<ele>905.8</ele>
<speed>2.2004375</speed>
<time>2021-11-25T10:47:27</time>
</trkpt>
<trkpt lat="44.1103733333333" lon="5.30245333333333">
<ele>905.8</ele>
<speed>2.2066143</speed>
<time>2021-11-25T10:47:28</time>
</trkpt>
<trkpt lat="44.1104433333333" lon="5.30231833333333">
<ele>920.6</ele>
<speed>2.4804463</speed>
<time>2021-11-25T10:47:32</time>
</trkpt>
<trkpt lat="44.110475" lon="5.302265">
<ele>920.6</ele>
<speed>2.5344923</speed>
<time>2021-11-25T10:47:34</time>
</trkpt>
<trkpt lat="44.11051" lon="5.30222166666667">
<ele>920.6</ele>
<speed>2.4480188</speed>
<time>2021-11-25T10:47:36</time>
</trkpt>
<trkpt lat="44.110525" lon="5.30220166666667">
<ele>920.6</ele>
<speed>2.4001498</speed>
<time>2021-11-25T10:47:37</time>
</trkpt>
<trkpt lat="44.1105866666667" lon="5.30214833333333">
<ele>925.6</ele>
<speed>2.0666096</speed>
<time>2021-11-25T10:47:41</time>
</trkpt>
<trkpt lat="44.1106166666667" lon="5.30213666666667">
<ele>925.6</ele>
<speed>2.0079315</speed>
<time>2021-11-25T10:47:43</time>
</trkpt>
<trkpt lat="44.1106466666667" lon="5.30212166666667">
<ele>925.6</ele>
<speed>1.838073</speed>
<time>2021-11-25T10:47:45</time>
</trkpt>
<trkpt lat="44.1106633333333" lon="5.30210833333333">
<ele>925.6</ele>
<speed>1.8524853</speed>
<time>2021-11-25T10:47:46</time>
</trkpt>
<trkpt lat="44.11068" lon="5.30209166666667">
<ele>925.6</ele>
<speed>1.819543</speed>
<time>2021-11-25T10:47:47</time>
</trkpt>
<trkpt lat="44.1107233333333" lon="5.30201833333333">
<ele>925.6</ele>
<speed>1.9075606</speed>
<time>2021-11-25T10:47:50</time>
</trkpt>
<trkpt lat="44.11075" lon="5.30197666666667">
<ele>931.3</ele>
<speed>2.0151374</speed>
<time>2021-11-25T10:47:52</time>
</trkpt>
<trkpt lat="44.1107666666667" lon="5.30195666666667">
<ele>931.3</ele>
<speed>2.0640361</speed>
<time>2021-11-25T10:47:53</time>
</trkpt>
<trkpt lat="44.1107816666667" lon="5.30193166666667">
<ele>931.3</ele>
<speed>2.103155</speed>
<time>2021-11-25T10:47:54</time>
</trkpt>
<trkpt lat="44.110795" lon="5.30191">
<ele>931.3</ele>
<speed>2.153083</speed>
<time>2021-11-25T10:47:55</time>
</trkpt>
<trkpt lat="44.1108066666667" lon="5.30187333333333">
<ele>931.3</ele>
<speed>1.9847689</speed>
<time>2021-11-25T10:47:57</time>
</trkpt>
<trkpt lat="44.1108216666667" lon="5.301835">
<ele>931.3</ele>
<speed>1.7902039</speed>
<time>2021-11-25T10:47:59</time>
</trkpt>
<trkpt lat="44.110835" lon="5.301805">
<ele>931.3</ele>
<speed>1.8241756</speed>
<time>2021-11-25T10:48:00</time>
</trkpt>
<trkpt lat="44.1108766666667" lon="5.30163166666667">
<ele>936.8</ele>
<speed>1.9682977</speed>
<time>2021-11-25T10:48:06</time>
</trkpt>
<trkpt lat="44.11088" lon="5.301605">
<ele>936.8</ele>
<speed>2.0043283</speed>
<time>2021-11-25T10:48:07</time>
</trkpt>
<trkpt lat="44.1108833333333" lon="5.30157333333333">
<ele>936.8</ele>
<speed>2.055286</speed>
<time>2021-11-25T10:48:08</time>
</trkpt>
<trkpt lat="44.1108933333333" lon="5.301505">
<ele>938.4</ele>
<speed>1.9708713</speed>
<time>2021-11-25T10:48:11</time>
</trkpt>
<trkpt lat="44.1108916666667" lon="5.30148">
<ele>938.4</ele>
<speed>1.9193991</speed>
<time>2021-11-25T10:48:12</time>
</trkpt>
<trkpt lat="44.1108916666667" lon="5.301455">
<ele>938.4</ele>
<speed>1.8113075</speed>
<time>2021-11-25T10:48:13</time>
</trkpt>
<trkpt lat="44.1108866666667" lon="5.30143166666667">
<ele>938.4</ele>
<speed>1.7402759</speed>
<time>2021-11-25T10:48:14</time>
</trkpt>
<trkpt lat="44.1108883333333" lon="5.30140166666667">
<ele>938.4</ele>
<speed>1.7644678</speed>
<time>2021-11-25T10:48:15</time>
</trkpt>
<trkpt lat="44.1108816666667" lon="5.30137333333333">
<ele>938.4</ele>
<speed>1.708363</speed>
<time>2021-11-25T10:48:16</time>
</trkpt>
<trkpt lat="44.1108733333333" lon="5.301235">
<ele>938.4</ele>
<speed>2.045506</speed>
<time>2021-11-25T10:48:20</time>
</trkpt>
<trkpt lat="44.1108866666667" lon="5.301195">
<ele>943.8</ele>
<speed>2.1885989</speed>
<time>2021-11-25T10:48:22</time>
</trkpt>
<trkpt lat="44.1109033333333" lon="5.30114166666667">
<ele>943.8</ele>
<speed>2.2519097</speed>
<time>2021-11-25T10:48:24</time>
</trkpt>
<trkpt lat="44.11092" lon="5.3011">
<ele>943.8</ele>
<speed>2.1988933</speed>
<time>2021-11-25T10:48:26</time>
</trkpt>
<trkpt lat="44.1109433333333" lon="5.30098166666667">
<ele>943.8</ele>
<speed>1.9266052</speed>
<time>2021-11-25T10:48:30</time>
</trkpt>
<trkpt lat="44.1109533333333" lon="5.300955">
<ele>949.7</ele>
<speed>1.8432202</speed>
<time>2021-11-25T10:48:31</time>
</trkpt>
<trkpt lat="44.1109633333333" lon="5.30093666666667">
<ele>949.7</ele>
<speed>1.791748</speed>
<time>2021-11-25T10:48:32</time>
</trkpt>
<trkpt lat="44.1109833333333" lon="5.30086666666667">
<ele>949.7</ele>
<speed>1.6661558</speed>
<time>2021-11-25T10:48:35</time>
</trkpt>
<trkpt lat="44.110995" lon="5.30081833333333">
<ele>949.7</ele>
<speed>1.4880619</speed>
<time>2021-11-25T10:48:38</time>
</trkpt>
<trkpt lat="44.1110016666667" lon="5.30079166666667">
<ele>949.7</ele>
<speed>1.3598961</speed>
<time>2021-11-25T10:48:39</time>
</trkpt>
<trkpt lat="44.1110316666667" lon="5.30065">
<ele>956.6667</ele>
<speed>1.1509188</speed>
<time>2021-11-25T10:48:44</time>
</trkpt>
<trkpt lat="44.1110366666667" lon="5.30064">
<ele>956.6667</ele>
<speed>1.0999614</speed>
<time>2021-11-25T10:48:45</time>
</trkpt>
<trkpt lat="44.11105" lon="5.30060833333333">
<ele>956.6667</ele>
<speed>1.1725372</speed>
<time>2021-11-25T10:48:47</time>
</trkpt>
<trkpt lat="44.11106" lon="5.30058333333333">
<ele>956.6667</ele>
<speed>1.2950411</speed>
<time>2021-11-25T10:48:48</time>
</trkpt>
<trkpt lat="44.111075" lon="5.300565">
<ele>956.6667</ele>
<speed>1.376882</speed>
<time>2021-11-25T10:48:49</time>
</trkpt>
<trkpt lat="44.1110883333333" lon="5.30055">
<ele>956.6667</ele>
<speed>1.3634992</speed>
<time>2021-11-25T10:48:50</time>
</trkpt>
<trkpt lat="44.11111" lon="5.30052">
<ele>961.2</ele>
<speed>1.413942</speed>
<time>2021-11-25T10:48:52</time>
</trkpt>
<trkpt lat="44.1111116666667" lon="5.30050833333333">
<ele>961.2</ele>
<speed>1.3624697</speed>
<time>2021-11-25T10:48:53</time>
</trkpt>
<trkpt lat="44.1111166666667" lon="5.30049">
<ele>961.2</ele>
<speed>1.3465134</speed>
<time>2021-11-25T10:48:54</time>
</trkpt>
<trkpt lat="44.1111266666667" lon="5.30046666666667">
<ele>961.2</ele>
<speed>1.3892353</speed>
<time>2021-11-25T10:48:55</time>
</trkpt>
<trkpt lat="44.1111333333333" lon="5.30044833333333">
<ele>961.2</ele>
<speed>1.3012178</speed>
<time>2021-11-25T10:48:57</time>
</trkpt>
<trkpt lat="44.1111483333333" lon="5.300365">
<ele>961.9667</ele>
<speed>1.0067967</speed>
<time>2021-11-25T10:49:02</time>
</trkpt>
<trkpt lat="44.1111533333333" lon="5.30034833333333">
<ele>961.9667</ele>
<speed>1.0356212</speed>
<time>2021-11-25T10:49:03</time>
</trkpt>
<trkpt lat="44.11115" lon="5.30032333333333">
<ele>961.9667</ele>
<speed>0.9568686</speed>
<time>2021-11-25T10:49:05</time>
</trkpt>
<trkpt lat="44.1111533333333" lon="5.30030666666667">
<ele>961.9667</ele>
<speed>0.9656189</speed>
<time>2021-11-25T10:49:06</time>
</trkpt>
<trkpt lat="44.11116" lon="5.30029333333333">
<ele>961.9667</ele>
<speed>1.0819461</speed>
<time>2021-11-25T10:49:07</time>
</trkpt>
<trkpt lat="44.11118" lon="5.30025666666667">
<ele>961.9667</ele>
<speed>1.1565808</speed>
<time>2021-11-25T10:49:09</time>
</trkpt>
<trkpt lat="44.111185" lon="5.300255">
<ele>961.9667</ele>
<speed>1.1164325</speed>
<time>2021-11-25T10:49:10</time>
</trkpt>
<trkpt lat="44.1111816666667" lon="5.30026666666667">
<ele>961.9667</ele>
<speed>1.0793725</speed>
<time>2021-11-25T10:49:11</time>
</trkpt>
<trkpt lat="44.1111866666667" lon="5.300255">
<ele>960.4</ele>
<speed>1.0381948</speed>
<time>2021-11-25T10:49:12</time>
</trkpt>
<trkpt lat="44.1111933333333" lon="5.30023333333333">
<ele>960.4</ele>
<speed>1.0742253</speed>
<time>2021-11-25T10:49:13</time>
</trkpt>
<trkpt lat="44.111205" lon="5.30022833333333">
<ele>960.4</ele>
<speed>1.1962144</speed>
<time>2021-11-25T10:49:15</time>
</trkpt>
<trkpt lat="44.1112" lon="5.300215">
<ele>960.4</ele>
<speed>0.92752945</speed>
<time>2021-11-25T10:49:17</time>
</trkpt>
<trkpt lat="44.1111966666667" lon="5.30020833333333">
<ele>960.4</ele>
<speed>0.78443664</speed>
<time>2021-11-25T10:49:18</time>
</trkpt>
<trkpt lat="44.111195" lon="5.30020666666667">
<ele>960.4</ele>
<speed>0.0</speed>
<time>2021-11-25T10:49:24</time>
</trkpt>
<trkpt lat="44.11119" lon="5.300205">
<ele>960.4</ele>
<speed>0.0</speed>
<time>2021-11-25T10:49:25</time>
</trkpt>
<trkpt lat="44.1111933333333" lon="5.300195">
<ele>960.4</ele>
<speed>0.26817027</speed>
<time>2021-11-25T10:49:28</time>
</trkpt>
<trkpt lat="44.1111933333333" lon="5.30019166666667">
<ele>960.4</ele>
<speed>0.28824446</speed>
<time>2021-11-25T10:49:29</time>
</trkpt>
<trkpt lat="44.1112033333333" lon="5.30015833333333">
<ele>960.06665</ele>
<speed>0.4560439</speed>
<time>2021-11-25T10:49:33</time>
</trkpt>
<trkpt lat="44.1112066666667" lon="5.30014333333333">
<ele>960.06665</ele>
<speed>0.5420025</speed>
<time>2021-11-25T10:49:34</time>
</trkpt>
<trkpt lat="44.1112083333333" lon="5.30013166666667">
<ele>960.06665</ele>
<speed>0.6037692</speed>
<time>2021-11-25T10:49:35</time>
</trkpt>
<trkpt lat="44.11121" lon="5.30012333333333">
<ele>960.06665</ele>
<speed>0.6228139</speed>
<time>2021-11-25T10:49:36</time>
</trkpt>
<trkpt lat="44.1112133333333" lon="5.30009333333333">
<ele>960.06665</ele>
<speed>0.6001661</speed>
<time>2021-11-25T10:49:38</time>
</trkpt>
<trkpt lat="44.1112083333333" lon="5.30007666666667">
<ele>960.06665</ele>
<speed>0.6881836</speed>
<time>2021-11-25T10:49:39</time>
</trkpt>
<trkpt lat="44.1112016666667" lon="5.30005333333333">
<ele>960.06665</ele>
<speed>0.7442883</speed>
<time>2021-11-25T10:49:40</time>
</trkpt>
<trkpt lat="44.1112" lon="5.30003833333333">
<ele>960.06665</ele>
<speed>0.7983342</speed>
<time>2021-11-25T10:49:41</time>
</trkpt>
<trkpt lat="44.1111966666667" lon="5.30001666666667">
<ele>961.0</ele>
<speed>0.85135055</speed>
<time>2021-11-25T10:49:42</time>
</trkpt>
<trkpt lat="44.1111916666667" lon="5.30001833333333">
<ele>961.0</ele>
<speed>0.880175</speed>
<time>2021-11-25T10:49:43</time>
</trkpt>
<trkpt lat="44.111185" lon="5.300015">
<ele>961.0</ele>
<speed>0.8559831</speed>
<time>2021-11-25T10:49:44</time>
</trkpt>
<trkpt lat="44.1111783333333" lon="5.30001166666667">
<ele>961.0</ele>
<speed>0.8235555</speed>
<time>2021-11-25T10:49:45</time>
</trkpt>
<trkpt lat="44.11118" lon="5.30001333333333">
<ele>961.0</ele>
<speed>0.78855443</speed>
<time>2021-11-25T10:49:46</time>
</trkpt>
<trkpt lat="44.1111816666667" lon="5.30001333333333">
<ele>961.0</ele>
<speed>0.45964694</speed>
<time>2021-11-25T10:49:51</time>
</trkpt>
<trkpt lat="44.11118" lon="5.30002333333333">
<ele>961.0</ele>
<speed>0.0</speed>
<time>2021-11-25T10:49:59</time>
</trkpt>
<trkpt lat="44.11118" lon="5.30002333333333">
<ele>961.0</ele>
<speed>0.0</speed>
<time>2021-11-25T10:50:00</time>
</trkpt>
<trkpt lat="44.11115" lon="5.30005833333333">
<ele>961.0</ele>
<speed>0.0</speed>
<time>2021-11-25T10:50:02</time>
</trkpt>
<trkpt lat="44.1111416666667" lon="5.30010333333333">
<ele>961.0</ele>
<speed>0.0</speed>
<time>2021-11-25T10:50:05</time>
</trkpt>
<trkpt lat="44.11114" lon="5.30011166666667">
<ele>961.0</ele>
<speed>0.0</speed>
<time>2021-11-25T10:50:06</time>
</trkpt>
<trkpt lat="44.1111383333333" lon="5.30012666666667">
<ele>961.0</ele>
<speed>0.0</speed>
<time>2021-11-25T10:50:07</time>
</trkpt>
<trkpt lat="44.1111383333333" lon="5.30012666666667">
<ele>963.23334</ele>
<speed>0.0</speed>
<time>2021-11-25T10:50:22</time>
</trkpt>
<trkpt lat="44.1111383333333" lon="5.30012666666667">
<ele>963.23334</ele>
<speed>0.0</speed>
<time>2021-11-25T10:50:25</time>
</trkpt>
<trkpt lat="44.1112" lon="5.30021666666667">
<ele>963.2</ele>
<speed>0.29545057</speed>
<time>2021-11-25T10:50:38</time>
</trkpt>
<trkpt lat="44.111205" lon="5.30022166666667">
<ele>963.2</ele>
<speed>0.0</speed>
<time>2021-11-25T10:50:39</time>
</trkpt>
<trkpt lat="44.1112083333333" lon="5.30022333333333">
<ele>963.2</ele>
<speed>0.0</speed>
<time>2021-11-25T10:50:40</time>
</trkpt>
<trkpt lat="44.11121" lon="5.30022166666667">
<ele>963.2</ele>
<speed>0.0</speed>
<time>2021-11-25T10:50:41</time>
</trkpt>
<trkpt lat="44.111225" lon="5.300245">
<ele>963.2</ele>
<speed>0.26199362</speed>
<time>2021-11-25T10:50:48</time>
</trkpt>
<trkpt lat="44.1112283333333" lon="5.30023333333333">
<ele>963.2</ele>
<speed>0.0</speed>
<time>2021-11-25T10:50:51</time>
</trkpt>
<trkpt lat="44.1112283333333" lon="5.30023166666667">
<ele>963.7</ele>
<speed>0.0</speed>
<time>2021-11-25T10:50:55</time>
</trkpt>
<trkpt lat="44.1112283333333" lon="5.30023166666667">
<ele>963.8</ele>
<speed>0.0</speed>
<time>2021-11-25T10:51:02</time>
</trkpt>
<trkpt lat="44.1112216666667" lon="5.30005">
<ele>963.8</ele>
<speed>0.0</speed>
<time>2021-11-25T10:51:26</time>
</trkpt>
<trkpt lat="44.1112816666667" lon="5.30020833333333">
<ele>963.8</ele>
<speed>1.9199139</speed>
<time>2021-11-25T10:51:29</time>
</trkpt>
<trkpt lat="44.1112866666667" lon="5.30021833333333">
<ele>963.8</ele>
<speed>1.7639531</speed>
<time>2021-11-25T10:51:31</time>
</trkpt>
<trkpt lat="44.11131" lon="5.300265">
<ele>963.8</ele>
<speed>1.4298984</speed>
<time>2021-11-25T10:51:33</time>
</trkpt>
<trkpt lat="44.111265" lon="5.30025333333333">
<ele>963.8</ele>
<speed>1.2960706</speed>
<time>2021-11-25T10:51:34</time>
</trkpt>
<trkpt lat="44.1112616666667" lon="5.300245">
<ele>963.8</ele>
<speed>1.0984172</speed>
<time>2021-11-25T10:51:35</time>
</trkpt>
<trkpt lat="44.1112833333333" lon="5.30020333333333">
<ele>963.8</ele>
<speed>0.7509797</speed>
<time>2021-11-25T10:51:37</time>
</trkpt>
<trkpt lat="44.111275" lon="5.30019666666667">
<ele>977.43335</ele>
<speed>0.7082578</speed>
<time>2021-11-25T10:51:38</time>
</trkpt>
<trkpt lat="44.1113316666667" lon="5.30019">
<ele>977.43335</ele>
<speed>0.6573003</speed>
<time>2021-11-25T10:51:45</time>
</trkpt>
<trkpt lat="44.1113033333333" lon="5.29999666666667">
<ele>969.36664</ele>
<speed>1.5189453</speed>
<time>2021-11-25T10:52:03</time>
</trkpt>
<trkpt lat="44.1113066666667" lon="5.29999833333333">
<ele>969.36664</ele>
<speed>1.5184306</speed>
<time>2021-11-25T10:52:04</time>
</trkpt>
<trkpt lat="44.11131" lon="5.29999833333333">
<ele>969.36664</ele>
<speed>1.4571786</speed>
<time>2021-11-25T10:52:05</time>
</trkpt>
<trkpt lat="44.11131" lon="5.30001833333333">
<ele>969.36664</ele>
<speed>1.3310716</speed>
<time>2021-11-25T10:52:06</time>
</trkpt>
<trkpt lat="44.1113" lon="5.30005333333333">
<ele>969.36664</ele>
<speed>1.154522</speed>
<time>2021-11-25T10:52:07</time>
</trkpt>
<trkpt lat="44.111295" lon="5.30008166666667">
<ele>969.06665</ele>
<speed>0.91414666</speed>
<time>2021-11-25T10:52:08</time>
</trkpt>
<trkpt lat="44.1112916666667" lon="5.300105">
<ele>969.06665</ele>
<speed>0.65935916</speed>
<time>2021-11-25T10:52:09</time>
</trkpt>
<trkpt lat="44.111285" lon="5.30009833333333">
<ele>969.06665</ele>
<speed>0.45244083</speed>
<time>2021-11-25T10:52:10</time>
</trkpt>
<trkpt lat="44.1112866666667" lon="5.30005166666667">
<ele>965.9</ele>
<speed>0.30728915</speed>
<time>2021-11-25T10:52:22</time>
</trkpt>
<trkpt lat="44.1112866666667" lon="5.30011">
<ele>965.3</ele>
<speed>0.45758805</speed>
<time>2021-11-25T10:52:29</time>
</trkpt>
<trkpt lat="44.1112766666667" lon="5.30009833333333">
<ele>965.3</ele>
<speed>0.46222055</speed>
<time>2021-11-25T10:52:30</time>
</trkpt>
<trkpt lat="44.11122" lon="5.30012666666667">
<ele>965.3</ele>
<speed>0.0</speed>
<time>2021-11-25T10:52:32</time>
</trkpt>
<trkpt lat="44.1112016666667" lon="5.30014666666667">
<ele>965.3</ele>
<speed>0.0</speed>
<time>2021-11-25T10:52:35</time>
</trkpt>
<trkpt lat="44.1112" lon="5.30014">
<ele>965.3</ele>
<speed>0.0</speed>
<time>2021-11-25T10:52:36</time>
</trkpt>
<trkpt lat="44.1112033333333" lon="5.30014166666667">
<ele>965.3</ele>
<speed>0.0</speed>
<time>2021-11-25T10:52:37</time>
</trkpt>
<trkpt lat="44.1112166666667" lon="5.30015333333333">
<ele>967.8</ele>
<speed>0.35052583</speed>
<time>2021-11-25T10:52:53</time>
</trkpt>
<trkpt lat="44.1112333333333" lon="5.30013166666667">
<ele>967.8</ele>
<speed>0.46839723</speed>
<time>2021-11-25T10:52:55</time>
</trkpt>
<trkpt lat="44.1112516666667" lon="5.30011166666667">
<ele>967.8</ele>
<speed>0.55487055</speed>
<time>2021-11-25T10:52:57</time>
</trkpt>
<trkpt lat="44.1112866666667" lon="5.300055">
<ele>967.8</ele>
<speed>0.82612914</speed>
<time>2021-11-25T10:53:02</time>
</trkpt>
<trkpt lat="44.1112916666667" lon="5.30002166666667">
<ele>967.8</ele>
<speed>0.8492917</speed>
<time>2021-11-25T10:53:04</time>
</trkpt>
<trkpt lat="44.1113183333333" lon="5.299975">
<ele>967.3</ele>
<speed>0.80451083</speed>
<time>2021-11-25T10:53:08</time>
</trkpt>
<trkpt lat="44.1113266666667" lon="5.29994333333333">
<ele>967.3</ele>
<speed>0.8132611</speed>
<time>2021-11-25T10:53:10</time>
</trkpt>
<trkpt lat="44.1113333333333" lon="5.2999">
<ele>967.3</ele>
<speed>0.84465915</speed>
<time>2021-11-25T10:53:13</time>
</trkpt>
<trkpt lat="44.1113383333333" lon="5.29988166666667">
<ele>967.3</ele>
<speed>0.8518653</speed>
<time>2021-11-25T10:53:14</time>
</trkpt>
<trkpt lat="44.1113533333333" lon="5.29983666666667">
<ele>967.3</ele>
<speed>0.9326767</speed>
<time>2021-11-25T10:53:17</time>
</trkpt>
<trkpt lat="44.111355" lon="5.299825">
<ele>963.1</ele>
<speed>0.9522361</speed>
<time>2021-11-25T10:53:18</time>
</trkpt>
<trkpt lat="44.111355" lon="5.29980666666667">
<ele>963.1</ele>
<speed>0.9939286</speed>
<time>2021-11-25T10:53:19</time>
</trkpt>
<trkpt lat="44.1113583333333" lon="5.29978833333333">
<ele>963.1</ele>
<speed>1.0083408</speed>
<time>2021-11-25T10:53:20</time>
</trkpt>
<trkpt lat="44.1113633333333" lon="5.29977">
<ele>963.1</ele>
<speed>1.0330476</speed>
<time>2021-11-25T10:53:21</time>
</trkpt>
<trkpt lat="44.1113633333333" lon="5.299755">
<ele>963.1</ele>
<speed>1.0103997</speed>
<time>2021-11-25T10:53:22</time>
</trkpt>
<trkpt lat="44.111365" lon="5.29974166666667">
<ele>963.1</ele>
<speed>0.9954728</speed>
<time>2021-11-25T10:53:23</time>
</trkpt>
<trkpt lat="44.1113716666667" lon="5.29973">
<ele>963.1</ele>
<speed>0.9707661</speed>
<time>2021-11-25T10:53:24</time>
</trkpt>
<trkpt lat="44.1113833333333" lon="5.29966333333333">
<ele>963.1</ele>
<speed>1.0922406</speed>
<time>2021-11-25T10:53:27</time>
</trkpt>
<trkpt lat="44.111385" lon="5.29964666666667">
<ele>962.2</ele>
<speed>1.0773137</speed>
<time>2021-11-25T10:53:28</time>
</trkpt>
<trkpt lat="44.11139" lon="5.29963333333333">
<ele>962.2</ele>
<speed>1.0577542</speed>
<time>2021-11-25T10:53:29</time>
</trkpt>
<trkpt lat="44.1113966666667" lon="5.299615">
<ele>962.2</ele>
<speed>1.0855491</speed>
<time>2021-11-25T10:53:30</time>
</trkpt>
<trkpt lat="44.111405" lon="5.299595">
<ele>962.2</ele>
<speed>1.1344478</speed>
<time>2021-11-25T10:53:31</time>
</trkpt>
<trkpt lat="44.111425" lon="5.29952">
<ele>962.2</ele>
<speed>1.361955</speed>
<time>2021-11-25T10:53:35</time>
</trkpt>
<trkpt lat="44.1114283333333" lon="5.2995">
<ele>962.2</ele>
<speed>1.3377631</speed>
<time>2021-11-25T10:53:36</time>
</trkpt>
<trkpt lat="44.1114316666667" lon="5.29948666666667">
<ele>962.2</ele>
<speed>1.2615842</speed>
<time>2021-11-25T10:53:37</time>
</trkpt>
<trkpt lat="44.1114366666667" lon="5.29947666666667">
<ele>960.9</ele>
<speed>1.2420248</speed>
<time>2021-11-25T10:53:38</time>
</trkpt>
<trkpt lat="44.1114433333333" lon="5.29945">
<ele>960.9</ele>
<speed>1.1524631</speed>
<time>2021-11-25T10:53:40</time>
</trkpt>
<trkpt lat="44.111445" lon="5.29943166666667">
<ele>960.9</ele>
<speed>1.0680486</speed>
<time>2021-11-25T10:53:41</time>
</trkpt>
<trkpt lat="44.1114483333333" lon="5.29937666666667">
<ele>960.9</ele>
<speed>0.92907363</speed>
<time>2021-11-25T10:53:44</time>
</trkpt>
<trkpt lat="44.1114966666667" lon="5.29917333333333">
<ele>961.6</ele>
<speed>1.1606987</speed>
<time>2021-11-25T10:53:55</time>
</trkpt>
<trkpt lat="44.1115083333333" lon="5.299135">
<ele>961.6</ele>
<speed>1.2605547</speed>
<time>2021-11-25T10:53:57</time>
</trkpt>
<trkpt lat="44.1115216666667" lon="5.2991">
<ele>958.7</ele>
<speed>1.3146006</speed>
<time>2021-11-25T10:53:59</time>
</trkpt>
<trkpt lat="44.111525" lon="5.29908333333333">
<ele>958.7</ele>
<speed>1.3351895</speed>
<time>2021-11-25T10:54:00</time>
</trkpt>
<trkpt lat="44.11153" lon="5.299065">
<ele>958.7</ele>
<speed>1.3454839</speed>
<time>2021-11-25T10:54:01</time>
</trkpt>
<trkpt lat="44.1115516666667" lon="5.29899166666667">
<ele>958.7</ele>
<speed>1.5091655</speed>
<time>2021-11-25T10:54:04</time>
</trkpt>
<trkpt lat="44.1115616666667" lon="5.29893666666667">
<ele>958.7</ele>
<speed>1.6934361</speed>
<time>2021-11-25T10:54:06</time>
</trkpt>
<trkpt lat="44.1115666666667" lon="5.29892">
<ele>958.7</ele>
<speed>1.7135103</speed>
<time>2021-11-25T10:54:07</time>
</trkpt>
<trkpt lat="44.1115716666667" lon="5.29890666666667">
<ele>958.23334</ele>
<speed>1.7027011</speed>
<time>2021-11-25T10:54:08</time>
</trkpt>
<trkpt lat="44.1115783333333" lon="5.29888166666667">
<ele>958.23334</ele>
<speed>1.773218</speed>
<time>2021-11-25T10:54:10</time>
</trkpt>
<trkpt lat="44.11159" lon="5.29885">
<ele>958.23334</ele>
<speed>1.8689564</speed>
<time>2021-11-25T10:54:11</time>
</trkpt>
<trkpt lat="44.1116" lon="5.298825">
<ele>958.23334</ele>
<speed>1.8699858</speed>
<time>2021-11-25T10:54:12</time>
</trkpt>
<trkpt lat="44.1116483333333" lon="5.298775">
<ele>958.23334</ele>
<speed>1.9219728</speed>
<time>2021-11-25T10:54:15</time>
</trkpt>
<trkpt lat="44.1116583333333" lon="5.29873">
<ele>958.23334</ele>
<speed>1.7706444</speed>
<time>2021-11-25T10:54:17</time>
</trkpt>
<trkpt lat="44.1116633333333" lon="5.29870166666667">
<ele>958.23334</ele>
<speed>1.6939509</speed>
<time>2021-11-25T10:54:18</time>
</trkpt>
<trkpt lat="44.111665" lon="5.29864833333333">
<ele>956.7</ele>
<speed>1.6285812</speed>
<time>2021-11-25T10:54:19</time>
</trkpt>
<trkpt lat="44.111665" lon="5.29859666666667">
<ele>956.7</ele>
<speed>1.5405636</speed>
<time>2021-11-25T10:54:22</time>
</trkpt>
<trkpt lat="44.1116666666667" lon="5.29856833333333">
<ele>956.7</ele>
<speed>1.5081362</speed>
<time>2021-11-25T10:54:23</time>
</trkpt>
<trkpt lat="44.1116716666667" lon="5.29854166666667">
<ele>956.7</ele>
<speed>1.3624697</speed>
<time>2021-11-25T10:54:24</time>
</trkpt>
<trkpt lat="44.1116766666667" lon="5.29851166666667">
<ele>956.7</ele>
<speed>1.4154861</speed>
<time>2021-11-25T10:54:25</time>
</trkpt>
<trkpt lat="44.1116783333333" lon="5.29847666666667">
<ele>956.7</ele>
<speed>1.510195</speed>
<time>2021-11-25T10:54:26</time>
</trkpt>
<trkpt lat="44.1116766666667" lon="5.29844333333333">
<ele>956.7</ele>
<speed>1.5765941</speed>
<time>2021-11-25T10:54:27</time>
</trkpt>
<trkpt lat="44.11167" lon="5.29838166666667">
<ele>954.2</ele>
<speed>1.6785091</speed>
<time>2021-11-25T10:54:29</time>
</trkpt>
<trkpt lat="44.1116616666667" lon="5.29830833333333">
<ele>954.2</ele>
<speed>1.8792509</speed>
<time>2021-11-25T10:54:31</time>
</trkpt>
<trkpt lat="44.1116366666667" lon="5.29816">
<ele>954.2</ele>
<speed>2.006902</speed>
<time>2021-11-25T10:54:36</time>
</trkpt>
<trkpt lat="44.1116383333333" lon="5.29811333333333">
<ele>954.2</ele>
<speed>2.0377853</speed>
<time>2021-11-25T10:54:37</time>
</trkpt>
<trkpt lat="44.11165" lon="5.29804">
<ele>949.3</ele>
<speed>2.1618333</speed>
<time>2021-11-25T10:54:39</time>
</trkpt>
<trkpt lat="44.1116733333333" lon="5.29797333333333">
<ele>949.3</ele>
<speed>2.179334</speed>
<time>2021-11-25T10:54:40</time>
</trkpt>
<trkpt lat="44.111685" lon="5.29790666666667">
<ele>949.3</ele>
<speed>2.2297766</speed>
<time>2021-11-25T10:54:43</time>
</trkpt>
<trkpt lat="44.1117183333333" lon="5.29778">
<ele>949.3</ele>
<speed>2.16801</speed>
<time>2021-11-25T10:54:47</time>
</trkpt>
<trkpt lat="44.1117266666667" lon="5.29775166666667">
<ele>949.3</ele>
<speed>2.1268322</speed>
<time>2021-11-25T10:54:48</time>
</trkpt>
<trkpt lat="44.111735" lon="5.29772333333333">
<ele>948.3</ele>
<speed>2.0933752</speed>
<time>2021-11-25T10:54:49</time>
</trkpt>
<trkpt lat="44.1117433333333" lon="5.29769666666667">
<ele>948.3</ele>
<speed>2.0393295</speed>
<time>2021-11-25T10:54:50</time>
</trkpt>
<trkpt lat="44.1117766666667" lon="5.29754333333333">
<ele>948.3</ele>
<speed>2.3213973</speed>
<time>2021-11-25T10:54:54</time>
</trkpt>
<trkpt lat="44.1117883333333" lon="5.29751">
<ele>948.3</ele>
<speed>2.3265445</speed>
<time>2021-11-25T10:54:55</time>
</trkpt>
<trkpt lat="44.1118366666667" lon="5.29734">
<ele>943.0</ele>
<speed>2.625598</speed>
<time>2021-11-25T10:55:00</time>
</trkpt>
<trkpt lat="44.1118666666667" lon="5.29722166666667">
<ele>943.0</ele>
<speed>2.7094977</speed>
<time>2021-11-25T10:55:03</time>
</trkpt>
<trkpt lat="44.111925" lon="5.29706">
<ele>943.0</ele>
<speed>2.6889088</speed>
<time>2021-11-25T10:55:08</time>
</trkpt>
<trkpt lat="44.1119316666667" lon="5.29696">
<ele>931.9</ele>
<speed>2.6199362</speed>
<time>2021-11-25T10:55:11</time>
</trkpt>
<trkpt lat="44.111935" lon="5.29681333333333">
<ele>931.9</ele>
<speed>2.4789023</speed>
<time>2021-11-25T10:55:15</time>
</trkpt>
<trkpt lat="44.1119316666667" lon="5.29678666666667">
<ele>931.9</ele>
<speed>2.3749282</speed>
<time>2021-11-25T10:55:16</time>
</trkpt>
<trkpt lat="44.1119166666667" lon="5.29668666666667">
<ele>931.9</ele>
<speed>2.549934</speed>
<time>2021-11-25T10:55:18</time>
</trkpt>
<trkpt lat="44.1118983333333" lon="5.29663333333333">
<ele>930.4</ele>
<speed>2.5525074</speed>
<time>2021-11-25T10:55:19</time>
</trkpt>
<trkpt lat="44.1118833333333" lon="5.2966">
<ele>930.4</ele>
<speed>2.6132448</speed>
<time>2021-11-25T10:55:20</time>
</trkpt>
<trkpt lat="44.1118383333333" lon="5.29654333333333">
<ele>930.4</ele>
<speed>2.564346</speed>
<time>2021-11-25T10:55:22</time>
</trkpt>
<trkpt lat="44.1118083333333" lon="5.29651833333333">
<ele>930.4</ele>
<speed>2.5355217</speed>
<time>2021-11-25T10:55:23</time>
</trkpt>
<trkpt lat="44.1117083333333" lon="5.29643666666667">
<ele>930.4</ele>
<speed>2.6214802</speed>
<time>2021-11-25T10:55:27</time>
</trkpt>
<trkpt lat="44.111685" lon="5.29642166666667">
<ele>930.4</ele>
<speed>2.4562545</speed>
<time>2021-11-25T10:55:28</time>
</trkpt>
<trkpt lat="44.1116516666667" lon="5.29641833333333">
<ele>930.9</ele>
<speed>2.164407</speed>
<time>2021-11-25T10:55:30</time>
</trkpt>
<trkpt lat="44.1116233333333" lon="5.29640833333333">
<ele>930.9</ele>
<speed>1.880795</speed>
<time>2021-11-25T10:55:32</time>
</trkpt>
<trkpt lat="44.111615" lon="5.2964">
<ele>930.9</ele>
<speed>1.7042453</speed>
<time>2021-11-25T10:55:33</time>
</trkpt>
<trkpt lat="44.1115933333333" lon="5.29637333333333">
<ele>930.9</ele>
<speed>1.5292398</speed>
<time>2021-11-25T10:55:35</time>
</trkpt>
<trkpt lat="44.1115683333333" lon="5.29632833333333">
<ele>930.9</ele>
<speed>1.3943825</speed>
<time>2021-11-25T10:55:38</time>
</trkpt>
<trkpt lat="44.1115633333333" lon="5.29631166666667">
<ele>931.0</ele>
<speed>1.3912941</speed>
<time>2021-11-25T10:55:39</time>
</trkpt>
<trkpt lat="44.11156" lon="5.296295">
<ele>931.0</ele>
<speed>1.4067358</speed>
<time>2021-11-25T10:55:40</time>
</trkpt>
<trkpt lat="44.1115566666667" lon="5.29627833333333">
<ele>931.0</ele>
<speed>1.4365897</speed>
<time>2021-11-25T10:55:41</time>
</trkpt>
<trkpt lat="44.11155" lon="5.29626">
<ele>931.0</ele>
<speed>1.4633553</speed>
<time>2021-11-25T10:55:42</time>
</trkpt>
<trkpt lat="44.1115433333333" lon="5.29624666666667">
<ele>931.0</ele>
<speed>1.5019594</speed>
<time>2021-11-25T10:55:43</time>
</trkpt>
<trkpt lat="44.1115366666667" lon="5.29623166666667">
<ele>931.0</ele>
<speed>1.4798263</speed>
<time>2021-11-25T10:55:44</time>
</trkpt>
<trkpt lat="44.111525" lon="5.29619833333333">
<ele>931.0</ele>
<speed>1.491665</speed>
<time>2021-11-25T10:55:46</time>
</trkpt>
<trkpt lat="44.1115183333333" lon="5.296175">
<ele>931.0</ele>
<speed>1.5359311</speed>
<time>2021-11-25T10:55:46</time>
</trkpt>
<trkpt lat="44.1114966666667" lon="5.29609666666667">
<ele>930.4</ele>
<speed>1.4890914</speed>
<time>2021-11-25T10:55:51</time>
</trkpt>
<trkpt lat="44.1114783333333" lon="5.29603333333333">
<ele>930.4</ele>
<speed>1.5081362</speed>
<time>2021-11-25T10:55:54</time>
</trkpt>
<trkpt lat="44.1114566666667" lon="5.29599833333333">
<ele>930.4</ele>
<speed>1.454605</speed>
<time>2021-11-25T10:55:55</time>
</trkpt>
<trkpt lat="44.111445" lon="5.29598666666667">
<ele>930.4</ele>
<speed>1.4396781</speed>
<time>2021-11-25T10:55:57</time>
</trkpt>
<trkpt lat="44.11143" lon="5.295975">
<ele>930.4</ele>
<speed>1.4757086</speed>
<time>2021-11-25T10:55:58</time>
</trkpt>
<trkpt lat="44.1114" lon="5.29593833333333">
<ele>930.1667</ele>
<speed>1.621375</speed>
<time>2021-11-25T10:56:00</time>
</trkpt>
<trkpt lat="44.111295" lon="5.29580833333333">
<ele>930.1667</ele>
<speed>2.332721</speed>
<time>2021-11-25T10:56:05</time>
</trkpt>
<trkpt lat="44.1111716666667" lon="5.29566">
<ele>929.8</ele>
<speed>2.8973713</speed>
<time>2021-11-25T10:56:11</time>
</trkpt>
<trkpt lat="44.1110916666667" lon="5.29555">
<ele>929.8</ele>
<speed>2.783103</speed>
<time>2021-11-25T10:56:15</time>
</trkpt>
<trkpt lat="44.1110366666667" lon="5.29548">
<ele>929.8</ele>
<speed>2.5772142</speed>
<time>2021-11-25T10:56:18</time>
</trkpt>
<trkpt lat="44.1110183333333" lon="5.29547166666667">
<ele>924.7</ele>
<speed>2.5169916</speed>
<time>2021-11-25T10:56:19</time>
</trkpt>
<trkpt lat="44.1109983333333" lon="5.29545666666667">
<ele>924.7</ele>
<speed>2.5097857</speed>
<time>2021-11-25T10:56:20</time>
</trkpt>
<trkpt lat="44.1109283333333" lon="5.29540666666667">
<ele>924.7</ele>
<speed>2.5566254</speed>
<time>2021-11-25T10:56:23</time>
</trkpt>
<trkpt lat="44.1108766666667" lon="5.29535666666667">
<ele>924.7</ele>
<speed>2.472211</speed>
<time>2021-11-25T10:56:26</time>
</trkpt>
<trkpt lat="44.1107916666667" lon="5.295295">
<ele>918.9</ele>
<speed>2.3028672</speed>
<time>2021-11-25T10:56:31</time>
</trkpt>
<trkpt lat="44.11077" lon="5.295285">
<ele>918.9</ele>
<speed>2.2858813</speed>
<time>2021-11-25T10:56:32</time>
</trkpt>
<trkpt lat="44.1107516666667" lon="5.295265">
<ele>918.9</ele>
<speed>2.2354386</speed>
<time>2021-11-25T10:56:33</time>
</trkpt>
<trkpt lat="44.1106966666667" lon="5.295165">
<ele>918.9</ele>
<speed>2.3919141</speed>
<time>2021-11-25T10:56:36</time>
</trkpt>
<trkpt lat="44.1106533333333" lon="5.29508">
<ele>909.2</ele>
<speed>2.5839055</speed>
<time>2021-11-25T10:56:39</time>
</trkpt>
<trkpt lat="44.1106366666667" lon="5.29504833333333">
<ele>909.2</ele>
<speed>2.6482458</speed>
<time>2021-11-25T10:56:40</time>
</trkpt>
<trkpt lat="44.110585" lon="5.29495">
<ele>909.2</ele>
<speed>2.9189897</speed>
<time>2021-11-25T10:56:43</time>
</trkpt>
<trkpt lat="44.1105733333333" lon="5.29491833333333">
<ele>909.2</ele>
<speed>2.992595</speed>
<time>2021-11-25T10:56:44</time>
</trkpt>
<trkpt lat="44.110555" lon="5.29486333333333">
<ele>909.2</ele>
<speed>2.8520758</speed>
<time>2021-11-25T10:56:46</time>
</trkpt>
<trkpt lat="44.1105466666667" lon="5.294845">
<ele>909.2</ele>
<speed>2.7228806</speed>
<time>2021-11-25T10:56:47</time>
</trkpt>
<trkpt lat="44.1105033333333" lon="5.29477166666667">
<ele>903.8333</ele>
<speed>2.4927998</speed>
<time>2021-11-25T10:56:50</time>
</trkpt>
<trkpt lat="44.1104916666667" lon="5.29474166666667">
<ele>903.8333</ele>
<speed>2.4001498</speed>
<time>2021-11-25T10:56:51</time>
</trkpt>
<trkpt lat="44.1104616666667" lon="5.29467666666667">
<ele>903.8333</ele>
<speed>2.2601452</speed>
<time>2021-11-25T10:56:53</time>
</trkpt>
<trkpt lat="44.1104483333333" lon="5.29464833333333">
<ele>903.8333</ele>
<speed>2.1721277</speed>
<time>2021-11-25T10:56:54</time>
</trkpt>
<trkpt lat="44.110385" lon="5.294525">
<ele>903.8333</ele>
<speed>2.3316917</speed>
<time>2021-11-25T10:56:58</time>
</trkpt>
<trkpt lat="44.11037" lon="5.29448333333333">
<ele>903.2</ele>
<speed>2.4248564</speed>
<time>2021-11-25T10:56:59</time>
</trkpt>
<trkpt lat="44.1103533333333" lon="5.294425">
<ele>903.2</ele>
<speed>2.331177</speed>
<time>2021-11-25T10:57:01</time>
</trkpt>
<trkpt lat="44.1103233333333" lon="5.29432166666667">
<ele>903.2</ele>
<speed>2.3111029</speed>
<time>2021-11-25T10:57:04</time>
</trkpt>
<trkpt lat="44.110295" lon="5.294255">
<ele>903.2</ele>
<speed>2.2529392</speed>
<time>2021-11-25T10:57:06</time>
</trkpt>
<trkpt lat="44.1102483333333" lon="5.29410166666667">
<ele>904.6</ele>
<speed>2.6158183</speed>
<time>2021-11-25T10:57:10</time>
</trkpt>
<trkpt lat="44.11025" lon="5.29408333333333">
<ele>904.6</ele>
<speed>2.6549373</speed>
<time>2021-11-25T10:57:11</time>
</trkpt>
<trkpt lat="44.1102233333333" lon="5.293935">
<ele>904.6</ele>
<speed>2.823766</speed>
<time>2021-11-25T10:57:15</time>
</trkpt>
<trkpt lat="44.1102083333333" lon="5.29382166666667">
<ele>904.6</ele>
<speed>2.6600845</speed>
<time>2021-11-25T10:57:18</time>
</trkpt>
<trkpt lat="44.1102033333333" lon="5.29377166666667">
<ele>904.1667</ele>
<speed>2.3785315</speed>
<time>2021-11-25T10:57:20</time>
</trkpt>
<trkpt lat="44.1102033333333" lon="5.29365833333333">
<ele>904.1667</ele>
<speed>2.034697</speed>
<time>2021-11-25T10:57:24</time>
</trkpt>
<trkpt lat="44.110205" lon="5.293615">
<ele>904.1667</ele>
<speed>2.0573447</speed>
<time>2021-11-25T10:57:25</time>
</trkpt>
<trkpt lat="44.110215" lon="5.29353666666667">
<ele>904.1667</ele>
<speed>2.0449915</speed>
<time>2021-11-25T10:57:27</time>
</trkpt>
<trkpt lat="44.110225" lon="5.29349666666667">
<ele>904.1667</ele>
<speed>2.1134493</speed>
<time>2021-11-25T10:57:28</time>
</trkpt>
<trkpt lat="44.110235" lon="5.29345833333333">
<ele>899.86664</ele>
<speed>2.1813927</speed>
<time>2021-11-25T10:57:29</time>
</trkpt>
<trkpt lat="44.11024" lon="5.29333">
<ele>899.86664</ele>
<speed>2.4356656</speed>
<time>2021-11-25T10:57:32</time>
</trkpt>
<trkpt lat="44.11022" lon="5.29314166666667">
<ele>899.86664</ele>
<speed>2.4742696</speed>
<time>2021-11-25T10:57:37</time>
</trkpt>
<trkpt lat="44.1102166666667" lon="5.29310333333333">
<ele>899.86664</ele>
<speed>2.4150767</speed>
<time>2021-11-25T10:57:38</time>
</trkpt>
<trkpt lat="44.11021" lon="5.293015">
<ele>893.3</ele>
<speed>2.4418423</speed>
<time>2021-11-25T10:57:40</time>
</trkpt>
<trkpt lat="44.11021" lon="5.29296833333333">
<ele>893.3</ele>
<speed>2.4505925</speed>
<time>2021-11-25T10:57:41</time>
</trkpt>
<trkpt lat="44.1102116666667" lon="5.29293">
<ele>893.3</ele>
<speed>2.3893406</speed>
<time>2021-11-25T10:57:42</time>
</trkpt>
<trkpt lat="44.1102066666667" lon="5.292895">
<ele>893.3</ele>
<speed>2.4016938</speed>
<time>2021-11-25T10:57:43</time>
</trkpt>
<trkpt lat="44.110205" lon="5.29285666666667">
<ele>893.3</ele>
<speed>2.3872817</speed>
<time>2021-11-25T10:57:44</time>
</trkpt>
<trkpt lat="44.1102033333333" lon="5.292785">
<ele>893.3</ele>
<speed>2.497947</speed>
<time>2021-11-25T10:57:46</time>
</trkpt>
<trkpt lat="44.110195" lon="5.29267333333333">
<ele>888.73334</ele>
<speed>2.673982</speed>
<time>2021-11-25T10:57:49</time>
</trkpt>
<trkpt lat="44.1101583333333" lon="5.29255666666667">
<ele>888.73334</ele>
<speed>2.862885</speed>
<time>2021-11-25T10:57:52</time>
</trkpt>
<trkpt lat="44.11015" lon="5.292525">
<ele>888.73334</ele>
<speed>2.868547</speed>
<time>2021-11-25T10:57:53</time>
</trkpt>
<trkpt lat="44.11014" lon="5.292495">
<ele>888.73334</ele>
<speed>2.8340607</speed>
<time>2021-11-25T10:57:54</time>
</trkpt>
<trkpt lat="44.1100883333333" lon="5.29235166666667">
<ele>885.6</ele>
<speed>2.6858206</speed>
<time>2021-11-25T10:57:59</time>
</trkpt>
<trkpt lat="44.110055" lon="5.29226833333333">
<ele>885.6</ele>
<speed>2.4500778</speed>
<time>2021-11-25T10:58:02</time>
</trkpt>
<trkpt lat="44.11003" lon="5.29220333333333">
<ele>885.6</ele>
<speed>2.346104</speed>
<time>2021-11-25T10:58:05</time>
</trkpt>
<trkpt lat="44.1099233333333" lon="5.29205833333333">
<ele>886.9</ele>
<speed>2.425886</speed>
<time>2021-11-25T10:58:10</time>
</trkpt>
<trkpt lat="44.10984" lon="5.29196">
<ele>886.9</ele>
<speed>2.624054</speed>
<time>2021-11-25T10:58:14</time>
</trkpt>
<trkpt lat="44.1097783333333" lon="5.29188166666667">
<ele>886.9</ele>
<speed>2.6173625</speed>
<time>2021-11-25T10:58:17</time>
</trkpt>
<trkpt lat="44.1097283333333" lon="5.29181833333333">
<ele>884.1</ele>
<speed>2.6204507</speed>
<time>2021-11-25T10:58:19</time>
</trkpt>
<trkpt lat="44.1096816666667" lon="5.29174">
<ele>884.1</ele>
<speed>2.48302</speed>
<time>2021-11-25T10:58:22</time>
</trkpt>
<trkpt lat="44.1096616666667" lon="5.29171666666667">
<ele>884.1</ele>
<speed>2.4624312</speed>
<time>2021-11-25T10:58:23</time>
</trkpt>
<trkpt lat="44.1096433333333" lon="5.291695">
<ele>884.1</ele>
<speed>2.4300036</speed>
<time>2021-11-25T10:58:24</time>
</trkpt>
<trkpt lat="44.1095916666667" lon="5.29163333333333">
<ele>884.1</ele>
<speed>2.3769872</speed>
<time>2021-11-25T10:58:27</time>
</trkpt>
<trkpt lat="44.1095633333333" lon="5.29160833333333">
<ele>883.3</ele>
<speed>2.1705837</speed>
<time>2021-11-25T10:58:29</time>
</trkpt>
<trkpt lat="44.1095483333333" lon="5.29159666666667">
<ele>883.3</ele>
<speed>2.0830808</speed>
<time>2021-11-25T10:58:30</time>
</trkpt>
<trkpt lat="44.1095383333333" lon="5.29158666666667">
<ele>883.3</ele>
<speed>2.049624</speed>
<time>2021-11-25T10:58:31</time>
</trkpt>
<trkpt lat="44.109525" lon="5.29157166666667">
<ele>883.3</ele>
<speed>1.969842</speed>
<time>2021-11-25T10:58:32</time>
</trkpt>
<trkpt lat="44.1095133333333" lon="5.29155833333333">
<ele>883.3</ele>
<speed>1.8653533</speed>
<time>2021-11-25T10:58:33</time>
</trkpt>
<trkpt lat="44.109485" lon="5.29153666666667">
<ele>883.3</ele>
<speed>1.6908625</speed>
<time>2021-11-25T10:58:34</time>
</trkpt>
<trkpt lat="44.1094766666667" lon="5.29153">
<ele>883.3</ele>
<speed>1.5184306</speed>
<time>2021-11-25T10:58:35</time>
</trkpt>
<trkpt lat="44.1094733333333" lon="5.29152666666667">
<ele>883.3</ele>
<speed>1.3290128</speed>
<time>2021-11-25T10:58:36</time>
</trkpt>
<trkpt lat="44.109475" lon="5.29152">
<ele>883.3</ele>
<speed>1.2059941</speed>
<time>2021-11-25T10:58:37</time>
</trkpt>
<trkpt lat="44.1094716666667" lon="5.29151666666667">
<ele>881.8</ele>
<speed>1.1195208</speed>
<time>2021-11-25T10:58:38</time>
</trkpt>
<trkpt lat="44.10945" lon="5.29149333333333">
<ele>881.8</ele>
<speed>0.8467181</speed>
<time>2021-11-25T10:58:41</time>
</trkpt>
<trkpt lat="44.1094416666667" lon="5.29148833333333">
<ele>881.8</ele>
<speed>0.7648772</speed>
<time>2021-11-25T10:58:42</time>
</trkpt>
<trkpt lat="44.1094333333333" lon="5.29148333333333">
<ele>881.8</ele>
<speed>0.63516724</speed>
<time>2021-11-25T10:58:43</time>
</trkpt>
<trkpt lat="44.1094283333333" lon="5.29146833333333">
<ele>881.8</ele>
<speed>0.5229578</speed>
<time>2021-11-25T10:58:46</time>
</trkpt>
<trkpt lat="44.10943" lon="5.291465">
<ele>881.8</ele>
<speed>0.52656084</speed>
<time>2021-11-25T10:58:46</time>
</trkpt>
<trkpt lat="44.10941" lon="5.29147666666667">
<ele>877.0</ele>
<speed>0.44523472</speed>
<time>2021-11-25T10:58:48</time>
</trkpt>
<trkpt lat="44.1094133333333" lon="5.29148">
<ele>877.0</ele>
<speed>0.0</speed>
<time>2021-11-25T10:58:51</time>
</trkpt>
<trkpt lat="44.1094183333333" lon="5.29146833333333">
<ele>877.0</ele>
<speed>0.0</speed>
<time>2021-11-25T10:58:52</time>
</trkpt>
<trkpt lat="44.1094116666667" lon="5.29144833333333">
<ele>877.0</ele>
<speed>0.0</speed>
<time>2021-11-25T10:58:58</time>
</trkpt>
<trkpt lat="44.1093916666667" lon="5.29145166666667">
<ele>876.2</ele>
<speed>0.45038193</speed>
<time>2021-11-25T10:58:59</time>
</trkpt>
<trkpt lat="44.10938" lon="5.29149166666667">
<ele>876.2</ele>
<speed>0.90745527</speed>
<time>2021-11-25T10:59:04</time>
</trkpt>
<trkpt lat="44.10936" lon="5.29147666666667">
<ele>876.2</ele>
<speed>1.1035645</speed>
<time>2021-11-25T10:59:06</time>
</trkpt>
<trkpt lat="44.1093433333333" lon="5.29147666666667">
<ele>876.2</ele>
<speed>1.2013617</speed>
<time>2021-11-25T10:59:07</time>
</trkpt>
<trkpt lat="44.109315" lon="5.29146833333333">
<ele>876.2</ele>
<speed>1.3851175</speed>
<time>2021-11-25T10:59:07</time>
</trkpt>
<trkpt lat="44.1092933333333" lon="5.29146166666667">
<ele>876.2</ele>
<speed>1.4983563</speed>
<time>2021-11-25T10:59:09</time>
</trkpt>
<trkpt lat="44.10923" lon="5.29142833333333">
<ele>875.0</ele>
<speed>1.8730742</speed>
<time>2021-11-25T10:59:12</time>
</trkpt>
<trkpt lat="44.1091633333333" lon="5.291375">
<ele>875.0</ele>
<speed>2.0887427</speed>
<time>2021-11-25T10:59:15</time>
</trkpt>
<trkpt lat="44.1090716666667" lon="5.29134">
<ele>875.0</ele>
<speed>2.3476481</speed>
<time>2021-11-25T10:59:19</time>
</trkpt>
<trkpt lat="44.1090483333333" lon="5.29133333333333">
<ele>874.0</ele>
<speed>2.3733842</speed>
<time>2021-11-25T10:59:19</time>
</trkpt>
<trkpt lat="44.1090066666667" lon="5.29133333333333">
<ele>874.0</ele>
<speed>2.4763286</speed>
<time>2021-11-25T10:59:20</time>
</trkpt>
<trkpt lat="44.1089783333333" lon="5.29133333333333">
<ele>874.0</ele>
<speed>2.5468457</speed>
<time>2021-11-25T10:59:21</time>
</trkpt>
<trkpt lat="44.108955" lon="5.291325">
<ele>874.0</ele>
<speed>2.55714</speed>
<time>2021-11-25T10:59:22</time>
</trkpt>
<trkpt lat="44.1088983333333" lon="5.29131166666667">
<ele>874.0</ele>
<speed>2.388826</speed>
<time>2021-11-25T10:59:26</time>
</trkpt>
<trkpt lat="44.1088533333333" lon="5.29130666666667">
<ele>874.0</ele>
<speed>2.2503655</speed>
<time>2021-11-25T10:59:27</time>
</trkpt>
<trkpt lat="44.10881" lon="5.29129833333333">
<ele>872.26666</ele>
<speed>2.1263175</speed>
<time>2021-11-25T10:59:29</time>
</trkpt>
<trkpt lat="44.1087283333333" lon="5.29127666666667">
<ele>872.26666</ele>
<speed>1.89006</speed>
<time>2021-11-25T10:59:33</time>
</trkpt>
<trkpt lat="44.1087" lon="5.29124666666667">
<ele>872.26666</ele>
<speed>1.9497678</speed>
<time>2021-11-25T10:59:35</time>
</trkpt>
<trkpt lat="44.1086516666667" lon="5.29123166666667">
<ele>872.26666</ele>
<speed>1.9703567</speed>
<time>2021-11-25T10:59:37</time>
</trkpt>
<trkpt lat="44.10863" lon="5.29122666666667">
<ele>867.6667</ele>
<speed>1.9332967</speed>
<time>2021-11-25T10:59:38</time>
</trkpt>
<trkpt lat="44.10858" lon="5.29122166666667">
<ele>867.6667</ele>
<speed>1.9276347</speed>
<time>2021-11-25T10:59:40</time>
</trkpt>
<trkpt lat="44.108555" lon="5.291225">
<ele>867.6667</ele>
<speed>1.9631505</speed>
<time>2021-11-25T10:59:41</time>
</trkpt>
<trkpt lat="44.1085333333333" lon="5.291225">
<ele>867.6667</ele>
<speed>2.0341823</speed>
<time>2021-11-25T10:59:42</time>
</trkpt>
<trkpt lat="44.1085083333333" lon="5.29120833333333">
<ele>867.6667</ele>
<speed>2.118082</speed>
<time>2021-11-25T10:59:43</time>
</trkpt>
<trkpt lat="44.1084883333333" lon="5.29119666666667">
<ele>867.6667</ele>
<speed>2.1206555</speed>
<time>2021-11-25T10:59:44</time>
</trkpt>
<trkpt lat="44.1084383333333" lon="5.291185">
<ele>867.6667</ele>
<speed>2.2318356</speed>
<time>2021-11-25T10:59:46</time>
</trkpt>
<trkpt lat="44.1084183333333" lon="5.29118">
<ele>867.6667</ele>
<speed>2.1654365</speed>
<time>2021-11-25T10:59:47</time>
</trkpt>
<trkpt lat="44.1083933333333" lon="5.29117166666667">
<ele>861.9</ele>
<speed>2.2503655</speed>
<time>2021-11-25T10:59:48</time>
</trkpt>
<trkpt lat="44.108345" lon="5.29114">
<ele>861.9</ele>
<speed>2.4634604</speed>
<time>2021-11-25T10:59:50</time>
</trkpt>
<trkpt lat="44.1083233333333" lon="5.29111666666667">
<ele>861.9</ele>
<speed>2.4747844</speed>
<time>2021-11-25T10:59:51</time>
</trkpt>
<trkpt lat="44.1081366666667" lon="5.29095">
<ele>858.6</ele>
<speed>2.3455892</speed>
<time>2021-11-25T11:00:01</time>
</trkpt>
<trkpt lat="44.1081183333333" lon="5.29093">
<ele>858.6</ele>
<speed>2.2380123</speed>
<time>2021-11-25T11:00:02</time>
</trkpt>
<trkpt lat="44.1081033333333" lon="5.29091833333333">
<ele>858.6</ele>
<speed>2.0449915</speed>
<time>2021-11-25T11:00:04</time>
</trkpt>
<trkpt lat="44.10808" lon="5.29091333333333">
<ele>858.6</ele>
<speed>1.958518</speed>
<time>2021-11-25T11:00:04</time>
</trkpt>
<trkpt lat="44.1080316666667" lon="5.29089166666667">
<ele>858.6</ele>
<speed>1.8087339</speed>
<time>2021-11-25T11:00:06</time>
</trkpt>
<trkpt lat="44.1079283333333" lon="5.29082666666667">
<ele>849.4</ele>
<speed>2.0228584</speed>
<time>2021-11-25T11:00:10</time>
</trkpt>
<trkpt lat="44.107825" lon="5.29079333333333">
<ele>849.4</ele>
<speed>2.4567692</speed>
<time>2021-11-25T11:00:14</time>
</trkpt>
<trkpt lat="44.1077266666667" lon="5.29077">
<ele>847.2</ele>
<speed>2.583391</speed>
<time>2021-11-25T11:00:18</time>
</trkpt>
<trkpt lat="44.1076966666667" lon="5.29076333333333">
<ele>847.2</ele>
<speed>2.5890527</speed>
<time>2021-11-25T11:00:19</time>
</trkpt>
<trkpt lat="44.107645" lon="5.29076">
<ele>847.2</ele>
<speed>2.5725818</speed>
<time>2021-11-25T11:00:21</time>
</trkpt>
<trkpt lat="44.1076033333333" lon="5.29074166666667">
<ele>847.2</ele>
<speed>2.4639752</speed>
<time>2021-11-25T11:00:23</time>
</trkpt>
<trkpt lat="44.1075883333333" lon="5.29073833333333">
<ele>847.2</ele>
<speed>2.2411005</speed>
<time>2021-11-25T11:00:24</time>
</trkpt>
<trkpt lat="44.1075766666667" lon="5.290735">
<ele>847.2</ele>
<speed>2.0460207</speed>
<time>2021-11-25T11:00:25</time>
</trkpt>
<trkpt lat="44.107565" lon="5.29072166666667">
<ele>847.2</ele>
<speed>1.9672683</speed>
<time>2021-11-25T11:00:26</time>
</trkpt>
<trkpt lat="44.107555" lon="5.29070333333333">
<ele>847.2</ele>
<speed>1.939988</speed>
<time>2021-11-25T11:00:27</time>
</trkpt>
<trkpt lat="44.1075283333333" lon="5.290665">
<ele>842.5</ele>
<speed>1.7155691</speed>
<time>2021-11-25T11:00:29</time>
</trkpt>
<trkpt lat="44.107515" lon="5.29066333333333">
<ele>842.5</ele>
<speed>1.5276955</speed>
<time>2021-11-25T11:00:30</time>
</trkpt>
<trkpt lat="44.107505" lon="5.290665">
<ele>842.5</ele>
<speed>1.4160008</speed>
<time>2021-11-25T11:00:31</time>
</trkpt>
<trkpt lat="44.1074833333333" lon="5.29065">
<ele>842.5</ele>
<speed>1.3423955</speed>
<time>2021-11-25T11:00:33</time>
</trkpt>
<trkpt lat="44.1074583333333" lon="5.29063166666667">
<ele>842.5</ele>
<speed>1.3815144</speed>
<time>2021-11-25T11:00:35</time>
</trkpt>
<trkpt lat="44.1074516666667" lon="5.29063">
<ele>842.5</ele>
<speed>1.3022472</speed>
<time>2021-11-25T11:00:36</time>
</trkpt>
<trkpt lat="44.107445" lon="5.29062166666667">
<ele>842.5</ele>
<speed>1.2245241</speed>
<time>2021-11-25T11:00:37</time>
</trkpt>
<trkpt lat="44.1074433333333" lon="5.29062333333333">
<ele>840.8</ele>
<speed>1.1107706</speed>
<time>2021-11-25T11:00:38</time>
</trkpt>
<trkpt lat="44.1074383333333" lon="5.29062">
<ele>840.8</ele>
<speed>1.0587837</speed>
<time>2021-11-25T11:00:39</time>
</trkpt>
<trkpt lat="44.107415" lon="5.29059333333333">
<ele>840.8</ele>
<speed>1.0659897</speed>
<time>2021-11-25T11:00:41</time>
</trkpt>
<trkpt lat="44.1073933333333" lon="5.29059333333333">
<ele>840.8</ele>
<speed>0.9872372</speed>
<time>2021-11-25T11:00:43</time>
</trkpt>
<trkpt lat="44.1073616666667" lon="5.29057">
<ele>840.8</ele>
<speed>1.1468011</speed>
<time>2021-11-25T11:00:45</time>
</trkpt>
<trkpt lat="44.1073483333333" lon="5.29055333333333">
<ele>840.8</ele>
<speed>1.2126856</speed>
<time>2021-11-25T11:00:46</time>
</trkpt>
<trkpt lat="44.10732" lon="5.290525">
<ele>840.1</ele>
<speed>1.3866616</speed>
<time>2021-11-25T11:00:48</time>
</trkpt>
<trkpt lat="44.107305" lon="5.29052">
<ele>840.1</ele>
<speed>1.4051917</speed>
<time>2021-11-25T11:00:49</time>
</trkpt>
<trkpt lat="44.107275" lon="5.29052166666667">
<ele>840.1</ele>
<speed>1.3604108</speed>
<time>2021-11-25T11:00:51</time>
</trkpt>
<trkpt lat="44.1072633333333" lon="5.29052833333333">
<ele>840.1</ele>
<speed>1.3557783</speed>
<time>2021-11-25T11:00:52</time>
</trkpt>
<trkpt lat="44.10725" lon="5.29052833333333">
<ele>840.1</ele>
<speed>1.3017325</speed>
<time>2021-11-25T11:00:53</time>
</trkpt>
<trkpt lat="44.1072433333333" lon="5.290535">
<ele>840.1</ele>
<speed>1.1972439</speed>
<time>2021-11-25T11:00:54</time>
</trkpt>
<trkpt lat="44.1072333333333" lon="5.29054833333333">
<ele>840.1</ele>
<speed>0.94914776</speed>
<time>2021-11-25T11:00:56</time>
</trkpt>
<trkpt lat="44.10723" lon="5.290555">
<ele>840.1</ele>
<speed>0.8868664</speed>
<time>2021-11-25T11:00:57</time>
</trkpt>
<trkpt lat="44.1072266666667" lon="5.29056666666667">
<ele>836.4</ele>
<speed>0.85546833</speed>
<time>2021-11-25T11:00:58</time>
</trkpt>
<trkpt lat="44.1071933333333" lon="5.29062833333333">
<ele>836.4</ele>
<speed>1.0361358</speed>
<time>2021-11-25T11:01:04</time>
</trkpt>
<trkpt lat="44.10717" lon="5.29063333333333">
<ele>836.4</ele>
<speed>1.0953289</speed>
<time>2021-11-25T11:01:06</time>
</trkpt>
<trkpt lat="44.1071666666667" lon="5.29062833333333">
<ele>836.4</ele>
<speed>1.0592983</speed>
<time>2021-11-25T11:01:07</time>
</trkpt>
<trkpt lat="44.1071566666667" lon="5.290625">
<ele>836.5333</ele>
<speed>0.79884887</speed>
<time>2021-11-25T11:01:10</time>
</trkpt>
<trkpt lat="44.107155" lon="5.29064333333333">
<ele>836.5333</ele>
<speed>0.46273527</speed>
<time>2021-11-25T11:01:13</time>
</trkpt>
<trkpt lat="44.107155" lon="5.29064166666667">
<ele>836.5333</ele>
<speed>0.0</speed>
<time>2021-11-25T11:01:14</time>
</trkpt>
<trkpt lat="44.107155" lon="5.290645">
<ele>836.5333</ele>
<speed>0.0</speed>
<time>2021-11-25T11:01:15</time>
</trkpt>
<trkpt lat="44.107155" lon="5.29064333333333">
<ele>838.0</ele>
<speed>0.0</speed>
<time>2021-11-25T11:02:05</time>
</trkpt>
<trkpt lat="44.1071166666667" lon="5.29057">
<ele>838.0</ele>
<speed>0.28464139</speed>
<time>2021-11-25T11:02:07</time>
</trkpt>
<trkpt lat="44.107115" lon="5.29056666666667">
<ele>838.0</ele>
<speed>0.30677444</speed>
<time>2021-11-25T11:02:08</time>
</trkpt>
<trkpt lat="44.1071033333333" lon="5.29054833333333">
<ele>838.0</ele>
<speed>0.42052805</speed>
<time>2021-11-25T11:02:11</time>
</trkpt>
<trkpt lat="44.1071016666667" lon="5.29053833333333">
<ele>838.0</ele>
<speed>0.45758805</speed>
<time>2021-11-25T11:02:12</time>
</trkpt>
<trkpt lat="44.1070883333333" lon="5.29049833333333">
<ele>838.0</ele>
<speed>0.6490647</speed>
<time>2021-11-25T11:02:15</time>
</trkpt>
<trkpt lat="44.107085" lon="5.29047333333333">
<ele>838.0</ele>
<speed>0.7808336</speed>
<time>2021-11-25T11:02:16</time>
</trkpt>
<trkpt lat="44.1070866666667" lon="5.29044666666667">
<ele>838.0</ele>
<speed>0.8235555</speed>
<time>2021-11-25T11:02:17</time>
</trkpt>
<trkpt lat="44.1070833333333" lon="5.290425">
<ele>839.2</ele>
<speed>0.88635164</speed>
<time>2021-11-25T11:02:18</time>
</trkpt>
<trkpt lat="44.1070733333333" lon="5.29034166666667">
<ele>839.2</ele>
<speed>1.1869495</speed>
<time>2021-11-25T11:02:21</time>
</trkpt>
<trkpt lat="44.1070683333333" lon="5.29031166666667">
<ele>839.2</ele>
<speed>1.2898939</speed>
<time>2021-11-25T11:02:22</time>
</trkpt>
<trkpt lat="44.1070483333333" lon="5.290225">
<ele>839.2</ele>
<speed>1.5596083</speed>
<time>2021-11-25T11:02:25</time>
</trkpt>
<trkpt lat="44.1070383333333" lon="5.29014833333333">
<ele>839.2</ele>
<speed>1.7186575</speed>
<time>2021-11-25T11:02:27</time>
</trkpt>
<trkpt lat="44.1070333333333" lon="5.29008666666667">
<ele>839.9</ele>
<speed>1.8874863</speed>
<time>2021-11-25T11:02:29</time>
</trkpt>
<trkpt lat="44.107025" lon="5.29002">
<ele>839.9</ele>
<speed>2.0748453</speed>
<time>2021-11-25T11:02:31</time>
</trkpt>
<trkpt lat="44.1070133333333" lon="5.28998333333333">
<ele>839.9</ele>
<speed>2.1819074</speed>
<time>2021-11-25T11:02:32</time>
</trkpt>
<trkpt lat="44.106985" lon="5.28988333333333">
<ele>839.9</ele>
<speed>2.3883111</speed>
<time>2021-11-25T11:02:35</time>
</trkpt>
<trkpt lat="44.1069733333333" lon="5.28975666666667">
<ele>839.0</ele>
<speed>2.3455892</speed>
<time>2021-11-25T11:02:39</time>
</trkpt>
<trkpt lat="44.106955" lon="5.289695">
<ele>839.0</ele>
<speed>2.1762455</speed>
<time>2021-11-25T11:02:41</time>
</trkpt>
<trkpt lat="44.10695" lon="5.28968333333333">
<ele>839.0</ele>
<speed>1.9667536</speed>
<time>2021-11-25T11:02:42</time>
</trkpt>
<trkpt lat="44.10695" lon="5.28967666666667">
<ele>839.0</ele>
<speed>1.8179989</speed>
<time>2021-11-25T11:02:43</time>
</trkpt>
<trkpt lat="44.1069366666667" lon="5.28960833333333">
<ele>839.0</ele>
<speed>1.3593814</speed>
<time>2021-11-25T11:02:46</time>
</trkpt>
<trkpt lat="44.1069183333333" lon="5.289565">
<ele>839.0</ele>
<speed>1.4777675</speed>
<time>2021-11-25T11:02:47</time>
</trkpt>
<trkpt lat="44.1068983333333" lon="5.28951333333333">
<ele>838.6</ele>
<speed>1.4479136</speed>
<time>2021-11-25T11:02:48</time>
</trkpt>
<trkpt lat="44.106885" lon="5.28938666666667">
<ele>838.6</ele>
<speed>1.7093925</speed>
<time>2021-11-25T11:02:51</time>
</trkpt>
<trkpt lat="44.1069" lon="5.28931166666667">
<ele>838.6</ele>
<speed>2.0413883</speed>
<time>2021-11-25T11:02:53</time>
</trkpt>
<trkpt lat="44.1069183333333" lon="5.28924333333333">
<ele>838.6</ele>
<speed>2.2272031</speed>
<time>2021-11-25T11:02:55</time>
</trkpt>
<trkpt lat="44.10692" lon="5.28920166666667">
<ele>838.6</ele>
<speed>2.2565422</speed>
<time>2021-11-25T11:02:56</time>
</trkpt>
<trkpt lat="44.106915" lon="5.28911833333333">
<ele>838.1</ele>
<speed>2.2858813</speed>
<time>2021-11-25T11:02:58</time>
</trkpt>
<trkpt lat="44.1068466666667" lon="5.28883666666667">
<ele>838.1</ele>
<speed>2.4320624</speed>
<time>2021-11-25T11:03:06</time>
</trkpt>
<trkpt lat="44.1068433333333" lon="5.28881166666667">
<ele>838.1</ele>
<speed>2.317794</speed>
<time>2021-11-25T11:03:07</time>
</trkpt>
<trkpt lat="44.1068266666667" lon="5.28874333333333">
<ele>839.5</ele>
<speed>2.3275738</speed>
<time>2021-11-25T11:03:09</time>
</trkpt>
<trkpt lat="44.1067566666667" lon="5.288485">
<ele>839.5</ele>
<speed>2.4577987</speed>
<time>2021-11-25T11:03:16</time>
</trkpt>
<trkpt lat="44.1067133333333" lon="5.28841666666667">
<ele>839.3</ele>
<speed>2.6153035</speed>
<time>2021-11-25T11:03:18</time>
</trkpt>
<trkpt lat="44.1066783333333" lon="5.28836">
<ele>839.3</ele>
<speed>2.5581694</speed>
<time>2021-11-25T11:03:20</time>
</trkpt>
<trkpt lat="44.1066533333333" lon="5.28833166666667">
<ele>839.3</ele>
<speed>2.4794168</speed>
<time>2021-11-25T11:03:21</time>
</trkpt>
<trkpt lat="44.1066283333333" lon="5.28831">
<ele>839.3</ele>
<speed>2.4670637</speed>
<time>2021-11-25T11:03:22</time>
</trkpt>
<trkpt lat="44.106605" lon="5.28828">
<ele>839.3</ele>
<speed>2.5725818</speed>
<time>2021-11-25T11:03:23</time>
</trkpt>
<trkpt lat="44.106535" lon="5.28815666666667">
<ele>839.3</ele>
<speed>2.920534</speed>
<time>2021-11-25T11:03:27</time>
</trkpt>
<trkpt lat="44.10652" lon="5.28813666666667">
<ele>836.6</ele>
<speed>2.8829591</speed>
<time>2021-11-25T11:03:28</time>
</trkpt>
<trkpt lat="44.1064966666667" lon="5.28809666666667">
<ele>836.6</ele>
<speed>2.8196483</speed>
<time>2021-11-25T11:03:30</time>
</trkpt>
<trkpt lat="44.1064766666667" lon="5.28807333333333">
<ele>836.6</ele>
<speed>2.7558227</speed>
<time>2021-11-25T11:03:31</time>
</trkpt>
<trkpt lat="44.1064" lon="5.28797">
<ele>836.6</ele>
<speed>2.5854497</speed>
<time>2021-11-25T11:03:35</time>
</trkpt>
<trkpt lat="44.1063683333333" lon="5.28792666666667">
<ele>836.6</ele>
<speed>2.492285</speed>
<time>2021-11-25T11:03:37</time>
</trkpt>
<trkpt lat="44.1063516666667" lon="5.28790166666667">
<ele>831.1</ele>
<speed>2.542213</speed>
<time>2021-11-25T11:03:38</time>
</trkpt>
<trkpt lat="44.1063233333333" lon="5.28786666666667">
<ele>831.1</ele>
<speed>2.4881673</speed>
<time>2021-11-25T11:03:40</time>
</trkpt>
<trkpt lat="44.10631" lon="5.28784333333333">
<ele>831.1</ele>
<speed>2.5360365</speed>
<time>2021-11-25T11:03:41</time>
</trkpt>
<trkpt lat="44.10629" lon="5.28781666666667">
<ele>831.1</ele>
<speed>2.5226536</speed>
<time>2021-11-25T11:03:42</time>
</trkpt>
<trkpt lat="44.1062333333333" lon="5.28774">
<ele>831.1</ele>
<speed>2.4938293</speed>
<time>2021-11-25T11:03:45</time>
</trkpt>
<trkpt lat="44.1061983333333" lon="5.28769833333333">
<ele>831.1</ele>
<speed>2.4603722</speed>
<time>2021-11-25T11:03:47</time>
</trkpt>
<trkpt lat="44.1061466666667" lon="5.28763833333333">
<ele>827.6</ele>
<speed>2.503609</speed>
<time>2021-11-25T11:03:49</time>
</trkpt>
<trkpt lat="44.1061216666667" lon="5.28757">
<ele>827.6</ele>
<speed>2.3342652</speed>
<time>2021-11-25T11:03:52</time>
</trkpt>
<trkpt lat="44.1061133333333" lon="5.28755166666667">
<ele>827.6</ele>
<speed>2.2694104</speed>
<time>2021-11-25T11:03:53</time>
</trkpt>
<trkpt lat="44.1060566666667" lon="5.28745333333333">
<ele>827.6</ele>
<speed>2.2910285</speed>
<time>2021-11-25T11:03:56</time>
</trkpt>
<trkpt lat="44.1060466666667" lon="5.28742666666667">
<ele>827.6</ele>
<speed>2.245733</speed>
<time>2021-11-25T11:03:57</time>
</trkpt>
<trkpt lat="44.10602" lon="5.287345">
<ele>819.86664</ele>
<speed>2.35331</speed>
<time>2021-11-25T11:03:59</time>
</trkpt>
<trkpt lat="44.1060016666667" lon="5.28729">
<ele>819.86664</ele>
<speed>2.5082414</speed>
<time>2021-11-25T11:04:01</time>
</trkpt>
<trkpt lat="44.1059883333333" lon="5.28725666666667">
<ele>819.86664</ele>
<speed>2.553537</speed>
<time>2021-11-25T11:04:02</time>
</trkpt>
<trkpt lat="44.105955" lon="5.28719666666667">
<ele>819.86664</ele>
<speed>2.661114</speed>
<time>2021-11-25T11:04:04</time>
</trkpt>
<trkpt lat="44.10592" lon="5.28714833333333">
<ele>819.86664</ele>
<speed>2.6863353</speed>
<time>2021-11-25T11:04:06</time>
</trkpt>
<trkpt lat="44.1058183333333" lon="5.28704">
<ele>806.8333</ele>
<speed>2.6935413</speed>
<time>2021-11-25T11:04:11</time>
</trkpt>
<trkpt lat="44.1058066666667" lon="5.28701666666667">
<ele>806.8333</ele>
<speed>2.682732</speed>
<time>2021-11-25T11:04:12</time>
</trkpt>
<trkpt lat="44.1057666666667" lon="5.28697833333333">
<ele>806.8333</ele>
<speed>2.5962589</speed>
<time>2021-11-25T11:04:14</time>
</trkpt>
<trkpt lat="44.10575" lon="5.28696">
<ele>806.8333</ele>
<speed>2.5674345</speed>
<time>2021-11-25T11:04:15</time>
</trkpt>
<trkpt lat="44.1057116666667" lon="5.28692166666667">
<ele>806.8333</ele>
<speed>2.5149329</speed>
<time>2021-11-25T11:04:17</time>
</trkpt>
<trkpt lat="44.1056916666667" lon="5.28689666666667">
<ele>799.7</ele>
<speed>2.4964027</speed>
<time>2021-11-25T11:04:18</time>
</trkpt>
<trkpt lat="44.1056616666667" lon="5.28684666666667">
<ele>799.7</ele>
<speed>2.4480188</speed>
<time>2021-11-25T11:04:20</time>
</trkpt>
<trkpt lat="44.1056116666667" lon="5.28674">
<ele>799.7</ele>
<speed>2.3363242</speed>
<time>2021-11-25T11:04:24</time>
</trkpt>
<trkpt lat="44.1056016666667" lon="5.28671166666667">
<ele>799.7</ele>
<speed>2.3409567</speed>
<time>2021-11-25T11:04:25</time>
</trkpt>
<trkpt lat="44.1055983333333" lon="5.28668333333333">
<ele>799.7</ele>
<speed>2.4166207</speed>
<time>2021-11-25T11:04:26</time>
</trkpt>
<trkpt lat="44.1055833333333" lon="5.28666">
<ele>799.7</ele>
<speed>2.346104</speed>
<time>2021-11-25T11:04:27</time>
</trkpt>
<trkpt lat="44.1055516666667" lon="5.28660166666667">
<ele>793.1</ele>
<speed>2.4305184</speed>
<time>2021-11-25T11:04:29</time>
</trkpt>
<trkpt lat="44.1055583333333" lon="5.28657333333333">
<ele>793.1</ele>
<speed>2.4418423</speed>
<time>2021-11-25T11:04:30</time>
</trkpt>
<trkpt lat="44.1055633333333" lon="5.28654333333333">
<ele>793.1</ele>
<speed>2.4490483</speed>
<time>2021-11-25T11:04:31</time>
</trkpt>
<trkpt lat="44.1055416666667" lon="5.28646833333333">
<ele>793.1</ele>
<speed>2.52008</speed>
<time>2021-11-25T11:04:33</time>
</trkpt>
<trkpt lat="44.1055266666667" lon="5.28640166666667">
<ele>793.1</ele>
<speed>2.3980908</speed>
<time>2021-11-25T11:04:36</time>
</trkpt>
<trkpt lat="44.1054733333333" lon="5.28635">
<ele>793.1</ele>
<speed>2.4804463</speed>
<time>2021-11-25T11:04:37</time>
</trkpt>
<trkpt lat="44.1054566666667" lon="5.28632333333333">
<ele>790.6</ele>
<speed>2.4675784</speed>
<time>2021-11-25T11:04:38</time>
</trkpt>
<trkpt lat="44.105405" lon="5.28624">
<ele>790.6</ele>
<speed>2.5453014</speed>
<time>2021-11-25T11:04:41</time>
</trkpt>
<trkpt lat="44.105255" lon="5.28600166666667">
<ele>790.6</ele>
<speed>2.9395785</speed>
<time>2021-11-25T11:04:47</time>
</trkpt>
<trkpt lat="44.10524" lon="5.28597333333333">
<ele>790.5333</ele>
<speed>2.918475</speed>
<time>2021-11-25T11:04:48</time>
</trkpt>
<trkpt lat="44.1052383333333" lon="5.28594166666667">
<ele>790.5333</ele>
<speed>2.8937683</speed>
<time>2021-11-25T11:04:49</time>
</trkpt>
<trkpt lat="44.10519" lon="5.28578666666667">
<ele>790.5333</ele>
<speed>3.1655416</speed>
<time>2021-11-25T11:04:53</time>
</trkpt>
<trkpt lat="44.1050733333333" lon="5.28559166666667">
<ele>792.0333</ele>
<speed>3.0728917</speed>
<time>2021-11-25T11:04:59</time>
</trkpt>
<trkpt lat="44.1050583333333" lon="5.28555666666667">
<ele>792.0333</ele>
<speed>3.0198753</speed>
<time>2021-11-25T11:05:00</time>
</trkpt>
<trkpt lat="44.1050383333333" lon="5.28553333333333">
<ele>792.0333</ele>
<speed>2.9514172</speed>
<time>2021-11-25T11:05:01</time>
</trkpt>
<trkpt lat="44.1049883333333" lon="5.28550166666667">
<ele>792.0333</ele>
<speed>2.532948</speed>
<time>2021-11-25T11:05:04</time>
</trkpt>
<trkpt lat="44.1049633333333" lon="5.28549666666667">
<ele>792.0333</ele>
<speed>2.2380123</speed>
<time>2021-11-25T11:05:06</time>
</trkpt>
<trkpt lat="44.10495" lon="5.28549166666667">
<ele>792.0333</ele>
<speed>2.0650656</speed>
<time>2021-11-25T11:05:07</time>
</trkpt>
<trkpt lat="44.1049233333333" lon="5.285485">
<ele>793.43335</ele>
<speed>1.5760795</speed>
<time>2021-11-25T11:05:09</time>
</trkpt>
<trkpt lat="44.1049116666667" lon="5.28547666666667">
<ele>793.43335</ele>
<speed>1.3933531</speed>
<time>2021-11-25T11:05:10</time>
</trkpt>
<trkpt lat="44.104865" lon="5.28545">
<ele>793.43335</ele>
<speed>1.1812875</speed>
<time>2021-11-25T11:05:13</time>
</trkpt>
<trkpt lat="44.10485" lon="5.28545">
<ele>793.43335</ele>
<speed>1.2080531</speed>
<time>2021-11-25T11:05:14</time>
</trkpt>
<trkpt lat="44.1048383333333" lon="5.28544666666667">
<ele>793.43335</ele>
<speed>1.2358481</speed>
<time>2021-11-25T11:05:15</time>
</trkpt>
<trkpt lat="44.1048233333333" lon="5.285435">
<ele>793.43335</ele>
<speed>1.2224653</speed>
<time>2021-11-25T11:05:16</time>
</trkpt>
<trkpt lat="44.1048166666667" lon="5.28542">
<ele>793.43335</ele>
<speed>1.2420248</speed>
<time>2021-11-25T11:05:17</time>
</trkpt>
<trkpt lat="44.1047983333333" lon="5.28539">
<ele>799.3</ele>
<speed>1.3372483</speed>
<time>2021-11-25T11:05:19</time>
</trkpt>
<trkpt lat="44.1047866666667" lon="5.28537833333333">
<ele>799.3</ele>
<speed>1.3084239</speed>
<time>2021-11-25T11:05:20</time>
</trkpt>
<trkpt lat="44.1047766666667" lon="5.28535666666667">
<ele>799.3</ele>
<speed>1.1390803</speed>
<time>2021-11-25T11:05:22</time>
</trkpt>
<trkpt lat="44.1047616666667" lon="5.28534666666667">
<ele>799.3</ele>
<speed>1.0577542</speed>
<time>2021-11-25T11:05:24</time>
</trkpt>
<trkpt lat="44.10476" lon="5.28534666666667">
<ele>799.3</ele>
<speed>0.9748839</speed>
<time>2021-11-25T11:05:25</time>
</trkpt>
<trkpt lat="44.1047583333333" lon="5.28534166666667">
<ele>799.3</ele>
<speed>0.8734836</speed>
<time>2021-11-25T11:05:26</time>
</trkpt>
<trkpt lat="44.1047583333333" lon="5.28534">
<ele>799.3</ele>
<speed>0.768995</speed>
<time>2021-11-25T11:05:27</time>
</trkpt>
<trkpt lat="44.1047633333333" lon="5.28533333333333">
<ele>800.1667</ele>
<speed>0.55332637</speed>
<time>2021-11-25T11:05:30</time>
</trkpt>
<trkpt lat="44.10476" lon="5.28532833333333">
<ele>800.1667</ele>
<speed>0.5378847</speed>
<time>2021-11-25T11:05:31</time>
</trkpt>
<trkpt lat="44.1047433333333" lon="5.28531666666667">
<ele>800.1667</ele>
<speed>0.5234725</speed>
<time>2021-11-25T11:05:33</time>
</trkpt>
<trkpt lat="44.1047383333333" lon="5.28530833333333">
<ele>800.1667</ele>
<speed>0.53839946</speed>
<time>2021-11-25T11:05:34</time>
</trkpt>
<trkpt lat="44.10473" lon="5.28530166666667">
<ele>800.1667</ele>
<speed>0.5945042</speed>
<time>2021-11-25T11:05:35</time>
</trkpt>
<trkpt lat="44.1047216666667" lon="5.285295">
<ele>800.1667</ele>
<speed>0.66862416</speed>
<time>2021-11-25T11:05:36</time>
</trkpt>
<trkpt lat="44.1047116666667" lon="5.28529">
<ele>800.1667</ele>
<speed>0.7777453</speed>
<time>2021-11-25T11:05:37</time>
</trkpt>
<trkpt lat="44.1046883333333" lon="5.28526833333333">
<ele>800.36664</ele>
<speed>1.0093703</speed>
<time>2021-11-25T11:05:39</time>
</trkpt>
<trkpt lat="44.1046783333333" lon="5.28526">
<ele>800.36664</ele>
<speed>0.99341387</speed>
<time>2021-11-25T11:05:40</time>
</trkpt>
<trkpt lat="44.10467" lon="5.285255">
<ele>800.36664</ele>
<speed>1.0649602</speed>
<time>2021-11-25T11:05:41</time>
</trkpt>
<trkpt lat="44.1046566666667" lon="5.28525">
<ele>800.36664</ele>
<speed>1.1365067</speed>
<time>2021-11-25T11:05:42</time>
</trkpt>
<trkpt lat="44.1046466666667" lon="5.28524333333333">
<ele>800.36664</ele>
<speed>1.1781992</speed>
<time>2021-11-25T11:05:43</time>
</trkpt>
<trkpt lat="44.1046333333333" lon="5.285235">
<ele>800.36664</ele>
<speed>1.2162886</speed>
<time>2021-11-25T11:05:44</time>
</trkpt>
<trkpt lat="44.1046183333333" lon="5.28523166666667">
<ele>800.36664</ele>
<speed>1.2379069</speed>
<time>2021-11-25T11:05:45</time>
</trkpt>
<trkpt lat="44.1046083333333" lon="5.28522666666667">
<ele>800.36664</ele>
<speed>1.2631283</speed>
<time>2021-11-25T11:05:46</time>
</trkpt>
<trkpt lat="44.1045833333333" lon="5.285205">
<ele>800.0</ele>
<speed>1.2945263</speed>
<time>2021-11-25T11:05:48</time>
</trkpt>
<trkpt lat="44.1045566666667" lon="5.28517333333333">
<ele>800.0</ele>
<speed>1.2595253</speed>
<time>2021-11-25T11:05:51</time>
</trkpt>
<trkpt lat="44.104535" lon="5.28515333333333">
<ele>800.0</ele>
<speed>1.2703345</speed>
<time>2021-11-25T11:05:53</time>
</trkpt>
<trkpt lat="44.1045183333333" lon="5.28514333333333">
<ele>800.0</ele>
<speed>1.2590106</speed>
<time>2021-11-25T11:05:54</time>
</trkpt>
<trkpt lat="44.1045066666667" lon="5.28513">
<ele>800.0</ele>
<speed>1.2579811</speed>
<time>2021-11-25T11:05:55</time>
</trkpt>
<trkpt lat="44.1044983333333" lon="5.28511833333333">
<ele>800.0</ele>
<speed>1.2399658</speed>
<time>2021-11-25T11:05:56</time>
</trkpt>
<trkpt lat="44.1044883333333" lon="5.28511">
<ele>800.0</ele>
<speed>1.1890084</speed>
<time>2021-11-25T11:05:57</time>
</trkpt>
<trkpt lat="44.10448" lon="5.285095">
<ele>799.4</ele>
<speed>1.1956997</speed>
<time>2021-11-25T11:05:58</time>
</trkpt>
<trkpt lat="44.1044683333333" lon="5.28508166666667">
<ele>799.4</ele>
<speed>1.2075384</speed>
<time>2021-11-25T11:05:59</time>
</trkpt>
<trkpt lat="44.1044366666667" lon="5.28505166666667">
<ele>799.4</ele>
<speed>1.2116561</speed>
<time>2021-11-25T11:06:02</time>
</trkpt>
<trkpt lat="44.104425" lon="5.285045">
<ele>799.4</ele>
<speed>1.1982733</speed>
<time>2021-11-25T11:06:03</time>
</trkpt>
<trkpt lat="44.1044133333333" lon="5.28503833333333">
<ele>799.4</ele>
<speed>1.1787139</speed>
<time>2021-11-25T11:06:04</time>
</trkpt>
<trkpt lat="44.10439" lon="5.28501333333333">
<ele>799.4</ele>
<speed>1.2502602</speed>
<time>2021-11-25T11:06:06</time>
</trkpt>
<trkpt lat="44.1043883333333" lon="5.285">
<ele>799.4</ele>
<speed>1.256437</speed>
<time>2021-11-25T11:06:07</time>
</trkpt>
<trkpt lat="44.10438" lon="5.28498666666667">
<ele>801.63336</ele>
<speed>1.213715</speed>
<time>2021-11-25T11:06:08</time>
</trkpt>
<trkpt lat="44.104365" lon="5.28497">
<ele>801.63336</ele>
<speed>1.1982733</speed>
<time>2021-11-25T11:06:10</time>
</trkpt>
<trkpt lat="44.104355" lon="5.28495833333333">
<ele>801.63336</ele>
<speed>1.1895231</speed>
<time>2021-11-25T11:06:11</time>
</trkpt>
<trkpt lat="44.1043433333333" lon="5.28495166666667">
<ele>801.63336</ele>
<speed>1.2090825</speed>
<time>2021-11-25T11:06:12</time>
</trkpt>
<trkpt lat="44.1043333333333" lon="5.28494166666667">
<ele>801.63336</ele>
<speed>1.2337892</speed>
<time>2021-11-25T11:06:13</time>
</trkpt>
<trkpt lat="44.1042983333333" lon="5.28491">
<ele>801.63336</ele>
<speed>1.2188622</speed>
<time>2021-11-25T11:06:16</time>
</trkpt>
<trkpt lat="44.1042933333333" lon="5.284895">
<ele>801.63336</ele>
<speed>1.2147444</speed>
<time>2021-11-25T11:06:17</time>
</trkpt>
<trkpt lat="44.1042716666667" lon="5.28487833333333">
<ele>802.43335</ele>
<speed>1.2461425</speed>
<time>2021-11-25T11:06:19</time>
</trkpt>
<trkpt lat="44.10425" lon="5.28485833333333">
<ele>802.43335</ele>
<speed>1.2548928</speed>
<time>2021-11-25T11:06:21</time>
</trkpt>
<trkpt lat="44.1042316666667" lon="5.28483666666667">
<ele>802.43335</ele>
<speed>1.2353333</speed>
<time>2021-11-25T11:06:23</time>
</trkpt>
<trkpt lat="44.1042083333333" lon="5.28480666666667">
<ele>802.43335</ele>
<speed>1.13033</speed>
<time>2021-11-25T11:06:26</time>
</trkpt>
<trkpt lat="44.104185" lon="5.28478166666667">
<ele>802.7</ele>
<speed>1.1560661</speed>
<time>2021-11-25T11:06:28</time>
</trkpt>
<trkpt lat="44.1041716666667" lon="5.28477333333333">
<ele>802.7</ele>
<speed>1.1668752</speed>
<time>2021-11-25T11:06:29</time>
</trkpt>
<trkpt lat="44.1041583333333" lon="5.28475833333333">
<ele>802.7</ele>
<speed>1.1591544</speed>
<time>2021-11-25T11:06:30</time>
</trkpt>
<trkpt lat="44.104135" lon="5.28473833333333">
<ele>802.7</ele>
<speed>1.1313595</speed>
<time>2021-11-25T11:06:32</time>
</trkpt>
<trkpt lat="44.10412" lon="5.28473166666667">
<ele>802.7</ele>
<speed>1.1653311</speed>
<time>2021-11-25T11:06:33</time>
</trkpt>
<trkpt lat="44.1041083333333" lon="5.28471833333333">
<ele>802.7</ele>
<speed>1.1936408</speed>
<time>2021-11-25T11:06:34</time>
</trkpt>
<trkpt lat="44.1041" lon="5.28470333333333">
<ele>802.7</ele>
<speed>1.2147444</speed>
<time>2021-11-25T11:06:35</time>
</trkpt>
<trkpt lat="44.1040966666667" lon="5.28469">
<ele>802.7</ele>
<speed>1.2121708</speed>
<time>2021-11-25T11:06:36</time>
</trkpt>
<trkpt lat="44.1040966666667" lon="5.28465333333333">
<ele>802.6</ele>
<speed>1.14886</speed>
<time>2021-11-25T11:06:38</time>
</trkpt>
<trkpt lat="44.1040933333333" lon="5.284635">
<ele>802.6</ele>
<speed>1.1540072</speed>
<time>2021-11-25T11:06:39</time>
</trkpt>
<trkpt lat="44.1040683333333" lon="5.28456">
<ele>802.6</ele>
<speed>1.2152592</speed>
<time>2021-11-25T11:06:43</time>
</trkpt>
<trkpt lat="44.1040583333333" lon="5.28452333333333">
<ele>802.6</ele>
<speed>1.2270977</speed>
<time>2021-11-25T11:06:45</time>
</trkpt>
<trkpt lat="44.1040616666667" lon="5.28451333333333">
<ele>802.6</ele>
<speed>1.2162886</speed>
<time>2021-11-25T11:06:46</time>
</trkpt>
<trkpt lat="44.1040366666667" lon="5.28443666666667">
<ele>803.2</ele>
<speed>1.1411391</speed>
<time>2021-11-25T11:06:51</time>
</trkpt>
<trkpt lat="44.1040266666667" lon="5.28440833333333">
<ele>803.2</ele>
<speed>0.98775196</speed>
<time>2021-11-25T11:06:53</time>
</trkpt>
<trkpt lat="44.1040183333333" lon="5.284365">
<ele>803.2</ele>
<speed>0.9805458</speed>
<time>2021-11-25T11:06:55</time>
</trkpt>
<trkpt lat="44.1039983333333" lon="5.284335">
<ele>803.2</ele>
<speed>1.0520922</speed>
<time>2021-11-25T11:06:57</time>
</trkpt>
<trkpt lat="44.1039766666667" lon="5.28430166666667">
<ele>802.6</ele>
<speed>1.1277564</speed>
<time>2021-11-25T11:06:59</time>
</trkpt>
<trkpt lat="44.103965" lon="5.28428166666667">
<ele>802.6</ele>
<speed>1.1869495</speed>
<time>2021-11-25T11:07:00</time>
</trkpt>
<trkpt lat="44.1039583333333" lon="5.28425833333333">
<ele>802.6</ele>
<speed>1.2440836</speed>
<time>2021-11-25T11:07:01</time>
</trkpt>
<trkpt lat="44.10395" lon="5.28423666666667">
<ele>802.6</ele>
<speed>1.3578372</speed>
<time>2021-11-25T11:07:02</time>
</trkpt>
<trkpt lat="44.1039466666667" lon="5.28421833333333">
<ele>802.6</ele>
<speed>1.3815144</speed>
<time>2021-11-25T11:07:03</time>
</trkpt>
<trkpt lat="44.1039383333333" lon="5.28420333333333">
<ele>802.6</ele>
<speed>1.3835733</speed>
<time>2021-11-25T11:07:04</time>
</trkpt>
<trkpt lat="44.1039283333333" lon="5.28419333333333">
<ele>802.6</ele>
<speed>1.3665875</speed>
<time>2021-11-25T11:07:05</time>
</trkpt>
<trkpt lat="44.1039233333333" lon="5.28417833333333">
<ele>802.6</ele>
<speed>1.3773967</speed>
<time>2021-11-25T11:07:06</time>
</trkpt>
<trkpt lat="44.1039116666667" lon="5.28416833333333">
<ele>802.6</ele>
<speed>1.3202626</speed>
<time>2021-11-25T11:07:07</time>
</trkpt>
<trkpt lat="44.1038866666667" lon="5.284135">
<ele>801.2</ele>
<speed>1.2085677</speed>
<time>2021-11-25T11:07:10</time>
</trkpt>
<trkpt lat="44.1038766666667" lon="5.28409166666667">
<ele>801.2</ele>
<speed>1.0165764</speed>
<time>2021-11-25T11:07:13</time>
</trkpt>
<trkpt lat="44.1038766666667" lon="5.28407666666667">
<ele>801.2</ele>
<speed>1.0078261</speed>
<time>2021-11-25T11:07:14</time>
</trkpt>
<trkpt lat="44.103875" lon="5.28406333333333">
<ele>801.2</ele>
<speed>0.99753165</speed>
<time>2021-11-25T11:07:15</time>
</trkpt>
<trkpt lat="44.10387" lon="5.28405">
<ele>801.2</ele>
<speed>0.991355</speed>
<time>2021-11-25T11:07:16</time>
</trkpt>
<trkpt lat="44.1038666666667" lon="5.284035">
<ele>801.2</ele>
<speed>1.0176058</speed>
<time>2021-11-25T11:07:17</time>
</trkpt>
<trkpt lat="44.1038566666667" lon="5.28400666666667">
<ele>800.06665</ele>
<speed>1.024812</speed>
<time>2021-11-25T11:07:19</time>
</trkpt>
<trkpt lat="44.10385" lon="5.28399333333333">
<ele>800.06665</ele>
<speed>1.0315033</speed>
<time>2021-11-25T11:07:20</time>
</trkpt>
<trkpt lat="44.1038383333333" lon="5.28397666666667">
<ele>800.06665</ele>
<speed>1.1159178</speed>
<time>2021-11-25T11:07:21</time>
</trkpt>
<trkpt lat="44.1038266666667" lon="5.28396">
<ele>800.06665</ele>
<speed>1.213715</speed>
<time>2021-11-25T11:07:22</time>
</trkpt>
<trkpt lat="44.1037783333333" lon="5.28390333333333">
<ele>800.06665</ele>
<speed>1.4154861</speed>
<time>2021-11-25T11:07:26</time>
</trkpt>
<trkpt lat="44.1037633333333" lon="5.28386833333333">
<ele>798.9667</ele>
<speed>1.504533</speed>
<time>2021-11-25T11:07:28</time>
</trkpt>
<trkpt lat="44.10375" lon="5.28383666666667">
<ele>798.9667</ele>
<speed>1.5534316</speed>
<time>2021-11-25T11:07:30</time>
</trkpt>
<trkpt lat="44.1037433333333" lon="5.28381666666667">
<ele>798.9667</ele>
<speed>1.5827708</speed>
<time>2021-11-25T11:07:31</time>
</trkpt>
<trkpt lat="44.103705" lon="5.283735">
<ele>798.9667</ele>
<speed>1.7186575</speed>
<time>2021-11-25T11:07:34</time>
</trkpt>
<trkpt lat="44.1036883333333" lon="5.283725">
<ele>798.9667</ele>
<speed>1.7063042</speed>
<time>2021-11-25T11:07:35</time>
</trkpt>
<trkpt lat="44.1036816666667" lon="5.28371">
<ele>798.9667</ele>
<speed>1.6790239</speed>
<time>2021-11-25T11:07:36</time>
</trkpt>
<trkpt lat="44.1036766666667" lon="5.2837">
<ele>798.9667</ele>
<speed>1.6326989</speed>
<time>2021-11-25T11:07:37</time>
</trkpt>
<trkpt lat="44.103675" lon="5.28369">
<ele>799.0</ele>
<speed>1.5904917</speed>
<time>2021-11-25T11:07:38</time>
</trkpt>
<trkpt lat="44.1036733333333" lon="5.28367666666667">
<ele>799.0</ele>
<speed>1.5868886</speed>
<time>2021-11-25T11:07:39</time>
</trkpt>
<trkpt lat="44.10367" lon="5.28366166666667">
<ele>799.0</ele>
<speed>1.5755647</speed>
<time>2021-11-25T11:07:40</time>
</trkpt>
<trkpt lat="44.103665" lon="5.283645">
<ele>799.0</ele>
<speed>1.5029889</speed>
<time>2021-11-25T11:07:41</time>
</trkpt>
<trkpt lat="44.1036616666667" lon="5.28361666666667">
<ele>799.0</ele>
<speed>1.3820292</speed>
<time>2021-11-25T11:07:43</time>
</trkpt>
<trkpt lat="44.103655" lon="5.28360333333333">
<ele>799.0</ele>
<speed>1.2106267</speed>
<time>2021-11-25T11:07:44</time>
</trkpt>
<trkpt lat="44.1036133333333" lon="5.28351166666667">
<ele>798.1</ele>
<speed>1.1570956</speed>
<time>2021-11-25T11:07:50</time>
</trkpt>
<trkpt lat="44.1035883333333" lon="5.28345166666667">
<ele>798.1</ele>
<speed>1.0222384</speed>
<time>2021-11-25T11:07:55</time>
</trkpt>
<trkpt lat="44.1035433333333" lon="5.28332">
<ele>797.5</ele>
<speed>1.0948142</speed>
<time>2021-11-25T11:08:02</time>
</trkpt>
<trkpt lat="44.10353" lon="5.28327833333333">
<ele>797.5</ele>
<speed>1.1576103</speed>
<time>2021-11-25T11:08:04</time>
</trkpt>
<trkpt lat="44.103525" lon="5.283245">
<ele>797.5</ele>
<speed>1.2754817</speed>
<time>2021-11-25T11:08:05</time>
</trkpt>
<trkpt lat="44.1035166666667" lon="5.28321666666667">
<ele>797.5</ele>
<speed>1.3557783</speed>
<time>2021-11-25T11:08:06</time>
</trkpt>
<trkpt lat="44.1035133333333" lon="5.28318">
<ele>797.5</ele>
<speed>1.4000444</speed>
<time>2021-11-25T11:08:07</time>
</trkpt>
<trkpt lat="44.1035116666667" lon="5.28315">
<ele>797.7</ele>
<speed>1.4715909</speed>
<time>2021-11-25T11:08:08</time>
</trkpt>
<trkpt lat="44.1035133333333" lon="5.2831">
<ele>797.7</ele>
<speed>1.569388</speed>
<time>2021-11-25T11:08:09</time>
</trkpt>
<trkpt lat="44.103515" lon="5.28306666666667">
<ele>797.7</ele>
<speed>1.6301253</speed>
<time>2021-11-25T11:08:10</time>
</trkpt>
<trkpt lat="44.103505" lon="5.28293833333333">
<ele>797.7</ele>
<speed>1.8648386</speed>
<time>2021-11-25T11:08:14</time>
</trkpt>
<trkpt lat="44.1035" lon="5.28288166666667">
<ele>797.7</ele>
<speed>1.6903478</speed>
<time>2021-11-25T11:08:16</time>
</trkpt>
<trkpt lat="44.103505" lon="5.28286166666667">
<ele>797.7</ele>
<speed>1.634243</speed>
<time>2021-11-25T11:08:17</time>
</trkpt>
<trkpt lat="44.1035116666667" lon="5.28284666666667">
<ele>796.5</ele>
<speed>1.5498286</speed>
<time>2021-11-25T11:08:18</time>
</trkpt>
<trkpt lat="44.1035183333333" lon="5.28282333333333">
<ele>796.5</ele>
<speed>1.2842319</speed>
<time>2021-11-25T11:08:20</time>
</trkpt>
<trkpt lat="44.103515" lon="5.28281">
<ele>796.5</ele>
<speed>1.1184914</speed>
<time>2021-11-25T11:08:21</time>
</trkpt>
<trkpt lat="44.103515" lon="5.28280666666667">
<ele>796.5</ele>
<speed>0.9831194</speed>
<time>2021-11-25T11:08:22</time>
</trkpt>
<trkpt lat="44.1035133333333" lon="5.28279833333333">
<ele>796.5</ele>
<speed>0.7983342</speed>
<time>2021-11-25T11:08:23</time>
</trkpt>
<trkpt lat="44.10351" lon="5.28279166666667">
<ele>796.5</ele>
<speed>0.6279611</speed>
<time>2021-11-25T11:08:24</time>
</trkpt>
<trkpt lat="44.103505" lon="5.282775">
<ele>796.5</ele>
<speed>0.59913665</speed>
<time>2021-11-25T11:08:25</time>
</trkpt>
<trkpt lat="44.1035016666667" lon="5.28273833333333">
<ele>796.5</ele>
<speed>0.6295053</speed>
<time>2021-11-25T11:08:27</time>
</trkpt>
<trkpt lat="44.1035133333333" lon="5.282615">
<ele>793.9667</ele>
<speed>1.2924675</speed>
<time>2021-11-25T11:08:31</time>
</trkpt>
<trkpt lat="44.1035183333333" lon="5.28259166666667">
<ele>793.9667</ele>
<speed>1.4679878</speed>
<time>2021-11-25T11:08:32</time>
</trkpt>
<trkpt lat="44.1035233333333" lon="5.28256333333333">
<ele>793.9667</ele>
<speed>1.6625528</speed>
<time>2021-11-25T11:08:33</time>
</trkpt>
<trkpt lat="44.103535" lon="5.28254833333333">
<ele>793.9667</ele>
<speed>1.8082192</speed>
<time>2021-11-25T11:08:34</time>
</trkpt>
<trkpt lat="44.1035433333333" lon="5.28252666666667">
<ele>793.9667</ele>
<speed>1.8854275</speed>
<time>2021-11-25T11:08:35</time>
</trkpt>
<trkpt lat="44.1035483333333" lon="5.2825">
<ele>793.9667</ele>
<speed>1.94565</speed>
<time>2021-11-25T11:08:36</time>
</trkpt>
<trkpt lat="44.1035883333333" lon="5.28238333333333">
<ele>794.0</ele>
<speed>1.7685856</speed>
<time>2021-11-25T11:08:40</time>
</trkpt>
<trkpt lat="44.1036133333333" lon="5.28228833333333">
<ele>794.0</ele>
<speed>1.5493139</speed>
<time>2021-11-25T11:08:44</time>
</trkpt>
<trkpt lat="44.1036166666667" lon="5.28227333333333">
<ele>794.0</ele>
<speed>1.4473989</speed>
<time>2021-11-25T11:08:45</time>
</trkpt>
<trkpt lat="44.10362" lon="5.28225333333333">
<ele>794.0</ele>
<speed>1.3707052</speed>
<time>2021-11-25T11:08:46</time>
</trkpt>
<trkpt lat="44.1036183333333" lon="5.28223333333333">
<ele>794.0</ele>
<speed>1.2759964</speed>
<time>2021-11-25T11:08:47</time>
</trkpt>
<trkpt lat="44.103615" lon="5.28221166666667">
<ele>790.2</ele>
<speed>1.195185</speed>
<time>2021-11-25T11:08:48</time>
</trkpt>
<trkpt lat="44.1036083333333" lon="5.28218666666667">
<ele>790.2</ele>
<speed>1.1751108</speed>
<time>2021-11-25T11:08:49</time>
</trkpt>
<trkpt lat="44.1035916666667" lon="5.282135">
<ele>790.2</ele>
<speed>1.1401098</speed>
<time>2021-11-25T11:08:51</time>
</trkpt>
<trkpt lat="44.10358" lon="5.28207">
<ele>790.2</ele>
<speed>1.1220944</speed>
<time>2021-11-25T11:08:53</time>
</trkpt>
<trkpt lat="44.10358" lon="5.28204">
<ele>790.2</ele>
<speed>1.1066527</speed>
<time>2021-11-25T11:08:54</time>
</trkpt>
<trkpt lat="44.1035733333333" lon="5.28201666666667">
<ele>790.2</ele>
<speed>1.1606987</speed>
<time>2021-11-25T11:08:55</time>
</trkpt>
<trkpt lat="44.1035566666667" lon="5.28194833333333">
<ele>790.2</ele>
<speed>1.3588667</speed>
<time>2021-11-25T11:08:57</time>
</trkpt>
<trkpt lat="44.103545" lon="5.281915">
<ele>784.9</ele>
<speed>1.4448253</speed>
<time>2021-11-25T11:08:58</time>
</trkpt>
<trkpt lat="44.1035183333333" lon="5.28185">
<ele>784.9</ele>
<speed>1.5889475</speed>
<time>2021-11-25T11:09:00</time>
</trkpt>
<trkpt lat="44.1035033333333" lon="5.281815">
<ele>784.9</ele>
<speed>1.732555</speed>
<time>2021-11-25T11:09:01</time>
</trkpt>
<trkpt lat="44.1034616666667" lon="5.28175666666667">
<ele>784.9</ele>
<speed>1.9204286</speed>
<time>2021-11-25T11:09:03</time>
</trkpt>
<trkpt lat="44.1034233333333" lon="5.28170666666667">
<ele>784.9</ele>
<speed>2.049624</speed>
<time>2021-11-25T11:09:05</time>
</trkpt>
<trkpt lat="44.1033833333333" lon="5.28165">
<ele>784.9</ele>
<speed>2.081022</speed>
<time>2021-11-25T11:09:07</time>
</trkpt>
<trkpt lat="44.10335" lon="5.28159166666667">
<ele>782.6</ele>
<speed>2.191687</speed>
<time>2021-11-25T11:09:09</time>
</trkpt>
<trkpt lat="44.1033316666667" lon="5.28154666666667">
<ele>782.6</ele>
<speed>2.1294057</speed>
<time>2021-11-25T11:09:11</time>
</trkpt>
<trkpt lat="44.10329" lon="5.28146">
<ele>782.6</ele>
<speed>2.1242585</speed>
<time>2021-11-25T11:09:14</time>
</trkpt>
<trkpt lat="44.1032383333333" lon="5.28138166666667">
<ele>782.6</ele>
<speed>2.2060995</speed>
<time>2021-11-25T11:09:17</time>
</trkpt>
<trkpt lat="44.10316" lon="5.28132166666667">
<ele>773.13336</ele>
<speed>2.1057286</speed>
<time>2021-11-25T11:09:21</time>
</trkpt>
<trkpt lat="44.103125" lon="5.2813">
<ele>773.13336</ele>
<speed>2.1165378</speed>
<time>2021-11-25T11:09:23</time>
</trkpt>
<trkpt lat="44.103095" lon="5.28125666666667">
<ele>773.13336</ele>
<speed>2.081022</speed>
<time>2021-11-25T11:09:25</time>
</trkpt>
<trkpt lat="44.10308" lon="5.28122333333333">
<ele>773.13336</ele>
<speed>2.1258028</speed>
<time>2021-11-25T11:09:26</time>
</trkpt>
<trkpt lat="44.1030566666667" lon="5.28115666666667">
<ele>770.0</ele>
<speed>2.1206555</speed>
<time>2021-11-25T11:09:28</time>
</trkpt>
<trkpt lat="44.1030466666667" lon="5.28112666666667">
<ele>770.0</ele>
<speed>2.118082</speed>
<time>2021-11-25T11:09:29</time>
</trkpt>
<trkpt lat="44.1030366666667" lon="5.28109666666667">
<ele>770.0</ele>
<speed>2.1499946</speed>
<time>2021-11-25T11:09:30</time>
</trkpt>
<trkpt lat="44.1030283333333" lon="5.28107166666667">
<ele>770.0</ele>
<speed>2.0974932</speed>
<time>2021-11-25T11:09:31</time>
</trkpt>
<trkpt lat="44.1030016666667" lon="5.28102333333333">
<ele>770.0</ele>
<speed>2.1427886</speed>
<time>2021-11-25T11:09:33</time>
</trkpt>
<trkpt lat="44.1029566666667" lon="5.28090166666667">
<ele>770.0</ele>
<speed>2.3049262</speed>
<time>2021-11-25T11:09:36</time>
</trkpt>
<trkpt lat="44.1029283333333" lon="5.28085666666667">
<ele>770.0</ele>
<speed>2.4418423</speed>
<time>2021-11-25T11:09:37</time>
</trkpt>
<trkpt lat="44.1028933333333" lon="5.280795">
<ele>767.5</ele>
<speed>2.590597</speed>
<time>2021-11-25T11:09:39</time>
</trkpt>
<trkpt lat="44.102825" lon="5.28068833333333">
<ele>767.5</ele>
<speed>2.4897113</speed>
<time>2021-11-25T11:09:44</time>
</trkpt>
<trkpt lat="44.1028166666667" lon="5.28067">
<ele>767.5</ele>
<speed>2.362575</speed>
<time>2021-11-25T11:09:45</time>
</trkpt>
<trkpt lat="44.1027933333333" lon="5.280625">
<ele>767.5</ele>
<speed>1.9415323</speed>
<time>2021-11-25T11:09:47</time>
</trkpt>
<trkpt lat="44.102765" lon="5.28058">
<ele>765.2</ele>
<speed>1.7984395</speed>
<time>2021-11-25T11:09:49</time>
</trkpt>
<trkpt lat="44.1027483333333" lon="5.280555">
<ele>765.2</ele>
<speed>1.8056456</speed>
<time>2021-11-25T11:09:50</time>
</trkpt>
<trkpt lat="44.1027383333333" lon="5.28053666666667">
<ele>765.2</ele>
<speed>1.7943217</speed>
<time>2021-11-25T11:09:51</time>
</trkpt>
<trkpt lat="44.1027133333333" lon="5.28049333333333">
<ele>765.2</ele>
<speed>1.7304962</speed>
<time>2021-11-25T11:09:53</time>
</trkpt>
<trkpt lat="44.1026766666667" lon="5.28042166666667">
<ele>765.2</ele>
<speed>1.8118222</speed>
<time>2021-11-25T11:09:56</time>
</trkpt>
<trkpt lat="44.1026583333333" lon="5.28039833333333">
<ele>765.2</ele>
<speed>1.8282933</speed>
<time>2021-11-25T11:09:57</time>
</trkpt>
<trkpt lat="44.1026116666667" lon="5.28032">
<ele>765.3</ele>
<speed>1.8385878</speed>
<time>2021-11-25T11:10:01</time>
</trkpt>
<trkpt lat="44.1025716666667" lon="5.28026333333333">
<ele>765.3</ele>
<speed>1.9471942</speed>
<time>2021-11-25T11:10:03</time>
</trkpt>
<trkpt lat="44.1025133333333" lon="5.280195">
<ele>765.3</ele>
<speed>2.1438181</speed>
<time>2021-11-25T11:10:06</time>
</trkpt>
<trkpt lat="44.1024983333333" lon="5.28017833333333">
<ele>765.3</ele>
<speed>2.1165378</speed>
<time>2021-11-25T11:10:07</time>
</trkpt>
<trkpt lat="44.1024733333333" lon="5.28014333333333">
<ele>766.3</ele>
<speed>1.9930044</speed>
<time>2021-11-25T11:10:09</time>
</trkpt>
<trkpt lat="44.1024566666667" lon="5.280135">
<ele>766.3</ele>
<speed>1.9451352</speed>
<time>2021-11-25T11:10:10</time>
</trkpt>
<trkpt lat="44.10244" lon="5.28012166666667">
<ele>766.3</ele>
<speed>1.8190284</speed>
<time>2021-11-25T11:10:11</time>
</trkpt>
<trkpt lat="44.10242" lon="5.28007833333333">
<ele>766.3</ele>
<speed>1.5487992</speed>
<time>2021-11-25T11:10:13</time>
</trkpt>
<trkpt lat="44.10241" lon="5.28006666666667">
<ele>766.3</ele>
<speed>1.3650433</speed>
<time>2021-11-25T11:10:14</time>
</trkpt>
<trkpt lat="44.102405" lon="5.28005166666667">
<ele>766.3</ele>
<speed>1.2435689</speed>
<time>2021-11-25T11:10:15</time>
</trkpt>
<trkpt lat="44.102395" lon="5.28004">
<ele>766.3</ele>
<speed>1.2121708</speed>
<time>2021-11-25T11:10:16</time>
</trkpt>
<trkpt lat="44.102375" lon="5.28">
<ele>766.3</ele>
<speed>1.158125</speed>
<time>2021-11-25T11:10:18</time>
</trkpt>
<trkpt lat="44.1023616666667" lon="5.27997833333333">
<ele>765.2</ele>
<speed>1.0829755</speed>
<time>2021-11-25T11:10:20</time>
</trkpt>
<trkpt lat="44.102355" lon="5.27997">
<ele>765.2</ele>
<speed>1.078343</speed>
<time>2021-11-25T11:10:21</time>
</trkpt>
<trkpt lat="44.1023466666667" lon="5.27996666666667">
<ele>765.2</ele>
<speed>1.0206941</speed>
<time>2021-11-25T11:10:22</time>
</trkpt>
<trkpt lat="44.1023266666667" lon="5.279955">
<ele>765.2</ele>
<speed>0.99186975</speed>
<time>2021-11-25T11:10:24</time>
</trkpt>
<trkpt lat="44.10232" lon="5.27996">
<ele>765.2</ele>
<speed>0.8307617</speed>
<time>2021-11-25T11:10:26</time>
</trkpt>
<trkpt lat="44.1023133333333" lon="5.27996333333333">
<ele>765.2</ele>
<speed>0.74943554</speed>
<time>2021-11-25T11:10:27</time>
</trkpt>
<trkpt lat="44.10231" lon="5.27996166666667">
<ele>764.7</ele>
<speed>0.5821508</speed>
<time>2021-11-25T11:10:29</time>
</trkpt>
<trkpt lat="44.102305" lon="5.27995666666667">
<ele>764.7</ele>
<speed>0.60788697</speed>
<time>2021-11-25T11:10:30</time>
</trkpt>
<trkpt lat="44.1022383333333" lon="5.27992333333333">
<ele>764.7</ele>
<speed>0.9187792</speed>
<time>2021-11-25T11:10:35</time>
</trkpt>
<trkpt lat="44.1022266666667" lon="5.27992666666667">
<ele>764.7</ele>
<speed>1.0443714</speed>
<time>2021-11-25T11:10:36</time>
</trkpt>
<trkpt lat="44.1022183333333" lon="5.279925">
<ele>764.7</ele>
<speed>1.1653311</speed>
<time>2021-11-25T11:10:37</time>
</trkpt>
<trkpt lat="44.1021983333333" lon="5.27993166666667">
<ele>764.9667</ele>
<speed>1.3037914</speed>
<time>2021-11-25T11:10:40</time>
</trkpt>
<trkpt lat="44.1021783333333" lon="5.27993">
<ele>764.9667</ele>
<speed>1.2801142</speed>
<time>2021-11-25T11:10:42</time>
</trkpt>
<trkpt lat="44.1021666666667" lon="5.27992666666667">
<ele>764.9667</ele>
<speed>1.2569517</speed>
<time>2021-11-25T11:10:43</time>
</trkpt>
<trkpt lat="44.1021583333333" lon="5.27992833333333">
<ele>764.9667</ele>
<speed>1.2255536</speed>
<time>2021-11-25T11:10:44</time>
</trkpt>
<trkpt lat="44.1021466666667" lon="5.27992833333333">
<ele>764.9667</ele>
<speed>1.2080531</speed>
<time>2021-11-25T11:10:45</time>
</trkpt>
<trkpt lat="44.1021383333333" lon="5.27992333333333">
<ele>764.9667</ele>
<speed>1.1962144</speed>
<time>2021-11-25T11:10:46</time>
</trkpt>
<trkpt lat="44.1021066666667" lon="5.27990333333333">
<ele>764.6</ele>
<speed>1.0824609</speed>
<time>2021-11-25T11:10:50</time>
</trkpt>
<trkpt lat="44.1021016666667" lon="5.27989666666667">
<ele>764.6</ele>
<speed>1.0428272</speed>
<time>2021-11-25T11:10:51</time>
</trkpt>
<trkpt lat="44.1020916666667" lon="5.27989333333333">
<ele>764.6</ele>
<speed>1.0165764</speed>
<time>2021-11-25T11:10:52</time>
</trkpt>
<trkpt lat="44.1020783333333" lon="5.27989">
<ele>764.6</ele>
<speed>1.0042231</speed>
<time>2021-11-25T11:10:53</time>
</trkpt>
<trkpt lat="44.1020433333333" lon="5.27988">
<ele>764.6</ele>
<speed>1.0577542</speed>
<time>2021-11-25T11:10:55</time>
</trkpt>
<trkpt lat="44.1019633333333" lon="5.27983833333333">
<ele>765.7</ele>
<speed>1.3846028</speed>
<time>2021-11-25T11:11:01</time>
</trkpt>
<trkpt lat="44.1019216666667" lon="5.27982">
<ele>765.7</ele>
<speed>1.5174011</speed>
<time>2021-11-25T11:11:04</time>
</trkpt>
<trkpt lat="44.101905" lon="5.27981666666667">
<ele>765.7</ele>
<speed>1.5014447</speed>
<time>2021-11-25T11:11:05</time>
</trkpt>
<trkpt lat="44.1018566666667" lon="5.27980166666667">
<ele>765.7</ele>
<speed>1.4685025</speed>
<time>2021-11-25T11:11:08</time>
</trkpt>
<trkpt lat="44.1018416666667" lon="5.2798">
<ele>766.3</ele>
<speed>1.4890914</speed>
<time>2021-11-25T11:11:09</time>
</trkpt>
<trkpt lat="44.1018116666667" lon="5.27978666666667">
<ele>766.3</ele>
<speed>1.5091655</speed>
<time>2021-11-25T11:11:11</time>
</trkpt>
<trkpt lat="44.1017966666667" lon="5.27977">
<ele>766.3</ele>
<speed>1.5230631</speed>
<time>2021-11-25T11:11:12</time>
</trkpt>
<trkpt lat="44.1017833333333" lon="5.27975833333333">
<ele>766.3</ele>
<speed>1.5312986</speed>
<time>2021-11-25T11:11:13</time>
</trkpt>
<trkpt lat="44.1017683333333" lon="5.27975">
<ele>766.3</ele>
<speed>1.5554906</speed>
<time>2021-11-25T11:11:14</time>
</trkpt>
<trkpt lat="44.1017516666667" lon="5.27974333333333">
<ele>766.3</ele>
<speed>1.6054186</speed>
<time>2021-11-25T11:11:15</time>
</trkpt>
<trkpt lat="44.101725" lon="5.27973666666667">
<ele>766.3</ele>
<speed>1.5812267</speed>
<time>2021-11-25T11:11:17</time>
</trkpt>
<trkpt lat="44.101695" lon="5.27973166666667">
<ele>768.0</ele>
<speed>1.6074775</speed>
<time>2021-11-25T11:11:19</time>
</trkpt>
<trkpt lat="44.1016533333333" lon="5.27973833333333">
<ele>768.0</ele>
<speed>1.532328</speed>
<time>2021-11-25T11:11:22</time>
</trkpt>
<trkpt lat="44.1016316666667" lon="5.27974666666667">
<ele>768.0</ele>
<speed>1.4566638</speed>
<time>2021-11-25T11:11:24</time>
</trkpt>
<trkpt lat="44.101545" lon="5.27976166666667">
<ele>769.0</ele>
<speed>1.4129125</speed>
<time>2021-11-25T11:11:30</time>
</trkpt>
<trkpt lat="44.10153" lon="5.27976">
<ele>769.0</ele>
<speed>1.4129125</speed>
<time>2021-11-25T11:11:31</time>
</trkpt>
<trkpt lat="44.1015166666667" lon="5.27975666666667">
<ele>769.0</ele>
<speed>1.4123977</speed>
<time>2021-11-25T11:11:32</time>
</trkpt>
<trkpt lat="44.1015016666667" lon="5.27975666666667">
<ele>769.0</ele>
<speed>1.4211481</speed>
<time>2021-11-25T11:11:33</time>
</trkpt>
<trkpt lat="44.10149" lon="5.27976333333333">
<ele>769.0</ele>
<speed>1.3902647</speed>
<time>2021-11-25T11:11:34</time>
</trkpt>
<trkpt lat="44.1014433333333" lon="5.27978">
<ele>769.0</ele>
<speed>1.2790847</speed>
<time>2021-11-25T11:11:37</time>
</trkpt>
<trkpt lat="44.1014266666667" lon="5.279785">
<ele>769.0</ele>
<speed>1.2862909</speed>
<time>2021-11-25T11:11:38</time>
</trkpt>
<trkpt lat="44.101415" lon="5.27978833333333">
<ele>769.8</ele>
<speed>1.2919527</speed>
<time>2021-11-25T11:11:39</time>
</trkpt>
<trkpt lat="44.1014" lon="5.279805">
<ele>769.8</ele>
<speed>1.3521752</speed>
<time>2021-11-25T11:11:40</time>
</trkpt>
<trkpt lat="44.1013816666667" lon="5.27982666666667">
<ele>769.8</ele>
<speed>1.395412</speed>
<time>2021-11-25T11:11:42</time>
</trkpt>
<trkpt lat="44.10137" lon="5.27983333333333">
<ele>769.8</ele>
<speed>1.432472</speed>
<time>2021-11-25T11:11:43</time>
</trkpt>
<trkpt lat="44.1013483333333" lon="5.279825">
<ele>769.8</ele>
<speed>1.361955</speed>
<time>2021-11-25T11:11:45</time>
</trkpt>
<trkpt lat="44.10132" lon="5.279805">
<ele>769.8</ele>
<speed>1.3928384</speed>
<time>2021-11-25T11:11:47</time>
</trkpt>
<trkpt lat="44.1013133333333" lon="5.27980333333333">
<ele>769.8</ele>
<speed>1.3017325</speed>
<time>2021-11-25T11:11:48</time>
</trkpt>
<trkpt lat="44.1012883333333" lon="5.27980166666667">
<ele>768.2</ele>
<speed>1.09327</speed>
<time>2021-11-25T11:11:51</time>
</trkpt>
<trkpt lat="44.1012666666667" lon="5.279805">
<ele>768.2</ele>
<speed>1.0629014</speed>
<time>2021-11-25T11:11:53</time>
</trkpt>
<trkpt lat="44.101255" lon="5.279815">
<ele>768.2</ele>
<speed>1.0526069</speed>
<time>2021-11-25T11:11:54</time>
</trkpt>
<trkpt lat="44.1012466666667" lon="5.27981833333333">
<ele>768.2</ele>
<speed>0.98775196</speed>
<time>2021-11-25T11:11:55</time>
</trkpt>
<trkpt lat="44.1012416666667" lon="5.27982333333333">
<ele>768.2</ele>
<speed>0.85392416</speed>
<time>2021-11-25T11:11:56</time>
</trkpt>
<trkpt lat="44.1012333333333" lon="5.279825">
<ele>768.2</ele>
<speed>0.81377584</speed>
<time>2021-11-25T11:11:57</time>
</trkpt>
<trkpt lat="44.101225" lon="5.279825">
<ele>768.2</ele>
<speed>0.8178936</speed>
<time>2021-11-25T11:11:58</time>
</trkpt>
<trkpt lat="44.10121" lon="5.279835">
<ele>765.0333</ele>
<speed>0.8878958</speed>
<time>2021-11-25T11:11:59</time>
</trkpt>
<trkpt lat="44.1012" lon="5.27983333333333">
<ele>765.0333</ele>
<speed>0.89921975</speed>
<time>2021-11-25T11:12:00</time>
</trkpt>
<trkpt lat="44.1011866666667" lon="5.27986666666667">
<ele>765.0333</ele>
<speed>0.85083586</speed>
<time>2021-11-25T11:12:02</time>
</trkpt>
<trkpt lat="44.101185" lon="5.27987833333333">
<ele>765.0333</ele>
<speed>0.81480527</speed>
<time>2021-11-25T11:12:03</time>
</trkpt>
<trkpt lat="44.101185" lon="5.27988666666667">
<ele>765.0333</ele>
<speed>0.7741422</speed>
<time>2021-11-25T11:12:04</time>
</trkpt>
<trkpt lat="44.101185" lon="5.279885">
<ele>765.0333</ele>
<speed>0.7509797</speed>
<time>2021-11-25T11:12:05</time>
</trkpt>
<trkpt lat="44.1011766666667" lon="5.27988">
<ele>765.0333</ele>
<speed>0.7550975</speed>
<time>2021-11-25T11:12:06</time>
</trkpt>
<trkpt lat="44.10117" lon="5.27986833333333">
<ele>765.0333</ele>
<speed>0.709802</speed>
<time>2021-11-25T11:12:08</time>
</trkpt>
<trkpt lat="44.1011666666667" lon="5.27985666666667">
<ele>767.06665</ele>
<speed>0.52501667</speed>
<time>2021-11-25T11:12:10</time>
</trkpt>
<trkpt lat="44.1011716666667" lon="5.279855">
<ele>767.06665</ele>
<speed>0.46273527</speed>
<time>2021-11-25T11:12:11</time>
</trkpt>
<trkpt lat="44.1011733333333" lon="5.27986666666667">
<ele>767.06665</ele>
<speed>0.0</speed>
<time>2021-11-25T11:12:12</time>
</trkpt>
<trkpt lat="44.1011733333333" lon="5.27986666666667">
<ele>767.06665</ele>
<speed>0.0</speed>
<time>2021-11-25T11:12:13</time>
</trkpt>
<trkpt lat="44.10117" lon="5.279865">
<ele>767.06665</ele>
<speed>0.0</speed>
<time>2021-11-25T11:12:14</time>
</trkpt>
<trkpt lat="44.1011333333333" lon="5.27987166666667">
<ele>767.5</ele>
<speed>0.2455225</speed>
<time>2021-11-25T11:12:34</time>
</trkpt>
<trkpt lat="44.1011316666667" lon="5.27986833333333">
<ele>767.5</ele>
<speed>0.0</speed>
<time>2021-11-25T11:12:35</time>
</trkpt>
<trkpt lat="44.101135" lon="5.27986666666667">
<ele>767.5</ele>
<speed>0.0</speed>
<time>2021-11-25T11:12:36</time>
</trkpt>
<trkpt lat="44.1011233333333" lon="5.27985">
<ele>767.4</ele>
<speed>0.35824665</speed>
<time>2021-11-25T11:12:42</time>
</trkpt>
<trkpt lat="44.10112" lon="5.27984833333333">
<ele>767.4</ele>
<speed>0.3448639</speed>
<time>2021-11-25T11:12:43</time>
</trkpt>
<trkpt lat="44.10112" lon="5.27984833333333">
<ele>767.4</ele>
<speed>0.0</speed>
<time>2021-11-25T11:12:44</time>
</trkpt>
<trkpt lat="44.1011266666667" lon="5.27984166666667">
<ele>769.13336</ele>
<speed>0.21824223</speed>
<time>2021-11-25T11:13:08</time>
</trkpt>
<trkpt lat="44.1011266666667" lon="5.27984833333333">
<ele>769.13336</ele>
<speed>0.25581694</speed>
<time>2021-11-25T11:13:09</time>
</trkpt>
<trkpt lat="44.101125" lon="5.27985333333333">
<ele>769.13336</ele>
<speed>0.2923622</speed>
<time>2021-11-25T11:13:10</time>
</trkpt>
<trkpt lat="44.1011216666667" lon="5.27985333333333">
<ele>769.13336</ele>
<speed>0.32581916</speed>
<time>2021-11-25T11:13:11</time>
</trkpt>
<trkpt lat="44.10112" lon="5.27985666666667">
<ele>769.13336</ele>
<speed>0.0</speed>
<time>2021-11-25T11:13:12</time>
</trkpt>
<trkpt lat="44.1011166666667" lon="5.27986">
<ele>769.13336</ele>
<speed>0.0</speed>
<time>2021-11-25T11:13:14</time>
</trkpt>
<trkpt lat="44.1011066666667" lon="5.27986166666667">
<ele>769.13336</ele>
<speed>0.20640361</speed>
<time>2021-11-25T11:13:21</time>
</trkpt>
<trkpt lat="44.1010983333333" lon="5.27985166666667">
<ele>769.13336</ele>
<speed>0.0</speed>
<time>2021-11-25T11:13:25</time>
</trkpt>
<trkpt lat="44.1011016666667" lon="5.27985">
<ele>769.13336</ele>
<speed>0.0</speed>
<time>2021-11-25T11:13:26</time>
</trkpt>
<trkpt lat="44.1011183333333" lon="5.27979666666667">
<ele>769.93335</ele>
<speed>0.0</speed>
<time>2021-11-25T11:13:37</time>
</trkpt>
<trkpt lat="44.101115" lon="5.27978666666667">
<ele>769.93335</ele>
<speed>0.56825334</speed>
<time>2021-11-25T11:13:40</time>
</trkpt>
<trkpt lat="44.1010616666667" lon="5.27976333333333">
<ele>769.93335</ele>
<speed>0.8703953</speed>
<time>2021-11-25T11:13:43</time>
</trkpt>
<trkpt lat="44.1010433333333" lon="5.27975166666667">
<ele>769.93335</ele>
<speed>1.0443714</speed>
<time>2021-11-25T11:13:44</time>
</trkpt>
<trkpt lat="44.1010366666667" lon="5.27971666666667">
<ele>769.93335</ele>
<speed>1.2574664</speed>
<time>2021-11-25T11:13:45</time>
</trkpt>
<trkpt lat="44.1010166666667" lon="5.27969666666667">
<ele>769.93335</ele>
<speed>1.4087948</speed>
<time>2021-11-25T11:13:46</time>
</trkpt>
<trkpt lat="44.1009733333333" lon="5.27965333333333">
<ele>769.93335</ele>
<speed>1.8859422</speed>
<time>2021-11-25T11:13:48</time>
</trkpt>
<trkpt lat="44.1009533333333" lon="5.27962666666667">
<ele>769.93335</ele>
<speed>2.1608038</speed>
<time>2021-11-25T11:13:49</time>
</trkpt>
<trkpt lat="44.1008916666667" lon="5.279545">
<ele>769.93335</ele>
<speed>2.5195653</speed>
<time>2021-11-25T11:13:53</time>
</trkpt>
<trkpt lat="44.10086" lon="5.27950333333333">
<ele>769.93335</ele>
<speed>2.3924289</speed>
<time>2021-11-25T11:13:55</time>
</trkpt>
<trkpt lat="44.1008333333333" lon="5.27947333333333">
<ele>769.93335</ele>
<speed>2.1463916</speed>
<time>2021-11-25T11:13:57</time>
</trkpt>
<trkpt lat="44.1008233333333" lon="5.27943333333333">
<ele>769.5</ele>
<speed>1.8607209</speed>
<time>2021-11-25T11:13:59</time>
</trkpt>
<trkpt lat="44.1008266666667" lon="5.27941333333333">
<ele>769.5</ele>
<speed>1.7572616</speed>
<time>2021-11-25T11:14:00</time>
</trkpt>
<trkpt lat="44.1008366666667" lon="5.27939666666667">
<ele>769.5</ele>
<speed>1.6785091</speed>
<time>2021-11-25T11:14:01</time>
</trkpt>
<trkpt lat="44.1008466666667" lon="5.27938">
<ele>769.5</ele>
<speed>1.5585788</speed>
<time>2021-11-25T11:14:02</time>
</trkpt>
<trkpt lat="44.1008783333333" lon="5.27934">
<ele>769.5</ele>
<speed>1.4695319</speed>
<time>2021-11-25T11:14:04</time>
</trkpt>
<trkpt lat="44.1009016666667" lon="5.27932">
<ele>769.5</ele>
<speed>1.5771089</speed>
<time>2021-11-25T11:14:05</time>
</trkpt>
<trkpt lat="44.1009583333333" lon="5.27924333333333">
<ele>769.5</ele>
<speed>1.9590328</speed>
<time>2021-11-25T11:14:08</time>
</trkpt>
<trkpt lat="44.1009766666667" lon="5.27922166666667">
<ele>767.93335</ele>
<speed>2.0763896</speed>
<time>2021-11-25T11:14:09</time>
</trkpt>
<trkpt lat="44.1010033333333" lon="5.27916833333333">
<ele>767.93335</ele>
<speed>2.292058</speed>
<time>2021-11-25T11:14:11</time>
</trkpt>
<trkpt lat="44.101025" lon="5.27913333333333">
<ele>767.93335</ele>
<speed>2.4171355</speed>
<time>2021-11-25T11:14:12</time>
</trkpt>
<trkpt lat="44.1010583333333" lon="5.27908666666667">
<ele>767.93335</ele>
<speed>2.5319185</speed>
<time>2021-11-25T11:14:14</time>
</trkpt>
<trkpt lat="44.10109" lon="5.27902333333333">
<ele>767.93335</ele>
<speed>2.5653756</speed>
<time>2021-11-25T11:14:16</time>
</trkpt>
<trkpt lat="44.1011066666667" lon="5.27900333333333">
<ele>767.93335</ele>
<speed>2.5453014</speed>
<time>2021-11-25T11:14:17</time>
</trkpt>
<trkpt lat="44.1011316666667" lon="5.27897666666667">
<ele>767.93335</ele>
<speed>2.5725818</speed>
<time>2021-11-25T11:14:18</time>
</trkpt>
<trkpt lat="44.1012383333333" lon="5.27885833333333">
<ele>760.9</ele>
<speed>2.4083853</speed>
<time>2021-11-25T11:14:24</time>
</trkpt>
<trkpt lat="44.1012533333333" lon="5.27882333333333">
<ele>760.9</ele>
<speed>2.3239708</speed>
<time>2021-11-25T11:14:25</time>
</trkpt>
<trkpt lat="44.1013366666667" lon="5.27863666666667">
<ele>753.5</ele>
<speed>2.4042675</speed>
<time>2021-11-25T11:14:31</time>
</trkpt>
<trkpt lat="44.1013433333333" lon="5.27860166666667">
<ele>753.5</ele>
<speed>2.4562545</speed>
<time>2021-11-25T11:14:32</time>
</trkpt>
<trkpt lat="44.1013483333333" lon="5.27856166666667">
<ele>753.5</ele>
<speed>2.544272</speed>
<time>2021-11-25T11:14:33</time>
</trkpt>
<trkpt lat="44.10135" lon="5.27852166666667">
<ele>753.5</ele>
<speed>2.6142743</speed>
<time>2021-11-25T11:14:34</time>
</trkpt>
<trkpt lat="44.101365" lon="5.27844166666667">
<ele>753.5</ele>
<speed>2.6863353</speed>
<time>2021-11-25T11:14:36</time>
</trkpt>
<trkpt lat="44.1014" lon="5.278325">
<ele>750.6</ele>
<speed>2.727513</speed>
<time>2021-11-25T11:14:39</time>
</trkpt>
<trkpt lat="44.1014116666667" lon="5.27828833333333">
<ele>750.6</ele>
<speed>2.762514</speed>
<time>2021-11-25T11:14:40</time>
</trkpt>
<trkpt lat="44.1014233333333" lon="5.27825666666667">
<ele>750.6</ele>
<speed>2.8119276</speed>
<time>2021-11-25T11:14:41</time>
</trkpt>
<trkpt lat="44.1014316666667" lon="5.278215">
<ele>750.6</ele>
<speed>2.7676613</speed>
<time>2021-11-25T11:14:42</time>
</trkpt>
<trkpt lat="44.10144" lon="5.27819166666667">
<ele>750.6</ele>
<speed>2.6755261</speed>
<time>2021-11-25T11:14:43</time>
</trkpt>
<trkpt lat="44.1014483333333" lon="5.27812333333333">
<ele>750.6</ele>
<speed>2.5005205</speed>
<time>2021-11-25T11:14:45</time>
</trkpt>
<trkpt lat="44.1014933333333" lon="5.27798833333333">
<ele>753.1</ele>
<speed>2.405297</speed>
<time>2021-11-25T11:14:49</time>
</trkpt>
<trkpt lat="44.101505" lon="5.27796333333333">
<ele>753.1</ele>
<speed>2.3378685</speed>
<time>2021-11-25T11:14:50</time>
</trkpt>
<trkpt lat="44.101515" lon="5.277895">
<ele>753.1</ele>
<speed>2.225659</speed>
<time>2021-11-25T11:14:52</time>
</trkpt>
<trkpt lat="44.1015133333333" lon="5.27780166666667">
<ele>753.1</ele>
<speed>2.0727863</speed>
<time>2021-11-25T11:14:55</time>
</trkpt>
<trkpt lat="44.10152" lon="5.27778166666667">
<ele>753.1</ele>
<speed>1.9312378</speed>
<time>2021-11-25T11:14:56</time>
</trkpt>
<trkpt lat="44.1015216666667" lon="5.277765">
<ele>753.1</ele>
<speed>1.7932922</speed>
<time>2021-11-25T11:14:57</time>
</trkpt>
<trkpt lat="44.1015283333333" lon="5.27772666666667">
<ele>755.9</ele>
<speed>1.5642408</speed>
<time>2021-11-25T11:14:59</time>
</trkpt>
<trkpt lat="44.1015316666667" lon="5.277715">
<ele>755.9</ele>
<speed>1.42681</speed>
<time>2021-11-25T11:15:00</time>
</trkpt>
<trkpt lat="44.1015366666667" lon="5.2777">
<ele>755.9</ele>
<speed>0.9270147</speed>
<time>2021-11-25T11:15:03</time>
</trkpt>
<trkpt lat="44.1015366666667" lon="5.27770166666667">
<ele>755.9</ele>
<speed>0.7900986</speed>
<time>2021-11-25T11:15:04</time>
</trkpt>
<trkpt lat="44.1015383333333" lon="5.27770333333333">
<ele>755.9</ele>
<speed>0.66759473</speed>
<time>2021-11-25T11:15:05</time>
</trkpt>
<trkpt lat="44.10154" lon="5.27770166666667">
<ele>755.9</ele>
<speed>0.5512675</speed>
<time>2021-11-25T11:15:06</time>
</trkpt>
<trkpt lat="44.1015383333333" lon="5.27769666666667">
<ele>755.0333</ele>
<speed>0.0</speed>
<time>2021-11-25T11:15:12</time>
</trkpt>
<trkpt lat="44.1015383333333" lon="5.27769666666667">
<ele>755.7</ele>
<speed>0.0</speed>
<time>2021-11-25T11:15:30</time>
</trkpt>
<trkpt lat="44.101505" lon="5.27765">
<ele>755.7</ele>
<speed>0.3103775</speed>
<time>2021-11-25T11:15:31</time>
</trkpt>
<trkpt lat="44.101495" lon="5.277655">
<ele>755.7</ele>
<speed>0.38398278</speed>
<time>2021-11-25T11:15:32</time>
</trkpt>
<trkpt lat="44.1014816666667" lon="5.27765333333333">
<ele>755.7</ele>
<speed>0.47045612</speed>
<time>2021-11-25T11:15:33</time>
</trkpt>
<trkpt lat="44.101455" lon="5.27763">
<ele>755.7</ele>
<speed>0.5656797</speed>
<time>2021-11-25T11:15:35</time>
</trkpt>
<trkpt lat="44.101455" lon="5.27762666666667">
<ele>755.7</ele>
<speed>0.5981072</speed>
<time>2021-11-25T11:15:36</time>
</trkpt>
<trkpt lat="44.1014483333333" lon="5.27761833333333">
<ele>755.7</ele>
<speed>0.6253875</speed>
<time>2021-11-25T11:15:38</time>
</trkpt>
<trkpt lat="44.1014533333333" lon="5.277615">
<ele>755.7</ele>
<speed>0.4333961</speed>
<time>2021-11-25T11:15:42</time>
</trkpt>
<trkpt lat="44.1014533333333" lon="5.27761833333333">
<ele>755.7</ele>
<speed>0.0</speed>
<time>2021-11-25T11:15:58</time>
</trkpt>
<trkpt lat="44.1014833333333" lon="5.27762">
<ele>756.0</ele>
<speed>0.29699472</speed>
<time>2021-11-25T11:16:10</time>
</trkpt>
<trkpt lat="44.10149" lon="5.27761333333333">
<ele>756.0</ele>
<speed>0.0</speed>
<time>2021-11-25T11:16:13</time>
</trkpt>
<trkpt lat="44.1014866666667" lon="5.27761">
<ele>756.0</ele>
<speed>0.0</speed>
<time>2021-11-25T11:16:14</time>
</trkpt>
<trkpt lat="44.101485" lon="5.27760166666667">
<ele>756.0</ele>
<speed>0.49207443</speed>
<time>2021-11-25T11:16:15</time>
</trkpt>
<trkpt lat="44.1014883333333" lon="5.2776">
<ele>756.0</ele>
<speed>0.5275903</speed>
<time>2021-11-25T11:16:17</time>
</trkpt>
<trkpt lat="44.1014916666667" lon="5.27759666666667">
<ele>756.0</ele>
<speed>0.55332637</speed>
<time>2021-11-25T11:16:18</time>
</trkpt>
<trkpt lat="44.1014933333333" lon="5.277595">
<ele>756.9667</ele>
<speed>0.5136928</speed>
<time>2021-11-25T11:16:19</time>
</trkpt>
<trkpt lat="44.1014983333333" lon="5.27759">
<ele>756.9667</ele>
<speed>0.46891195</speed>
<time>2021-11-25T11:16:20</time>
</trkpt>
<trkpt lat="44.1015133333333" lon="5.27757833333333">
<ele>756.9667</ele>
<speed>0.4472936</speed>
<time>2021-11-25T11:16:21</time>
</trkpt>
<trkpt lat="44.1015466666667" lon="5.27755">
<ele>756.9667</ele>
<speed>0.6521531</speed>
<time>2021-11-25T11:16:23</time>
</trkpt>
<trkpt lat="44.1017933333333" lon="5.27733333333333">
<ele>758.9</ele>
<speed>2.1227145</speed>
<time>2021-11-25T11:16:35</time>
</trkpt>
<trkpt lat="44.1018083333333" lon="5.277305">
<ele>758.9</ele>
<speed>2.1072729</speed>
<time>2021-11-25T11:16:36</time>
</trkpt>
<trkpt lat="44.10182" lon="5.27728">
<ele>758.9</ele>
<speed>2.0799925</speed>
<time>2021-11-25T11:16:37</time>
</trkpt>
<trkpt lat="44.1018933333333" lon="5.27718333333333">
<ele>760.1</ele>
<speed>2.1134493</speed>
<time>2021-11-25T11:16:41</time>
</trkpt>
<trkpt lat="44.1019216666667" lon="5.27713666666667">
<ele>760.1</ele>
<speed>2.1052139</speed>
<time>2021-11-25T11:16:43</time>
</trkpt>
<trkpt lat="44.1021083333333" lon="5.276885">
<ele>759.9</ele>
<speed>2.090287</speed>
<time>2021-11-25T11:16:53</time>
</trkpt>
<trkpt lat="44.1021416666667" lon="5.276855">
<ele>759.9</ele>
<speed>2.116023</speed>
<time>2021-11-25T11:16:54</time>
</trkpt>
<trkpt lat="44.102155" lon="5.27682333333333">
<ele>759.9</ele>
<speed>2.1304352</speed>
<time>2021-11-25T11:16:55</time>
</trkpt>
<trkpt lat="44.10217" lon="5.27679166666667">
<ele>759.9</ele>
<speed>2.0799925</speed>
<time>2021-11-25T11:16:56</time>
</trkpt>
<trkpt lat="44.1021816666667" lon="5.27676333333333">
<ele>759.9</ele>
<speed>2.0171964</speed>
<time>2021-11-25T11:16:57</time>
</trkpt>
<trkpt lat="44.1021983333333" lon="5.27673333333333">
<ele>759.9</ele>
<speed>1.9801364</speed>
<time>2021-11-25T11:16:58</time>
</trkpt>
<trkpt lat="44.1022283333333" lon="5.27668">
<ele>760.2</ele>
<speed>2.0444767</speed>
<time>2021-11-25T11:17:00</time>
</trkpt>
<trkpt lat="44.1022383333333" lon="5.27664833333333">
<ele>760.2</ele>
<speed>2.0429325</speed>
<time>2021-11-25T11:17:01</time>
</trkpt>
<trkpt lat="44.1023133333333" lon="5.27646833333333">
<ele>760.2</ele>
<speed>2.0563152</speed>
<time>2021-11-25T11:17:07</time>
</trkpt>
<trkpt lat="44.1023283333333" lon="5.27643333333333">
<ele>760.2</ele>
<speed>2.0830808</speed>
<time>2021-11-25T11:17:08</time>
</trkpt>
<trkpt lat="44.1023966666667" lon="5.276285">
<ele>758.7</ele>
<speed>2.1144788</speed>
<time>2021-11-25T11:17:13</time>
</trkpt>
<trkpt lat="44.1024516666667" lon="5.27614833333333">
<ele>758.7</ele>
<speed>1.8730742</speed>
<time>2021-11-25T11:17:18</time>
</trkpt>
<trkpt lat="44.10252" lon="5.27601333333333">
<ele>751.43335</ele>
<speed>1.7310108</speed>
<time>2021-11-25T11:17:24</time>
</trkpt>
<trkpt lat="44.1025366666667" lon="5.27599166666667">
<ele>751.43335</ele>
<speed>1.7397611</speed>
<time>2021-11-25T11:17:25</time>
</trkpt>
<trkpt lat="44.10256" lon="5.27595">
<ele>751.43335</ele>
<speed>1.7855713</speed>
<time>2021-11-25T11:17:27</time>
</trkpt>
<trkpt lat="44.1026133333333" lon="5.27590166666667">
<ele>747.9667</ele>
<speed>1.8149105</speed>
<time>2021-11-25T11:17:30</time>
</trkpt>
<trkpt lat="44.102635" lon="5.27589166666667">
<ele>747.9667</ele>
<speed>1.8648386</speed>
<time>2021-11-25T11:17:31</time>
</trkpt>
<trkpt lat="44.1027" lon="5.27587">
<ele>747.9667</ele>
<speed>2.0300643</speed>
<time>2021-11-25T11:17:33</time>
</trkpt>
<trkpt lat="44.1027166666667" lon="5.275845">
<ele>747.9667</ele>
<speed>2.0763896</speed>
<time>2021-11-25T11:17:34</time>
</trkpt>
<trkpt lat="44.1027566666667" lon="5.27580666666667">
<ele>747.9667</ele>
<speed>2.164407</speed>
<time>2021-11-25T11:17:36</time>
</trkpt>
<trkpt lat="44.1028916666667" lon="5.275655">
<ele>741.2</ele>
<speed>2.1597745</speed>
<time>2021-11-25T11:17:43</time>
</trkpt>
<trkpt lat="44.1029116666667" lon="5.27563166666667">
<ele>741.2</ele>
<speed>2.1608038</speed>
<time>2021-11-25T11:17:44</time>
</trkpt>
<trkpt lat="44.1029333333333" lon="5.27560666666667">
<ele>741.2</ele>
<speed>2.2045553</speed>
<time>2021-11-25T11:17:45</time>
</trkpt>
<trkpt lat="44.102975" lon="5.27556">
<ele>741.2</ele>
<speed>2.1561713</speed>
<time>2021-11-25T11:17:47</time>
</trkpt>
<trkpt lat="44.1029983333333" lon="5.27554">
<ele>741.2</ele>
<speed>2.1592598</speed>
<time>2021-11-25T11:17:48</time>
</trkpt>
<trkpt lat="44.1030833333333" lon="5.27543">
<ele>734.0</ele>
<speed>2.082566</speed>
<time>2021-11-25T11:17:53</time>
</trkpt>
<trkpt lat="44.103095" lon="5.27539833333333">
<ele>734.0</ele>
<speed>2.0084462</speed>
<time>2021-11-25T11:17:54</time>
</trkpt>
<trkpt lat="44.1031066666667" lon="5.27536666666667">
<ele>734.0</ele>
<speed>1.9132226</speed>
<time>2021-11-25T11:17:55</time>
</trkpt>
<trkpt lat="44.1031116666667" lon="5.27533333333333">
<ele>734.0</ele>
<speed>1.87153</speed>
<time>2021-11-25T11:17:56</time>
</trkpt>
<trkpt lat="44.10311" lon="5.2753">
<ele>734.0</ele>
<speed>1.7886597</speed>
<time>2021-11-25T11:17:57</time>
</trkpt>
<trkpt lat="44.1031083333333" lon="5.27525">
<ele>726.3</ele>
<speed>1.5683587</speed>
<time>2021-11-25T11:17:59</time>
</trkpt>
<trkpt lat="44.1031083333333" lon="5.27517166666667">
<ele>726.3</ele>
<speed>1.550858</speed>
<time>2021-11-25T11:18:01</time>
</trkpt>
<trkpt lat="44.1031033333333" lon="5.27505666666667">
<ele>726.3</ele>
<speed>1.6980686</speed>
<time>2021-11-25T11:18:04</time>
</trkpt>
<trkpt lat="44.103115" lon="5.27504">
<ele>726.3</ele>
<speed>1.6800534</speed>
<time>2021-11-25T11:18:05</time>
</trkpt>
<trkpt lat="44.10312" lon="5.27502">
<ele>726.3</ele>
<speed>1.6445374</speed>
<time>2021-11-25T11:18:06</time>
</trkpt>
<trkpt lat="44.1031316666667" lon="5.274945">
<ele>726.3</ele>
<speed>1.6723325</speed>
<time>2021-11-25T11:18:08</time>
</trkpt>
<trkpt lat="44.1031383333333" lon="5.274885">
<ele>720.3</ele>
<speed>1.671303</speed>
<time>2021-11-25T11:18:09</time>
</trkpt>
<trkpt lat="44.103135" lon="5.27474833333333">
<ele>720.3</ele>
<speed>1.3686464</speed>
<time>2021-11-25T11:18:14</time>
</trkpt>
<trkpt lat="44.1031366666667" lon="5.27470833333333">
<ele>720.3</ele>
<speed>1.4067358</speed>
<time>2021-11-25T11:18:15</time>
</trkpt>
<trkpt lat="44.1031316666667" lon="5.27466166666667">
<ele>720.3</ele>
<speed>1.4808558</speed>
<time>2021-11-25T11:18:16</time>
</trkpt>
<trkpt lat="44.10312" lon="5.27449666666667">
<ele>715.6</ele>
<speed>1.6435081</speed>
<time>2021-11-25T11:18:20</time>
</trkpt>
<trkpt lat="44.1031166666667" lon="5.27445666666667">
<ele>715.6</ele>
<speed>1.76035</speed>
<time>2021-11-25T11:18:21</time>
</trkpt>
<trkpt lat="44.103105" lon="5.274395">
<ele>715.6</ele>
<speed>1.8699858</speed>
<time>2021-11-25T11:18:23</time>
</trkpt>
<trkpt lat="44.1030833333333" lon="5.27421666666667">
<ele>715.6</ele>
<speed>1.8468233</speed>
<time>2021-11-25T11:18:28</time>
</trkpt>
<trkpt lat="44.1030833333333" lon="5.27419">
<ele>711.2</ele>
<speed>1.8169694</speed>
<time>2021-11-25T11:18:29</time>
</trkpt>
<trkpt lat="44.103085" lon="5.27416166666667">
<ele>711.2</ele>
<speed>1.8179989</speed>
<time>2021-11-25T11:18:30</time>
</trkpt>
<trkpt lat="44.1031116666667" lon="5.27410333333333">
<ele>711.2</ele>
<speed>1.7526292</speed>
<time>2021-11-25T11:18:32</time>
</trkpt>
<trkpt lat="44.1031183333333" lon="5.27406833333333">
<ele>711.2</ele>
<speed>1.8082192</speed>
<time>2021-11-25T11:18:33</time>
</trkpt>
<trkpt lat="44.1031266666667" lon="5.27404166666667">
<ele>711.2</ele>
<speed>1.8210872</speed>
<time>2021-11-25T11:18:34</time>
</trkpt>
<trkpt lat="44.103165" lon="5.27390333333333">
<ele>708.5</ele>
<speed>1.9116783</speed>
<time>2021-11-25T11:18:39</time>
</trkpt>
<trkpt lat="44.10317" lon="5.2738">
<ele>708.5</ele>
<speed>2.1062434</speed>
<time>2021-11-25T11:18:41</time>
</trkpt>
<trkpt lat="44.1031766666667" lon="5.27376">
<ele>708.5</ele>
<speed>2.0990372</speed>
<time>2021-11-25T11:18:42</time>
</trkpt>
<trkpt lat="44.1031833333333" lon="5.273715">
<ele>708.5</ele>
<speed>2.1077876</speed>
<time>2021-11-25T11:18:43</time>
</trkpt>
<trkpt lat="44.1031916666667" lon="5.27363666666667">
<ele>708.5</ele>
<speed>2.164407</speed>
<time>2021-11-25T11:18:45</time>
</trkpt>
<trkpt lat="44.1031916666667" lon="5.273585">
<ele>708.5</ele>
<speed>2.2210264</speed>
<time>2021-11-25T11:18:46</time>
</trkpt>
<trkpt lat="44.1031966666667" lon="5.273545">
<ele>708.5</ele>
<speed>2.2488215</speed>
<time>2021-11-25T11:18:47</time>
</trkpt>
<trkpt lat="44.10322" lon="5.27344666666667">
<ele>701.4</ele>
<speed>2.0980077</speed>
<time>2021-11-25T11:18:50</time>
</trkpt>
<trkpt lat="44.10323" lon="5.27341">
<ele>701.4</ele>
<speed>1.9188844</speed>
<time>2021-11-25T11:18:51</time>
</trkpt>
<trkpt lat="44.1032383333333" lon="5.27337666666667">
<ele>701.4</ele>
<speed>1.8391025</speed>
<time>2021-11-25T11:18:52</time>
</trkpt>
<trkpt lat="44.1032533333333" lon="5.27333333333333">
<ele>701.4</ele>
<speed>1.7479967</speed>
<time>2021-11-25T11:18:53</time>
</trkpt>
<trkpt lat="44.1032683333333" lon="5.27331333333333">
<ele>701.4</ele>
<speed>1.6893183</speed>
<time>2021-11-25T11:18:54</time>
</trkpt>
<trkpt lat="44.1032883333333" lon="5.273295">
<ele>701.4</ele>
<speed>1.6290958</speed>
<time>2021-11-25T11:18:55</time>
</trkpt>
<trkpt lat="44.1033033333333" lon="5.27326166666667">
<ele>701.4</ele>
<speed>1.5410783</speed>
<time>2021-11-25T11:18:56</time>
</trkpt>
<trkpt lat="44.10333" lon="5.27318166666667">
<ele>701.4</ele>
<speed>1.4751939</speed>
<time>2021-11-25T11:18:58</time>
</trkpt>
<trkpt lat="44.1033483333333" lon="5.27311166666667">
<ele>696.6</ele>
<speed>1.5457108</speed>
<time>2021-11-25T11:19:00</time>
</trkpt>
<trkpt lat="44.1033866666667" lon="5.273005">
<ele>696.6</ele>
<speed>1.74182</speed>
<time>2021-11-25T11:19:03</time>
</trkpt>
<trkpt lat="44.1033866666667" lon="5.27297166666667">
<ele>696.6</ele>
<speed>1.7073336</speed>
<time>2021-11-25T11:19:04</time>
</trkpt>
<trkpt lat="44.103395" lon="5.27295166666667">
<ele>696.6</ele>
<speed>1.6625528</speed>
<time>2021-11-25T11:19:05</time>
</trkpt>
<trkpt lat="44.103415" lon="5.27291666666667">
<ele>696.6</ele>
<speed>1.6913772</speed>
<time>2021-11-25T11:19:06</time>
</trkpt>
<trkpt lat="44.1034283333333" lon="5.27290166666667">
<ele>696.6</ele>
<speed>1.7217458</speed>
<time>2021-11-25T11:19:07</time>
</trkpt>
<trkpt lat="44.1034433333333" lon="5.27289">
<ele>696.6</ele>
<speed>1.6903478</speed>
<time>2021-11-25T11:19:08</time>
</trkpt>
<trkpt lat="44.1034616666667" lon="5.27287833333333">
<ele>694.5</ele>
<speed>1.7032158</speed>
<time>2021-11-25T11:19:09</time>
</trkpt>
<trkpt lat="44.1034916666667" lon="5.27284">
<ele>694.5</ele>
<speed>1.6450522</speed>
<time>2021-11-25T11:19:11</time>
</trkpt>
<trkpt lat="44.103525" lon="5.27277166666667">
<ele>694.5</ele>
<speed>1.6821122</speed>
<time>2021-11-25T11:19:14</time>
</trkpt>
<trkpt lat="44.10354" lon="5.27275166666667">
<ele>694.5</ele>
<speed>1.6975539</speed>
<time>2021-11-25T11:19:15</time>
</trkpt>
<trkpt lat="44.10356" lon="5.27273166666667">
<ele>694.5</ele>
<speed>1.7222606</speed>
<time>2021-11-25T11:19:16</time>
</trkpt>
<trkpt lat="44.1035766666667" lon="5.27271">
<ele>694.5</ele>
<speed>1.7191722</speed>
<time>2021-11-25T11:19:17</time>
</trkpt>
<trkpt lat="44.1035916666667" lon="5.27269333333333">
<ele>694.5</ele>
<speed>1.7505703</speed>
<time>2021-11-25T11:19:18</time>
</trkpt>
<trkpt lat="44.10362" lon="5.27266">
<ele>696.1</ele>
<speed>1.7124808</speed>
<time>2021-11-25T11:19:20</time>
</trkpt>
<trkpt lat="44.1036383333333" lon="5.27264833333333">
<ele>696.1</ele>
<speed>1.6625528</speed>
<time>2021-11-25T11:19:21</time>
</trkpt>
<trkpt lat="44.103655" lon="5.272635">
<ele>696.1</ele>
<speed>1.6357872</speed>
<time>2021-11-25T11:19:22</time>
</trkpt>
<trkpt lat="44.1036716666667" lon="5.27262166666667">
<ele>696.1</ele>
<speed>1.6501994</speed>
<time>2021-11-25T11:19:23</time>
</trkpt>
<trkpt lat="44.1037283333333" lon="5.27257333333333">
<ele>696.1</ele>
<speed>1.7268931</speed>
<time>2021-11-25T11:19:26</time>
</trkpt>
<trkpt lat="44.1038983333333" lon="5.27245">
<ele>696.8</ele>
<speed>1.849397</speed>
<time>2021-11-25T11:19:34</time>
</trkpt>
<trkpt lat="44.1039933333333" lon="5.27232333333333">
<ele>692.5</ele>
<speed>1.7922628</speed>
<time>2021-11-25T11:19:39</time>
</trkpt>
<trkpt lat="44.10404" lon="5.27227166666667">
<ele>692.5</ele>
<speed>1.8128517</speed>
<time>2021-11-25T11:19:41</time>
</trkpt>
<trkpt lat="44.1040633333333" lon="5.27224833333333">
<ele>692.5</ele>
<speed>1.9101342</speed>
<time>2021-11-25T11:19:42</time>
</trkpt>
<trkpt lat="44.1040833333333" lon="5.27222166666667">
<ele>692.5</ele>
<speed>1.8854275</speed>
<time>2021-11-25T11:19:43</time>
</trkpt>
<trkpt lat="44.104205" lon="5.27207166666667">
<ele>692.8</ele>
<speed>2.2040405</speed>
<time>2021-11-25T11:19:49</time>
</trkpt>
<trkpt lat="44.1042233333333" lon="5.27205833333333">
<ele>692.8</ele>
<speed>2.2148497</speed>
<time>2021-11-25T11:19:50</time>
</trkpt>
<trkpt lat="44.1042583333333" lon="5.27203">
<ele>692.8</ele>
<speed>2.1021256</speed>
<time>2021-11-25T11:19:52</time>
</trkpt>
<trkpt lat="44.1043116666667" lon="5.27196166666667">
<ele>692.8</ele>
<speed>2.2189674</speed>
<time>2021-11-25T11:19:55</time>
</trkpt>
<trkpt lat="44.1043283333333" lon="5.27193833333333">
<ele>692.8</ele>
<speed>2.1932313</speed>
<time>2021-11-25T11:19:56</time>
</trkpt>
<trkpt lat="44.10435" lon="5.27191833333333">
<ele>692.8</ele>
<speed>2.1556566</speed>
<time>2021-11-25T11:19:57</time>
</trkpt>
<trkpt lat="44.1043883333333" lon="5.27188833333333">
<ele>693.9</ele>
<speed>2.0918312</speed>
<time>2021-11-25T11:19:59</time>
</trkpt>
<trkpt lat="44.10441" lon="5.27188333333333">
<ele>693.9</ele>
<speed>2.0537417</speed>
<time>2021-11-25T11:20:00</time>
</trkpt>
<trkpt lat="44.1044266666667" lon="5.27186833333333">
<ele>693.9</ele>
<speed>2.09389</speed>
<time>2021-11-25T11:20:01</time>
</trkpt>
<trkpt lat="44.1044416666667" lon="5.27185666666667">
<ele>693.9</ele>
<speed>2.1155083</speed>
<time>2021-11-25T11:20:02</time>
</trkpt>
<trkpt lat="44.1044583333333" lon="5.271845">
<ele>693.9</ele>
<speed>2.0485945</speed>
<time>2021-11-25T11:20:03</time>
</trkpt>
<trkpt lat="44.1044766666667" lon="5.27183666666667">
<ele>693.9</ele>
<speed>2.106758</speed>
<time>2021-11-25T11:20:04</time>
</trkpt>
<trkpt lat="44.10454" lon="5.27183666666667">
<ele>693.9</ele>
<speed>2.1999228</speed>
<time>2021-11-25T11:20:07</time>
</trkpt>
<trkpt lat="44.10461" lon="5.27181">
<ele>696.1</ele>
<speed>2.3610308</speed>
<time>2021-11-25T11:20:10</time>
</trkpt>
<trkpt lat="44.1046333333333" lon="5.271795">
<ele>696.1</ele>
<speed>2.4454453</speed>
<time>2021-11-25T11:20:11</time>
</trkpt>
<trkpt lat="44.104665" lon="5.27178333333333">
<ele>696.1</ele>
<speed>2.488682</speed>
<time>2021-11-25T11:20:12</time>
</trkpt>
<trkpt lat="44.104725" lon="5.27176166666667">
<ele>696.1</ele>
<speed>2.509271</speed>
<time>2021-11-25T11:20:14</time>
</trkpt>
<trkpt lat="44.1047683333333" lon="5.27175166666667">
<ele>696.1</ele>
<speed>2.3183088</speed>
<time>2021-11-25T11:20:16</time>
</trkpt>
<trkpt lat="44.1047833333333" lon="5.27175166666667">
<ele>696.1</ele>
<speed>2.2338943</speed>
<time>2021-11-25T11:20:17</time>
</trkpt>
<trkpt lat="44.1048066666667" lon="5.27174333333333">
<ele>696.1</ele>
<speed>2.1376414</speed>
<time>2021-11-25T11:20:18</time>
</trkpt>
<trkpt lat="44.104825" lon="5.27173">
<ele>696.1</ele>
<speed>2.1144788</speed>
<time>2021-11-25T11:20:19</time>
</trkpt>
<trkpt lat="44.1048466666667" lon="5.27174833333333">
<ele>696.1</ele>
<speed>1.8838834</speed>
<time>2021-11-25T11:20:21</time>
</trkpt>
<trkpt lat="44.1048566666667" lon="5.27175833333333">
<ele>696.1</ele>
<speed>1.736158</speed>
<time>2021-11-25T11:20:22</time>
</trkpt>
<trkpt lat="44.10487" lon="5.27176833333333">
<ele>696.1</ele>
<speed>1.6260076</speed>
<time>2021-11-25T11:20:23</time>
</trkpt>
<trkpt lat="44.1048883333333" lon="5.27177833333333">
<ele>696.1</ele>
<speed>1.5920359</speed>
<time>2021-11-25T11:20:24</time>
</trkpt>
<trkpt lat="44.1049066666667" lon="5.271785">
<ele>696.1</ele>
<speed>1.5699028</speed>
<time>2021-11-25T11:20:25</time>
</trkpt>
<trkpt lat="44.1049283333333" lon="5.27178333333333">
<ele>696.1</ele>
<speed>1.5714469</speed>
<time>2021-11-25T11:20:26</time>
</trkpt>
<trkpt lat="44.1049966666667" lon="5.27178833333333">
<ele>696.1</ele>
<speed>1.5966684</speed>
<time>2021-11-25T11:20:28</time>
</trkpt>
<trkpt lat="44.1050183333333" lon="5.27178166666667">
<ele>698.3333</ele>
<speed>1.5534316</speed>
<time>2021-11-25T11:20:29</time>
</trkpt>
<trkpt lat="44.1050316666667" lon="5.271765">
<ele>698.3333</ele>
<speed>1.552917</speed>
<time>2021-11-25T11:20:30</time>
</trkpt>
<trkpt lat="44.1050833333333" lon="5.27172666666667">
<ele>698.3333</ele>
<speed>1.6574056</speed>
<time>2021-11-25T11:20:32</time>
</trkpt>
<trkpt lat="44.105115" lon="5.27164333333333">
<ele>698.3333</ele>
<speed>1.7160839</speed>
<time>2021-11-25T11:20:35</time>
</trkpt>
<trkpt lat="44.1051133333333" lon="5.27162666666667">
<ele>698.3333</ele>
<speed>1.6538025</speed>
<time>2021-11-25T11:20:36</time>
</trkpt>
<trkpt lat="44.105115" lon="5.27161833333333">
<ele>698.3333</ele>
<speed>1.5071067</speed>
<time>2021-11-25T11:20:37</time>
</trkpt>
<trkpt lat="44.10511" lon="5.271595">
<ele>700.1</ele>
<speed>1.2713639</speed>
<time>2021-11-25T11:20:39</time>
</trkpt>
<trkpt lat="44.1051033333333" lon="5.27158">
<ele>700.1</ele>
<speed>1.2034205</speed>
<time>2021-11-25T11:20:40</time>
</trkpt>
<trkpt lat="44.1051033333333" lon="5.27157333333333">
<ele>700.1</ele>
<speed>1.0809166</speed>
<time>2021-11-25T11:20:41</time>
</trkpt>
<trkpt lat="44.1051083333333" lon="5.27156166666667">
<ele>700.1</ele>
<speed>0.95275086</speed>
<time>2021-11-25T11:20:42</time>
</trkpt>
<trkpt lat="44.1051183333333" lon="5.27155166666667">
<ele>700.1</ele>
<speed>0.8292175</speed>
<time>2021-11-25T11:20:43</time>
</trkpt>
<trkpt lat="44.1051183333333" lon="5.27150666666667">
<ele>700.1</ele>
<speed>0.74377364</speed>
<time>2021-11-25T11:20:45</time>
</trkpt>
<trkpt lat="44.1051083333333" lon="5.27148666666667">
<ele>700.1</ele>
<speed>0.76281834</speed>
<time>2021-11-25T11:20:46</time>
</trkpt>
<trkpt lat="44.1051033333333" lon="5.27146333333333">
<ele>700.1</ele>
<speed>0.8225261</speed>
<time>2021-11-25T11:20:47</time>
</trkpt>
<trkpt lat="44.105095" lon="5.27142833333333">
<ele>705.26666</ele>
<speed>0.8518653</speed>
<time>2021-11-25T11:20:49</time>
</trkpt>
<trkpt lat="44.105095" lon="5.27140333333333">
<ele>705.26666</ele>
<speed>0.8369383</speed>
<time>2021-11-25T11:20:51</time>
</trkpt>
<trkpt lat="44.1050983333333" lon="5.27138666666667">
<ele>705.26666</ele>
<speed>0.85804194</speed>
<time>2021-11-25T11:20:52</time>
</trkpt>
<trkpt lat="44.1051083333333" lon="5.27131166666667">
<ele>705.26666</ele>
<speed>0.79987836</speed>
<time>2021-11-25T11:20:56</time>
</trkpt>
<trkpt lat="44.1051066666667" lon="5.27129666666667">
<ele>705.26666</ele>
<speed>0.7767158</speed>
<time>2021-11-25T11:20:57</time>
</trkpt>
<trkpt lat="44.1051066666667" lon="5.27126333333333">
<ele>707.2</ele>
<speed>0.8086286</speed>
<time>2021-11-25T11:20:59</time>
</trkpt>
<trkpt lat="44.1051183333333" lon="5.27122">
<ele>707.2</ele>
<speed>0.84414446</speed>
<time>2021-11-25T11:21:02</time>
</trkpt>
<trkpt lat="44.105115" lon="5.27120166666667">
<ele>707.2</ele>
<speed>0.8451739</speed>
<time>2021-11-25T11:21:03</time>
</trkpt>
<trkpt lat="44.1051216666667" lon="5.27115666666667">
<ele>707.2</ele>
<speed>0.8590714</speed>
<time>2021-11-25T11:21:05</time>
</trkpt>
<trkpt lat="44.1051316666667" lon="5.271105">
<ele>707.2</ele>
<speed>0.90436697</speed>
<time>2021-11-25T11:21:07</time>
</trkpt>
<trkpt lat="44.10514" lon="5.27108666666667">
<ele>707.2</ele>
<speed>0.88635164</speed>
<time>2021-11-25T11:21:08</time>
</trkpt>
<trkpt lat="44.1051483333333" lon="5.27106666666667">
<ele>709.63336</ele>
<speed>0.8621597</speed>
<time>2021-11-25T11:21:09</time>
</trkpt>
<trkpt lat="44.1051566666667" lon="5.27105">
<ele>709.63336</ele>
<speed>0.843115</speed>
<time>2021-11-25T11:21:10</time>
</trkpt>
<trkpt lat="44.1051783333333" lon="5.27102166666667">
<ele>709.63336</ele>
<speed>0.91414666</speed>
<time>2021-11-25T11:21:12</time>
</trkpt>
<trkpt lat="44.105185" lon="5.27100166666667">
<ele>709.63336</ele>
<speed>0.94091225</speed>
<time>2021-11-25T11:21:13</time>
</trkpt>
<trkpt lat="44.1051966666667" lon="5.270985">
<ele>709.63336</ele>
<speed>0.9609864</speed>
<time>2021-11-25T11:21:14</time>
</trkpt>
<trkpt lat="44.10521" lon="5.27096833333333">
<ele>709.63336</ele>
<speed>0.9769428</speed>
<time>2021-11-25T11:21:15</time>
</trkpt>
<trkpt lat="44.1052216666667" lon="5.27095">
<ele>709.63336</ele>
<speed>1.0021641</speed>
<time>2021-11-25T11:21:16</time>
</trkpt>
<trkpt lat="44.1052733333333" lon="5.27084166666667">
<ele>713.2</ele>
<speed>1.2924675</speed>
<time>2021-11-25T11:21:22</time>
</trkpt>
<trkpt lat="44.105285" lon="5.27082833333333">
<ele>713.2</ele>
<speed>1.361955</speed>
<time>2021-11-25T11:21:23</time>
</trkpt>
<trkpt lat="44.1052966666667" lon="5.27081666666667">
<ele>713.2</ele>
<speed>1.3851175</speed>
<time>2021-11-25T11:21:24</time>
</trkpt>
<trkpt lat="44.105305" lon="5.27080333333333">
<ele>713.2</ele>
<speed>1.3846028</speed>
<time>2021-11-25T11:21:25</time>
</trkpt>
<trkpt lat="44.1053183333333" lon="5.27077">
<ele>713.2</ele>
<speed>1.361955</speed>
<time>2021-11-25T11:21:27</time>
</trkpt>
<trkpt lat="44.105345" lon="5.27073333333333">
<ele>714.9</ele>
<speed>1.3671023</speed>
<time>2021-11-25T11:21:30</time>
</trkpt>
<trkpt lat="44.10535" lon="5.27072">
<ele>714.9</ele>
<speed>1.2883497</speed>
<time>2021-11-25T11:21:31</time>
</trkpt>
<trkpt lat="44.1053566666667" lon="5.27071166666667">
<ele>714.9</ele>
<speed>1.1797433</speed>
<time>2021-11-25T11:21:32</time>
</trkpt>
<trkpt lat="44.1053666666667" lon="5.27069333333333">
<ele>714.9</ele>
<speed>1.0160617</speed>
<time>2021-11-25T11:21:34</time>
</trkpt>
<trkpt lat="44.1053783333333" lon="5.27068666666667">
<ele>714.9</ele>
<speed>1.00062</speed>
<time>2021-11-25T11:21:35</time>
</trkpt>
<trkpt lat="44.1054116666667" lon="5.27066">
<ele>714.9</ele>
<speed>1.0114292</speed>
<time>2021-11-25T11:21:38</time>
</trkpt>
<trkpt lat="44.1054616666667" lon="5.27063333333333">
<ele>716.0</ele>
<speed>1.1416539</speed>
<time>2021-11-25T11:21:41</time>
</trkpt>
<trkpt lat="44.105475" lon="5.270625">
<ele>716.0</ele>
<speed>1.1962144</speed>
<time>2021-11-25T11:21:42</time>
</trkpt>
<trkpt lat="44.1054883333333" lon="5.270605">
<ele>716.0</ele>
<speed>1.2178328</speed>
<time>2021-11-25T11:21:44</time>
</trkpt>
<trkpt lat="44.1055033333333" lon="5.27057833333333">
<ele>716.0</ele>
<speed>1.2548928</speed>
<time>2021-11-25T11:21:46</time>
</trkpt>
<trkpt lat="44.1055116666667" lon="5.27056333333333">
<ele>716.0</ele>
<speed>1.2538633</speed>
<time>2021-11-25T11:21:47</time>
</trkpt>
<trkpt lat="44.1055283333333" lon="5.27055333333333">
<ele>716.0</ele>
<speed>1.228642</speed>
<time>2021-11-25T11:21:48</time>
</trkpt>
<trkpt lat="44.10554" lon="5.27053666666667">
<ele>718.4</ele>
<speed>1.226583</speed>
<time>2021-11-25T11:21:49</time>
</trkpt>
<trkpt lat="44.1055516666667" lon="5.27052">
<ele>718.4</ele>
<speed>1.2343038</speed>
<time>2021-11-25T11:21:50</time>
</trkpt>
<trkpt lat="44.1055733333333" lon="5.27049333333333">
<ele>718.4</ele>
<speed>1.27857</speed>
<time>2021-11-25T11:21:52</time>
</trkpt>
<trkpt lat="44.1055766666667" lon="5.27047666666667">
<ele>718.4</ele>
<speed>1.3614403</speed>
<time>2021-11-25T11:21:53</time>
</trkpt>
<trkpt lat="44.1055816666667" lon="5.27046833333333">
<ele>718.4</ele>
<speed>1.3851175</speed>
<time>2021-11-25T11:21:54</time>
</trkpt>
<trkpt lat="44.105595" lon="5.27045833333333">
<ele>718.4</ele>
<speed>1.4036475</speed>
<time>2021-11-25T11:21:55</time>
</trkpt>
<trkpt lat="44.1056083333333" lon="5.27044833333333">
<ele>718.4</ele>
<speed>1.454605</speed>
<time>2021-11-25T11:21:56</time>
</trkpt>
<trkpt lat="44.1056183333333" lon="5.27043666666667">
<ele>718.4</ele>
<speed>1.4679878</speed>
<time>2021-11-25T11:21:57</time>
</trkpt>
<trkpt lat="44.10563" lon="5.270425">
<ele>718.4</ele>
<speed>1.4690173</speed>
<time>2021-11-25T11:21:58</time>
</trkpt>
<trkpt lat="44.10564" lon="5.27041666666667">
<ele>720.5333</ele>
<speed>1.4381338</speed>
<time>2021-11-25T11:21:59</time>
</trkpt>
<trkpt lat="44.1056766666667" lon="5.27038833333333">
<ele>720.5333</ele>
<speed>1.1087117</speed>
<time>2021-11-25T11:22:03</time>
</trkpt>
<trkpt lat="44.1056933333333" lon="5.27037166666667">
<ele>720.5333</ele>
<speed>1.0649602</speed>
<time>2021-11-25T11:22:05</time>
</trkpt>
<trkpt lat="44.105715" lon="5.270355">
<ele>720.5333</ele>
<speed>1.0140028</speed>
<time>2021-11-25T11:22:07</time>
</trkpt>
<trkpt lat="44.1057283333333" lon="5.27032833333333">
<ele>721.7</ele>
<speed>0.98003113</speed>
<time>2021-11-25T11:22:09</time>
</trkpt>
<trkpt lat="44.1057383333333" lon="5.27032">
<ele>721.7</ele>
<speed>1.0268708</speed>
<time>2021-11-25T11:22:10</time>
</trkpt>
<trkpt lat="44.1057483333333" lon="5.27031">
<ele>721.7</ele>
<speed>1.0819461</speed>
<time>2021-11-25T11:22:11</time>
</trkpt>
<trkpt lat="44.10577" lon="5.27028333333333">
<ele>721.7</ele>
<speed>1.1715078</speed>
<time>2021-11-25T11:22:13</time>
</trkpt>
<trkpt lat="44.1058016666667" lon="5.270255">
<ele>721.7</ele>
<speed>1.2775406</speed>
<time>2021-11-25T11:22:16</time>
</trkpt>
<trkpt lat="44.1058116666667" lon="5.27025">
<ele>721.7</ele>
<speed>1.2492309</speed>
<time>2021-11-25T11:22:17</time>
</trkpt>
<trkpt lat="44.10584" lon="5.27023333333333">
<ele>722.4</ele>
<speed>1.4051917</speed>
<time>2021-11-25T11:22:19</time>
</trkpt>
<trkpt lat="44.10586" lon="5.27022666666667">
<ele>722.4</ele>
<speed>1.5029889</speed>
<time>2021-11-25T11:22:20</time>
</trkpt>
<trkpt lat="44.1059166666667" lon="5.27021166666667">
<ele>722.4</ele>
<speed>1.7217458</speed>
<time>2021-11-25T11:22:23</time>
</trkpt>
<trkpt lat="44.1059383333333" lon="5.27019833333333">
<ele>722.4</ele>
<speed>1.7685856</speed>
<time>2021-11-25T11:22:24</time>
</trkpt>
<trkpt lat="44.1059833333333" lon="5.27017666666667">
<ele>722.4</ele>
<speed>2.0022695</speed>
<time>2021-11-25T11:22:26</time>
</trkpt>
<trkpt lat="44.1060716666667" lon="5.27011166666667">
<ele>721.5</ele>
<speed>2.18654</speed>
<time>2021-11-25T11:22:31</time>
</trkpt>
<trkpt lat="44.106085" lon="5.27011333333333">
<ele>721.5</ele>
<speed>2.2241147</speed>
<time>2021-11-25T11:22:32</time>
</trkpt>
<trkpt lat="44.1061" lon="5.270105">
<ele>721.5</ele>
<speed>2.140215</speed>
<time>2021-11-25T11:22:33</time>
</trkpt>
<trkpt lat="44.10614" lon="5.2701">
<ele>721.5</ele>
<speed>2.1860254</speed>
<time>2021-11-25T11:22:34</time>
</trkpt>
<trkpt lat="44.106165" lon="5.2701">
<ele>721.5</ele>
<speed>2.171613</speed>
<time>2021-11-25T11:22:35</time>
</trkpt>
<trkpt lat="44.1062" lon="5.27011166666667">
<ele>721.5</ele>
<speed>2.1556566</speed>
<time>2021-11-25T11:22:38</time>
</trkpt>
<trkpt lat="44.106215" lon="5.27010833333333">
<ele>720.9</ele>
<speed>2.0928605</speed>
<time>2021-11-25T11:22:39</time>
</trkpt>
<trkpt lat="44.10624" lon="5.27010833333333">
<ele>720.9</ele>
<speed>2.0820513</speed>
<time>2021-11-25T11:22:40</time>
</trkpt>
<trkpt lat="44.1062583333333" lon="5.270105">
<ele>720.9</ele>
<speed>2.106758</speed>
<time>2021-11-25T11:22:41</time>
</trkpt>
<trkpt lat="44.1063" lon="5.27009666666667">
<ele>720.9</ele>
<speed>2.0794778</speed>
<time>2021-11-25T11:22:43</time>
</trkpt>
<trkpt lat="44.10632" lon="5.27009">
<ele>720.9</ele>
<speed>2.0521975</speed>
<time>2021-11-25T11:22:44</time>
</trkpt>
<trkpt lat="44.106385" lon="5.27005833333333">
<ele>720.9</ele>
<speed>1.7927775</speed>
<time>2021-11-25T11:22:47</time>
</trkpt>
<trkpt lat="44.106425" lon="5.27004">
<ele>717.7</ele>
<speed>1.8447645</speed>
<time>2021-11-25T11:22:49</time>
</trkpt>
<trkpt lat="44.1064516666667" lon="5.27003833333333">
<ele>717.7</ele>
<speed>1.8246902</speed>
<time>2021-11-25T11:22:50</time>
</trkpt>
<trkpt lat="44.1064833333333" lon="5.27003">
<ele>717.7</ele>
<speed>1.8705006</speed>
<time>2021-11-25T11:22:51</time>
</trkpt>
<trkpt lat="44.10656" lon="5.26999833333333">
<ele>717.7</ele>
<speed>1.9806511</speed>
<time>2021-11-25T11:22:54</time>
</trkpt>
<trkpt lat="44.106585" lon="5.26998666666667">
<ele>717.7</ele>
<speed>1.9821953</speed>
<time>2021-11-25T11:22:55</time>
</trkpt>
<trkpt lat="44.106645" lon="5.26996">
<ele>717.7</ele>
<speed>2.1556566</speed>
<time>2021-11-25T11:22:57</time>
</trkpt>
<trkpt lat="44.106665" lon="5.26995166666667">
<ele>717.7</ele>
<speed>2.1947756</speed>
<time>2021-11-25T11:22:58</time>
</trkpt>
<trkpt lat="44.1067333333333" lon="5.26992166666667">
<ele>712.56665</ele>
<speed>2.3044114</speed>
<time>2021-11-25T11:23:01</time>
</trkpt>
<trkpt lat="44.10685" lon="5.26984166666667">
<ele>712.56665</ele>
<speed>2.3455892</speed>
<time>2021-11-25T11:23:06</time>
</trkpt>
<trkpt lat="44.1068716666667" lon="5.26983333333333">
<ele>712.56665</ele>
<speed>2.3239708</speed>
<time>2021-11-25T11:23:07</time>
</trkpt>
<trkpt lat="44.1068916666667" lon="5.26981333333333">
<ele>712.56665</ele>
<speed>2.2946317</speed>
<time>2021-11-25T11:23:08</time>
</trkpt>
<trkpt lat="44.1069066666667" lon="5.26979666666667">
<ele>709.9</ele>
<speed>2.292058</speed>
<time>2021-11-25T11:23:09</time>
</trkpt>
<trkpt lat="44.10693" lon="5.26976333333333">
<ele>709.9</ele>
<speed>2.0480797</speed>
<time>2021-11-25T11:23:11</time>
</trkpt>
<trkpt lat="44.106945" lon="5.26974666666667">
<ele>709.9</ele>
<speed>1.9250611</speed>
<time>2021-11-25T11:23:12</time>
</trkpt>
<trkpt lat="44.106955" lon="5.26973833333333">
<ele>709.9</ele>
<speed>1.8097633</speed>
<time>2021-11-25T11:23:13</time>
</trkpt>
<trkpt lat="44.1069583333333" lon="5.26973666666667">
<ele>709.9</ele>
<speed>1.6419638</speed>
<time>2021-11-25T11:23:14</time>
</trkpt>
<trkpt lat="44.106965" lon="5.269725">
<ele>709.9</ele>
<speed>1.413942</speed>
<time>2021-11-25T11:23:15</time>
</trkpt>
<trkpt lat="44.1069733333333" lon="5.26968">
<ele>709.9</ele>
<speed>1.0490038</speed>
<time>2021-11-25T11:23:17</time>
</trkpt>
<trkpt lat="44.1069716666667" lon="5.26967166666667">
<ele>709.9</ele>
<speed>0.8601008</speed>
<time>2021-11-25T11:23:18</time>
</trkpt>
<trkpt lat="44.10697" lon="5.26966833333333">
<ele>703.7</ele>
<speed>0.69693387</speed>
<time>2021-11-25T11:23:19</time>
</trkpt>
<trkpt lat="44.1069716666667" lon="5.26966166666667">
<ele>703.7</ele>
<speed>0.546635</speed>
<time>2021-11-25T11:23:20</time>
</trkpt>
<trkpt lat="44.10697" lon="5.26966333333333">
<ele>703.7</ele>
<speed>0.0</speed>
<time>2021-11-25T11:23:22</time>
</trkpt>
<trkpt lat="44.1069716666667" lon="5.26966333333333">
<ele>703.7</ele>
<speed>0.0</speed>
<time>2021-11-25T11:23:23</time>
</trkpt>
<trkpt lat="44.1069716666667" lon="5.26966333333333">
<ele>703.7</ele>
<speed>0.0</speed>
<time>2021-11-25T11:23:37</time>
</trkpt>
<trkpt lat="44.1069716666667" lon="5.26966333333333">
<ele>703.6</ele>
<speed>0.0</speed>
<time>2021-11-25T11:23:49</time>
</trkpt>
<trkpt lat="44.1069716666667" lon="5.26966333333333">
<ele>703.6</ele>
<speed>0.0</speed>
<time>2021-11-25T11:24:04</time>
</trkpt>
<trkpt lat="44.1069783333333" lon="5.269555">
<ele>703.6</ele>
<speed>0.33199584</speed>
<time>2021-11-25T11:24:05</time>
</trkpt>
<trkpt lat="44.1069833333333" lon="5.26952">
<ele>703.6</ele>
<speed>0.5914158</speed>
<time>2021-11-25T11:24:14</time>
</trkpt>
<trkpt lat="44.10698" lon="5.26954333333333">
<ele>703.6</ele>
<speed>0.24037528</speed>
<time>2021-11-25T11:24:34</time>
</trkpt>
<trkpt lat="44.10697" lon="5.26953833333333">
<ele>703.6</ele>
<speed>0.31758362</speed>
<time>2021-11-25T11:24:35</time>
</trkpt>
<trkpt lat="44.1069533333333" lon="5.26954">
<ele>703.6</ele>
<speed>0.49516279</speed>
<time>2021-11-25T11:24:37</time>
</trkpt>
<trkpt lat="44.1069333333333" lon="5.26954333333333">
<ele>703.56665</ele>
<speed>0.63774085</speed>
<time>2021-11-25T11:24:39</time>
</trkpt>
<trkpt lat="44.106915" lon="5.26954666666667">
<ele>703.56665</ele>
<speed>0.74274415</speed>
<time>2021-11-25T11:24:41</time>
</trkpt>
<trkpt lat="44.1069116666667" lon="5.269545">
<ele>703.56665</ele>
<speed>0.79679</speed>
<time>2021-11-25T11:24:42</time>
</trkpt>
<trkpt lat="44.1069016666667" lon="5.26955166666667">
<ele>703.56665</ele>
<speed>0.8034814</speed>
<time>2021-11-25T11:24:43</time>
</trkpt>
<trkpt lat="44.1068983333333" lon="5.26956333333333">
<ele>703.56665</ele>
<speed>0.75355333</speed>
<time>2021-11-25T11:24:44</time>
</trkpt>
<trkpt lat="44.1068933333333" lon="5.26956">
<ele>703.56665</ele>
<speed>0.7067136</speed>
<time>2021-11-25T11:24:45</time>
</trkpt>
<trkpt lat="44.1069016666667" lon="5.26956666666667">
<ele>703.56665</ele>
<speed>0.709802</speed>
<time>2021-11-25T11:24:46</time>
</trkpt>
<trkpt lat="44.1069" lon="5.26956833333333">
<ele>703.56665</ele>
<speed>0.60788697</speed>
<time>2021-11-25T11:24:47</time>
</trkpt>
<trkpt lat="44.106905" lon="5.26957833333333">
<ele>703.56665</ele>
<speed>0.5245019</speed>
<time>2021-11-25T11:24:48</time>
</trkpt>
<trkpt lat="44.1068966666667" lon="5.26957833333333">
<ele>704.0</ele>
<speed>0.48280945</speed>
<time>2021-11-25T11:24:49</time>
</trkpt>
<trkpt lat="44.1068883333333" lon="5.269565">
<ele>704.0</ele>
<speed>0.4400875</speed>
<time>2021-11-25T11:24:51</time>
</trkpt>
<trkpt lat="44.1068783333333" lon="5.26955">
<ele>704.0</ele>
<speed>0.4472936</speed>
<time>2021-11-25T11:24:52</time>
</trkpt>
<trkpt lat="44.1068483333333" lon="5.26953">
<ele>704.0</ele>
<speed>0.7365675</speed>
<time>2021-11-25T11:24:55</time>
</trkpt>
<trkpt lat="44.10682" lon="5.26952">
<ele>704.0</ele>
<speed>0.9568686</speed>
<time>2021-11-25T11:24:57</time>
</trkpt>
<trkpt lat="44.1067383333333" lon="5.26946833333333">
<ele>704.7</ele>
<speed>1.7768211</speed>
<time>2021-11-25T11:25:01</time>
</trkpt>
<trkpt lat="44.1067083333333" lon="5.26944833333333">
<ele>704.7</ele>
<speed>1.9559444</speed>
<time>2021-11-25T11:25:03</time>
</trkpt>
<trkpt lat="44.1066983333333" lon="5.269435">
<ele>704.7</ele>
<speed>2.0094755</speed>
<time>2021-11-25T11:25:04</time>
</trkpt>
<trkpt lat="44.10666" lon="5.26939166666667">
<ele>704.7</ele>
<speed>1.899325</speed>
<time>2021-11-25T11:25:06</time>
</trkpt>
<trkpt lat="44.10663" lon="5.26936666666667">
<ele>704.7</ele>
<speed>1.8375584</speed>
<time>2021-11-25T11:25:08</time>
</trkpt>
<trkpt lat="44.106605" lon="5.269345">
<ele>705.1</ele>
<speed>1.6038744</speed>
<time>2021-11-25T11:25:10</time>
</trkpt>
<trkpt lat="44.1064933333333" lon="5.26928833333333">
<ele>705.1</ele>
<speed>1.6553466</speed>
<time>2021-11-25T11:25:15</time>
</trkpt>
<trkpt lat="44.1064716666667" lon="5.26927666666667">
<ele>705.1</ele>
<speed>1.6733619</speed>
<time>2021-11-25T11:25:16</time>
</trkpt>
<trkpt lat="44.10639" lon="5.26922333333333">
<ele>700.3</ele>
<speed>1.9780775</speed>
<time>2021-11-25T11:25:20</time>
</trkpt>
<trkpt lat="44.10634" lon="5.26919333333333">
<ele>700.3</ele>
<speed>2.1669805</speed>
<time>2021-11-25T11:25:22</time>
</trkpt>
<trkpt lat="44.1062566666667" lon="5.26913666666667">
<ele>700.3</ele>
<speed>2.1633775</speed>
<time>2021-11-25T11:25:26</time>
</trkpt>
<trkpt lat="44.10624" lon="5.26910666666667">
<ele>700.3</ele>
<speed>1.934326</speed>
<time>2021-11-25T11:25:28</time>
</trkpt>
<trkpt lat="44.106205" lon="5.26906">
<ele>696.7</ele>
<speed>1.7711592</speed>
<time>2021-11-25T11:25:30</time>
</trkpt>
<trkpt lat="44.1061783333333" lon="5.26903666666667">
<ele>696.7</ele>
<speed>1.7809389</speed>
<time>2021-11-25T11:25:31</time>
</trkpt>
<trkpt lat="44.10614" lon="5.26898833333333">
<ele>696.7</ele>
<speed>1.7685856</speed>
<time>2021-11-25T11:25:33</time>
</trkpt>
<trkpt lat="44.1061133333333" lon="5.26895833333333">
<ele>696.7</ele>
<speed>1.8056456</speed>
<time>2021-11-25T11:25:34</time>
</trkpt>
<trkpt lat="44.1060616666667" lon="5.26890833333333">
<ele>696.7</ele>
<speed>1.934326</speed>
<time>2021-11-25T11:25:36</time>
</trkpt>
<trkpt lat="44.1060533333333" lon="5.26889333333333">
<ele>696.7</ele>
<speed>1.939988</speed>
<time>2021-11-25T11:25:37</time>
</trkpt>
<trkpt lat="44.1060416666667" lon="5.26888166666667">
<ele>696.7</ele>
<speed>1.9538856</speed>
<time>2021-11-25T11:25:38</time>
</trkpt>
<trkpt lat="44.1059583333333" lon="5.26877166666667">
<ele>690.1</ele>
<speed>1.4463694</speed>
<time>2021-11-25T11:25:44</time>
</trkpt>
<trkpt lat="44.105925" lon="5.26872666666667">
<ele>690.1</ele>
<speed>1.4376192</speed>
<time>2021-11-25T11:25:46</time>
</trkpt>
<trkpt lat="44.1059083333333" lon="5.26870666666667">
<ele>690.1</ele>
<speed>1.5616672</speed>
<time>2021-11-25T11:25:47</time>
</trkpt>
<trkpt lat="44.1058916666667" lon="5.26869166666667">
<ele>690.1</ele>
<speed>1.521519</speed>
<time>2021-11-25T11:25:48</time>
</trkpt>
<trkpt lat="44.1058783333333" lon="5.26867333333333">
<ele>684.2</ele>
<speed>1.5143127</speed>
<time>2021-11-25T11:25:49</time>
</trkpt>
<trkpt lat="44.1058333333333" lon="5.26860666666667">
<ele>684.2</ele>
<speed>1.5225483</speed>
<time>2021-11-25T11:25:52</time>
</trkpt>
<trkpt lat="44.1058183333333" lon="5.26859">
<ele>684.2</ele>
<speed>1.513798</speed>
<time>2021-11-25T11:25:53</time>
</trkpt>
<trkpt lat="44.105805" lon="5.26857666666667">
<ele>684.2</ele>
<speed>1.5421078</speed>
<time>2021-11-25T11:25:54</time>
</trkpt>
<trkpt lat="44.105785" lon="5.26856333333333">
<ele>684.2</ele>
<speed>1.5925505</speed>
<time>2021-11-25T11:25:55</time>
</trkpt>
<trkpt lat="44.1056466666667" lon="5.26845666666667">
<ele>679.8</ele>
<speed>1.6918919</speed>
<time>2021-11-25T11:26:02</time>
</trkpt>
<trkpt lat="44.1056133333333" lon="5.268435">
<ele>679.8</ele>
<speed>1.8463086</speed>
<time>2021-11-25T11:26:04</time>
</trkpt>
<trkpt lat="44.1055616666667" lon="5.26839833333333">
<ele>679.8</ele>
<speed>1.6934361</speed>
<time>2021-11-25T11:26:07</time>
</trkpt>
<trkpt lat="44.105535" lon="5.26839333333333">
<ele>669.1</ele>
<speed>1.5601231</speed>
<time>2021-11-25T11:26:09</time>
</trkpt>
<trkpt lat="44.1055216666667" lon="5.26839833333333">
<ele>669.1</ele>
<speed>1.4298984</speed>
<time>2021-11-25T11:26:10</time>
</trkpt>
<trkpt lat="44.1055133333333" lon="5.26839">
<ele>669.1</ele>
<speed>1.2698197</speed>
<time>2021-11-25T11:26:11</time>
</trkpt>
<trkpt lat="44.1055116666667" lon="5.268385">
<ele>669.1</ele>
<speed>1.1035645</speed>
<time>2021-11-25T11:26:12</time>
</trkpt>
<trkpt lat="44.105515" lon="5.26837666666667">
<ele>669.1</ele>
<speed>0.9362797</speed>
<time>2021-11-25T11:26:13</time>
</trkpt>
<trkpt lat="44.105515" lon="5.26834666666667">
<ele>669.1</ele>
<speed>0.750465</speed>
<time>2021-11-25T11:26:15</time>
</trkpt>
<trkpt lat="44.1055116666667" lon="5.268335">
<ele>669.1</ele>
<speed>0.71289027</speed>
<time>2021-11-25T11:26:16</time>
</trkpt>
<trkpt lat="44.1055083333333" lon="5.26832">
<ele>669.1</ele>
<speed>0.68509525</speed>
<time>2021-11-25T11:26:17</time>
</trkpt>
<trkpt lat="44.1054933333333" lon="5.26829666666667">
<ele>667.8</ele>
<speed>0.5512675</speed>
<time>2021-11-25T11:26:19</time>
</trkpt>
<trkpt lat="44.1054816666667" lon="5.26827">
<ele>667.8</ele>
<speed>0.56825334</speed>
<time>2021-11-25T11:26:21</time>
</trkpt>
<trkpt lat="44.1054833333333" lon="5.26826166666667">
<ele>667.8</ele>
<speed>0.602225</speed>
<time>2021-11-25T11:26:22</time>
</trkpt>
<trkpt lat="44.1054733333333" lon="5.26821">
<ele>667.8</ele>
<speed>0.7484061</speed>
<time>2021-11-25T11:26:25</time>
</trkpt>
<trkpt lat="44.1054616666667" lon="5.268185">
<ele>667.8</ele>
<speed>0.8971608</speed>
<time>2021-11-25T11:26:26</time>
</trkpt>
<trkpt lat="44.10544" lon="5.268145">
<ele>667.8</ele>
<speed>1.1298152</speed>
<time>2021-11-25T11:26:28</time>
</trkpt>
<trkpt lat="44.1054316666667" lon="5.268125">
<ele>669.23334</ele>
<speed>1.3037914</speed>
<time>2021-11-25T11:26:29</time>
</trkpt>
<trkpt lat="44.105425" lon="5.26809833333333">
<ele>669.23334</ele>
<speed>1.46387</speed>
<time>2021-11-25T11:26:30</time>
</trkpt>
<trkpt lat="44.1054066666667" lon="5.26803">
<ele>669.23334</ele>
<speed>1.7490261</speed>
<time>2021-11-25T11:26:32</time>
</trkpt>
<trkpt lat="44.1053933333333" lon="5.268">
<ele>669.23334</ele>
<speed>1.8988103</speed>
<time>2021-11-25T11:26:33</time>
</trkpt>
<trkpt lat="44.1052916666667" lon="5.26774666666667">
<ele>670.3</ele>
<speed>2.3857374</speed>
<time>2021-11-25T11:26:41</time>
</trkpt>
<trkpt lat="44.10528" lon="5.26771166666667">
<ele>670.3</ele>
<speed>2.4891968</speed>
<time>2021-11-25T11:26:42</time>
</trkpt>
<trkpt lat="44.10525" lon="5.267645">
<ele>670.3</ele>
<speed>2.7306013</speed>
<time>2021-11-25T11:26:44</time>
</trkpt>
<trkpt lat="44.1052333333333" lon="5.26761">
<ele>670.3</ele>
<speed>2.870606</speed>
<time>2021-11-25T11:26:45</time>
</trkpt>
<trkpt lat="44.1052083333333" lon="5.26751">
<ele>670.3</ele>
<speed>2.8973713</speed>
<time>2021-11-25T11:26:48</time>
</trkpt>
<trkpt lat="44.1052" lon="5.267445">
<ele>668.93335</ele>
<speed>2.8484728</speed>
<time>2021-11-25T11:26:50</time>
</trkpt>
<trkpt lat="44.1051966666667" lon="5.26741">
<ele>668.93335</ele>
<speed>2.753764</speed>
<time>2021-11-25T11:26:51</time>
</trkpt>
<trkpt lat="44.10519" lon="5.267385">
<ele>668.93335</ele>
<speed>2.6729524</speed>
<time>2021-11-25T11:26:52</time>
</trkpt>
<trkpt lat="44.105195" lon="5.26735166666667">
<ele>668.93335</ele>
<speed>2.6286864</speed>
<time>2021-11-25T11:26:53</time>
</trkpt>
<trkpt lat="44.1052" lon="5.267265">
<ele>668.93335</ele>
<speed>2.2266884</speed>
<time>2021-11-25T11:26:56</time>
</trkpt>
<trkpt lat="44.1051716666667" lon="5.26709833333333">
<ele>662.7</ele>
<speed>1.6136541</speed>
<time>2021-11-25T11:27:02</time>
</trkpt>
<trkpt lat="44.1051766666667" lon="5.26706833333333">
<ele>662.7</ele>
<speed>1.5225483</speed>
<time>2021-11-25T11:27:03</time>
</trkpt>
<trkpt lat="44.10518" lon="5.26703333333333">
<ele>662.7</ele>
<speed>1.4705614</speed>
<time>2021-11-25T11:27:04</time>
</trkpt>
<trkpt lat="44.1051733333333" lon="5.26699166666667">
<ele>662.7</ele>
<speed>1.4648994</speed>
<time>2021-11-25T11:27:05</time>
</trkpt>
<trkpt lat="44.1051666666667" lon="5.26696333333333">
<ele>662.7</ele>
<speed>1.4808558</speed>
<time>2021-11-25T11:27:06</time>
</trkpt>
<trkpt lat="44.1051466666667" lon="5.26686333333333">
<ele>657.0333</ele>
<speed>1.7207164</speed>
<time>2021-11-25T11:27:09</time>
</trkpt>
<trkpt lat="44.1051383333333" lon="5.266825">
<ele>657.0333</ele>
<speed>1.7768211</speed>
<time>2021-11-25T11:27:10</time>
</trkpt>
<trkpt lat="44.1051316666667" lon="5.26679333333333">
<ele>657.0333</ele>
<speed>1.8457938</speed>
<time>2021-11-25T11:27:11</time>
</trkpt>
<trkpt lat="44.10512" lon="5.26673333333333">
<ele>657.0333</ele>
<speed>2.0321233</speed>
<time>2021-11-25T11:27:13</time>
</trkpt>
<trkpt lat="44.1051166666667" lon="5.26669166666667">
<ele>657.0333</ele>
<speed>2.1726425</speed>
<time>2021-11-25T11:27:14</time>
</trkpt>
<trkpt lat="44.10511" lon="5.26665833333333">
<ele>657.0333</ele>
<speed>2.203011</speed>
<time>2021-11-25T11:27:15</time>
</trkpt>
<trkpt lat="44.1051016666667" lon="5.26663666666667">
<ele>657.0333</ele>
<speed>2.1294057</speed>
<time>2021-11-25T11:27:16</time>
</trkpt>
<trkpt lat="44.105095" lon="5.26661833333333">
<ele>657.0333</ele>
<speed>1.9960928</speed>
<time>2021-11-25T11:27:17</time>
</trkpt>
<trkpt lat="44.10508" lon="5.26660166666667">
<ele>657.0333</ele>
<speed>1.8725594</speed>
<time>2021-11-25T11:27:18</time>
</trkpt>
<trkpt lat="44.1050666666667" lon="5.26658833333333">
<ele>648.6</ele>
<speed>1.7202016</speed>
<time>2021-11-25T11:27:19</time>
</trkpt>
<trkpt lat="44.105055" lon="5.26656333333333">
<ele>648.6</ele>
<speed>1.4664437</speed>
<time>2021-11-25T11:27:21</time>
</trkpt>
<trkpt lat="44.10504" lon="5.26654333333333">
<ele>648.6</ele>
<speed>0.8575272</speed>
<time>2021-11-25T11:27:24</time>
</trkpt>
<trkpt lat="44.1050316666667" lon="5.26654166666667">
<ele>648.6</ele>
<speed>0.6722272</speed>
<time>2021-11-25T11:27:25</time>
</trkpt>
<trkpt lat="44.105025" lon="5.26653833333333">
<ele>648.6</ele>
<speed>0.60788697</speed>
<time>2021-11-25T11:27:26</time>
</trkpt>
<trkpt lat="44.1050166666667" lon="5.26653666666667">
<ele>648.6</ele>
<speed>0.56928277</speed>
<time>2021-11-25T11:27:27</time>
</trkpt>
<trkpt lat="44.1050116666667" lon="5.26653666666667">
<ele>648.6</ele>
<speed>0.5301639</speed>
<time>2021-11-25T11:27:28</time>
</trkpt>
<trkpt lat="44.1050066666667" lon="5.26653333333333">
<ele>643.7</ele>
<speed>0.50082475</speed>
<time>2021-11-25T11:27:29</time>
</trkpt>
<trkpt lat="44.1050083333333" lon="5.26653333333333">
<ele>643.7</ele>
<speed>0.46222055</speed>
<time>2021-11-25T11:27:30</time>
</trkpt>
<trkpt lat="44.1050083333333" lon="5.26653">
<ele>643.7</ele>
<speed>0.0</speed>
<time>2021-11-25T11:27:31</time>
</trkpt>
<trkpt lat="44.1050116666667" lon="5.26652833333333">
<ele>643.7</ele>
<speed>0.0</speed>
<time>2021-11-25T11:27:32</time>
</trkpt>
<trkpt lat="44.1050216666667" lon="5.26652">
<ele>643.7</ele>
<speed>0.0</speed>
<time>2021-11-25T11:27:33</time>
</trkpt>
<trkpt lat="44.1050566666667" lon="5.26650666666667">
<ele>643.7</ele>
<speed>0.35927612</speed>
<time>2021-11-25T11:27:35</time>
</trkpt>
<trkpt lat="44.1050616666667" lon="5.26649166666667">
<ele>643.7</ele>
<speed>0.37935027</speed>
<time>2021-11-25T11:27:36</time>
</trkpt>
<trkpt lat="44.1050666666667" lon="5.26645">
<ele>643.8</ele>
<speed>0.39685082</speed>
<time>2021-11-25T11:27:39</time>
</trkpt>
<trkpt lat="44.105065" lon="5.26644833333333">
<ele>643.8</ele>
<speed>0.435455</speed>
<time>2021-11-25T11:27:40</time>
</trkpt>
<trkpt lat="44.1050666666667" lon="5.26645166666667">
<ele>643.8</ele>
<speed>0.47920638</speed>
<time>2021-11-25T11:27:41</time>
</trkpt>
<trkpt lat="44.10506" lon="5.26645833333333">
<ele>643.8</ele>
<speed>0.51884</speed>
<time>2021-11-25T11:27:42</time>
</trkpt>
<trkpt lat="44.1050633333333" lon="5.26647666666667">
<ele>643.8</ele>
<speed>0.6120047</speed>
<time>2021-11-25T11:27:44</time>
</trkpt>
<trkpt lat="44.10507" lon="5.26649333333333">
<ele>643.8</ele>
<speed>0.6346525</speed>
<time>2021-11-25T11:27:45</time>
</trkpt>
<trkpt lat="44.1050733333333" lon="5.26650666666667">
<ele>643.8</ele>
<speed>0.6655358</speed>
<time>2021-11-25T11:27:46</time>
</trkpt>
<trkpt lat="44.1050816666667" lon="5.26651333333333">
<ele>643.8</ele>
<speed>0.7484061</speed>
<time>2021-11-25T11:27:47</time>
</trkpt>
<trkpt lat="44.105085" lon="5.266525">
<ele>643.8</ele>
<speed>0.79370165</speed>
<time>2021-11-25T11:27:48</time>
</trkpt>
<trkpt lat="44.1050866666667" lon="5.26654">
<ele>646.2</ele>
<speed>0.8400267</speed>
<time>2021-11-25T11:27:49</time>
</trkpt>
<trkpt lat="44.1051016666667" lon="5.266535">
<ele>646.2</ele>
<speed>0.94657415</speed>
<time>2021-11-25T11:27:50</time>
</trkpt>
<trkpt lat="44.10511" lon="5.26653666666667">
<ele>646.2</ele>
<speed>1.0242972</speed>
<time>2021-11-25T11:27:51</time>
</trkpt>
<trkpt lat="44.105105" lon="5.266545">
<ele>646.2</ele>
<speed>0.95841277</speed>
<time>2021-11-25T11:27:56</time>
</trkpt>
<trkpt lat="44.1051083333333" lon="5.26654333333333">
<ele>646.2</ele>
<speed>0.76950973</speed>
<time>2021-11-25T11:27:58</time>
</trkpt>
<trkpt lat="44.105115" lon="5.26654333333333">
<ele>646.2</ele>
<speed>0.41743973</speed>
<time>2021-11-25T11:28:01</time>
</trkpt>
<trkpt lat="44.1051333333333" lon="5.26654">
<ele>646.2</ele>
<speed>0.0</speed>
<time>2021-11-25T11:28:05</time>
</trkpt>
<trkpt lat="44.1050766666667" lon="5.26655333333333">
<ele>646.6667</ele>
<speed>0.30934805</speed>
<time>2021-11-25T11:28:14</time>
</trkpt>
<trkpt lat="44.1050683333333" lon="5.26651833333333">
<ele>646.6667</ele>
<speed>0.6413439</speed>
<time>2021-11-25T11:28:16</time>
</trkpt>
<trkpt lat="44.1050616666667" lon="5.26650333333333">
<ele>646.6667</ele>
<speed>0.7216405</speed>
<time>2021-11-25T11:28:17</time>
</trkpt>
<trkpt lat="44.1050333333333" lon="5.26647166666667">
<ele>647.5</ele>
<speed>1.0335622</speed>
<time>2021-11-25T11:28:19</time>
</trkpt>
<trkpt lat="44.1050166666667" lon="5.26646">
<ele>647.5</ele>
<speed>1.2142297</speed>
<time>2021-11-25T11:28:20</time>
</trkpt>
<trkpt lat="44.1050033333333" lon="5.26644833333333">
<ele>647.5</ele>
<speed>1.3115122</speed>
<time>2021-11-25T11:28:21</time>
</trkpt>
<trkpt lat="44.104995" lon="5.26643166666667">
<ele>647.5</ele>
<speed>1.4144567</speed>
<time>2021-11-25T11:28:22</time>
</trkpt>
<trkpt lat="44.1049866666667" lon="5.26640833333333">
<ele>647.5</ele>
<speed>1.5426224</speed>
<time>2021-11-25T11:28:23</time>
</trkpt>
<trkpt lat="44.1049633333333" lon="5.266345">
<ele>647.5</ele>
<speed>1.6929214</speed>
<time>2021-11-25T11:28:25</time>
</trkpt>
<trkpt lat="44.10492" lon="5.266295">
<ele>647.5</ele>
<speed>1.904987</speed>
<time>2021-11-25T11:28:27</time>
</trkpt>
<trkpt lat="44.1048716666667" lon="5.26622833333333">
<ele>648.1</ele>
<speed>2.0897722</speed>
<time>2021-11-25T11:28:30</time>
</trkpt>
<trkpt lat="44.104845" lon="5.266175">
<ele>648.1</ele>
<speed>2.3394125</speed>
<time>2021-11-25T11:28:32</time>
</trkpt>
<trkpt lat="44.1048066666667" lon="5.266115">
<ele>648.1</ele>
<speed>2.507212</speed>
<time>2021-11-25T11:28:34</time>
</trkpt>
<trkpt lat="44.1047783333333" lon="5.26606666666667">
<ele>648.1</ele>
<speed>2.5226536</speed>
<time>2021-11-25T11:28:36</time>
</trkpt>
<trkpt lat="44.1047266666667" lon="5.26598666666667">
<ele>645.6</ele>
<speed>2.4300036</speed>
<time>2021-11-25T11:28:39</time>
</trkpt>
<trkpt lat="44.1047133333333" lon="5.26596333333333">
<ele>645.6</ele>
<speed>2.420224</speed>
<time>2021-11-25T11:28:40</time>
</trkpt>
<trkpt lat="44.1047" lon="5.26593666666667">
<ele>645.6</ele>
<speed>2.3491921</speed>
<time>2021-11-25T11:28:41</time>
</trkpt>
<trkpt lat="44.1046866666667" lon="5.26590833333333">
<ele>645.6</ele>
<speed>2.3213973</speed>
<time>2021-11-25T11:28:42</time>
</trkpt>
<trkpt lat="44.1046716666667" lon="5.26587333333333">
<ele>645.6</ele>
<speed>2.1834517</speed>
<time>2021-11-25T11:28:43</time>
</trkpt>
<trkpt lat="44.104605" lon="5.265695">
<ele>645.6</ele>
<speed>2.2761016</speed>
<time>2021-11-25T11:28:48</time>
</trkpt>
<trkpt lat="44.10459" lon="5.26566833333333">
<ele>642.9</ele>
<speed>2.301323</speed>
<time>2021-11-25T11:28:49</time>
</trkpt>
<trkpt lat="44.1045833333333" lon="5.26565">
<ele>642.9</ele>
<speed>2.2045553</speed>
<time>2021-11-25T11:28:50</time>
</trkpt>
<trkpt lat="44.10457" lon="5.26562666666667">
<ele>642.9</ele>
<speed>2.0280056</speed>
<time>2021-11-25T11:28:52</time>
</trkpt>
<trkpt lat="44.1045666666667" lon="5.26562">
<ele>642.9</ele>
<speed>1.8957219</speed>
<time>2021-11-25T11:28:53</time>
</trkpt>
<trkpt lat="44.1045533333333" lon="5.265595">
<ele>642.9</ele>
<speed>1.5050478</speed>
<time>2021-11-25T11:28:55</time>
</trkpt>
<trkpt lat="44.10451" lon="5.26549833333333">
<ele>643.7</ele>
<speed>0.92238224</speed>
<time>2021-11-25T11:29:01</time>
</trkpt>
<trkpt lat="44.1045016666667" lon="5.26547666666667">
<ele>643.7</ele>
<speed>0.9512067</speed>
<time>2021-11-25T11:29:02</time>
</trkpt>
<trkpt lat="44.104495" lon="5.26545333333333">
<ele>643.7</ele>
<speed>1.0546658</speed>
<time>2021-11-25T11:29:03</time>
</trkpt>
<trkpt lat="44.1044833333333" lon="5.26543333333333">
<ele>643.7</ele>
<speed>1.1406244</speed>
<time>2021-11-25T11:29:04</time>
</trkpt>
<trkpt lat="44.1044533333333" lon="5.26539">
<ele>643.7</ele>
<speed>1.2883497</speed>
<time>2021-11-25T11:29:07</time>
</trkpt>
<trkpt lat="44.104445" lon="5.26538166666667">
<ele>643.7</ele>
<speed>1.3321011</speed>
<time>2021-11-25T11:29:08</time>
</trkpt>
<trkpt lat="44.10444" lon="5.26537833333333">
<ele>643.0</ele>
<speed>1.3645287</speed>
<time>2021-11-25T11:29:09</time>
</trkpt>
<trkpt lat="44.1044283333333" lon="5.26537333333333">
<ele>643.0</ele>
<speed>1.3192331</speed>
<time>2021-11-25T11:29:10</time>
</trkpt>
<trkpt lat="44.104425" lon="5.26536666666667">
<ele>643.0</ele>
<speed>1.2106267</speed>
<time>2021-11-25T11:29:11</time>
</trkpt>
<trkpt lat="44.10441" lon="5.265345">
<ele>643.0</ele>
<speed>1.124668</speed>
<time>2021-11-25T11:29:13</time>
</trkpt>
<trkpt lat="44.104365" lon="5.26531666666667">
<ele>643.0</ele>
<speed>1.16739</speed>
<time>2021-11-25T11:29:17</time>
</trkpt>
<trkpt lat="44.104355" lon="5.26529666666667">
<ele>643.0</ele>
<speed>1.2296714</speed>
<time>2021-11-25T11:29:18</time>
</trkpt>
<trkpt lat="44.1043316666667" lon="5.26526166666667">
<ele>640.5</ele>
<speed>1.3789408</speed>
<time>2021-11-25T11:29:20</time>
</trkpt>
<trkpt lat="44.1042883333333" lon="5.26522166666667">
<ele>640.5</ele>
<speed>1.599242</speed>
<time>2021-11-25T11:29:23</time>
</trkpt>
<trkpt lat="44.1042666666667" lon="5.26520333333333">
<ele>640.5</ele>
<speed>1.4782822</speed>
<time>2021-11-25T11:29:25</time>
</trkpt>
<trkpt lat="44.10425" lon="5.265185">
<ele>640.5</ele>
<speed>1.3614403</speed>
<time>2021-11-25T11:29:27</time>
</trkpt>
<trkpt lat="44.1042466666667" lon="5.26517">
<ele>640.0</ele>
<speed>1.1689342</speed>
<time>2021-11-25T11:29:29</time>
</trkpt>
<trkpt lat="44.104245" lon="5.265165">
<ele>640.0</ele>
<speed>1.0649602</speed>
<time>2021-11-25T11:29:30</time>
</trkpt>
<trkpt lat="44.1042233333333" lon="5.26515166666667">
<ele>640.0</ele>
<speed>0.78186303</speed>
<time>2021-11-25T11:29:32</time>
</trkpt>
<trkpt lat="44.1042083333333" lon="5.265145">
<ele>640.0</ele>
<speed>0.0</speed>
<time>2021-11-25T11:29:46</time>
</trkpt>
<trkpt lat="44.1042083333333" lon="5.265145">
<ele>640.0</ele>
<speed>0.0</speed>
<time>2021-11-25T11:30:15</time>
</trkpt>
<trkpt lat="44.1040933333333" lon="5.26505333333333">
<ele>642.9</ele>
<speed>0.23574278</speed>
<time>2021-11-25T11:30:25</time>
</trkpt>
<trkpt lat="44.10409" lon="5.26505166666667">
<ele>642.9</ele>
<speed>0.26765555</speed>
<time>2021-11-25T11:30:26</time>
</trkpt>
<trkpt lat="44.1041216666667" lon="5.26504333333333">
<ele>642.9</ele>
<speed>0.4009686</speed>
<time>2021-11-25T11:30:39</time>
</trkpt>
<trkpt lat="44.10413" lon="5.26502833333333">
<ele>642.9</ele>
<speed>0.45295554</speed>
<time>2021-11-25T11:30:40</time>
</trkpt>
<trkpt lat="44.104135" lon="5.26502166666667">
<ele>642.9</ele>
<speed>0.48795667</speed>
<time>2021-11-25T11:30:41</time>
</trkpt>
<trkpt lat="44.10414" lon="5.26501">
<ele>642.9</ele>
<speed>0.54509085</speed>
<time>2021-11-25T11:30:42</time>
</trkpt>
<trkpt lat="44.1041383333333" lon="5.26502">
<ele>642.9</ele>
<speed>0.5955336</speed>
<time>2021-11-25T11:30:43</time>
</trkpt>
<trkpt lat="44.1041383333333" lon="5.26501333333333">
<ele>642.9</ele>
<speed>0.6140636</speed>
<time>2021-11-25T11:30:44</time>
</trkpt>
<trkpt lat="44.1041333333333" lon="5.26499833333333">
<ele>642.9</ele>
<speed>0.7067136</speed>
<time>2021-11-25T11:30:46</time>
</trkpt>
<trkpt lat="44.10413" lon="5.26499333333333">
<ele>642.9</ele>
<speed>0.77053916</speed>
<time>2021-11-25T11:30:47</time>
</trkpt>
<trkpt lat="44.1041333333333" lon="5.264985">
<ele>642.9</ele>
<speed>0.8220114</speed>
<time>2021-11-25T11:30:48</time>
</trkpt>
<trkpt lat="44.1041283333333" lon="5.26497666666667">
<ele>642.9</ele>
<speed>0.86318916</speed>
<time>2021-11-25T11:30:49</time>
</trkpt>
<trkpt lat="44.104125" lon="5.26496666666667">
<ele>642.9</ele>
<speed>0.90899944</speed>
<time>2021-11-25T11:30:50</time>
</trkpt>
<trkpt lat="44.1041233333333" lon="5.264955">
<ele>642.9</ele>
<speed>0.9609864</speed>
<time>2021-11-25T11:30:51</time>
</trkpt>
<trkpt lat="44.10412" lon="5.264945">
<ele>642.9</ele>
<speed>0.98106056</speed>
<time>2021-11-25T11:30:52</time>
</trkpt>
<trkpt lat="44.10411" lon="5.26491833333333">
<ele>642.9</ele>
<speed>1.0222384</speed>
<time>2021-11-25T11:30:54</time>
</trkpt>
<trkpt lat="44.104065" lon="5.26479333333333">
<ele>642.9</ele>
<speed>1.3171742</speed>
<time>2021-11-25T11:31:00</time>
</trkpt>
<trkpt lat="44.1040366666667" lon="5.26469166666667">
<ele>642.9</ele>
<speed>1.606448</speed>
<time>2021-11-25T11:31:03</time>
</trkpt>
<trkpt lat="44.104035" lon="5.26465666666667">
<ele>642.9</ele>
<speed>1.7593205</speed>
<time>2021-11-25T11:31:04</time>
</trkpt>
<trkpt lat="44.10402" lon="5.26455166666667">
<ele>642.9</ele>
<speed>2.2755868</speed>
<time>2021-11-25T11:31:07</time>
</trkpt>
<trkpt lat="44.1040083333333" lon="5.26452">
<ele>642.9</ele>
<speed>2.356913</speed>
<time>2021-11-25T11:31:08</time>
</trkpt>
<trkpt lat="44.1039783333333" lon="5.26446666666667">
<ele>647.5</ele>
<speed>2.348163</speed>
<time>2021-11-25T11:31:10</time>
</trkpt>
<trkpt lat="44.1039466666667" lon="5.26440833333333">
<ele>647.5</ele>
<speed>2.4397833</speed>
<time>2021-11-25T11:31:12</time>
</trkpt>
<trkpt lat="44.103915" lon="5.26435">
<ele>647.5</ele>
<speed>2.473755</speed>
<time>2021-11-25T11:31:14</time>
</trkpt>
<trkpt lat="44.1039016666667" lon="5.26432166666667">
<ele>647.5</ele>
<speed>2.4300036</speed>
<time>2021-11-25T11:31:15</time>
</trkpt>
<trkpt lat="44.103885" lon="5.264295">
<ele>647.5</ele>
<speed>2.4089</speed>
<time>2021-11-25T11:31:16</time>
</trkpt>
<trkpt lat="44.1038566666667" lon="5.26424666666667">
<ele>647.5</ele>
<speed>2.4444158</speed>
<time>2021-11-25T11:31:18</time>
</trkpt>
<trkpt lat="44.103845" lon="5.26422166666667">
<ele>646.8</ele>
<speed>2.4464748</speed>
<time>2021-11-25T11:31:19</time>
</trkpt>
<trkpt lat="44.103815" lon="5.26414833333333">
<ele>646.8</ele>
<speed>2.3476481</speed>
<time>2021-11-25T11:31:22</time>
</trkpt>
<trkpt lat="44.103775" lon="5.26407666666667">
<ele>646.8</ele>
<speed>2.3044114</speed>
<time>2021-11-25T11:31:25</time>
</trkpt>
<trkpt lat="44.1037333333333" lon="5.264005">
<ele>646.8</ele>
<speed>2.309044</speed>
<time>2021-11-25T11:31:28</time>
</trkpt>
<trkpt lat="44.1037133333333" lon="5.26394333333333">
<ele>642.6</ele>
<speed>2.3322065</speed>
<time>2021-11-25T11:31:30</time>
</trkpt>
<trkpt lat="44.1037083333333" lon="5.26390666666667">
<ele>642.6</ele>
<speed>2.4094148</speed>
<time>2021-11-25T11:31:31</time>
</trkpt>
<trkpt lat="44.1037016666667" lon="5.26387166666667">
<ele>642.6</ele>
<speed>2.3816197</speed>
<time>2021-11-25T11:31:32</time>
</trkpt>
<trkpt lat="44.103675" lon="5.26376">
<ele>642.6</ele>
<speed>2.4897113</speed>
<time>2021-11-25T11:31:35</time>
</trkpt>
<trkpt lat="44.1036783333333" lon="5.26370333333333">
<ele>642.6</ele>
<speed>2.368237</speed>
<time>2021-11-25T11:31:37</time>
</trkpt>
<trkpt lat="44.10368" lon="5.26367333333333">
<ele>642.6</ele>
<speed>2.2652924</speed>
<time>2021-11-25T11:31:38</time>
</trkpt>
<trkpt lat="44.1036766666667" lon="5.26364666666667">
<ele>636.6</ele>
<speed>2.2354386</speed>
<time>2021-11-25T11:31:39</time>
</trkpt>
<trkpt lat="44.1036716666667" lon="5.26362">
<ele>636.6</ele>
<speed>2.156686</speed>
<time>2021-11-25T11:31:40</time>
</trkpt>
<trkpt lat="44.10366" lon="5.26355833333333">
<ele>636.6</ele>
<speed>1.9605769</speed>
<time>2021-11-25T11:31:42</time>
</trkpt>
<trkpt lat="44.1036666666667" lon="5.26353833333333">
<ele>636.6</ele>
<speed>1.8025572</speed>
<time>2021-11-25T11:31:43</time>
</trkpt>
<trkpt lat="44.1036733333333" lon="5.26348833333333">
<ele>636.6</ele>
<speed>1.53799</speed>
<time>2021-11-25T11:31:45</time>
</trkpt>
<trkpt lat="44.1036716666667" lon="5.26345666666667">
<ele>636.6</ele>
<speed>1.4561492</speed>
<time>2021-11-25T11:31:46</time>
</trkpt>
<trkpt lat="44.10367" lon="5.26343666666667">
<ele>636.6</ele>
<speed>1.467473</speed>
<time>2021-11-25T11:31:47</time>
</trkpt>
<trkpt lat="44.1036583333333" lon="5.26340833333333">
<ele>636.6</ele>
<speed>1.4525461</speed>
<time>2021-11-25T11:31:48</time>
</trkpt>
<trkpt lat="44.1036516666667" lon="5.26337833333333">
<ele>630.86664</ele>
<speed>1.4365897</speed>
<time>2021-11-25T11:31:49</time>
</trkpt>
<trkpt lat="44.1036483333333" lon="5.26333833333333">
<ele>630.86664</ele>
<speed>1.3887205</speed>
<time>2021-11-25T11:31:50</time>
</trkpt>
<trkpt lat="44.1036433333333" lon="5.26329333333333">
<ele>630.86664</ele>
<speed>1.3830587</speed>
<time>2021-11-25T11:31:51</time>
</trkpt>
<trkpt lat="44.1036416666667" lon="5.26325833333333">
<ele>630.86664</ele>
<speed>1.443281</speed>
<time>2021-11-25T11:31:52</time>
</trkpt>
<trkpt lat="44.103645" lon="5.26321333333333">
<ele>630.86664</ele>
<speed>1.5683587</speed>
<time>2021-11-25T11:31:53</time>
</trkpt>
<trkpt lat="44.1036516666667" lon="5.26318333333333">
<ele>630.86664</ele>
<speed>1.6522583</speed>
<time>2021-11-25T11:31:54</time>
</trkpt>
<trkpt lat="44.10365" lon="5.263115">
<ele>630.86664</ele>
<speed>2.0377853</speed>
<time>2021-11-25T11:31:56</time>
</trkpt>
<trkpt lat="44.10364" lon="5.263055">
<ele>630.86664</ele>
<speed>2.3275738</speed>
<time>2021-11-25T11:31:57</time>
</trkpt>
<trkpt lat="44.10365" lon="5.26302">
<ele>630.86664</ele>
<speed>2.4675784</speed>
<time>2021-11-25T11:31:58</time>
</trkpt>
<trkpt lat="44.10367" lon="5.26299166666667">
<ele>619.1</ele>
<speed>2.6780996</speed>
<time>2021-11-25T11:31:59</time>
</trkpt>
<trkpt lat="44.1037066666667" lon="5.26291833333333">
<ele>619.1</ele>
<speed>3.0708327</speed>
<time>2021-11-25T11:32:01</time>
</trkpt>
<trkpt lat="44.1036966666667" lon="5.2629">
<ele>619.1</ele>
<speed>3.0301697</speed>
<time>2021-11-25T11:32:02</time>
</trkpt>
<trkpt lat="44.1036983333333" lon="5.26287166666667">
<ele>619.1</ele>
<speed>2.9714913</speed>
<time>2021-11-25T11:32:03</time>
</trkpt>
<trkpt lat="44.103705" lon="5.26284833333333">
<ele>619.1</ele>
<speed>2.963256</speed>
<time>2021-11-25T11:32:04</time>
</trkpt>
<trkpt lat="44.1037133333333" lon="5.26279166666667">
<ele>619.1</ele>
<speed>2.6564815</speed>
<time>2021-11-25T11:32:06</time>
</trkpt>
<trkpt lat="44.1037233333333" lon="5.26272666666667">
<ele>619.1</ele>
<speed>2.412503</speed>
<time>2021-11-25T11:32:08</time>
</trkpt>
<trkpt lat="44.1037133333333" lon="5.26266">
<ele>610.5</ele>
<speed>2.3646338</speed>
<time>2021-11-25T11:32:09</time>
</trkpt>
<trkpt lat="44.1037166666667" lon="5.26256666666667">
<ele>610.5</ele>
<speed>2.2761016</speed>
<time>2021-11-25T11:32:11</time>
</trkpt>
<trkpt lat="44.1037216666667" lon="5.26253833333333">
<ele>610.5</ele>
<speed>2.323456</speed>
<time>2021-11-25T11:32:12</time>
</trkpt>
<trkpt lat="44.1037066666667" lon="5.26248666666667">
<ele>610.5</ele>
<speed>2.3600013</speed>
<time>2021-11-25T11:32:13</time>
</trkpt>
<trkpt lat="44.1037066666667" lon="5.26245166666667">
<ele>610.5</ele>
<speed>2.410959</speed>
<time>2021-11-25T11:32:14</time>
</trkpt>
<trkpt lat="44.1037033333333" lon="5.262405">
<ele>610.5</ele>
<speed>2.5041237</speed>
<time>2021-11-25T11:32:15</time>
</trkpt>
<trkpt lat="44.10369" lon="5.26225333333333">
<ele>605.1</ele>
<speed>2.4819906</speed>
<time>2021-11-25T11:32:19</time>
</trkpt>
<trkpt lat="44.1036866666667" lon="5.262145">
<ele>605.1</ele>
<speed>2.3893406</speed>
<time>2021-11-25T11:32:22</time>
</trkpt>
<trkpt lat="44.10368" lon="5.262075">
<ele>605.1</ele>
<speed>2.377502</speed>
<time>2021-11-25T11:32:24</time>
</trkpt>
<trkpt lat="44.103685" lon="5.26201666666667">
<ele>605.1</ele>
<speed>2.3208826</speed>
<time>2021-11-25T11:32:26</time>
</trkpt>
<trkpt lat="44.1036916666667" lon="5.26196166666667">
<ele>605.1</ele>
<speed>2.219997</speed>
<time>2021-11-25T11:32:28</time>
</trkpt>
<trkpt lat="44.1036916666667" lon="5.26194166666667">
<ele>603.1</ele>
<speed>2.1227145</speed>
<time>2021-11-25T11:32:29</time>
</trkpt>
<trkpt lat="44.103695" lon="5.26190333333333">
<ele>603.1</ele>
<speed>1.9111636</speed>
<time>2021-11-25T11:32:31</time>
</trkpt>
<trkpt lat="44.1036966666667" lon="5.26187666666667">
<ele>603.1</ele>
<speed>1.8977808</speed>
<time>2021-11-25T11:32:32</time>
</trkpt>
<trkpt lat="44.103695" lon="5.261845">
<ele>603.1</ele>
<speed>1.8360142</speed>
<time>2021-11-25T11:32:33</time>
</trkpt>
<trkpt lat="44.1036983333333" lon="5.26181666666667">
<ele>603.1</ele>
<speed>1.8293228</speed>
<time>2021-11-25T11:32:34</time>
</trkpt>
<trkpt lat="44.1037016666667" lon="5.26174166666667">
<ele>603.1</ele>
<speed>1.849397</speed>
<time>2021-11-25T11:32:36</time>
</trkpt>
<trkpt lat="44.1037" lon="5.26168333333333">
<ele>603.1</ele>
<speed>1.8540294</speed>
<time>2021-11-25T11:32:38</time>
</trkpt>
<trkpt lat="44.1036933333333" lon="5.26163333333333">
<ele>598.9</ele>
<speed>1.840132</speed>
<time>2021-11-25T11:32:40</time>
</trkpt>
<trkpt lat="44.1036833333333" lon="5.26161">
<ele>598.9</ele>
<speed>1.856603</speed>
<time>2021-11-25T11:32:41</time>
</trkpt>
<trkpt lat="44.1036716666667" lon="5.26158166666667">
<ele>598.9</ele>
<speed>1.8643239</speed>
<time>2021-11-25T11:32:42</time>
</trkpt>
<trkpt lat="44.1035916666667" lon="5.26142833333333">
<ele>598.9</ele>
<speed>1.9739597</speed>
<time>2021-11-25T11:32:46</time>
</trkpt>
<trkpt lat="44.1035583333333" lon="5.26131666666667">
<ele>596.7</ele>
<speed>1.9626359</speed>
<time>2021-11-25T11:32:49</time>
</trkpt>
<trkpt lat="44.1035516666667" lon="5.26128">
<ele>596.7</ele>
<speed>2.0238879</speed>
<time>2021-11-25T11:32:50</time>
</trkpt>
<trkpt lat="44.1035466666667" lon="5.26124333333333">
<ele>596.7</ele>
<speed>2.0897722</speed>
<time>2021-11-25T11:32:51</time>
</trkpt>
<trkpt lat="44.10353" lon="5.26121166666667">
<ele>596.7</ele>
<speed>2.0964637</speed>
<time>2021-11-25T11:32:52</time>
</trkpt>
<trkpt lat="44.1035183333333" lon="5.26117833333333">
<ele>596.7</ele>
<speed>2.053227</speed>
<time>2021-11-25T11:32:53</time>
</trkpt>
<trkpt lat="44.1034783333333" lon="5.26106666666667">
<ele>596.7</ele>
<speed>2.1963198</speed>
<time>2021-11-25T11:32:56</time>
</trkpt>
<trkpt lat="44.10346" lon="5.26103666666667">
<ele>596.7</ele>
<speed>2.2719839</speed>
<time>2021-11-25T11:32:57</time>
</trkpt>
<trkpt lat="44.1034433333333" lon="5.26101166666667">
<ele>596.7</ele>
<speed>2.3522806</speed>
<time>2021-11-25T11:32:58</time>
</trkpt>
<trkpt lat="44.103425" lon="5.26098166666667">
<ele>596.5</ele>
<speed>2.4428716</speed>
<time>2021-11-25T11:32:59</time>
</trkpt>
<trkpt lat="44.10341" lon="5.26095833333333">
<ele>596.5</ele>
<speed>2.4490483</speed>
<time>2021-11-25T11:33:00</time>
</trkpt>
<trkpt lat="44.1033783333333" lon="5.260905">
<ele>596.5</ele>
<speed>2.497947</speed>
<time>2021-11-25T11:33:02</time>
</trkpt>
<trkpt lat="44.1033566666667" lon="5.26087666666667">
<ele>596.5</ele>
<speed>2.4614017</speed>
<time>2021-11-25T11:33:03</time>
</trkpt>
<trkpt lat="44.1033066666667" lon="5.26084833333333">
<ele>596.5</ele>
<speed>2.3445597</speed>
<time>2021-11-25T11:33:05</time>
</trkpt>
<trkpt lat="44.1032266666667" lon="5.26081333333333">
<ele>598.1</ele>
<speed>2.067639</speed>
<time>2021-11-25T11:33:09</time>
</trkpt>
<trkpt lat="44.1031833333333" lon="5.26079166666667">
<ele>598.1</ele>
<speed>2.0043283</speed>
<time>2021-11-25T11:33:11</time>
</trkpt>
<trkpt lat="44.1031616666667" lon="5.26078833333333">
<ele>598.1</ele>
<speed>1.8612355</speed>
<time>2021-11-25T11:33:12</time>
</trkpt>
<trkpt lat="44.10311" lon="5.26078333333333">
<ele>598.1</ele>
<speed>1.7464525</speed>
<time>2021-11-25T11:33:14</time>
</trkpt>
<trkpt lat="44.10307" lon="5.26078333333333">
<ele>598.1</ele>
<speed>1.8519706</speed>
<time>2021-11-25T11:33:15</time>
</trkpt>
<trkpt lat="44.1029933333333" lon="5.26081166666667">
<ele>598.1</ele>
<speed>2.1211703</speed>
<time>2021-11-25T11:33:18</time>
</trkpt>
<trkpt lat="44.1029716666667" lon="5.260825">
<ele>599.2</ele>
<speed>2.2055848</speed>
<time>2021-11-25T11:33:19</time>
</trkpt>
<trkpt lat="44.1029166666667" lon="5.260845">
<ele>599.2</ele>
<speed>2.434636</speed>
<time>2021-11-25T11:33:21</time>
</trkpt>
<trkpt lat="44.1028766666667" lon="5.26087666666667">
<ele>599.2</ele>
<speed>2.721851</speed>
<time>2021-11-25T11:33:23</time>
</trkpt>
<trkpt lat="44.1028566666667" lon="5.26088333333333">
<ele>599.2</ele>
<speed>2.7408957</speed>
<time>2021-11-25T11:33:24</time>
</trkpt>
<trkpt lat="44.102835" lon="5.260895">
<ele>599.2</ele>
<speed>2.6678052</speed>
<time>2021-11-25T11:33:25</time>
</trkpt>
<trkpt lat="44.10281" lon="5.26094833333333">
<ele>599.2</ele>
<speed>2.5921412</speed>
<time>2021-11-25T11:33:27</time>
</trkpt>
<trkpt lat="44.1027866666667" lon="5.26097166666667">
<ele>599.2</ele>
<speed>2.6400104</speed>
<time>2021-11-25T11:33:28</time>
</trkpt>
<trkpt lat="44.10276" lon="5.26098833333333">
<ele>598.56665</ele>
<speed>2.636922</speed>
<time>2021-11-25T11:33:29</time>
</trkpt>
<trkpt lat="44.1027366666667" lon="5.26100333333333">
<ele>598.56665</ele>
<speed>2.5983179</speed>
<time>2021-11-25T11:33:30</time>
</trkpt>
<trkpt lat="44.102715" lon="5.26101166666667">
<ele>598.56665</ele>
<speed>2.5154476</speed>
<time>2021-11-25T11:33:31</time>
</trkpt>
<trkpt lat="44.1026683333333" lon="5.26102">
<ele>598.56665</ele>
<speed>2.3991203</speed>
<time>2021-11-25T11:33:33</time>
</trkpt>
<trkpt lat="44.1026083333333" lon="5.26100666666667">
<ele>598.56665</ele>
<speed>2.2874255</speed>
<time>2021-11-25T11:33:35</time>
</trkpt>
<trkpt lat="44.1025683333333" lon="5.26099666666667">
<ele>598.56665</ele>
<speed>2.0542564</speed>
<time>2021-11-25T11:33:37</time>
</trkpt>
<trkpt lat="44.1024916666667" lon="5.26099166666667">
<ele>596.2</ele>
<speed>1.8288081</speed>
<time>2021-11-25T11:33:40</time>
</trkpt>
<trkpt lat="44.102455" lon="5.26097">
<ele>596.2</ele>
<speed>1.8082192</speed>
<time>2021-11-25T11:33:42</time>
</trkpt>
<trkpt lat="44.10244" lon="5.26095833333333">
<ele>596.2</ele>
<speed>1.7727033</speed>
<time>2021-11-25T11:33:43</time>
</trkpt>
<trkpt lat="44.1024333333333" lon="5.26095666666667">
<ele>596.2</ele>
<speed>1.7953511</speed>
<time>2021-11-25T11:33:44</time>
</trkpt>
<trkpt lat="44.1024166666667" lon="5.26094666666667">
<ele>596.2</ele>
<speed>1.8143958</speed>
<time>2021-11-25T11:33:45</time>
</trkpt>
<trkpt lat="44.1023683333333" lon="5.26092666666667">
<ele>596.2</ele>
<speed>2.134553</speed>
<time>2021-11-25T11:33:47</time>
</trkpt>
<trkpt lat="44.1023483333333" lon="5.26092666666667">
<ele>596.2</ele>
<speed>2.1911726</speed>
<time>2021-11-25T11:33:48</time>
</trkpt>
<trkpt lat="44.1022533333333" lon="5.26082166666667">
<ele>595.0333</ele>
<speed>2.4176502</speed>
<time>2021-11-25T11:33:53</time>
</trkpt>
<trkpt lat="44.1022316666667" lon="5.26081">
<ele>595.0333</ele>
<speed>2.4073558</speed>
<time>2021-11-25T11:33:54</time>
</trkpt>
<trkpt lat="44.1022016666667" lon="5.26080166666667">
<ele>595.0333</ele>
<speed>2.5139034</speed>
<time>2021-11-25T11:33:55</time>
</trkpt>
<trkpt lat="44.1021783333333" lon="5.26078666666667">
<ele>595.0333</ele>
<speed>2.5715523</speed>
<time>2021-11-25T11:33:56</time>
</trkpt>
<trkpt lat="44.102065" lon="5.26073">
<ele>595.3333</ele>
<speed>2.4861083</speed>
<time>2021-11-25T11:34:01</time>
</trkpt>
<trkpt lat="44.10201" lon="5.260685">
<ele>595.3333</ele>
<speed>2.1376414</speed>
<time>2021-11-25T11:34:05</time>
</trkpt>
<trkpt lat="44.10199" lon="5.26068333333333">
<ele>595.3333</ele>
<speed>2.012564</speed>
<time>2021-11-25T11:34:06</time>
</trkpt>
<trkpt lat="44.1019466666667" lon="5.260665">
<ele>595.9</ele>
<speed>1.8051308</speed>
<time>2021-11-25T11:34:09</time>
</trkpt>
<trkpt lat="44.1019433333333" lon="5.26066666666667">
<ele>595.9</ele>
<speed>1.6224045</speed>
<time>2021-11-25T11:34:10</time>
</trkpt>
<trkpt lat="44.1019466666667" lon="5.260665">
<ele>595.9</ele>
<speed>1.395412</speed>
<time>2021-11-25T11:34:11</time>
</trkpt>
<trkpt lat="44.1019416666667" lon="5.26066166666667">
<ele>595.9</ele>
<speed>1.0865786</speed>
<time>2021-11-25T11:34:13</time>
</trkpt>
<trkpt lat="44.1019283333333" lon="5.26066666666667">
<ele>595.9</ele>
<speed>1.013488</speed>
<time>2021-11-25T11:34:14</time>
</trkpt>
<trkpt lat="44.101895" lon="5.26067666666667">
<ele>595.9</ele>
<speed>1.0170912</speed>
<time>2021-11-25T11:34:15</time>
</trkpt>
<trkpt lat="44.1018583333333" lon="5.260675">
<ele>595.9</ele>
<speed>0.8667922</speed>
<time>2021-11-25T11:34:17</time>
</trkpt>
<trkpt lat="44.1017666666667" lon="5.26063">
<ele>595.3333</ele>
<speed>1.3001883</speed>
<time>2021-11-25T11:34:22</time>
</trkpt>
<trkpt lat="44.10173" lon="5.26061166666667">
<ele>595.3333</ele>
<speed>1.5487992</speed>
<time>2021-11-25T11:34:24</time>
</trkpt>
<trkpt lat="44.101705" lon="5.26059333333333">
<ele>595.3333</ele>
<speed>1.6630675</speed>
<time>2021-11-25T11:34:25</time>
</trkpt>
<trkpt lat="44.1016683333333" lon="5.26056333333333">
<ele>595.3333</ele>
<speed>1.7469672</speed>
<time>2021-11-25T11:34:27</time>
</trkpt>
<trkpt lat="44.1016166666667" lon="5.260525">
<ele>596.6</ele>
<speed>1.8828539</speed>
<time>2021-11-25T11:34:29</time>
</trkpt>
<trkpt lat="44.1015733333333" lon="5.26050666666667">
<ele>596.6</ele>
<speed>1.8962367</speed>
<time>2021-11-25T11:34:31</time>
</trkpt>
<trkpt lat="44.1015133333333" lon="5.26048166666667">
<ele>596.6</ele>
<speed>2.127347</speed>
<time>2021-11-25T11:34:33</time>
</trkpt>
<trkpt lat="44.1012883333333" lon="5.2604">
<ele>595.7</ele>
<speed>2.4778728</speed>
<time>2021-11-25T11:34:41</time>
</trkpt>
<trkpt lat="44.1011916666667" lon="5.26032666666667">
<ele>595.7</ele>
<speed>2.8870769</speed>
<time>2021-11-25T11:34:44</time>
</trkpt>
<trkpt lat="44.1008033333333" lon="5.26018333333333">
<ele>596.1</ele>
<speed>2.2431595</speed>
<time>2021-11-25T11:35:01</time>
</trkpt>
<trkpt lat="44.1007566666667" lon="5.26016833333333">
<ele>596.1</ele>
<speed>2.2462478</speed>
<time>2021-11-25T11:35:03</time>
</trkpt>
<trkpt lat="44.1007233333333" lon="5.26015333333333">
<ele>596.1</ele>
<speed>2.16801</speed>
<time>2021-11-25T11:35:05</time>
</trkpt>
<trkpt lat="44.10062" lon="5.26017666666667">
<ele>598.36664</ele>
<speed>1.6388756</speed>
<time>2021-11-25T11:35:10</time>
</trkpt>
<trkpt lat="44.1005633333333" lon="5.26017666666667">
<ele>598.36664</ele>
<speed>1.4813706</speed>
<time>2021-11-25T11:35:12</time>
</trkpt>
<trkpt lat="44.1004916666667" lon="5.26017666666667">
<ele>598.36664</ele>
<speed>1.5065919</speed>
<time>2021-11-25T11:35:15</time>
</trkpt>
<trkpt lat="44.100475" lon="5.260175">
<ele>598.36664</ele>
<speed>1.5446814</speed>
<time>2021-11-25T11:35:16</time>
</trkpt>
<trkpt lat="44.1004266666667" lon="5.260155">
<ele>598.36664</ele>
<speed>1.6131394</speed>
<time>2021-11-25T11:35:18</time>
</trkpt>
<trkpt lat="44.1003666666667" lon="5.26016">
<ele>600.2</ele>
<speed>1.6574056</speed>
<time>2021-11-25T11:35:20</time>
</trkpt>
<trkpt lat="44.1002916666667" lon="5.26014333333333">
<ele>600.2</ele>
<speed>1.7006422</speed>
<time>2021-11-25T11:35:24</time>
</trkpt>
<trkpt lat="44.1002683333333" lon="5.26014333333333">
<ele>600.2</ele>
<speed>1.7634383</speed>
<time>2021-11-25T11:35:25</time>
</trkpt>
<trkpt lat="44.1001766666667" lon="5.26013833333333">
<ele>601.7</ele>
<speed>2.1391857</speed>
<time>2021-11-25T11:35:29</time>
</trkpt>
<trkpt lat="44.100085" lon="5.260115">
<ele>601.7</ele>
<speed>2.551993</speed>
<time>2021-11-25T11:35:32</time>
</trkpt>
<trkpt lat="44.10003" lon="5.26008666666667">
<ele>601.7</ele>
<speed>2.7414105</speed>
<time>2021-11-25T11:35:35</time>
</trkpt>
<trkpt lat="44.1000066666667" lon="5.26006666666667">
<ele>601.7</ele>
<speed>2.85362</speed>
<time>2021-11-25T11:35:36</time>
</trkpt>
<trkpt lat="44.099935" lon="5.26002666666667">
<ele>598.0333</ele>
<speed>2.8752384</speed>
<time>2021-11-25T11:35:39</time>
</trkpt>
<trkpt lat="44.0998733333333" lon="5.26001">
<ele>598.0333</ele>
<speed>2.5231683</speed>
<time>2021-11-25T11:35:42</time>
</trkpt>
<trkpt lat="44.09984" lon="5.259995">
<ele>598.0333</ele>
<speed>2.4475043</speed>
<time>2021-11-25T11:35:44</time>
</trkpt>
<trkpt lat="44.09979" lon="5.25996833333333">
<ele>598.0333</ele>
<speed>2.1371267</speed>
<time>2021-11-25T11:35:47</time>
</trkpt>
<trkpt lat="44.0997816666667" lon="5.25996666666667">
<ele>598.0333</ele>
<speed>1.9821953</speed>
<time>2021-11-25T11:35:48</time>
</trkpt>
<trkpt lat="44.09974" lon="5.25994166666667">
<ele>595.3</ele>
<speed>1.8828539</speed>
<time>2021-11-25T11:35:50</time>
</trkpt>
<trkpt lat="44.099715" lon="5.25993166666667">
<ele>595.3</ele>
<speed>1.921458</speed>
<time>2021-11-25T11:35:51</time>
</trkpt>
<trkpt lat="44.0995966666667" lon="5.25993">
<ele>595.3</ele>
<speed>2.2776458</speed>
<time>2021-11-25T11:35:54</time>
</trkpt>
<trkpt lat="44.0995283333333" lon="5.25995">
<ele>595.3</ele>
<speed>2.4377244</speed>
<time>2021-11-25T11:35:56</time>
</trkpt>
<trkpt lat="44.0994133333333" lon="5.25996">
<ele>591.4</ele>
<speed>2.9339166</speed>
<time>2021-11-25T11:36:00</time>
</trkpt>
<trkpt lat="44.0993933333333" lon="5.25994833333333">
<ele>591.4</ele>
<speed>2.8947978</speed>
<time>2021-11-25T11:36:01</time>
</trkpt>
<trkpt lat="44.099345" lon="5.25995">
<ele>591.4</ele>
<speed>2.7583964</speed>
<time>2021-11-25T11:36:02</time>
</trkpt>
<trkpt lat="44.0993233333333" lon="5.25995">
<ele>591.4</ele>
<speed>2.5730963</speed>
<time>2021-11-25T11:36:03</time>
</trkpt>
<trkpt lat="44.0993166666667" lon="5.25993833333333">
<ele>591.4</ele>
<speed>2.366178</speed>
<time>2021-11-25T11:36:04</time>
</trkpt>
<trkpt lat="44.099295" lon="5.25993666666667">
<ele>591.4</ele>
<speed>2.2246294</speed>
<time>2021-11-25T11:36:05</time>
</trkpt>
<trkpt lat="44.09928" lon="5.25992833333333">
<ele>591.4</ele>
<speed>2.0727863</speed>
<time>2021-11-25T11:36:06</time>
</trkpt>
<trkpt lat="44.0992616666667" lon="5.25992">
<ele>591.4</ele>
<speed>1.939988</speed>
<time>2021-11-25T11:36:07</time>
</trkpt>
<trkpt lat="44.099215" lon="5.25988166666667">
<ele>584.3</ele>
<speed>1.7896892</speed>
<time>2021-11-25T11:36:09</time>
</trkpt>
<trkpt lat="44.099135" lon="5.259805">
<ele>584.3</ele>
<speed>1.9296936</speed>
<time>2021-11-25T11:36:13</time>
</trkpt>
<trkpt lat="44.099115" lon="5.259785">
<ele>584.3</ele>
<speed>1.9945486</speed>
<time>2021-11-25T11:36:14</time>
</trkpt>
<trkpt lat="44.0990616666667" lon="5.259775">
<ele>584.3</ele>
<speed>2.076904</speed>
<time>2021-11-25T11:36:15</time>
</trkpt>
<trkpt lat="44.09901" lon="5.25973833333333">
<ele>584.3</ele>
<speed>2.2822783</speed>
<time>2021-11-25T11:36:17</time>
</trkpt>
<trkpt lat="44.098985" lon="5.25971666666667">
<ele>584.3</ele>
<speed>2.3316917</speed>
<time>2021-11-25T11:36:18</time>
</trkpt>
<trkpt lat="44.0989316666667" lon="5.25967833333333">
<ele>582.7</ele>
<speed>2.4269152</speed>
<time>2021-11-25T11:36:20</time>
</trkpt>
<trkpt lat="44.098905" lon="5.25966333333333">
<ele>582.7</ele>
<speed>2.4207387</speed>
<time>2021-11-25T11:36:21</time>
</trkpt>
<trkpt lat="44.0988266666667" lon="5.25965833333333">
<ele>582.7</ele>
<speed>2.5684638</speed>
<time>2021-11-25T11:36:23</time>
</trkpt>
<trkpt lat="44.0987716666667" lon="5.25964833333333">
<ele>582.7</ele>
<speed>2.696115</speed>
<time>2021-11-25T11:36:25</time>
</trkpt>
<trkpt lat="44.09866" lon="5.25965666666667">
<ele>579.4</ele>
<speed>2.573611</speed>
<time>2021-11-25T11:36:29</time>
</trkpt>
<trkpt lat="44.098635" lon="5.25965666666667">
<ele>579.4</ele>
<speed>2.547875</speed>
<time>2021-11-25T11:36:30</time>
</trkpt>
<trkpt lat="44.09861" lon="5.25964833333333">
<ele>579.4</ele>
<speed>2.4819906</speed>
<time>2021-11-25T11:36:31</time>
</trkpt>
<trkpt lat="44.0985533333333" lon="5.259625">
<ele>579.4</ele>
<speed>2.5689785</speed>
<time>2021-11-25T11:36:33</time>
</trkpt>
<trkpt lat="44.0985033333333" lon="5.25960333333333">
<ele>579.4</ele>
<speed>2.5231683</speed>
<time>2021-11-25T11:36:35</time>
</trkpt>
<trkpt lat="44.0984816666667" lon="5.25959666666667">
<ele>579.4</ele>
<speed>2.4891968</speed>
<time>2021-11-25T11:36:36</time>
</trkpt>
<trkpt lat="44.0984583333333" lon="5.25958333333333">
<ele>579.4</ele>
<speed>2.5000057</speed>
<time>2021-11-25T11:36:37</time>
</trkpt>
<trkpt lat="44.0984166666667" lon="5.25956166666667">
<ele>576.6</ele>
<speed>2.5288303</speed>
<time>2021-11-25T11:36:39</time>
</trkpt>
<trkpt lat="44.0983966666667" lon="5.25954333333333">
<ele>576.6</ele>
<speed>2.4927998</speed>
<time>2021-11-25T11:36:40</time>
</trkpt>
<trkpt lat="44.0983416666667" lon="5.25950833333333">
<ele>576.6</ele>
<speed>2.4917703</speed>
<time>2021-11-25T11:36:42</time>
</trkpt>
<trkpt lat="44.098235" lon="5.25944333333333">
<ele>576.6</ele>
<speed>2.26066</speed>
<time>2021-11-25T11:36:47</time>
</trkpt>
<trkpt lat="44.0981583333333" lon="5.25939833333333">
<ele>574.2</ele>
<speed>2.325515</speed>
<time>2021-11-25T11:36:50</time>
</trkpt>
<trkpt lat="44.09811" lon="5.25937333333333">
<ele>574.2</ele>
<speed>2.5159621</speed>
<time>2021-11-25T11:36:52</time>
</trkpt>
<trkpt lat="44.0980666666667" lon="5.259345">
<ele>574.2</ele>
<speed>2.5911117</speed>
<time>2021-11-25T11:36:54</time>
</trkpt>
<trkpt lat="44.0980383333333" lon="5.25932166666667">
<ele>574.2</ele>
<speed>2.7393517</speed>
<time>2021-11-25T11:36:55</time>
</trkpt>
<trkpt lat="44.0979583333333" lon="5.25923166666667">
<ele>574.2</ele>
<speed>3.2530444</speed>
<time>2021-11-25T11:36:58</time>
</trkpt>
<trkpt lat="44.0978416666667" lon="5.25921666666667">
<ele>572.5</ele>
<speed>2.7156744</speed>
<time>2021-11-25T11:37:03</time>
</trkpt>
<trkpt lat="44.0977633333333" lon="5.25921">
<ele>572.5</ele>
<speed>2.5149329</speed>
<time>2021-11-25T11:37:06</time>
</trkpt>
<trkpt lat="44.0976866666667" lon="5.259185">
<ele>570.0</ele>
<speed>2.251395</speed>
<time>2021-11-25T11:37:09</time>
</trkpt>
<trkpt lat="44.097645" lon="5.25918">
<ele>570.0</ele>
<speed>2.210732</speed>
<time>2021-11-25T11:37:11</time>
</trkpt>
<trkpt lat="44.0976233333333" lon="5.259175">
<ele>570.0</ele>
<speed>2.2426448</speed>
<time>2021-11-25T11:37:12</time>
</trkpt>
<trkpt lat="44.097555" lon="5.25918833333333">
<ele>570.0</ele>
<speed>2.2416153</speed>
<time>2021-11-25T11:37:15</time>
</trkpt>
<trkpt lat="44.0975316666667" lon="5.25920333333333">
<ele>570.0</ele>
<speed>2.0171964</speed>
<time>2021-11-25T11:37:16</time>
</trkpt>
<trkpt lat="44.0975033333333" lon="5.25919833333333">
<ele>570.0</ele>
<speed>1.9322672</speed>
<time>2021-11-25T11:37:17</time>
</trkpt>
<trkpt lat="44.09748" lon="5.25918833333333">
<ele>570.0</ele>
<speed>1.8988103</speed>
<time>2021-11-25T11:37:18</time>
</trkpt>
<trkpt lat="44.097455" lon="5.25917666666667">
<ele>570.7</ele>
<speed>1.9914603</speed>
<time>2021-11-25T11:37:19</time>
</trkpt>
<trkpt lat="44.0974016666667" lon="5.259175">
<ele>570.7</ele>
<speed>2.1170526</speed>
<time>2021-11-25T11:37:21</time>
</trkpt>
<trkpt lat="44.09737" lon="5.25917">
<ele>570.7</ele>
<speed>2.2447035</speed>
<time>2021-11-25T11:37:22</time>
</trkpt>
<trkpt lat="44.0973566666667" lon="5.25916833333333">
<ele>570.7</ele>
<speed>2.225659</speed>
<time>2021-11-25T11:37:23</time>
</trkpt>
<trkpt lat="44.0973366666667" lon="5.25914833333333">
<ele>570.7</ele>
<speed>2.3301475</speed>
<time>2021-11-25T11:37:24</time>
</trkpt>
<trkpt lat="44.0973" lon="5.25911833333333">
<ele>570.7</ele>
<speed>2.4284594</speed>
<time>2021-11-25T11:37:26</time>
</trkpt>
<trkpt lat="44.0972416666667" lon="5.25910833333333">
<ele>567.5333</ele>
<speed>2.3553689</speed>
<time>2021-11-25T11:37:29</time>
</trkpt>
<trkpt lat="44.09718" lon="5.25907666666667">
<ele>567.5333</ele>
<speed>2.0527122</speed>
<time>2021-11-25T11:37:32</time>
</trkpt>
<trkpt lat="44.0971616666667" lon="5.259075">
<ele>567.5333</ele>
<speed>2.0074167</speed>
<time>2021-11-25T11:37:33</time>
</trkpt>
<trkpt lat="44.0970783333333" lon="5.25905666666667">
<ele>567.5333</ele>
<speed>1.9127078</speed>
<time>2021-11-25T11:37:36</time>
</trkpt>
<trkpt lat="44.09701" lon="5.259055">
<ele>567.5333</ele>
<speed>2.2879403</speed>
<time>2021-11-25T11:37:38</time>
</trkpt>
<trkpt lat="44.096955" lon="5.25907">
<ele>561.73334</ele>
<speed>2.2575717</speed>
<time>2021-11-25T11:37:40</time>
</trkpt>
<trkpt lat="44.0968883333333" lon="5.259055">
<ele>561.73334</ele>
<speed>2.4593427</speed>
<time>2021-11-25T11:37:42</time>
</trkpt>
<trkpt lat="44.09687" lon="5.25903666666667">
<ele>561.73334</ele>
<speed>2.64979</speed>
<time>2021-11-25T11:37:43</time>
</trkpt>
<trkpt lat="44.0968416666667" lon="5.25901333333333">
<ele>561.73334</ele>
<speed>2.7203069</speed>
<time>2021-11-25T11:37:44</time>
</trkpt>
<trkpt lat="44.0968166666667" lon="5.25899666666667">
<ele>561.73334</ele>
<speed>2.9318578</speed>
<time>2021-11-25T11:37:45</time>
</trkpt>
<trkpt lat="44.0967616666667" lon="5.25897666666667">
<ele>561.73334</ele>
<speed>2.7985446</speed>
<time>2021-11-25T11:37:47</time>
</trkpt>
<trkpt lat="44.0967583333333" lon="5.25896166666667">
<ele>561.73334</ele>
<speed>2.5839055</speed>
<time>2021-11-25T11:37:48</time>
</trkpt>
<trkpt lat="44.09674" lon="5.258955">
<ele>550.0</ele>
<speed>2.5061824</speed>
<time>2021-11-25T11:37:49</time>
</trkpt>
<trkpt lat="44.0967116666667" lon="5.258945">
<ele>550.0</ele>
<speed>2.5576546</speed>
<time>2021-11-25T11:37:50</time>
</trkpt>
<trkpt lat="44.0966866666667" lon="5.25894333333333">
<ele>550.0</ele>
<speed>2.6075828</speed>
<time>2021-11-25T11:37:51</time>
</trkpt>
<trkpt lat="44.0966283333333" lon="5.25893666666667">
<ele>550.0</ele>
<speed>2.5983179</speed>
<time>2021-11-25T11:37:53</time>
</trkpt>
<trkpt lat="44.0965933333333" lon="5.25893166666667">
<ele>550.0</ele>
<speed>2.5803025</speed>
<time>2021-11-25T11:37:54</time>
</trkpt>
<trkpt lat="44.096575" lon="5.25892166666667">
<ele>550.0</ele>
<speed>2.3296328</speed>
<time>2021-11-25T11:37:55</time>
</trkpt>
<trkpt lat="44.096515" lon="5.25888833333333">
<ele>550.0</ele>
<speed>2.1988933</speed>
<time>2021-11-25T11:37:57</time>
</trkpt>
<trkpt lat="44.0964783333333" lon="5.25887">
<ele>548.3333</ele>
<speed>2.2411005</speed>
<time>2021-11-25T11:37:59</time>
</trkpt>
<trkpt lat="44.096395" lon="5.25882">
<ele>548.3333</ele>
<speed>2.6055238</speed>
<time>2021-11-25T11:38:02</time>
</trkpt>
<trkpt lat="44.096375" lon="5.25881166666667">
<ele>548.3333</ele>
<speed>2.4778728</speed>
<time>2021-11-25T11:38:03</time>
</trkpt>
<trkpt lat="44.0962933333333" lon="5.25877666666667">
<ele>548.3333</ele>
<speed>2.814501</speed>
<time>2021-11-25T11:38:06</time>
</trkpt>
<trkpt lat="44.0962583333333" lon="5.25876833333333">
<ele>548.3333</ele>
<speed>2.837149</speed>
<time>2021-11-25T11:38:07</time>
</trkpt>
<trkpt lat="44.0961983333333" lon="5.25874333333333">
<ele>551.3333</ele>
<speed>3.0749505</speed>
<time>2021-11-25T11:38:09</time>
</trkpt>
<trkpt lat="44.0961783333333" lon="5.25872833333333">
<ele>551.3333</ele>
<speed>3.0538468</speed>
<time>2021-11-25T11:38:10</time>
</trkpt>
<trkpt lat="44.0961266666667" lon="5.25870166666667">
<ele>551.3333</ele>
<speed>2.625598</speed>
<time>2021-11-25T11:38:12</time>
</trkpt>
<trkpt lat="44.0961" lon="5.25868">
<ele>551.3333</ele>
<speed>2.7496462</speed>
<time>2021-11-25T11:38:13</time>
</trkpt>
<trkpt lat="44.0960666666667" lon="5.25868166666667">
<ele>551.3333</ele>
<speed>2.7522197</speed>
<time>2021-11-25T11:38:14</time>
</trkpt>
<trkpt lat="44.09605" lon="5.25866833333333">
<ele>551.3333</ele>
<speed>2.8361194</speed>
<time>2021-11-25T11:38:15</time>
</trkpt>
<trkpt lat="44.0960133333333" lon="5.258665">
<ele>551.3333</ele>
<speed>2.7213364</speed>
<time>2021-11-25T11:38:16</time>
</trkpt>
<trkpt lat="44.0959733333333" lon="5.25866333333333">
<ele>551.3333</ele>
<speed>2.736778</speed>
<time>2021-11-25T11:38:17</time>
</trkpt>
<trkpt lat="44.0959466666667" lon="5.25864833333333">
<ele>551.3333</ele>
<speed>2.6194215</speed>
<time>2021-11-25T11:38:18</time>
</trkpt>
<trkpt lat="44.0959233333333" lon="5.25861833333333">
<ele>553.26666</ele>
<speed>2.6919973</speed>
<time>2021-11-25T11:38:19</time>
</trkpt>
<trkpt lat="44.09589" lon="5.2586">
<ele>553.26666</ele>
<speed>2.8242807</speed>
<time>2021-11-25T11:38:20</time>
</trkpt>
<trkpt lat="44.09581" lon="5.25854166666667">
<ele>553.26666</ele>
<speed>3.0698032</speed>
<time>2021-11-25T11:38:23</time>
</trkpt>
<trkpt lat="44.0957766666667" lon="5.25853">
<ele>553.26666</ele>
<speed>3.2695155</speed>
<time>2021-11-25T11:38:24</time>
</trkpt>
<trkpt lat="44.0957283333333" lon="5.25850666666667">
<ele>553.26666</ele>
<speed>3.126423</speed>
<time>2021-11-25T11:38:26</time>
</trkpt>
<trkpt lat="44.095715" lon="5.258495">
<ele>553.26666</ele>
<speed>3.009066</speed>
<time>2021-11-25T11:38:27</time>
</trkpt>
<trkpt lat="44.0956816666667" lon="5.25847166666667">
<ele>553.7</ele>
<speed>2.7892797</speed>
<time>2021-11-25T11:38:29</time>
</trkpt>
<trkpt lat="44.0956483333333" lon="5.25847333333333">
<ele>553.7</ele>
<speed>2.7069242</speed>
<time>2021-11-25T11:38:30</time>
</trkpt>
<trkpt lat="44.0956166666667" lon="5.25845333333333">
<ele>553.7</ele>
<speed>2.676041</speed>
<time>2021-11-25T11:38:31</time>
</trkpt>
<trkpt lat="44.095595" lon="5.25844">
<ele>553.7</ele>
<speed>2.70538</speed>
<time>2021-11-25T11:38:32</time>
</trkpt>
<trkpt lat="44.0955366666667" lon="5.25842333333333">
<ele>553.7</ele>
<speed>2.309044</speed>
<time>2021-11-25T11:38:34</time>
</trkpt>
<trkpt lat="44.0955133333333" lon="5.25841666666667">
<ele>553.7</ele>
<speed>2.121685</speed>
<time>2021-11-25T11:38:35</time>
</trkpt>
<trkpt lat="44.0954583333333" lon="5.25841666666667">
<ele>553.7</ele>
<speed>2.171613</speed>
<time>2021-11-25T11:38:38</time>
</trkpt>
<trkpt lat="44.0954" lon="5.25841333333333">
<ele>549.9</ele>
<speed>2.2040405</speed>
<time>2021-11-25T11:38:41</time>
</trkpt>
<trkpt lat="44.0953833333333" lon="5.25841166666667">
<ele>549.9</ele>
<speed>2.0424178</speed>
<time>2021-11-25T11:38:42</time>
</trkpt>
<trkpt lat="44.0953133333333" lon="5.258445">
<ele>549.9</ele>
<speed>1.8329258</speed>
<time>2021-11-25T11:38:44</time>
</trkpt>
<trkpt lat="44.0953033333333" lon="5.25845833333333">
<ele>549.9</ele>
<speed>1.7624089</speed>
<time>2021-11-25T11:38:45</time>
</trkpt>
<trkpt lat="44.0952933333333" lon="5.25847">
<ele>549.9</ele>
<speed>1.754688</speed>
<time>2021-11-25T11:38:46</time>
</trkpt>
<trkpt lat="44.09528" lon="5.25847666666667">
<ele>549.9</ele>
<speed>1.849397</speed>
<time>2021-11-25T11:38:47</time>
</trkpt>
<trkpt lat="44.0952516666667" lon="5.25849">
<ele>549.9</ele>
<speed>1.9060163</speed>
<time>2021-11-25T11:38:48</time>
</trkpt>
<trkpt lat="44.0952383333333" lon="5.25849833333333">
<ele>551.63336</ele>
<speed>1.6882889</speed>
<time>2021-11-25T11:38:49</time>
</trkpt>
<trkpt lat="44.0952333333333" lon="5.25849666666667">
<ele>551.63336</ele>
<speed>1.4021033</speed>
<time>2021-11-25T11:38:50</time>
</trkpt>
<trkpt lat="44.0952283333333" lon="5.25849166666667">
<ele>551.63336</ele>
<speed>1.2610694</speed>
<time>2021-11-25T11:38:51</time>
</trkpt>
<trkpt lat="44.095225" lon="5.25848">
<ele>551.63336</ele>
<speed>1.1956997</speed>
<time>2021-11-25T11:38:52</time>
</trkpt>
<trkpt lat="44.0952166666667" lon="5.25847333333333">
<ele>551.63336</ele>
<speed>1.2054795</speed>
<time>2021-11-25T11:38:53</time>
</trkpt>
<trkpt lat="44.09521" lon="5.25847166666667">
<ele>551.63336</ele>
<speed>1.1823169</speed>
<time>2021-11-25T11:38:54</time>
</trkpt>
<trkpt lat="44.0951966666667" lon="5.25847666666667">
<ele>551.63336</ele>
<speed>1.2065089</speed>
<time>2021-11-25T11:38:55</time>
</trkpt>
<trkpt lat="44.09519" lon="5.25848166666667">
<ele>551.63336</ele>
<speed>1.0644456</speed>
<time>2021-11-25T11:38:56</time>
</trkpt>
<trkpt lat="44.0951833333333" lon="5.258475">
<ele>551.63336</ele>
<speed>0.9126025</speed>
<time>2021-11-25T11:38:57</time>
</trkpt>
<trkpt lat="44.09518" lon="5.25846166666667">
<ele>551.63336</ele>
<speed>0.7736275</speed>
<time>2021-11-25T11:38:58</time>
</trkpt>
<trkpt lat="44.0951716666667" lon="5.25845166666667">
<ele>555.6</ele>
<speed>0.83282053</speed>
<time>2021-11-25T11:38:59</time>
</trkpt>
<trkpt lat="44.09516" lon="5.258445">
<ele>555.6</ele>
<speed>0.93164724</speed>
<time>2021-11-25T11:39:00</time>
</trkpt>
<trkpt lat="44.095155" lon="5.25843833333333">
<ele>555.6</ele>
<speed>1.0417978</speed>
<time>2021-11-25T11:39:01</time>
</trkpt>
<trkpt lat="44.09514" lon="5.25844666666667">
<ele>555.6</ele>
<speed>1.1498895</speed>
<time>2021-11-25T11:39:02</time>
</trkpt>
<trkpt lat="44.0951266666667" lon="5.25843833333333">
<ele>555.6</ele>
<speed>1.1483452</speed>
<time>2021-11-25T11:39:04</time>
</trkpt>
<trkpt lat="44.0951216666667" lon="5.25843166666667">
<ele>555.6</ele>
<speed>1.0423125</speed>
<time>2021-11-25T11:39:05</time>
</trkpt>
<trkpt lat="44.0951133333333" lon="5.258425">
<ele>555.6</ele>
<speed>1.0443714</speed>
<time>2021-11-25T11:39:06</time>
</trkpt>
<trkpt lat="44.0951133333333" lon="5.258425">
<ele>555.6</ele>
<speed>0.9939286</speed>
<time>2021-11-25T11:39:07</time>
</trkpt>
<trkpt lat="44.0951066666667" lon="5.25842166666667">
<ele>555.86664</ele>
<speed>0.8106875</speed>
<time>2021-11-25T11:39:09</time>
</trkpt>
<trkpt lat="44.0951033333333" lon="5.258425">
<ele>555.86664</ele>
<speed>0.7087725</speed>
<time>2021-11-25T11:39:10</time>
</trkpt>
<trkpt lat="44.0951033333333" lon="5.25843">
<ele>555.86664</ele>
<speed>0.6063428</speed>
<time>2021-11-25T11:39:11</time>
</trkpt>
<trkpt lat="44.0951066666667" lon="5.25842833333333">
<ele>555.86664</ele>
<speed>0.5713417</speed>
<time>2021-11-25T11:39:12</time>
</trkpt>
<trkpt lat="44.0951033333333" lon="5.25842166666667">
<ele>555.86664</ele>
<speed>0.54251724</speed>
<time>2021-11-25T11:39:13</time>
</trkpt>
<trkpt lat="44.0951033333333" lon="5.25840833333333">
<ele>555.86664</ele>
<speed>0.5847244</speed>
<time>2021-11-25T11:39:15</time>
</trkpt>
<trkpt lat="44.0950716666667" lon="5.25839333333333">
<ele>555.86664</ele>
<speed>0.8384825</speed>
<time>2021-11-25T11:39:18</time>
</trkpt>
<trkpt lat="44.095065" lon="5.25839166666667">
<ele>557.3</ele>
<speed>0.8662775</speed>
<time>2021-11-25T11:39:19</time>
</trkpt>
<trkpt lat="44.0950616666667" lon="5.25839166666667">
<ele>557.3</ele>
<speed>0.8626744</speed>
<time>2021-11-25T11:39:20</time>
</trkpt>
<trkpt lat="44.0950616666667" lon="5.25839666666667">
<ele>557.3</ele>
<speed>0.83539414</speed>
<time>2021-11-25T11:39:21</time>
</trkpt>
<trkpt lat="44.09507" lon="5.25839333333333">
<ele>557.3</ele>
<speed>0.72369945</speed>
<time>2021-11-25T11:39:22</time>
</trkpt>
<trkpt lat="44.0950683333333" lon="5.25839333333333">
<ele>557.3</ele>
<speed>0.69281614</speed>
<time>2021-11-25T11:39:23</time>
</trkpt>
<trkpt lat="44.09507" lon="5.25839333333333">
<ele>557.3</ele>
<speed>0.67016834</speed>
<time>2021-11-25T11:39:24</time>
</trkpt>
<trkpt lat="44.09508" lon="5.25839333333333">
<ele>557.3</ele>
<speed>0.5903864</speed>
<time>2021-11-25T11:39:25</time>
</trkpt>
<trkpt lat="44.09509" lon="5.25839">
<ele>557.3</ele>
<speed>0.5697975</speed>
<time>2021-11-25T11:39:26</time>
</trkpt>
<trkpt lat="44.0950916666667" lon="5.25839166666667">
<ele>557.3</ele>
<speed>0.49619222</speed>
<time>2021-11-25T11:39:28</time>
</trkpt>
<trkpt lat="44.095095" lon="5.258405">
<ele>560.13336</ele>
<speed>0.5610472</speed>
<time>2021-11-25T11:39:29</time>
</trkpt>
<trkpt lat="44.0950983333333" lon="5.25841166666667">
<ele>560.13336</ele>
<speed>0.59193057</speed>
<time>2021-11-25T11:39:30</time>
</trkpt>
<trkpt lat="44.095105" lon="5.25841166666667">
<ele>560.13336</ele>
<speed>0.63002</speed>
<time>2021-11-25T11:39:31</time>
</trkpt>
<trkpt lat="44.0951016666667" lon="5.25838833333333">
<ele>560.13336</ele>
<speed>1.0464302</speed>
<time>2021-11-25T11:39:35</time>
</trkpt>
<trkpt lat="44.0950933333333" lon="5.25838333333333">
<ele>560.13336</ele>
<speed>1.1035645</speed>
<time>2021-11-25T11:39:36</time>
</trkpt>
<trkpt lat="44.095085" lon="5.25838166666667">
<ele>560.13336</ele>
<speed>1.0371653</speed>
<time>2021-11-25T11:39:37</time>
</trkpt>
<trkpt lat="44.0950883333333" lon="5.25838166666667">
<ele>560.13336</ele>
<speed>0.94400054</speed>
<time>2021-11-25T11:39:38</time>
</trkpt>
<trkpt lat="44.0950966666667" lon="5.25838333333333">
<ele>555.6667</ele>
<speed>0.89046943</speed>
<time>2021-11-25T11:39:39</time>
</trkpt>
<trkpt lat="44.095095" lon="5.25837833333333">
<ele>555.6667</ele>
<speed>0.9723103</speed>
<time>2021-11-25T11:39:40</time>
</trkpt>
<trkpt lat="44.095085" lon="5.258375">
<ele>555.6667</ele>
<speed>1.0423125</speed>
<time>2021-11-25T11:39:41</time>
</trkpt>
<trkpt lat="44.0950733333333" lon="5.25837">
<ele>555.6667</ele>
<speed>0.94657415</speed>
<time>2021-11-25T11:39:42</time>
</trkpt>
<trkpt lat="44.0950683333333" lon="5.25836833333333">
<ele>555.6667</ele>
<speed>0.8436297</speed>
<time>2021-11-25T11:39:43</time>
</trkpt>
<trkpt lat="44.09506" lon="5.25837166666667">
<ele>555.6667</ele>
<speed>0.8086286</speed>
<time>2021-11-25T11:39:44</time>
</trkpt>
<trkpt lat="44.0950533333333" lon="5.25836666666667">
<ele>555.6667</ele>
<speed>0.7890692</speed>
<time>2021-11-25T11:39:45</time>
</trkpt>
<trkpt lat="44.095045" lon="5.258365">
<ele>555.6667</ele>
<speed>0.76539195</speed>
<time>2021-11-25T11:39:46</time>
</trkpt>
<trkpt lat="44.0950366666667" lon="5.25836">
<ele>555.6667</ele>
<speed>0.80296665</speed>
<time>2021-11-25T11:39:47</time>
</trkpt>
<trkpt lat="44.095025" lon="5.25835333333333">
<ele>555.6667</ele>
<speed>0.98929614</speed>
<time>2021-11-25T11:39:48</time>
</trkpt>
<trkpt lat="44.09501" lon="5.25834833333333">
<ele>547.3</ele>
<speed>1.0629014</speed>
<time>2021-11-25T11:39:49</time>
</trkpt>
<trkpt lat="44.095" lon="5.25835166666667">
<ele>547.3</ele>
<speed>1.0289297</speed>
<time>2021-11-25T11:39:50</time>
</trkpt>
<trkpt lat="44.094995" lon="5.25835166666667">
<ele>547.3</ele>
<speed>1.0047377</speed>
<time>2021-11-25T11:39:51</time>
</trkpt>
<trkpt lat="44.09499" lon="5.25835166666667">
<ele>547.3</ele>
<speed>0.99032557</speed>
<time>2021-11-25T11:39:52</time>
</trkpt>
<trkpt lat="44.0949816666667" lon="5.25835333333333">
<ele>547.3</ele>
<speed>0.9270147</speed>
<time>2021-11-25T11:39:53</time>
</trkpt>
<trkpt lat="44.0949716666667" lon="5.25835833333333">
<ele>547.3</ele>
<speed>0.9265</speed>
<time>2021-11-25T11:39:54</time>
</trkpt>
<trkpt lat="44.0949466666667" lon="5.25834833333333">
<ele>547.3</ele>
<speed>1.0047377</speed>
<time>2021-11-25T11:39:56</time>
</trkpt>
<trkpt lat="44.0949333333333" lon="5.25834666666667">
<ele>547.3</ele>
<speed>1.0886375</speed>
<time>2021-11-25T11:39:57</time>
</trkpt>
<trkpt lat="44.0949183333333" lon="5.25833833333333">
<ele>547.3</ele>
<speed>1.0649602</speed>
<time>2021-11-25T11:39:58</time>
</trkpt>
<trkpt lat="44.0949066666667" lon="5.25832666666667">
<ele>540.0</ele>
<speed>1.1169472</speed>
<time>2021-11-25T11:39:59</time>
</trkpt>
<trkpt lat="44.09489" lon="5.25830833333333">
<ele>540.0</ele>
<speed>1.2219505</speed>
<time>2021-11-25T11:40:01</time>
</trkpt>
<trkpt lat="44.0948716666667" lon="5.25829833333333">
<ele>540.0</ele>
<speed>1.3480575</speed>
<time>2021-11-25T11:40:02</time>
</trkpt>
<trkpt lat="44.0948433333333" lon="5.25829666666667">
<ele>540.0</ele>
<speed>1.6486553</speed>
<time>2021-11-25T11:40:03</time>
</trkpt>
<trkpt lat="44.0948183333333" lon="5.258285">
<ele>540.0</ele>
<speed>1.8411614</speed>
<time>2021-11-25T11:40:04</time>
</trkpt>
<trkpt lat="44.094795" lon="5.25826833333333">
<ele>540.0</ele>
<speed>2.055286</speed>
<time>2021-11-25T11:40:05</time>
</trkpt>
<trkpt lat="44.09477" lon="5.258255">
<ele>540.0</ele>
<speed>2.2148497</speed>
<time>2021-11-25T11:40:06</time>
</trkpt>
<trkpt lat="44.094755" lon="5.25823666666667">
<ele>540.0</ele>
<speed>2.249336</speed>
<time>2021-11-25T11:40:07</time>
</trkpt>
<trkpt lat="44.0947233333333" lon="5.25820333333333">
<ele>540.0</ele>
<speed>2.2858813</speed>
<time>2021-11-25T11:40:09</time>
</trkpt>
<trkpt lat="44.0946566666667" lon="5.25817833333333">
<ele>540.0</ele>
<speed>2.64979</speed>
<time>2021-11-25T11:40:11</time>
</trkpt>
<trkpt lat="44.0946266666667" lon="5.258165">
<ele>540.0</ele>
<speed>2.8062656</speed>
<time>2021-11-25T11:40:12</time>
</trkpt>
<trkpt lat="44.0946016666667" lon="5.25815166666667">
<ele>540.0</ele>
<speed>2.6693494</speed>
<time>2021-11-25T11:40:13</time>
</trkpt>
<trkpt lat="44.0945866666667" lon="5.25814">
<ele>540.0</ele>
<speed>2.5602283</speed>
<time>2021-11-25T11:40:14</time>
</trkpt>
<trkpt lat="44.09458" lon="5.25812">
<ele>540.0</ele>
<speed>2.4408128</speed>
<time>2021-11-25T11:40:15</time>
</trkpt>
<trkpt lat="44.0945583333333" lon="5.258095">
<ele>540.0</ele>
<speed>2.4089</speed>
<time>2021-11-25T11:40:16</time>
</trkpt>
<trkpt lat="44.094535" lon="5.25807666666667">
<ele>540.0</ele>
<speed>2.466549</speed>
<time>2021-11-25T11:40:17</time>
</trkpt>
<trkpt lat="44.09451" lon="5.25806666666667">
<ele>540.0</ele>
<speed>2.5133886</speed>
<time>2021-11-25T11:40:18</time>
</trkpt>
<trkpt lat="44.0944166666667" lon="5.258035">
<ele>537.3</ele>
<speed>2.6837616</speed>
<time>2021-11-25T11:40:21</time>
</trkpt>
<trkpt lat="44.094405" lon="5.25802">
<ele>537.3</ele>
<speed>2.53861</speed>
<time>2021-11-25T11:40:22</time>
</trkpt>
<trkpt lat="44.0943716666667" lon="5.258">
<ele>537.3</ele>
<speed>2.505153</speed>
<time>2021-11-25T11:40:24</time>
</trkpt>
<trkpt lat="44.0943416666667" lon="5.25800333333333">
<ele>537.3</ele>
<speed>2.4948585</speed>
<time>2021-11-25T11:40:25</time>
</trkpt>
<trkpt lat="44.094325" lon="5.25799833333333">
<ele>537.3</ele>
<speed>2.3986056</speed>
<time>2021-11-25T11:40:26</time>
</trkpt>
<trkpt lat="44.0942633333333" lon="5.258">
<ele>537.3</ele>
<speed>2.301323</speed>
<time>2021-11-25T11:40:28</time>
</trkpt>
<trkpt lat="44.0942416666667" lon="5.25799333333333">
<ele>538.36664</ele>
<speed>2.0666096</speed>
<time>2021-11-25T11:40:29</time>
</trkpt>
<trkpt lat="44.0942016666667" lon="5.25797333333333">
<ele>538.36664</ele>
<speed>1.8617502</speed>
<time>2021-11-25T11:40:31</time>
</trkpt>
<trkpt lat="44.094075" lon="5.257925">
<ele>538.36664</ele>
<speed>2.3121321</speed>
<time>2021-11-25T11:40:35</time>
</trkpt>
<trkpt lat="44.0940683333333" lon="5.257895">
<ele>538.36664</ele>
<speed>2.4279447</speed>
<time>2021-11-25T11:40:36</time>
</trkpt>
<trkpt lat="44.094055" lon="5.25787666666667">
<ele>538.36664</ele>
<speed>2.399635</speed>
<time>2021-11-25T11:40:37</time>
</trkpt>
<trkpt lat="44.0940333333333" lon="5.25786333333333">
<ele>538.36664</ele>
<speed>2.3924289</speed>
<time>2021-11-25T11:40:38</time>
</trkpt>
<trkpt lat="44.093985" lon="5.25784333333333">
<ele>539.0</ele>
<speed>2.4953732</speed>
<time>2021-11-25T11:40:40</time>
</trkpt>
<trkpt lat="44.093895" lon="5.25779833333333">
<ele>539.0</ele>
<speed>2.6837616</speed>
<time>2021-11-25T11:40:43</time>
</trkpt>
<trkpt lat="44.09387" lon="5.25778333333333">
<ele>539.0</ele>
<speed>2.5159621</speed>
<time>2021-11-25T11:40:44</time>
</trkpt>
<trkpt lat="44.0937766666667" lon="5.25770166666667">
<ele>539.0</ele>
<speed>2.605009</speed>
<time>2021-11-25T11:40:48</time>
</trkpt>
<trkpt lat="44.09373" lon="5.25768666666667">
<ele>534.3</ele>
<speed>2.9097247</speed>
<time>2021-11-25T11:40:49</time>
</trkpt>
<trkpt lat="44.0936783333333" lon="5.25764333333333">
<ele>534.3</ele>
<speed>2.7486167</speed>
<time>2021-11-25T11:40:52</time>
</trkpt>
<trkpt lat="44.0936583333333" lon="5.25761833333333">
<ele>534.3</ele>
<speed>2.794427</speed>
<time>2021-11-25T11:40:53</time>
</trkpt>
<trkpt lat="44.093635" lon="5.2576">
<ele>534.3</ele>
<speed>2.9066365</speed>
<time>2021-11-25T11:40:54</time>
</trkpt>
<trkpt lat="44.0936166666667" lon="5.257575">
<ele>534.3</ele>
<speed>2.9694326</speed>
<time>2021-11-25T11:40:55</time>
</trkpt>
<trkpt lat="44.0935666666667" lon="5.25752833333333">
<ele>534.3</ele>
<speed>3.1665711</speed>
<time>2021-11-25T11:40:57</time>
</trkpt>
<trkpt lat="44.0935416666667" lon="5.25750833333333">
<ele>534.3</ele>
<speed>3.2566476</speed>
<time>2021-11-25T11:40:58</time>
</trkpt>
<trkpt lat="44.09354" lon="5.25749833333333">
<ele>534.56665</ele>
<speed>2.8932536</speed>
<time>2021-11-25T11:40:59</time>
</trkpt>
<trkpt lat="44.0935233333333" lon="5.25746833333333">
<ele>534.56665</ele>
<speed>2.8561935</speed>
<time>2021-11-25T11:41:00</time>
</trkpt>
<trkpt lat="44.0934866666667" lon="5.25738666666667">
<ele>534.56665</ele>
<speed>3.0692885</speed>
<time>2021-11-25T11:41:02</time>
</trkpt>
<trkpt lat="44.09348" lon="5.25736">
<ele>534.56665</ele>
<speed>2.9699473</speed>
<time>2021-11-25T11:41:03</time>
</trkpt>
<trkpt lat="44.093455" lon="5.25732833333333">
<ele>534.56665</ele>
<speed>3.0692885</speed>
<time>2021-11-25T11:41:04</time>
</trkpt>
<trkpt lat="44.0934166666667" lon="5.25726333333333">
<ele>534.56665</ele>
<speed>3.1526737</speed>
<time>2021-11-25T11:41:06</time>
</trkpt>
<trkpt lat="44.0934066666667" lon="5.25723166666667">
<ele>534.56665</ele>
<speed>3.027596</speed>
<time>2021-11-25T11:41:07</time>
</trkpt>
<trkpt lat="44.093395" lon="5.25720666666667">
<ele>534.56665</ele>
<speed>2.83509</speed>
<time>2021-11-25T11:41:08</time>
</trkpt>
<trkpt lat="44.0933883333333" lon="5.257185">
<ele>533.06665</ele>
<speed>2.8767824</speed>
<time>2021-11-25T11:41:09</time>
</trkpt>
<trkpt lat="44.09338" lon="5.25717">
<ele>533.06665</ele>
<speed>2.7321455</speed>
<time>2021-11-25T11:41:10</time>
</trkpt>
<trkpt lat="44.09337" lon="5.25713166666667">
<ele>533.06665</ele>
<speed>2.6137595</speed>
<time>2021-11-25T11:41:12</time>
</trkpt>
<trkpt lat="44.0933516666667" lon="5.257105">
<ele>533.06665</ele>
<speed>2.711042</speed>
<time>2021-11-25T11:41:13</time>
</trkpt>
<trkpt lat="44.0933516666667" lon="5.257055">
<ele>533.06665</ele>
<speed>2.3414714</speed>
<time>2021-11-25T11:41:15</time>
</trkpt>
<trkpt lat="44.09336" lon="5.25702833333333">
<ele>533.06665</ele>
<speed>2.262719</speed>
<time>2021-11-25T11:41:16</time>
</trkpt>
<trkpt lat="44.0933833333333" lon="5.25697">
<ele>533.06665</ele>
<speed>2.2951465</speed>
<time>2021-11-25T11:41:18</time>
</trkpt>
<trkpt lat="44.0933666666667" lon="5.25690666666667">
<ele>529.5</ele>
<speed>2.509271</speed>
<time>2021-11-25T11:41:20</time>
</trkpt>
<trkpt lat="44.093355" lon="5.25688333333333">
<ele>529.5</ele>
<speed>2.4433863</speed>
<time>2021-11-25T11:41:21</time>
</trkpt>
<trkpt lat="44.0933583333333" lon="5.25687">
<ele>529.5</ele>
<speed>2.2117615</speed>
<time>2021-11-25T11:41:22</time>
</trkpt>
<trkpt lat="44.09335" lon="5.25684666666667">
<ele>529.5</ele>
<speed>2.014108</speed>
<time>2021-11-25T11:41:23</time>
</trkpt>
<trkpt lat="44.0933516666667" lon="5.25681833333333">
<ele>529.5</ele>
<speed>1.9230022</speed>
<time>2021-11-25T11:41:24</time>
</trkpt>
<trkpt lat="44.093355" lon="5.25678333333333">
<ele>529.5</ele>
<speed>1.9291788</speed>
<time>2021-11-25T11:41:25</time>
</trkpt>
<trkpt lat="44.0933666666667" lon="5.25672">
<ele>529.5</ele>
<speed>1.9132226</speed>
<time>2021-11-25T11:41:27</time>
</trkpt>
<trkpt lat="44.0933433333333" lon="5.25664333333333">
<ele>523.1</ele>
<speed>1.9358703</speed>
<time>2021-11-25T11:41:29</time>
</trkpt>
<trkpt lat="44.0933316666667" lon="5.25661">
<ele>523.1</ele>
<speed>1.7016717</speed>
<time>2021-11-25T11:41:30</time>
</trkpt>
<trkpt lat="44.0933266666667" lon="5.25658">
<ele>523.1</ele>
<speed>1.6651264</speed>
<time>2021-11-25T11:41:31</time>
</trkpt>
<trkpt lat="44.0933383333333" lon="5.25656166666667">
<ele>523.1</ele>
<speed>1.6949803</speed>
<time>2021-11-25T11:41:32</time>
</trkpt>
<trkpt lat="44.09335" lon="5.256525">
<ele>523.1</ele>
<speed>1.7902039</speed>
<time>2021-11-25T11:41:33</time>
</trkpt>
<trkpt lat="44.093365" lon="5.25649">
<ele>523.1</ele>
<speed>1.8473381</speed>
<time>2021-11-25T11:41:34</time>
</trkpt>
<trkpt lat="44.0933716666667" lon="5.25645666666667">
<ele>523.1</ele>
<speed>1.9873425</speed>
<time>2021-11-25T11:41:35</time>
</trkpt>
<trkpt lat="44.0933766666667" lon="5.25640333333333">
<ele>523.1</ele>
<speed>2.1479359</speed>
<time>2021-11-25T11:41:36</time>
</trkpt>
<trkpt lat="44.0933866666667" lon="5.25636833333333">
<ele>523.1</ele>
<speed>2.1705837</speed>
<time>2021-11-25T11:41:37</time>
</trkpt>
<trkpt lat="44.0933966666667" lon="5.25634666666667">
<ele>523.1</ele>
<speed>2.1520536</speed>
<time>2021-11-25T11:41:38</time>
</trkpt>
<trkpt lat="44.09341" lon="5.25628833333333">
<ele>516.6</ele>
<speed>2.2066143</speed>
<time>2021-11-25T11:41:40</time>
</trkpt>
<trkpt lat="44.093415" lon="5.256245">
<ele>516.6</ele>
<speed>2.3538246</speed>
<time>2021-11-25T11:41:41</time>
</trkpt>
<trkpt lat="44.0934183333333" lon="5.256195">
<ele>516.6</ele>
<speed>2.503609</speed>
<time>2021-11-25T11:41:42</time>
</trkpt>
<trkpt lat="44.0934166666667" lon="5.256145">
<ele>516.6</ele>
<speed>2.579273</speed>
<time>2021-11-25T11:41:43</time>
</trkpt>
<trkpt lat="44.09341" lon="5.25604833333333">
<ele>516.6</ele>
<speed>2.5334628</speed>
<time>2021-11-25T11:41:45</time>
</trkpt>
<trkpt lat="44.0934133333333" lon="5.25598833333333">
<ele>516.6</ele>
<speed>2.2632337</speed>
<time>2021-11-25T11:41:47</time>
</trkpt>
<trkpt lat="44.0934083333333" lon="5.25595833333333">
<ele>516.6</ele>
<speed>2.1834517</speed>
<time>2021-11-25T11:41:48</time>
</trkpt>
<trkpt lat="44.0933983333333" lon="5.25586666666667">
<ele>502.43332</ele>
<speed>2.5133886</speed>
<time>2021-11-25T11:41:50</time>
</trkpt>
<trkpt lat="44.0933933333333" lon="5.25584166666667">
<ele>502.43332</ele>
<speed>2.4603722</speed>
<time>2021-11-25T11:41:51</time>
</trkpt>
<trkpt lat="44.093385" lon="5.25581666666667">
<ele>502.43332</ele>
<speed>2.3522806</speed>
<time>2021-11-25T11:41:52</time>
</trkpt>
<trkpt lat="44.0933733333333" lon="5.25577166666667">
<ele>502.43332</ele>
<speed>2.288455</speed>
<time>2021-11-25T11:41:53</time>
</trkpt>
<trkpt lat="44.093365" lon="5.255665">
<ele>502.43332</ele>
<speed>2.1098464</speed>
<time>2021-11-25T11:41:56</time>
</trkpt>
<trkpt lat="44.0933566666667" lon="5.25562333333333">
<ele>502.43332</ele>
<speed>2.0923457</speed>
<time>2021-11-25T11:41:57</time>
</trkpt>
<trkpt lat="44.093355" lon="5.25557333333333">
<ele>502.43332</ele>
<speed>2.245733</speed>
<time>2021-11-25T11:41:58</time>
</trkpt>
<trkpt lat="44.0933483333333" lon="5.25550333333333">
<ele>493.7</ele>
<speed>2.0413883</speed>
<time>2021-11-25T11:42:00</time>
</trkpt>
<trkpt lat="44.0933416666667" lon="5.255465">
<ele>493.7</ele>
<speed>2.0403588</speed>
<time>2021-11-25T11:42:01</time>
</trkpt>
<trkpt lat="44.0933633333333" lon="5.25533166666667">
<ele>493.7</ele>
<speed>2.164407</speed>
<time>2021-11-25T11:42:05</time>
</trkpt>
<trkpt lat="44.093375" lon="5.25526833333333">
<ele>493.7</ele>
<speed>2.2441888</speed>
<time>2021-11-25T11:42:07</time>
</trkpt>
<trkpt lat="44.0934183333333" lon="5.255145">
<ele>491.4</ele>
<speed>2.134553</speed>
<time>2021-11-25T11:42:11</time>
</trkpt>
<trkpt lat="44.093435" lon="5.255035">
<ele>491.4</ele>
<speed>2.1232293</speed>
<time>2021-11-25T11:42:14</time>
</trkpt>
<trkpt lat="44.0934566666667" lon="5.25486">
<ele>491.4</ele>
<speed>2.4006643</speed>
<time>2021-11-25T11:42:18</time>
</trkpt>
<trkpt lat="44.0934766666667" lon="5.25482833333333">
<ele>484.6</ele>
<speed>2.4639752</speed>
<time>2021-11-25T11:42:19</time>
</trkpt>
<trkpt lat="44.0934916666667" lon="5.254785">
<ele>484.6</ele>
<speed>2.5190506</speed>
<time>2021-11-25T11:42:20</time>
</trkpt>
<trkpt lat="44.0935" lon="5.25475333333333">
<ele>484.6</ele>
<speed>2.5581694</speed>
<time>2021-11-25T11:42:21</time>
</trkpt>
<trkpt lat="44.0935216666667" lon="5.25471833333333">
<ele>484.6</ele>
<speed>2.6482458</speed>
<time>2021-11-25T11:42:22</time>
</trkpt>
<trkpt lat="44.0935383333333" lon="5.25468166666667">
<ele>484.6</ele>
<speed>2.7264836</speed>
<time>2021-11-25T11:42:23</time>
</trkpt>
<trkpt lat="44.0935466666667" lon="5.254645">
<ele>484.6</ele>
<speed>2.8582525</speed>
<time>2021-11-25T11:42:24</time>
</trkpt>
<trkpt lat="44.093565" lon="5.25453">
<ele>484.6</ele>
<speed>2.9416375</speed>
<time>2021-11-25T11:42:27</time>
</trkpt>
<trkpt lat="44.0935766666667" lon="5.25450166666667">
<ele>484.6</ele>
<speed>2.9606822</speed>
<time>2021-11-25T11:42:28</time>
</trkpt>
<trkpt lat="44.0935816666667" lon="5.25447333333333">
<ele>475.8</ele>
<speed>2.9076657</speed>
<time>2021-11-25T11:42:29</time>
</trkpt>
<trkpt lat="44.0935733333333" lon="5.25438">
<ele>475.8</ele>
<speed>2.9195044</speed>
<time>2021-11-25T11:42:32</time>
</trkpt>
<trkpt lat="44.0935833333333" lon="5.25432833333333">
<ele>475.8</ele>
<speed>2.6194215</speed>
<time>2021-11-25T11:42:34</time>
</trkpt>
<trkpt lat="44.0935883333333" lon="5.254305">
<ele>475.8</ele>
<speed>2.490226</speed>
<time>2021-11-25T11:42:35</time>
</trkpt>
<trkpt lat="44.0935966666667" lon="5.25428166666667">
<ele>475.8</ele>
<speed>2.3600013</speed>
<time>2021-11-25T11:42:36</time>
</trkpt>
<trkpt lat="44.09361" lon="5.25424833333333">
<ele>475.8</ele>
<speed>2.2740428</speed>
<time>2021-11-25T11:42:37</time>
</trkpt>
<trkpt lat="44.093635" lon="5.25415666666667">
<ele>468.1</ele>
<speed>1.9930044</speed>
<time>2021-11-25T11:42:40</time>
</trkpt>
<trkpt lat="44.09365" lon="5.254115">
<ele>468.1</ele>
<speed>1.8777066</speed>
<time>2021-11-25T11:42:41</time>
</trkpt>
<trkpt lat="44.0936533333333" lon="5.25407166666667">
<ele>468.1</ele>
<speed>1.9389586</speed>
<time>2021-11-25T11:42:42</time>
</trkpt>
<trkpt lat="44.093655" lon="5.25401833333333">
<ele>468.1</ele>
<speed>2.0007253</speed>
<time>2021-11-25T11:42:43</time>
</trkpt>
<trkpt lat="44.093635" lon="5.25381666666667">
<ele>468.0</ele>
<speed>2.3805902</speed>
<time>2021-11-25T11:42:49</time>
</trkpt>
<trkpt lat="44.09364" lon="5.253785">
<ele>468.0</ele>
<speed>2.4469895</speed>
<time>2021-11-25T11:42:50</time>
</trkpt>
<trkpt lat="44.0936333333333" lon="5.25361333333333">
<ele>468.0</ele>
<speed>2.1407297</speed>
<time>2021-11-25T11:42:54</time>
</trkpt>
<trkpt lat="44.0936416666667" lon="5.253575">
<ele>468.0</ele>
<speed>2.1134493</speed>
<time>2021-11-25T11:42:55</time>
</trkpt>
<trkpt lat="44.0936466666667" lon="5.25353333333333">
<ele>468.0</ele>
<speed>2.1355824</speed>
<time>2021-11-25T11:42:56</time>
</trkpt>
<trkpt lat="44.09365" lon="5.25349">
<ele>468.0</ele>
<speed>2.1489654</speed>
<time>2021-11-25T11:42:57</time>
</trkpt>
<trkpt lat="44.0936466666667" lon="5.25344333333333">
<ele>468.0</ele>
<speed>2.2287471</speed>
<time>2021-11-25T11:42:58</time>
</trkpt>
<trkpt lat="44.0936416666667" lon="5.25331833333333">
<ele>469.3</ele>
<speed>2.3131616</speed>
<time>2021-11-25T11:43:01</time>
</trkpt>
<trkpt lat="44.0936216666667" lon="5.253205">
<ele>469.3</ele>
<speed>2.4526515</speed>
<time>2021-11-25T11:43:04</time>
</trkpt>
<trkpt lat="44.0936266666667" lon="5.25317">
<ele>469.3</ele>
<speed>2.4449306</speed>
<time>2021-11-25T11:43:05</time>
</trkpt>
<trkpt lat="44.09363" lon="5.25313833333333">
<ele>469.3</ele>
<speed>2.4063263</speed>
<time>2021-11-25T11:43:06</time>
</trkpt>
<trkpt lat="44.09361" lon="5.25292666666667">
<ele>469.76666</ele>
<speed>2.1206555</speed>
<time>2021-11-25T11:43:12</time>
</trkpt>
<trkpt lat="44.0936133333333" lon="5.25287833333333">
<ele>469.76666</ele>
<speed>2.0974932</speed>
<time>2021-11-25T11:43:13</time>
</trkpt>
<trkpt lat="44.0936083333333" lon="5.252805">
<ele>469.76666</ele>
<speed>1.936385</speed>
<time>2021-11-25T11:43:15</time>
</trkpt>
<trkpt lat="44.0935916666667" lon="5.252685">
<ele>469.76666</ele>
<speed>1.9760187</speed>
<time>2021-11-25T11:43:18</time>
</trkpt>
<trkpt lat="44.0935783333333" lon="5.25265166666667">
<ele>467.46667</ele>
<speed>1.923517</speed>
<time>2021-11-25T11:43:19</time>
</trkpt>
<trkpt lat="44.0935433333333" lon="5.25259333333333">
<ele>467.46667</ele>
<speed>1.8509411</speed>
<time>2021-11-25T11:43:21</time>
</trkpt>
<trkpt lat="44.0935366666667" lon="5.25256666666667">
<ele>467.46667</ele>
<speed>1.8267492</speed>
<time>2021-11-25T11:43:22</time>
</trkpt>
<trkpt lat="44.0935333333333" lon="5.25253333333333">
<ele>467.46667</ele>
<speed>1.7727033</speed>
<time>2021-11-25T11:43:23</time>
</trkpt>
<trkpt lat="44.09352" lon="5.252465">
<ele>467.46667</ele>
<speed>1.8334405</speed>
<time>2021-11-25T11:43:25</time>
</trkpt>
<trkpt lat="44.0935233333333" lon="5.25243333333333">
<ele>467.46667</ele>
<speed>1.7984395</speed>
<time>2021-11-25T11:43:26</time>
</trkpt>
<trkpt lat="44.0935333333333" lon="5.25232833333333">
<ele>465.6</ele>
<speed>1.8792509</speed>
<time>2021-11-25T11:43:29</time>
</trkpt>
<trkpt lat="44.0935333333333" lon="5.25229833333333">
<ele>465.6</ele>
<speed>1.8560883</speed>
<time>2021-11-25T11:43:30</time>
</trkpt>
<trkpt lat="44.093525" lon="5.25227833333333">
<ele>465.6</ele>
<speed>1.8725594</speed>
<time>2021-11-25T11:43:31</time>
</trkpt>
<trkpt lat="44.09352" lon="5.25225">
<ele>465.6</ele>
<speed>1.9250611</speed>
<time>2021-11-25T11:43:32</time>
</trkpt>
<trkpt lat="44.0935133333333" lon="5.2522">
<ele>465.6</ele>
<speed>1.9157962</speed>
<time>2021-11-25T11:43:34</time>
</trkpt>
<trkpt lat="44.0934816666667" lon="5.252125">
<ele>465.6</ele>
<speed>2.2436743</speed>
<time>2021-11-25T11:43:36</time>
</trkpt>
<trkpt lat="44.0934783333333" lon="5.25208666666667">
<ele>465.6</ele>
<speed>2.29772</speed>
<time>2021-11-25T11:43:37</time>
</trkpt>
<trkpt lat="44.0934733333333" lon="5.252055">
<ele>465.6</ele>
<speed>2.3049262</speed>
<time>2021-11-25T11:43:38</time>
</trkpt>
<trkpt lat="44.0934533333333" lon="5.25199">
<ele>460.4</ele>
<speed>2.3826492</speed>
<time>2021-11-25T11:43:40</time>
</trkpt>
<trkpt lat="44.0934266666667" lon="5.25190666666667">
<ele>460.4</ele>
<speed>2.4191945</speed>
<time>2021-11-25T11:43:42</time>
</trkpt>
<trkpt lat="44.0933866666667" lon="5.251785">
<ele>460.4</ele>
<speed>2.4639752</speed>
<time>2021-11-25T11:43:45</time>
</trkpt>
<trkpt lat="44.0933716666667" lon="5.25174166666667">
<ele>460.4</ele>
<speed>2.5005205</speed>
<time>2021-11-25T11:43:46</time>
</trkpt>
<trkpt lat="44.0933366666667" lon="5.25166166666667">
<ele>460.4</ele>
<speed>2.6430986</speed>
<time>2021-11-25T11:43:48</time>
</trkpt>
<trkpt lat="44.09329" lon="5.25153833333333">
<ele>450.43332</ele>
<speed>2.6492753</speed>
<time>2021-11-25T11:43:52</time>
</trkpt>
<trkpt lat="44.0932866666667" lon="5.25151666666667">
<ele>450.43332</ele>
<speed>2.505153</speed>
<time>2021-11-25T11:43:53</time>
</trkpt>
<trkpt lat="44.0932816666667" lon="5.25149666666667">
<ele>450.43332</ele>
<speed>2.4171355</speed>
<time>2021-11-25T11:43:54</time>
</trkpt>
<trkpt lat="44.0932616666667" lon="5.25143666666667">
<ele>450.43332</ele>
<speed>2.1535978</speed>
<time>2021-11-25T11:43:56</time>
</trkpt>
<trkpt lat="44.0932433333333" lon="5.25137833333333">
<ele>450.43332</ele>
<speed>1.8560883</speed>
<time>2021-11-25T11:43:58</time>
</trkpt>
<trkpt lat="44.093225" lon="5.25137">
<ele>448.5</ele>
<speed>1.6579202</speed>
<time>2021-11-25T11:43:59</time>
</trkpt>
<trkpt lat="44.093205" lon="5.251365">
<ele>448.5</ele>
<speed>1.3197478</speed>
<time>2021-11-25T11:44:01</time>
</trkpt>
<trkpt lat="44.0931783333333" lon="5.25135">
<ele>448.5</ele>
<speed>0.8822339</speed>
<time>2021-11-25T11:44:05</time>
</trkpt>
<trkpt lat="44.0931733333333" lon="5.25134333333333">
<ele>448.5</ele>
<speed>0.73450863</speed>
<time>2021-11-25T11:44:06</time>
</trkpt>
<trkpt lat="44.0931683333333" lon="5.25134166666667">
<ele>448.5</ele>
<speed>0.43236667</speed>
<time>2021-11-25T11:44:10</time>
</trkpt>
<trkpt lat="44.0931666666667" lon="5.25133333333333">
<ele>448.5</ele>
<speed>0.43699917</speed>
<time>2021-11-25T11:44:11</time>
</trkpt>
<trkpt lat="44.093165" lon="5.25129833333333">
<ele>448.5</ele>
<speed>0.5075161</speed>
<time>2021-11-25T11:44:14</time>
</trkpt>
<trkpt lat="44.0931633333333" lon="5.251275">
<ele>448.5</ele>
<speed>0.6305347</speed>
<time>2021-11-25T11:44:16</time>
</trkpt>
<trkpt lat="44.093165" lon="5.25126333333333">
<ele>448.5</ele>
<speed>0.68252164</speed>
<time>2021-11-25T11:44:17</time>
</trkpt>
<trkpt lat="44.09317" lon="5.251245">
<ele>448.5</ele>
<speed>0.74892086</speed>
<time>2021-11-25T11:44:18</time>
</trkpt>
<trkpt lat="44.0931833333333" lon="5.25117">
<ele>460.8</ele>
<speed>0.93422085</speed>
<time>2021-11-25T11:44:22</time>
</trkpt>
<trkpt lat="44.0931866666667" lon="5.25115666666667">
<ele>460.8</ele>
<speed>0.94348586</speed>
<time>2021-11-25T11:44:23</time>
</trkpt>
<trkpt lat="44.0931916666667" lon="5.25112666666667">
<ele>460.8</ele>
<speed>0.9609864</speed>
<time>2021-11-25T11:44:25</time>
</trkpt>
<trkpt lat="44.0931983333333" lon="5.25111166666667">
<ele>460.8</ele>
<speed>1.0279002</speed>
<time>2021-11-25T11:44:26</time>
</trkpt>
<trkpt lat="44.0932033333333" lon="5.251095">
<ele>460.8</ele>
<speed>0.9779722</speed>
<time>2021-11-25T11:44:28</time>
</trkpt>
<trkpt lat="44.093205" lon="5.25109">
<ele>456.16666</ele>
<speed>0.90488166</speed>
<time>2021-11-25T11:44:29</time>
</trkpt>
<trkpt lat="44.0932066666667" lon="5.251065">
<ele>456.16666</ele>
<speed>0.81532</speed>
<time>2021-11-25T11:44:31</time>
</trkpt>
<trkpt lat="44.0932166666667" lon="5.25105333333333">
<ele>456.16666</ele>
<speed>0.78855443</speed>
<time>2021-11-25T11:44:32</time>
</trkpt>
<trkpt lat="44.0932233333333" lon="5.25102333333333">
<ele>456.16666</ele>
<speed>0.70722836</speed>
<time>2021-11-25T11:44:35</time>
</trkpt>
<trkpt lat="44.093225" lon="5.25100833333333">
<ele>456.16666</ele>
<speed>0.6583297</speed>
<time>2021-11-25T11:44:36</time>
</trkpt>
<trkpt lat="44.0932266666667" lon="5.25098166666667">
<ele>456.16666</ele>
<speed>0.7365675</speed>
<time>2021-11-25T11:44:38</time>
</trkpt>
<trkpt lat="44.09323" lon="5.25096333333333">
<ele>453.8</ele>
<speed>0.86061555</speed>
<time>2021-11-25T11:44:39</time>
</trkpt>
<trkpt lat="44.0932316666667" lon="5.25094166666667">
<ele>453.8</ele>
<speed>1.0490038</speed>
<time>2021-11-25T11:44:40</time>
</trkpt>
<trkpt lat="44.0932216666667" lon="5.25090333333333">
<ele>453.8</ele>
<speed>1.16739</speed>
<time>2021-11-25T11:44:41</time>
</trkpt>
<trkpt lat="44.0932266666667" lon="5.25088">
<ele>453.8</ele>
<speed>1.2312156</speed>
<time>2021-11-25T11:44:42</time>
</trkpt>
<trkpt lat="44.09323" lon="5.25086333333333">
<ele>453.8</ele>
<speed>1.2343038</speed>
<time>2021-11-25T11:44:43</time>
</trkpt>
<trkpt lat="44.0932383333333" lon="5.250855">
<ele>453.8</ele>
<speed>1.2353333</speed>
<time>2021-11-25T11:44:44</time>
</trkpt>
<trkpt lat="44.0932433333333" lon="5.25083666666667">
<ele>453.8</ele>
<speed>1.3408514</speed>
<time>2021-11-25T11:44:45</time>
</trkpt>
<trkpt lat="44.0932433333333" lon="5.25081666666667">
<ele>453.8</ele>
<speed>1.3387924</speed>
<time>2021-11-25T11:44:46</time>
</trkpt>
<trkpt lat="44.093245" lon="5.25079666666667">
<ele>453.8</ele>
<speed>1.3820292</speed>
<time>2021-11-25T11:44:47</time>
</trkpt>
<trkpt lat="44.0932466666667" lon="5.25077666666667">
<ele>453.8</ele>
<speed>1.432472</speed>
<time>2021-11-25T11:44:48</time>
</trkpt>
<trkpt lat="44.0932466666667" lon="5.25072666666667">
<ele>453.2</ele>
<speed>1.3799703</speed>
<time>2021-11-25T11:44:50</time>
</trkpt>
<trkpt lat="44.0932516666667" lon="5.25064666666667">
<ele>453.2</ele>
<speed>1.5081362</speed>
<time>2021-11-25T11:44:53</time>
</trkpt>
<trkpt lat="44.0932466666667" lon="5.25061166666667">
<ele>453.2</ele>
<speed>1.5899769</speed>
<time>2021-11-25T11:44:55</time>
</trkpt>
<trkpt lat="44.0932516666667" lon="5.250595">
<ele>453.2</ele>
<speed>1.6610086</speed>
<time>2021-11-25T11:44:56</time>
</trkpt>
<trkpt lat="44.0932516666667" lon="5.25057666666667">
<ele>453.2</ele>
<speed>1.6465964</speed>
<time>2021-11-25T11:44:57</time>
</trkpt>
<trkpt lat="44.0932483333333" lon="5.25055333333333">
<ele>453.2</ele>
<speed>1.6738766</speed>
<time>2021-11-25T11:44:58</time>
</trkpt>
<trkpt lat="44.0932533333333" lon="5.25053666666667">
<ele>458.9</ele>
<speed>1.6944655</speed>
<time>2021-11-25T11:44:59</time>
</trkpt>
<trkpt lat="44.093245" lon="5.25051166666667">
<ele>458.9</ele>
<speed>1.6136541</speed>
<time>2021-11-25T11:45:00</time>
</trkpt>
<trkpt lat="44.0932416666667" lon="5.25049166666667">
<ele>458.9</ele>
<speed>1.55652</speed>
<time>2021-11-25T11:45:01</time>
</trkpt>
<trkpt lat="44.0932433333333" lon="5.25047">
<ele>458.9</ele>
<speed>1.4993858</speed>
<time>2021-11-25T11:45:02</time>
</trkpt>
<trkpt lat="44.0932483333333" lon="5.25043333333333">
<ele>458.9</ele>
<speed>1.4618111</speed>
<time>2021-11-25T11:45:04</time>
</trkpt>
<trkpt lat="44.093255" lon="5.25041333333333">
<ele>458.9</ele>
<speed>1.4762233</speed>
<time>2021-11-25T11:45:05</time>
</trkpt>
<trkpt lat="44.0932766666667" lon="5.25036">
<ele>458.9</ele>
<speed>1.4165156</speed>
<time>2021-11-25T11:45:08</time>
</trkpt>
<trkpt lat="44.0932833333333" lon="5.25034166666667">
<ele>465.0</ele>
<speed>1.3784261</speed>
<time>2021-11-25T11:45:09</time>
</trkpt>
<trkpt lat="44.0933033333333" lon="5.250305">
<ele>465.0</ele>
<speed>1.4067358</speed>
<time>2021-11-25T11:45:11</time>
</trkpt>
<trkpt lat="44.0933166666667" lon="5.250265">
<ele>465.0</ele>
<speed>1.4504873</speed>
<time>2021-11-25T11:45:13</time>
</trkpt>
<trkpt lat="44.0933233333333" lon="5.25024666666667">
<ele>465.0</ele>
<speed>1.4386486</speed>
<time>2021-11-25T11:45:14</time>
</trkpt>
<trkpt lat="44.093335" lon="5.25018666666667">
<ele>465.0</ele>
<speed>1.4365897</speed>
<time>2021-11-25T11:45:17</time>
</trkpt>
<trkpt lat="44.093335" lon="5.25016166666667">
<ele>465.0</ele>
<speed>1.4772527</speed>
<time>2021-11-25T11:45:18</time>
</trkpt>
<trkpt lat="44.0933383333333" lon="5.25014">
<ele>473.2</ele>
<speed>1.4983563</speed>
<time>2021-11-25T11:45:19</time>
</trkpt>
<trkpt lat="44.0933466666667" lon="5.250105">
<ele>473.2</ele>
<speed>1.4134272</speed>
<time>2021-11-25T11:45:21</time>
</trkpt>
<trkpt lat="44.0933483333333" lon="5.25008333333333">
<ele>473.2</ele>
<speed>1.3372483</speed>
<time>2021-11-25T11:45:22</time>
</trkpt>
<trkpt lat="44.0933516666667" lon="5.25006">
<ele>473.2</ele>
<speed>1.3161447</speed>
<time>2021-11-25T11:45:23</time>
</trkpt>
<trkpt lat="44.093355" lon="5.25003666666667">
<ele>473.2</ele>
<speed>1.2842319</speed>
<time>2021-11-25T11:45:24</time>
</trkpt>
<trkpt lat="44.0933683333333" lon="5.24999333333333">
<ele>473.2</ele>
<speed>1.2646725</speed>
<time>2021-11-25T11:45:26</time>
</trkpt>
<trkpt lat="44.0933833333333" lon="5.249955">
<ele>473.2</ele>
<speed>1.2394512</speed>
<time>2021-11-25T11:45:28</time>
</trkpt>
<trkpt lat="44.0933883333333" lon="5.24993166666667">
<ele>478.7</ele>
<speed>1.2554075</speed>
<time>2021-11-25T11:45:29</time>
</trkpt>
<trkpt lat="44.0933933333333" lon="5.249915">
<ele>478.7</ele>
<speed>1.2759964</speed>
<time>2021-11-25T11:45:30</time>
</trkpt>
<trkpt lat="44.093395" lon="5.24989833333333">
<ele>478.7</ele>
<speed>1.2059941</speed>
<time>2021-11-25T11:45:31</time>
</trkpt>
<trkpt lat="44.09339" lon="5.24984833333333">
<ele>478.7</ele>
<speed>1.2991589</speed>
<time>2021-11-25T11:45:33</time>
</trkpt>
<trkpt lat="44.0933916666667" lon="5.24983">
<ele>478.7</ele>
<speed>1.312027</speed>
<time>2021-11-25T11:45:34</time>
</trkpt>
<trkpt lat="44.0934" lon="5.24979333333333">
<ele>478.7</ele>
<speed>1.358352</speed>
<time>2021-11-25T11:45:36</time>
</trkpt>
<trkpt lat="44.0934116666667" lon="5.24973666666667">
<ele>479.53333</ele>
<speed>1.3043061</speed>
<time>2021-11-25T11:45:39</time>
</trkpt>
<trkpt lat="44.09342" lon="5.249685">
<ele>479.53333</ele>
<speed>1.3779113</speed>
<time>2021-11-25T11:45:42</time>
</trkpt>
<trkpt lat="44.0934316666667" lon="5.24967333333333">
<ele>479.53333</ele>
<speed>1.4201186</speed>
<time>2021-11-25T11:45:43</time>
</trkpt>
<trkpt lat="44.0934383333333" lon="5.24965166666667">
<ele>479.53333</ele>
<speed>1.4468842</speed>
<time>2021-11-25T11:45:44</time>
</trkpt>
<trkpt lat="44.0934433333333" lon="5.24963166666667">
<ele>479.53333</ele>
<speed>1.443281</speed>
<time>2021-11-25T11:45:45</time>
</trkpt>
<trkpt lat="44.0934516666667" lon="5.24961666666667">
<ele>479.53333</ele>
<speed>1.4103389</speed>
<time>2021-11-25T11:45:46</time>
</trkpt>
<trkpt lat="44.0934633333333" lon="5.24961">
<ele>479.53333</ele>
<speed>1.4123977</speed>
<time>2021-11-25T11:45:47</time>
</trkpt>
<trkpt lat="44.0934716666667" lon="5.249595">
<ele>479.53333</ele>
<speed>1.3701905</speed>
<time>2021-11-25T11:45:48</time>
</trkpt>
<trkpt lat="44.09348" lon="5.24957833333333">
<ele>480.5</ele>
<speed>1.358352</speed>
<time>2021-11-25T11:45:49</time>
</trkpt>
<trkpt lat="44.0934866666667" lon="5.24956666666667">
<ele>480.5</ele>
<speed>1.37122</speed>
<time>2021-11-25T11:45:50</time>
</trkpt>
<trkpt lat="44.0934933333333" lon="5.24954166666667">
<ele>480.5</ele>
<speed>1.4216628</speed>
<time>2021-11-25T11:45:51</time>
</trkpt>
<trkpt lat="44.0934883333333" lon="5.24951166666667">
<ele>480.5</ele>
<speed>1.3974708</speed>
<time>2021-11-25T11:45:52</time>
</trkpt>
<trkpt lat="44.0934983333333" lon="5.24945833333333">
<ele>480.5</ele>
<speed>1.1910672</speed>
<time>2021-11-25T11:45:55</time>
</trkpt>
<trkpt lat="44.0935116666667" lon="5.249415">
<ele>480.5</ele>
<speed>1.1823169</speed>
<time>2021-11-25T11:45:57</time>
</trkpt>
<trkpt lat="44.093515" lon="5.24939166666667">
<ele>480.5</ele>
<speed>1.2142297</speed>
<time>2021-11-25T11:45:58</time>
</trkpt>
<trkpt lat="44.0935266666667" lon="5.24933333333333">
<ele>485.9</ele>
<speed>1.3233508</speed>
<time>2021-11-25T11:46:01</time>
</trkpt>
<trkpt lat="44.0935266666667" lon="5.24931333333333">
<ele>485.9</ele>
<speed>1.3351895</speed>
<time>2021-11-25T11:46:02</time>
</trkpt>
<trkpt lat="44.093525" lon="5.2493">
<ele>485.9</ele>
<speed>1.2986442</speed>
<time>2021-11-25T11:46:03</time>
</trkpt>
<trkpt lat="44.0935183333333" lon="5.24928833333333">
<ele>485.9</ele>
<speed>1.3109975</speed>
<time>2021-11-25T11:46:04</time>
</trkpt>
<trkpt lat="44.09351" lon="5.24926333333333">
<ele>485.9</ele>
<speed>1.2343038</speed>
<time>2021-11-25T11:46:06</time>
</trkpt>
<trkpt lat="44.0935083333333" lon="5.24924666666667">
<ele>485.9</ele>
<speed>1.161728</speed>
<time>2021-11-25T11:46:07</time>
</trkpt>
<trkpt lat="44.0935083333333" lon="5.24922666666667">
<ele>485.9</ele>
<speed>1.1226091</speed>
<time>2021-11-25T11:46:08</time>
</trkpt>
<trkpt lat="44.0935033333333" lon="5.24921333333333">
<ele>485.9</ele>
<speed>1.05621</speed>
<time>2021-11-25T11:46:09</time>
</trkpt>
<trkpt lat="44.0934983333333" lon="5.24919833333333">
<ele>485.9</ele>
<speed>0.97591335</speed>
<time>2021-11-25T11:46:10</time>
</trkpt>
<trkpt lat="44.09349" lon="5.24909">
<ele>485.9</ele>
<speed>1.1483452</speed>
<time>2021-11-25T11:46:15</time>
</trkpt>
<trkpt lat="44.09349" lon="5.24906666666667">
<ele>485.9</ele>
<speed>1.2198917</speed>
<time>2021-11-25T11:46:16</time>
</trkpt>
<trkpt lat="44.0934966666667" lon="5.24904833333333">
<ele>485.9</ele>
<speed>1.2389364</speed>
<time>2021-11-25T11:46:17</time>
</trkpt>
<trkpt lat="44.0934916666667" lon="5.24902666666667">
<ele>485.9</ele>
<speed>1.2770258</speed>
<time>2021-11-25T11:46:18</time>
</trkpt>
<trkpt lat="44.0934866666667" lon="5.24900333333333">
<ele>482.7</ele>
<speed>1.306365</speed>
<time>2021-11-25T11:46:19</time>
</trkpt>
<trkpt lat="44.0934816666667" lon="5.24898166666667">
<ele>482.7</ele>
<speed>1.3851175</speed>
<time>2021-11-25T11:46:20</time>
</trkpt>
<trkpt lat="44.093475" lon="5.24896333333333">
<ele>482.7</ele>
<speed>1.3552636</speed>
<time>2021-11-25T11:46:21</time>
</trkpt>
<trkpt lat="44.09347" lon="5.24892333333333">
<ele>482.7</ele>
<speed>1.3037914</speed>
<time>2021-11-25T11:46:23</time>
</trkpt>
<trkpt lat="44.0934716666667" lon="5.248905">
<ele>482.7</ele>
<speed>1.2590106</speed>
<time>2021-11-25T11:46:24</time>
</trkpt>
<trkpt lat="44.0934666666667" lon="5.24888666666667">
<ele>482.7</ele>
<speed>1.2095972</speed>
<time>2021-11-25T11:46:25</time>
</trkpt>
<trkpt lat="44.0934666666667" lon="5.24886666666667">
<ele>482.7</ele>
<speed>1.2373922</speed>
<time>2021-11-25T11:46:26</time>
</trkpt>
<trkpt lat="44.0934416666667" lon="5.24880833333333">
<ele>478.5</ele>
<speed>1.300703</speed>
<time>2021-11-25T11:46:29</time>
</trkpt>
<trkpt lat="44.0934316666667" lon="5.24875333333333">
<ele>478.5</ele>
<speed>1.365558</speed>
<time>2021-11-25T11:46:32</time>
</trkpt>
<trkpt lat="44.0934166666667" lon="5.24873">
<ele>478.5</ele>
<speed>1.5076214</speed>
<time>2021-11-25T11:46:34</time>
</trkpt>
<trkpt lat="44.0934016666667" lon="5.24869333333333">
<ele>478.5</ele>
<speed>1.5951241</speed>
<time>2021-11-25T11:46:36</time>
</trkpt>
<trkpt lat="44.093375" lon="5.24858333333333">
<ele>476.2</ele>
<speed>1.9317524</speed>
<time>2021-11-25T11:46:40</time>
</trkpt>
<trkpt lat="44.0933583333333" lon="5.24853666666667">
<ele>476.2</ele>
<speed>2.0841103</speed>
<time>2021-11-25T11:46:42</time>
</trkpt>
<trkpt lat="44.0933516666667" lon="5.248505">
<ele>476.2</ele>
<speed>2.1788192</speed>
<time>2021-11-25T11:46:43</time>
</trkpt>
<trkpt lat="44.0933416666667" lon="5.248445">
<ele>476.2</ele>
<speed>2.292058</speed>
<time>2021-11-25T11:46:45</time>
</trkpt>
<trkpt lat="44.0933383333333" lon="5.24841833333333">
<ele>476.2</ele>
<speed>2.3579426</speed>
<time>2021-11-25T11:46:46</time>
</trkpt>
<trkpt lat="44.0933366666667" lon="5.24838333333333">
<ele>476.2</ele>
<speed>2.4577987</speed>
<time>2021-11-25T11:46:47</time>
</trkpt>
<trkpt lat="44.0933333333333" lon="5.24826">
<ele>470.6</ele>
<speed>2.457284</speed>
<time>2021-11-25T11:46:50</time>
</trkpt>
<trkpt lat="44.0932916666667" lon="5.24805166666667">
<ele>470.6</ele>
<speed>2.7002327</speed>
<time>2021-11-25T11:46:56</time>
</trkpt>
<trkpt lat="44.093285" lon="5.24801833333333">
<ele>470.6</ele>
<speed>2.7475872</speed>
<time>2021-11-25T11:46:57</time>
</trkpt>
<trkpt lat="44.0932816666667" lon="5.24793666666667">
<ele>464.3</ele>
<speed>2.5658903</speed>
<time>2021-11-25T11:47:00</time>
</trkpt>
<trkpt lat="44.0932866666667" lon="5.24789833333333">
<ele>464.3</ele>
<speed>2.4964027</speed>
<time>2021-11-25T11:47:01</time>
</trkpt>
<trkpt lat="44.0933083333333" lon="5.24776666666667">
<ele>464.3</ele>
<speed>2.2755868</speed>
<time>2021-11-25T11:47:05</time>
</trkpt>
<trkpt lat="44.09331" lon="5.24769">
<ele>464.3</ele>
<speed>2.2776458</speed>
<time>2021-11-25T11:47:07</time>
</trkpt>
<trkpt lat="44.09332" lon="5.24759">
<ele>452.5</ele>
<speed>2.4186797</speed>
<time>2021-11-25T11:47:10</time>
</trkpt>
<trkpt lat="44.0933266666667" lon="5.24756166666667">
<ele>452.5</ele>
<speed>2.4593427</speed>
<time>2021-11-25T11:47:11</time>
</trkpt>
<trkpt lat="44.09333" lon="5.24752666666667">
<ele>452.5</ele>
<speed>2.55714</speed>
<time>2021-11-25T11:47:12</time>
</trkpt>
<trkpt lat="44.093385" lon="5.24736">
<ele>452.5</ele>
<speed>2.4310331</speed>
<time>2021-11-25T11:47:18</time>
</trkpt>
<trkpt lat="44.0934133333333" lon="5.24731833333333">
<ele>435.6</ele>
<speed>2.388826</speed>
<time>2021-11-25T11:47:20</time>
</trkpt>
<trkpt lat="44.09343" lon="5.24728833333333">
<ele>435.6</ele>
<speed>2.3188236</speed>
<time>2021-11-25T11:47:21</time>
</trkpt>
<trkpt lat="44.093475" lon="5.24720666666667">
<ele>435.6</ele>
<speed>2.2313209</speed>
<time>2021-11-25T11:47:24</time>
</trkpt>
<trkpt lat="44.0934866666667" lon="5.24717666666667">
<ele>435.6</ele>
<speed>2.2272031</speed>
<time>2021-11-25T11:47:25</time>
</trkpt>
<trkpt lat="44.0935116666667" lon="5.24711333333333">
<ele>435.6</ele>
<speed>2.1057286</speed>
<time>2021-11-25T11:47:27</time>
</trkpt>
<trkpt lat="44.0935233333333" lon="5.247085">
<ele>435.6</ele>
<speed>2.062492</speed>
<time>2021-11-25T11:47:28</time>
</trkpt>
<trkpt lat="44.093535" lon="5.24705333333333">
<ele>431.1</ele>
<speed>2.0331528</speed>
<time>2021-11-25T11:47:29</time>
</trkpt>
<trkpt lat="44.0935433333333" lon="5.24702166666667">
<ele>431.1</ele>
<speed>1.9657241</speed>
<time>2021-11-25T11:47:30</time>
</trkpt>
<trkpt lat="44.09355" lon="5.24698833333333">
<ele>431.1</ele>
<speed>1.958518</speed>
<time>2021-11-25T11:47:31</time>
</trkpt>
<trkpt lat="44.0935616666667" lon="5.246905">
<ele>431.1</ele>
<speed>2.0094755</speed>
<time>2021-11-25T11:47:33</time>
</trkpt>
<trkpt lat="44.0935566666667" lon="5.246745">
<ele>431.1</ele>
<speed>2.269925</speed>
<time>2021-11-25T11:47:37</time>
</trkpt>
<trkpt lat="44.09357" lon="5.24656333333333">
<ele>427.1</ele>
<speed>2.6765556</speed>
<time>2021-11-25T11:47:42</time>
</trkpt>
<trkpt lat="44.0935733333333" lon="5.246525">
<ele>427.1</ele>
<speed>2.6374366</speed>
<time>2021-11-25T11:47:43</time>
</trkpt>
<trkpt lat="44.0935733333333" lon="5.24643166666667">
<ele>427.1</ele>
<speed>2.564346</speed>
<time>2021-11-25T11:47:46</time>
</trkpt>
<trkpt lat="44.0935716666667" lon="5.2464">
<ele>427.1</ele>
<speed>2.6595697</speed>
<time>2021-11-25T11:47:47</time>
</trkpt>
<trkpt lat="44.0935633333333" lon="5.24633833333333">
<ele>423.6</ele>
<speed>2.6899383</speed>
<time>2021-11-25T11:47:49</time>
</trkpt>
<trkpt lat="44.0935666666667" lon="5.24630833333333">
<ele>423.6</ele>
<speed>2.659055</speed>
<time>2021-11-25T11:47:50</time>
</trkpt>
<trkpt lat="44.093575" lon="5.24627666666667">
<ele>423.6</ele>
<speed>2.564346</speed>
<time>2021-11-25T11:47:51</time>
</trkpt>
<trkpt lat="44.0935716666667" lon="5.24623666666667">
<ele>423.6</ele>
<speed>2.5730963</speed>
<time>2021-11-25T11:47:52</time>
</trkpt>
<trkpt lat="44.0935716666667" lon="5.24620166666667">
<ele>423.6</ele>
<speed>2.5561106</speed>
<time>2021-11-25T11:47:53</time>
</trkpt>
<trkpt lat="44.093565" lon="5.24613166666667">
<ele>423.6</ele>
<speed>2.5494192</speed>
<time>2021-11-25T11:47:55</time>
</trkpt>
<trkpt lat="44.0935683333333" lon="5.24601666666667">
<ele>423.6</ele>
<speed>2.6055238</speed>
<time>2021-11-25T11:47:58</time>
</trkpt>
<trkpt lat="44.0935716666667" lon="5.24598833333333">
<ele>423.46667</ele>
<speed>2.6595697</speed>
<time>2021-11-25T11:47:59</time>
</trkpt>
<trkpt lat="44.0935783333333" lon="5.24596666666667">
<ele>423.46667</ele>
<speed>2.581332</speed>
<time>2021-11-25T11:48:00</time>
</trkpt>
<trkpt lat="44.0935816666667" lon="5.24594166666667">
<ele>423.46667</ele>
<speed>2.586994</speed>
<time>2021-11-25T11:48:01</time>
</trkpt>
<trkpt lat="44.0935916666667" lon="5.24587666666667">
<ele>423.46667</ele>
<speed>2.5525074</speed>
<time>2021-11-25T11:48:03</time>
</trkpt>
<trkpt lat="44.0935983333333" lon="5.24582166666667">
<ele>423.46667</ele>
<speed>2.3908846</speed>
<time>2021-11-25T11:48:05</time>
</trkpt>
<trkpt lat="44.0935983333333" lon="5.245755">
<ele>423.46667</ele>
<speed>2.3316917</speed>
<time>2021-11-25T11:48:07</time>
</trkpt>
<trkpt lat="44.0936016666667" lon="5.24571833333333">
<ele>423.46667</ele>
<speed>2.2024963</speed>
<time>2021-11-25T11:48:08</time>
</trkpt>
<trkpt lat="44.0935816666667" lon="5.24556333333333">
<ele>423.3</ele>
<speed>2.2380123</speed>
<time>2021-11-25T11:48:12</time>
</trkpt>
<trkpt lat="44.0935766666667" lon="5.24554333333333">
<ele>423.3</ele>
<speed>2.0177112</speed>
<time>2021-11-25T11:48:13</time>
</trkpt>
<trkpt lat="44.0935733333333" lon="5.245535">
<ele>423.3</ele>
<speed>1.6980686</speed>
<time>2021-11-25T11:48:15</time>
</trkpt>
<trkpt lat="44.0935683333333" lon="5.24553333333333">
<ele>423.3</ele>
<speed>1.5235778</speed>
<time>2021-11-25T11:48:16</time>
</trkpt>
<trkpt lat="44.093565" lon="5.245535">
<ele>423.3</ele>
<speed>1.256437</speed>
<time>2021-11-25T11:48:17</time>
</trkpt>
<trkpt lat="44.0935616666667" lon="5.24553333333333">
<ele>423.3</ele>
<speed>1.078343</speed>
<time>2021-11-25T11:48:18</time>
</trkpt>
<trkpt lat="44.0935583333333" lon="5.24553166666667">
<ele>428.6</ele>
<speed>0.8456886</speed>
<time>2021-11-25T11:48:19</time>
</trkpt>
<trkpt lat="44.0935516666667" lon="5.24552333333333">
<ele>428.6</ele>
<speed>0.0</speed>
<time>2021-11-25T11:48:25</time>
</trkpt>
<trkpt lat="44.0935666666667" lon="5.24547833333333">
<ele>428.9</ele>
<speed>0.32581916</speed>
<time>2021-11-25T11:48:52</time>
</trkpt>
<trkpt lat="44.093565" lon="5.24545666666667">
<ele>428.9</ele>
<speed>0.39427722</speed>
<time>2021-11-25T11:48:53</time>
</trkpt>
<trkpt lat="44.0935633333333" lon="5.24544166666667">
<ele>428.9</ele>
<speed>0.48126528</speed>
<time>2021-11-25T11:48:54</time>
</trkpt>
<trkpt lat="44.0935666666667" lon="5.24542666666667">
<ele>428.9</ele>
<speed>0.53891414</speed>
<time>2021-11-25T11:48:55</time>
</trkpt>
<trkpt lat="44.09356" lon="5.24540666666667">
<ele>428.9</ele>
<speed>0.59193057</speed>
<time>2021-11-25T11:48:56</time>
</trkpt>
<trkpt lat="44.093555" lon="5.24539166666667">
<ele>428.9</ele>
<speed>0.68200696</speed>
<time>2021-11-25T11:48:57</time>
</trkpt>
<trkpt lat="44.093545" lon="5.245365">
<ele>429.2</ele>
<speed>0.7993636</speed>
<time>2021-11-25T11:48:59</time>
</trkpt>
<trkpt lat="44.0935383333333" lon="5.24535">
<ele>429.2</ele>
<speed>0.88377804</speed>
<time>2021-11-25T11:49:00</time>
</trkpt>
<trkpt lat="44.093515" lon="5.24531333333333">
<ele>429.2</ele>
<speed>0.94400054</speed>
<time>2021-11-25T11:49:03</time>
</trkpt>
<trkpt lat="44.0935" lon="5.24529833333333">
<ele>429.2</ele>
<speed>0.95275086</speed>
<time>2021-11-25T11:49:04</time>
</trkpt>
<trkpt lat="44.0934916666667" lon="5.24528333333333">
<ele>429.2</ele>
<speed>0.9774575</speed>
<time>2021-11-25T11:49:05</time>
</trkpt>
<trkpt lat="44.0934916666667" lon="5.24527">
<ele>429.2</ele>
<speed>0.9898108</speed>
<time>2021-11-25T11:49:06</time>
</trkpt>
<trkpt lat="44.0934783333333" lon="5.24522833333333">
<ele>430.3</ele>
<speed>0.94245636</speed>
<time>2021-11-25T11:49:09</time>
</trkpt>
<trkpt lat="44.0934583333333" lon="5.24511666666667">
<ele>430.3</ele>
<speed>1.0510628</speed>
<time>2021-11-25T11:49:15</time>
</trkpt>
<trkpt lat="44.09346" lon="5.24509666666667">
<ele>430.3</ele>
<speed>1.0824609</speed>
<time>2021-11-25T11:49:16</time>
</trkpt>
<trkpt lat="44.0934533333333" lon="5.24507833333333">
<ele>430.3</ele>
<speed>1.126727</speed>
<time>2021-11-25T11:49:17</time>
</trkpt>
<trkpt lat="44.0934316666667" lon="5.24502">
<ele>430.1</ele>
<speed>1.3058503</speed>
<time>2021-11-25T11:49:20</time>
</trkpt>
<trkpt lat="44.09343" lon="5.24499833333333">
<ele>430.1</ele>
<speed>1.35269</speed>
<time>2021-11-25T11:49:21</time>
</trkpt>
<trkpt lat="44.0934233333333" lon="5.24498166666667">
<ele>430.1</ele>
<speed>1.3907795</speed>
<time>2021-11-25T11:49:22</time>
</trkpt>
<trkpt lat="44.0934183333333" lon="5.24496666666667">
<ele>430.1</ele>
<speed>1.3691611</speed>
<time>2021-11-25T11:49:23</time>
</trkpt>
<trkpt lat="44.0934166666667" lon="5.244955">
<ele>430.1</ele>
<speed>1.3212919</speed>
<time>2021-11-25T11:49:24</time>
</trkpt>
<trkpt lat="44.09341" lon="5.24492333333333">
<ele>430.1</ele>
<speed>1.2765111</speed>
<time>2021-11-25T11:49:26</time>
</trkpt>
<trkpt lat="44.0934066666667" lon="5.24490833333333">
<ele>430.1</ele>
<speed>1.2569517</speed>
<time>2021-11-25T11:49:27</time>
</trkpt>
<trkpt lat="44.093405" lon="5.24489333333333">
<ele>430.1</ele>
<speed>1.2584958</speed>
<time>2021-11-25T11:49:28</time>
</trkpt>
<trkpt lat="44.0933766666667" lon="5.24484833333333">
<ele>430.5</ele>
<speed>1.1020203</speed>
<time>2021-11-25T11:49:31</time>
</trkpt>
<trkpt lat="44.0933683333333" lon="5.24483833333333">
<ele>430.5</ele>
<speed>1.0330476</speed>
<time>2021-11-25T11:49:32</time>
</trkpt>
<trkpt lat="44.0933366666667" lon="5.24477166666667">
<ele>430.5</ele>
<speed>1.2384217</speed>
<time>2021-11-25T11:49:35</time>
</trkpt>
<trkpt lat="44.0933066666667" lon="5.24471166666667">
<ele>430.5</ele>
<speed>1.3362188</speed>
<time>2021-11-25T11:49:38</time>
</trkpt>
<trkpt lat="44.0932983333333" lon="5.24469333333333">
<ele>430.7</ele>
<speed>1.4087948</speed>
<time>2021-11-25T11:49:39</time>
</trkpt>
<trkpt lat="44.09328" lon="5.24466166666667">
<ele>430.7</ele>
<speed>1.5091655</speed>
<time>2021-11-25T11:49:42</time>
</trkpt>
<trkpt lat="44.0932683333333" lon="5.24464166666667">
<ele>430.7</ele>
<speed>1.5040183</speed>
<time>2021-11-25T11:49:43</time>
</trkpt>
<trkpt lat="44.0932583333333" lon="5.24462">
<ele>430.7</ele>
<speed>1.478797</speed>
<time>2021-11-25T11:49:44</time>
</trkpt>
<trkpt lat="44.0932533333333" lon="5.24456666666667">
<ele>430.7</ele>
<speed>1.5086508</speed>
<time>2021-11-25T11:49:46</time>
</trkpt>
<trkpt lat="44.09326" lon="5.24452">
<ele>430.7</ele>
<speed>1.504533</speed>
<time>2021-11-25T11:49:48</time>
</trkpt>
<trkpt lat="44.0932583333333" lon="5.24446833333333">
<ele>432.56668</ele>
<speed>1.4597522</speed>
<time>2021-11-25T11:49:50</time>
</trkpt>
<trkpt lat="44.09326" lon="5.24444666666667">
<ele>432.56668</ele>
<speed>1.4412222</speed>
<time>2021-11-25T11:49:51</time>
</trkpt>
<trkpt lat="44.0932666666667" lon="5.24443166666667">
<ele>432.56668</ele>
<speed>1.3871764</speed>
<time>2021-11-25T11:49:52</time>
</trkpt>
<trkpt lat="44.093265" lon="5.24442">
<ele>432.56668</ele>
<speed>1.3197478</speed>
<time>2021-11-25T11:49:53</time>
</trkpt>
<trkpt lat="44.0932683333333" lon="5.2444">
<ele>432.56668</ele>
<speed>1.2090825</speed>
<time>2021-11-25T11:49:54</time>
</trkpt>
<trkpt lat="44.0932683333333" lon="5.24439166666667">
<ele>432.56668</ele>
<speed>1.0644456</speed>
<time>2021-11-25T11:49:55</time>
</trkpt>
<trkpt lat="44.0932816666667" lon="5.24435">
<ele>432.56668</ele>
<speed>0.88635164</speed>
<time>2021-11-25T11:49:57</time>
</trkpt>
<trkpt lat="44.0932983333333" lon="5.244285">
<ele>438.6</ele>
<speed>0.8199525</speed>
<time>2021-11-25T11:50:00</time>
</trkpt>
<trkpt lat="44.093315" lon="5.244185">
<ele>438.6</ele>
<speed>1.2085677</speed>
<time>2021-11-25T11:50:04</time>
</trkpt>
<trkpt lat="44.0933166666667" lon="5.24416166666667">
<ele>438.6</ele>
<speed>1.3393072</speed>
<time>2021-11-25T11:50:05</time>
</trkpt>
<trkpt lat="44.0933266666667" lon="5.244115">
<ele>438.6</ele>
<speed>1.5539464</speed>
<time>2021-11-25T11:50:07</time>
</trkpt>
<trkpt lat="44.093335" lon="5.24409833333333">
<ele>438.6</ele>
<speed>1.6265222</speed>
<time>2021-11-25T11:50:08</time>
</trkpt>
<trkpt lat="44.09336" lon="5.24405333333333">
<ele>439.2</ele>
<speed>1.6043892</speed>
<time>2021-11-25T11:50:11</time>
</trkpt>
<trkpt lat="44.0933733333333" lon="5.24399833333333">
<ele>439.2</ele>
<speed>1.634243</speed>
<time>2021-11-25T11:50:13</time>
</trkpt>
<trkpt lat="44.0933883333333" lon="5.243965">
<ele>439.2</ele>
<speed>1.623434</speed>
<time>2021-11-25T11:50:15</time>
</trkpt>
<trkpt lat="44.0933983333333" lon="5.24394666666667">
<ele>439.2</ele>
<speed>1.6579202</speed>
<time>2021-11-25T11:50:16</time>
</trkpt>
<trkpt lat="44.0934066666667" lon="5.24392833333333">
<ele>439.2</ele>
<speed>1.6429933</speed>
<time>2021-11-25T11:50:17</time>
</trkpt>
<trkpt lat="44.09342" lon="5.2439">
<ele>439.4</ele>
<speed>1.5210042</speed>
<time>2021-11-25T11:50:19</time>
</trkpt>
<trkpt lat="44.09346" lon="5.24384166666667">
<ele>439.4</ele>
<speed>1.3398219</speed>
<time>2021-11-25T11:50:23</time>
</trkpt>
<trkpt lat="44.0934683333333" lon="5.243825">
<ele>439.4</ele>
<speed>1.3017325</speed>
<time>2021-11-25T11:50:24</time>
</trkpt>
<trkpt lat="44.093475" lon="5.24380166666667">
<ele>439.4</ele>
<speed>1.2461425</speed>
<time>2021-11-25T11:50:25</time>
</trkpt>
<trkpt lat="44.0934783333333" lon="5.24378166666667">
<ele>439.4</ele>
<speed>1.1643016</speed>
<time>2021-11-25T11:50:26</time>
</trkpt>
<trkpt lat="44.093485" lon="5.24375833333333">
<ele>439.4</ele>
<speed>1.1591544</speed>
<time>2021-11-25T11:50:27</time>
</trkpt>
<trkpt lat="44.0934916666667" lon="5.24370666666667">
<ele>439.1</ele>
<speed>1.2723933</speed>
<time>2021-11-25T11:50:29</time>
</trkpt>
<trkpt lat="44.093495" lon="5.24367833333333">
<ele>439.1</ele>
<speed>1.3562931</speed>
<time>2021-11-25T11:50:30</time>
</trkpt>
<trkpt lat="44.0934916666667" lon="5.24365166666667">
<ele>439.1</ele>
<speed>1.3624697</speed>
<time>2021-11-25T11:50:31</time>
</trkpt>
<trkpt lat="44.0934933333333" lon="5.243635">
<ele>439.1</ele>
<speed>1.3882059</speed>
<time>2021-11-25T11:50:32</time>
</trkpt>
<trkpt lat="44.093495" lon="5.24358833333333">
<ele>439.1</ele>
<speed>1.3310716</speed>
<time>2021-11-25T11:50:35</time>
</trkpt>
<trkpt lat="44.0935116666667" lon="5.24347666666667">
<ele>438.2</ele>
<speed>1.2703345</speed>
<time>2021-11-25T11:50:40</time>
</trkpt>
<trkpt lat="44.0935283333333" lon="5.24344166666667">
<ele>438.2</ele>
<speed>1.2183475</speed>
<time>2021-11-25T11:50:42</time>
</trkpt>
<trkpt lat="44.093535" lon="5.24342333333333">
<ele>438.2</ele>
<speed>1.198788</speed>
<time>2021-11-25T11:50:43</time>
</trkpt>
<trkpt lat="44.09354" lon="5.24341">
<ele>438.2</ele>
<speed>1.195185</speed>
<time>2021-11-25T11:50:44</time>
</trkpt>
<trkpt lat="44.0935466666667" lon="5.243395">
<ele>438.2</ele>
<speed>1.173052</speed>
<time>2021-11-25T11:50:45</time>
</trkpt>
<trkpt lat="44.0935516666667" lon="5.243375">
<ele>438.2</ele>
<speed>1.1462864</speed>
<time>2021-11-25T11:50:46</time>
</trkpt>
<trkpt lat="44.09356" lon="5.24336">
<ele>438.2</ele>
<speed>1.1421686</speed>
<time>2021-11-25T11:50:47</time>
</trkpt>
<trkpt lat="44.093565" lon="5.24334666666667">
<ele>438.2</ele>
<speed>1.1035645</speed>
<time>2021-11-25T11:50:48</time>
</trkpt>
<trkpt lat="44.0935716666667" lon="5.243305">
<ele>437.83334</ele>
<speed>0.9676778</speed>
<time>2021-11-25T11:50:51</time>
</trkpt>
<trkpt lat="44.0935783333333" lon="5.24327666666667">
<ele>437.83334</ele>
<speed>0.9218675</speed>
<time>2021-11-25T11:50:53</time>
</trkpt>
<trkpt lat="44.09358" lon="5.24326333333333">
<ele>437.83334</ele>
<speed>0.9002492</speed>
<time>2021-11-25T11:50:54</time>
</trkpt>
<trkpt lat="44.0935833333333" lon="5.24326666666667">
<ele>437.83334</ele>
<speed>0.82715863</speed>
<time>2021-11-25T11:50:55</time>
</trkpt>
<trkpt lat="44.0935816666667" lon="5.24326333333333">
<ele>437.83334</ele>
<speed>0.74274415</speed>
<time>2021-11-25T11:50:56</time>
</trkpt>
<trkpt lat="44.09358" lon="5.24326">
<ele>437.83334</ele>
<speed>0.6222992</speed>
<time>2021-11-25T11:50:57</time>
</trkpt>
<trkpt lat="44.0935816666667" lon="5.24325333333333">
<ele>437.83334</ele>
<speed>0.53582585</speed>
<time>2021-11-25T11:50:58</time>
</trkpt>
<trkpt lat="44.0935933333333" lon="5.243245">
<ele>437.0</ele>
<speed>0.5121486</speed>
<time>2021-11-25T11:50:59</time>
</trkpt>
<trkpt lat="44.0936" lon="5.243235">
<ele>437.0</ele>
<speed>0.5857539</speed>
<time>2021-11-25T11:51:00</time>
</trkpt>
<trkpt lat="44.09364" lon="5.24319333333333">
<ele>437.0</ele>
<speed>0.83487946</speed>
<time>2021-11-25T11:51:04</time>
</trkpt>
<trkpt lat="44.0936516666667" lon="5.24319166666667">
<ele>437.0</ele>
<speed>0.9656189</speed>
<time>2021-11-25T11:51:05</time>
</trkpt>
<trkpt lat="44.093665" lon="5.24318333333333">
<ele>437.0</ele>
<speed>1.0870934</speed>
<time>2021-11-25T11:51:06</time>
</trkpt>
<trkpt lat="44.0936783333333" lon="5.243175">
<ele>437.0</ele>
<speed>1.1982733</speed>
<time>2021-11-25T11:51:07</time>
</trkpt>
<trkpt lat="44.0937383333333" lon="5.24314">
<ele>436.6</ele>
<speed>1.5868886</speed>
<time>2021-11-25T11:51:11</time>
</trkpt>
<trkpt lat="44.0937966666667" lon="5.243125">
<ele>436.6</ele>
<speed>1.5415931</speed>
<time>2021-11-25T11:51:15</time>
</trkpt>
<trkpt lat="44.0938183333333" lon="5.24312166666667">
<ele>436.6</ele>
<speed>1.4957827</speed>
<time>2021-11-25T11:51:17</time>
</trkpt>
<trkpt lat="44.0938333333333" lon="5.24311833333333">
<ele>436.6</ele>
<speed>1.5024742</speed>
<time>2021-11-25T11:51:18</time>
</trkpt>
<trkpt lat="44.0938683333333" lon="5.24311">
<ele>434.4</ele>
<speed>1.4473989</speed>
<time>2021-11-25T11:51:20</time>
</trkpt>
<trkpt lat="44.0938833333333" lon="5.24311333333333">
<ele>434.4</ele>
<speed>1.3784261</speed>
<time>2021-11-25T11:51:21</time>
</trkpt>
<trkpt lat="44.0939066666667" lon="5.243115">
<ele>434.4</ele>
<speed>1.2945263</speed>
<time>2021-11-25T11:51:23</time>
</trkpt>
<trkpt lat="44.0939183333333" lon="5.24312166666667">
<ele>434.4</ele>
<speed>1.3218067</speed>
<time>2021-11-25T11:51:24</time>
</trkpt>
<trkpt lat="44.09397" lon="5.24312833333333">
<ele>434.4</ele>
<speed>1.513798</speed>
<time>2021-11-25T11:51:27</time>
</trkpt>
<trkpt lat="44.0940083333333" lon="5.243135">
<ele>430.1</ele>
<speed>1.5858592</speed>
<time>2021-11-25T11:51:29</time>
</trkpt>
<trkpt lat="44.0940583333333" lon="5.24313666666667">
<ele>430.1</ele>
<speed>1.8540294</speed>
<time>2021-11-25T11:51:31</time>
</trkpt>
<trkpt lat="44.0940816666667" lon="5.24313833333333">
<ele>430.1</ele>
<speed>1.9636652</speed>
<time>2021-11-25T11:51:32</time>
</trkpt>
<trkpt lat="44.0941083333333" lon="5.24314">
<ele>430.1</ele>
<speed>2.2122762</speed>
<time>2021-11-25T11:51:33</time>
</trkpt>
<trkpt lat="44.094135" lon="5.24314">
<ele>430.1</ele>
<speed>2.3944879</speed>
<time>2021-11-25T11:51:34</time>
</trkpt>
<trkpt lat="44.09416" lon="5.24313666666667">
<ele>430.1</ele>
<speed>2.4927998</speed>
<time>2021-11-25T11:51:35</time>
</trkpt>
<trkpt lat="44.0941866666667" lon="5.243135">
<ele>430.1</ele>
<speed>2.636922</speed>
<time>2021-11-25T11:51:36</time>
</trkpt>
<trkpt lat="44.0942183333333" lon="5.24313333333333">
<ele>430.1</ele>
<speed>2.7563374</speed>
<time>2021-11-25T11:51:37</time>
</trkpt>
<trkpt lat="44.0943066666667" lon="5.24312166666667">
<ele>427.6</ele>
<speed>3.1248786</speed>
<time>2021-11-25T11:51:40</time>
</trkpt>
<trkpt lat="44.0943716666667" lon="5.24312666666667">
<ele>427.6</ele>
<speed>2.8824444</speed>
<time>2021-11-25T11:51:43</time>
</trkpt>
<trkpt lat="44.09442" lon="5.24311833333333">
<ele>427.6</ele>
<speed>2.7743528</speed>
<time>2021-11-25T11:51:45</time>
</trkpt>
<trkpt lat="44.0944483333333" lon="5.243115">
<ele>427.6</ele>
<speed>2.7568521</speed>
<time>2021-11-25T11:51:46</time>
</trkpt>
<trkpt lat="44.0945116666667" lon="5.24309833333333">
<ele>427.6</ele>
<speed>2.7393517</speed>
<time>2021-11-25T11:51:48</time>
</trkpt>
<trkpt lat="44.09457" lon="5.24308666666667">
<ele>423.3</ele>
<speed>2.746043</speed>
<time>2021-11-25T11:51:50</time>
</trkpt>
<trkpt lat="44.0945983333333" lon="5.24308333333333">
<ele>423.3</ele>
<speed>2.8438404</speed>
<time>2021-11-25T11:51:51</time>
</trkpt>
<trkpt lat="44.0946433333333" lon="5.24307333333333">
<ele>423.3</ele>
<speed>2.9745798</speed>
<time>2021-11-25T11:51:53</time>
</trkpt>
<trkpt lat="44.0946733333333" lon="5.24306833333333">
<ele>423.3</ele>
<speed>3.0847304</speed>
<time>2021-11-25T11:51:54</time>
</trkpt>
<trkpt lat="44.0947266666667" lon="5.24304666666667">
<ele>423.3</ele>
<speed>3.0950248</speed>
<time>2021-11-25T11:51:56</time>
</trkpt>
<trkpt lat="44.09475" lon="5.24304">
<ele>423.3</ele>
<speed>2.981271</speed>
<time>2021-11-25T11:51:57</time>
</trkpt>
<trkpt lat="44.0947733333333" lon="5.24304">
<ele>423.3</ele>
<speed>2.929284</speed>
<time>2021-11-25T11:51:58</time>
</trkpt>
<trkpt lat="44.0948283333333" lon="5.24303666666667">
<ele>422.36667</ele>
<speed>2.8268545</speed>
<time>2021-11-25T11:52:00</time>
</trkpt>
<trkpt lat="44.0948533333333" lon="5.24303666666667">
<ele>422.36667</ele>
<speed>2.81656</speed>
<time>2021-11-25T11:52:01</time>
</trkpt>
<trkpt lat="44.0948783333333" lon="5.24303166666667">
<ele>422.36667</ele>
<speed>2.7578816</speed>
<time>2021-11-25T11:52:02</time>
</trkpt>
<trkpt lat="44.0949033333333" lon="5.24303333333333">
<ele>422.36667</ele>
<speed>2.7599406</speed>
<time>2021-11-25T11:52:03</time>
</trkpt>
<trkpt lat="44.094925" lon="5.24302833333333">
<ele>422.36667</ele>
<speed>2.662658</speed>
<time>2021-11-25T11:52:04</time>
</trkpt>
<trkpt lat="44.094975" lon="5.24301666666667">
<ele>422.36667</ele>
<speed>2.4444158</speed>
<time>2021-11-25T11:52:07</time>
</trkpt>
<trkpt lat="44.0950016666667" lon="5.24301166666667">
<ele>422.36667</ele>
<speed>2.4119883</speed>
<time>2021-11-25T11:52:08</time>
</trkpt>
<trkpt lat="44.0950266666667" lon="5.24300333333333">
<ele>418.9</ele>
<speed>2.3543394</speed>
<time>2021-11-25T11:52:09</time>
</trkpt>
<trkpt lat="44.095045" lon="5.24300333333333">
<ele>418.9</ele>
<speed>2.2462478</speed>
<time>2021-11-25T11:52:10</time>
</trkpt>
<trkpt lat="44.0950666666667" lon="5.243">
<ele>418.9</ele>
<speed>2.184996</speed>
<time>2021-11-25T11:52:11</time>
</trkpt>
<trkpt lat="44.0950866666667" lon="5.24299666666667">
<ele>418.9</ele>
<speed>2.0516827</speed>
<time>2021-11-25T11:52:12</time>
</trkpt>
<trkpt lat="44.095105" lon="5.24299333333333">
<ele>418.9</ele>
<speed>1.9492531</speed>
<time>2021-11-25T11:52:13</time>
</trkpt>
<trkpt lat="44.0951416666667" lon="5.24299333333333">
<ele>418.9</ele>
<speed>1.8952072</speed>
<time>2021-11-25T11:52:15</time>
</trkpt>
<trkpt lat="44.0951583333333" lon="5.24299">
<ele>418.9</ele>
<speed>1.8802803</speed>
<time>2021-11-25T11:52:16</time>
</trkpt>
<trkpt lat="44.095175" lon="5.24299">
<ele>418.9</ele>
<speed>1.8133664</speed>
<time>2021-11-25T11:52:17</time>
</trkpt>
<trkpt lat="44.095195" lon="5.24298833333333">
<ele>418.9</ele>
<speed>1.7871156</speed>
<time>2021-11-25T11:52:18</time>
</trkpt>
<trkpt lat="44.09522" lon="5.24299">
<ele>418.7</ele>
<speed>1.8643239</speed>
<time>2021-11-25T11:52:19</time>
</trkpt>
<trkpt lat="44.0952433333333" lon="5.242985">
<ele>418.7</ele>
<speed>1.9765333</speed>
<time>2021-11-25T11:52:20</time>
</trkpt>
<trkpt lat="44.0953166666667" lon="5.24297333333333">
<ele>418.7</ele>
<speed>2.1860254</speed>
<time>2021-11-25T11:52:23</time>
</trkpt>
<trkpt lat="44.0953666666667" lon="5.24297">
<ele>418.7</ele>
<speed>2.3594866</speed>
<time>2021-11-25T11:52:25</time>
</trkpt>
<trkpt lat="44.0953916666667" lon="5.24296666666667">
<ele>418.7</ele>
<speed>2.5005205</speed>
<time>2021-11-25T11:52:26</time>
</trkpt>
<trkpt lat="44.0954116666667" lon="5.24296166666667">
<ele>418.7</ele>
<speed>2.5247126</speed>
<time>2021-11-25T11:52:27</time>
</trkpt>
<trkpt lat="44.095485" lon="5.24295333333333">
<ele>419.3</ele>
<speed>2.5890527</speed>
<time>2021-11-25T11:52:30</time>
</trkpt>
<trkpt lat="44.09551" lon="5.24295333333333">
<ele>419.3</ele>
<speed>2.5900822</speed>
<time>2021-11-25T11:52:31</time>
</trkpt>
<trkpt lat="44.0956066666667" lon="5.24295166666667">
<ele>419.3</ele>
<speed>2.7506754</speed>
<time>2021-11-25T11:52:35</time>
</trkpt>
<trkpt lat="44.0956266666667" lon="5.24295">
<ele>419.3</ele>
<speed>2.6657465</speed>
<time>2021-11-25T11:52:36</time>
</trkpt>
<trkpt lat="44.095645" lon="5.24295166666667">
<ele>419.3</ele>
<speed>2.7007475</speed>
<time>2021-11-25T11:52:37</time>
</trkpt>
<trkpt lat="44.0956683333333" lon="5.24295">
<ele>419.3</ele>
<speed>2.696115</speed>
<time>2021-11-25T11:52:38</time>
</trkpt>
<trkpt lat="44.0957916666667" lon="5.24292">
<ele>419.76666</ele>
<speed>2.6765556</speed>
<time>2021-11-25T11:52:43</time>
</trkpt>
<trkpt lat="44.0958166666667" lon="5.24291833333333">
<ele>419.76666</ele>
<speed>2.670379</speed>
<time>2021-11-25T11:52:44</time>
</trkpt>
<trkpt lat="44.0958383333333" lon="5.24291166666667">
<ele>419.76666</ele>
<speed>2.6281717</speed>
<time>2021-11-25T11:52:45</time>
</trkpt>
<trkpt lat="44.0958666666667" lon="5.24290666666667">
<ele>419.76666</ele>
<speed>2.7506754</speed>
<time>2021-11-25T11:52:46</time>
</trkpt>
<trkpt lat="44.0959183333333" lon="5.242905">
<ele>419.76666</ele>
<speed>2.794427</speed>
<time>2021-11-25T11:52:48</time>
</trkpt>
<trkpt lat="44.09596" lon="5.24289333333333">
<ele>423.2</ele>
<speed>2.6142743</speed>
<time>2021-11-25T11:52:50</time>
</trkpt>
<trkpt lat="44.095985" lon="5.24288166666667">
<ele>423.2</ele>
<speed>2.6024356</speed>
<time>2021-11-25T11:52:51</time>
</trkpt>
<trkpt lat="44.0960316666667" lon="5.24285166666667">
<ele>423.2</ele>
<speed>2.5875087</speed>
<time>2021-11-25T11:52:53</time>
</trkpt>
<trkpt lat="44.09611" lon="5.24280333333333">
<ele>423.2</ele>
<speed>2.673982</speed>
<time>2021-11-25T11:52:56</time>
</trkpt>
<trkpt lat="44.0963216666667" lon="5.24269">
<ele>426.9</ele>
<speed>2.89068</speed>
<time>2021-11-25T11:53:04</time>
</trkpt>
<trkpt lat="44.0963466666667" lon="5.24267833333333">
<ele>426.9</ele>
<speed>2.9601674</speed>
<time>2021-11-25T11:53:05</time>
</trkpt>
<trkpt lat="44.0964566666667" lon="5.24262166666667">
<ele>428.7</ele>
<speed>2.8196483</speed>
<time>2021-11-25T11:53:10</time>
</trkpt>
<trkpt lat="44.0964766666667" lon="5.24261">
<ele>428.7</ele>
<speed>2.7913387</speed>
<time>2021-11-25T11:53:11</time>
</trkpt>
<trkpt lat="44.0965633333333" lon="5.242575">
<ele>428.7</ele>
<speed>2.567949</speed>
<time>2021-11-25T11:53:15</time>
</trkpt>
<trkpt lat="44.09659" lon="5.242575">
<ele>428.7</ele>
<speed>2.5885382</speed>
<time>2021-11-25T11:53:16</time>
</trkpt>
<trkpt lat="44.0966133333333" lon="5.24257666666667">
<ele>428.7</ele>
<speed>2.5530221</speed>
<time>2021-11-25T11:53:17</time>
</trkpt>
<trkpt lat="44.096635" lon="5.24256833333333">
<ele>428.7</ele>
<speed>2.55714</speed>
<time>2021-11-25T11:53:18</time>
</trkpt>
<trkpt lat="44.0966516666667" lon="5.24256833333333">
<ele>429.6</ele>
<speed>2.5494192</speed>
<time>2021-11-25T11:53:19</time>
</trkpt>
<trkpt lat="44.0966983333333" lon="5.24256166666667">
<ele>429.6</ele>
<speed>2.6430986</speed>
<time>2021-11-25T11:53:21</time>
</trkpt>
<trkpt lat="44.0967233333333" lon="5.24255833333333">
<ele>429.6</ele>
<speed>2.666776</speed>
<time>2021-11-25T11:53:22</time>
</trkpt>
<trkpt lat="44.0967433333333" lon="5.242555">
<ele>429.6</ele>
<speed>2.6688347</speed>
<time>2021-11-25T11:53:23</time>
</trkpt>
<trkpt lat="44.0967783333333" lon="5.242555">
<ele>429.6</ele>
<speed>2.5066972</speed>
<time>2021-11-25T11:53:25</time>
</trkpt>
<trkpt lat="44.09681" lon="5.24256">
<ele>429.6</ele>
<speed>2.3733842</speed>
<time>2021-11-25T11:53:27</time>
</trkpt>
<trkpt lat="44.0968416666667" lon="5.24256666666667">
<ele>431.5</ele>
<speed>2.2843373</speed>
<time>2021-11-25T11:53:29</time>
</trkpt>
<trkpt lat="44.096855" lon="5.24256">
<ele>431.5</ele>
<speed>2.2081583</speed>
<time>2021-11-25T11:53:30</time>
</trkpt>
<trkpt lat="44.09688" lon="5.24254833333333">
<ele>431.5</ele>
<speed>2.029035</speed>
<time>2021-11-25T11:53:32</time>
</trkpt>
<trkpt lat="44.0969383333333" lon="5.24256">
<ele>431.5</ele>
<speed>1.9626359</speed>
<time>2021-11-25T11:53:36</time>
</trkpt>
<trkpt lat="44.0969483333333" lon="5.24256166666667">
<ele>431.5</ele>
<speed>1.8874863</speed>
<time>2021-11-25T11:53:37</time>
</trkpt>
<trkpt lat="44.09696" lon="5.24256166666667">
<ele>431.5</ele>
<speed>1.7397611</speed>
<time>2021-11-25T11:53:38</time>
</trkpt>
<trkpt lat="44.096985" lon="5.242565">
<ele>436.8</ele>
<speed>1.7124808</speed>
<time>2021-11-25T11:53:40</time>
</trkpt>
<trkpt lat="44.097" lon="5.24256166666667">
<ele>436.8</ele>
<speed>1.6610086</speed>
<time>2021-11-25T11:53:41</time>
</trkpt>
<trkpt lat="44.097025" lon="5.24255833333333">
<ele>436.8</ele>
<speed>1.5261514</speed>
<time>2021-11-25T11:53:43</time>
</trkpt>
<trkpt lat="44.0970766666667" lon="5.24255833333333">
<ele>436.8</ele>
<speed>1.4962975</speed>
<time>2021-11-25T11:53:46</time>
</trkpt>
<trkpt lat="44.0971033333334" lon="5.24255833333333">
<ele>436.8</ele>
<speed>1.5441667</speed>
<time>2021-11-25T11:53:48</time>
</trkpt>
<trkpt lat="44.09715" lon="5.24255">
<ele>445.5</ele>
<speed>1.5940948</speed>
<time>2021-11-25T11:53:51</time>
</trkpt>
<trkpt lat="44.097185" lon="5.24254333333333">
<ele>445.5</ele>
<speed>1.719687</speed>
<time>2021-11-25T11:53:53</time>
</trkpt>
<trkpt lat="44.097265" lon="5.24252833333333">
<ele>445.5</ele>
<speed>1.7217458</speed>
<time>2021-11-25T11:53:58</time>
</trkpt>
<trkpt lat="44.0972783333333" lon="5.242525">
<ele>446.0</ele>
<speed>1.6913772</speed>
<time>2021-11-25T11:53:59</time>
</trkpt>
<trkpt lat="44.0973133333333" lon="5.24252">
<ele>446.0</ele>
<speed>1.4880619</speed>
<time>2021-11-25T11:54:02</time>
</trkpt>
<trkpt lat="44.0973283333334" lon="5.24251666666667">
<ele>446.0</ele>
<speed>1.436075</speed>
<time>2021-11-25T11:54:03</time>
</trkpt>
<trkpt lat="44.09735" lon="5.24250833333333">
<ele>446.0</ele>
<speed>1.3429103</speed>
<time>2021-11-25T11:54:05</time>
</trkpt>
<trkpt lat="44.0973533333333" lon="5.24250666666667">
<ele>446.0</ele>
<speed>1.2281272</speed>
<time>2021-11-25T11:54:06</time>
</trkpt>
<trkpt lat="44.0973583333333" lon="5.24250666666667">
<ele>446.0</ele>
<speed>1.1895231</speed>
<time>2021-11-25T11:54:07</time>
</trkpt>
<trkpt lat="44.09737" lon="5.24251">
<ele>446.0</ele>
<speed>1.126727</speed>
<time>2021-11-25T11:54:08</time>
</trkpt>
<trkpt lat="44.0973833333333" lon="5.24251666666667">
<ele>447.63333</ele>
<speed>0.9887814</speed>
<time>2021-11-25T11:54:10</time>
</trkpt>
<trkpt lat="44.0973933333333" lon="5.24252">
<ele>447.63333</ele>
<speed>0.97591335</speed>
<time>2021-11-25T11:54:11</time>
</trkpt>
<trkpt lat="44.09741" lon="5.24252833333333">
<ele>447.63333</ele>
<speed>0.94142693</speed>
<time>2021-11-25T11:54:12</time>
</trkpt>
<trkpt lat="44.0974133333333" lon="5.24252333333333">
<ele>447.63333</ele>
<speed>0.8601008</speed>
<time>2021-11-25T11:54:13</time>
</trkpt>
<trkpt lat="44.0974333333333" lon="5.24251333333333">
<ele>447.63333</ele>
<speed>0.8014225</speed>
<time>2021-11-25T11:54:15</time>
</trkpt>
<trkpt lat="44.09746" lon="5.24249833333333">
<ele>447.63333</ele>
<speed>0.87399834</speed>
<time>2021-11-25T11:54:17</time>
</trkpt>
<trkpt lat="44.0974866666667" lon="5.24246833333333">
<ele>446.1</ele>
<speed>0.9244411</speed>
<time>2021-11-25T11:54:19</time>
</trkpt>
<trkpt lat="44.0974983333333" lon="5.24246333333333">
<ele>446.1</ele>
<speed>0.98260474</speed>
<time>2021-11-25T11:54:20</time>
</trkpt>
<trkpt lat="44.09756" lon="5.24241">
<ele>446.1</ele>
<speed>1.2281272</speed>
<time>2021-11-25T11:54:26</time>
</trkpt>
<trkpt lat="44.09757" lon="5.2424">
<ele>446.1</ele>
<speed>1.2240094</speed>
<time>2021-11-25T11:54:27</time>
</trkpt>
<trkpt lat="44.0975866666667" lon="5.242385">
<ele>445.0</ele>
<speed>1.2193769</speed>
<time>2021-11-25T11:54:29</time>
</trkpt>
<trkpt lat="44.0976183333333" lon="5.24235333333333">
<ele>445.0</ele>
<speed>1.2780553</speed>
<time>2021-11-25T11:54:32</time>
</trkpt>
<trkpt lat="44.09763" lon="5.24235">
<ele>445.0</ele>
<speed>1.2698197</speed>
<time>2021-11-25T11:54:33</time>
</trkpt>
<trkpt lat="44.09765" lon="5.242335">
<ele>445.0</ele>
<speed>1.2384217</speed>
<time>2021-11-25T11:54:35</time>
</trkpt>
<trkpt lat="44.0976583333333" lon="5.24232333333333">
<ele>445.0</ele>
<speed>1.2018764</speed>
<time>2021-11-25T11:54:36</time>
</trkpt>
<trkpt lat="44.0976783333333" lon="5.24230666666667">
<ele>445.0</ele>
<speed>1.161728</speed>
<time>2021-11-25T11:54:38</time>
</trkpt>
<trkpt lat="44.0976866666667" lon="5.24229666666667">
<ele>443.86667</ele>
<speed>1.176655</speed>
<time>2021-11-25T11:54:39</time>
</trkpt>
<trkpt lat="44.0976983333333" lon="5.24228833333333">
<ele>443.86667</ele>
<speed>1.1715078</speed>
<time>2021-11-25T11:54:40</time>
</trkpt>
<trkpt lat="44.0977133333333" lon="5.24228166666667">
<ele>443.86667</ele>
<speed>1.1848905</speed>
<time>2021-11-25T11:54:41</time>
</trkpt>
<trkpt lat="44.0977233333333" lon="5.24227333333333">
<ele>443.86667</ele>
<speed>1.1596692</speed>
<time>2021-11-25T11:54:42</time>
</trkpt>
<trkpt lat="44.097735" lon="5.242265">
<ele>443.86667</ele>
<speed>1.161728</speed>
<time>2021-11-25T11:54:43</time>
</trkpt>
<trkpt lat="44.0977666666667" lon="5.24223333333333">
<ele>443.86667</ele>
<speed>1.14886</speed>
<time>2021-11-25T11:54:46</time>
</trkpt>
<trkpt lat="44.0977833333333" lon="5.242215">
<ele>443.86667</ele>
<speed>1.16739</speed>
<time>2021-11-25T11:54:48</time>
</trkpt>
<trkpt lat="44.0978" lon="5.242195">
<ele>444.0</ele>
<speed>1.14886</speed>
<time>2021-11-25T11:54:50</time>
</trkpt>
<trkpt lat="44.09781" lon="5.24218666666667">
<ele>444.0</ele>
<speed>1.1390803</speed>
<time>2021-11-25T11:54:51</time>
</trkpt>
<trkpt lat="44.097825" lon="5.24217166666667">
<ele>444.0</ele>
<speed>1.084005</speed>
<time>2021-11-25T11:54:53</time>
</trkpt>
<trkpt lat="44.09783" lon="5.24216166666667">
<ele>444.0</ele>
<speed>1.0618719</speed>
<time>2021-11-25T11:54:54</time>
</trkpt>
<trkpt lat="44.0978466666667" lon="5.24215">
<ele>444.0</ele>
<speed>1.0737106</speed>
<time>2021-11-25T11:54:56</time>
</trkpt>
<trkpt lat="44.0978583333333" lon="5.24214166666667">
<ele>444.0</ele>
<speed>1.1184914</speed>
<time>2021-11-25T11:54:57</time>
</trkpt>
<trkpt lat="44.0978766666667" lon="5.24215166666667">
<ele>443.6</ele>
<speed>0.99444336</speed>
<time>2021-11-25T11:54:59</time>
</trkpt>
<trkpt lat="44.0978866666667" lon="5.24217166666667">
<ele>443.6</ele>
<speed>0.991355</speed>
<time>2021-11-25T11:55:00</time>
</trkpt>
<trkpt lat="44.0978933333333" lon="5.24219166666667">
<ele>443.6</ele>
<speed>0.9609864</speed>
<time>2021-11-25T11:55:01</time>
</trkpt>
<trkpt lat="44.0979116666667" lon="5.242235">
<ele>443.6</ele>
<speed>0.9594422</speed>
<time>2021-11-25T11:55:04</time>
</trkpt>
<trkpt lat="44.0979183333333" lon="5.24225">
<ele>443.6</ele>
<speed>0.95738333</speed>
<time>2021-11-25T11:55:05</time>
</trkpt>
<trkpt lat="44.097945" lon="5.242285">
<ele>443.6</ele>
<speed>0.9105436</speed>
<time>2021-11-25T11:55:08</time>
</trkpt>
<trkpt lat="44.0979483333333" lon="5.24229666666667">
<ele>442.9</ele>
<speed>0.96510416</speed>
<time>2021-11-25T11:55:09</time>
</trkpt>
<trkpt lat="44.097955" lon="5.24231">
<ele>442.9</ele>
<speed>0.9568686</speed>
<time>2021-11-25T11:55:10</time>
</trkpt>
<trkpt lat="44.0979566666667" lon="5.24232166666667">
<ele>442.9</ele>
<speed>0.9419417</speed>
<time>2021-11-25T11:55:11</time>
</trkpt>
<trkpt lat="44.097975" lon="5.24233333333333">
<ele>442.9</ele>
<speed>0.7993636</speed>
<time>2021-11-25T11:55:14</time>
</trkpt>
<trkpt lat="44.097975" lon="5.24233333333333">
<ele>442.9</ele>
<speed>0.7082578</speed>
<time>2021-11-25T11:55:15</time>
</trkpt>
<trkpt lat="44.097965" lon="5.24234333333333">
<ele>442.9</ele>
<speed>0.0</speed>
<time>2021-11-25T11:55:23</time>
</trkpt>
<trkpt lat="44.09798" lon="5.24229166666667">
<ele>443.1</ele>
<speed>0.4359697</speed>
<time>2021-11-25T11:55:50</time>
</trkpt>
<trkpt lat="44.09798" lon="5.242275">
<ele>443.1</ele>
<speed>0.49670693</speed>
<time>2021-11-25T11:55:51</time>
</trkpt>
<trkpt lat="44.097975" lon="5.24226833333333">
<ele>443.1</ele>
<speed>0.51884</speed>
<time>2021-11-25T11:55:52</time>
</trkpt>
<trkpt lat="44.0979683333333" lon="5.24227">
<ele>443.1</ele>
<speed>0.53891414</speed>
<time>2021-11-25T11:55:53</time>
</trkpt>
</trkseg>
<extensions>
<display>false</display>
<over_track>false</over_track>
</extensions>
</trk>
</gpx>