<?xml version="1.0" encoding="UTF-8" standalone="no" ?>
<gpx xmlns="http://www.topografix.com/GPX/1/1" xmlns:xsi="http://www.w3.org/2001/XMLSchema-instance" xsi:schemaLocation="http://www.topografix.com/GPX/1/1 http://www.topografix.com/GPX/1/1/gpx.xsd" version="1.1" creator="EditGPX">
  <metadata>
    <name>trace</name>
  </metadata>
  <trk>
    <name><![CDATA[Trace GPX n°4 piegros]]></name>
    <extensions>
      <line xmlns="http://www.topografix.com/GPX/gpx_style/0/2">
        <color>0000FF</color>
        <width>4</width>
      </line>
    </extensions>
    <trkseg>
      <trkpt lat="43.968558" lon="5.073117">
        <ele>142.41</ele>
        <time>2023-06-28T07:09:32Z</time>
      </trkpt>
      <trkpt lat="43.968773" lon="5.073029">
        <ele>139.53</ele>
        <time>2023-06-28T07:09:49Z</time>
      </trkpt>
      <trkpt lat="43.968969" lon="5.072951">
        <ele>136.64</ele>
        <time>2023-06-28T07:10:03Z</time>
      </trkpt>
      <trkpt lat="43.969246" lon="5.072808">
        <ele>136.16</ele>
        <time>2023-06-28T07:10:23Z</time>
      </trkpt>
      <trkpt lat="43.969435" lon="5.072712">
        <ele>136.64</ele>
        <time>2023-06-28T07:10:39Z</time>
      </trkpt>
      <trkpt lat="43.969688" lon="5.072569">
        <ele>138.09</ele>
        <time>2023-06-28T07:10:59Z</time>
      </trkpt>
      <trkpt lat="43.969713" lon="5.072550">
        <ele>138.09</ele>
        <time>2023-06-28T07:11:01Z</time>
      </trkpt>
      <trkpt lat="43.969712" lon="5.072483">
        <ele>139.05</ele>
        <time>2023-06-28T07:11:14Z</time>
      </trkpt>
      <trkpt lat="43.969705" lon="5.072477">
        <ele>136.16</ele>
        <time>2023-06-28T07:11:35Z</time>
      </trkpt>
      <trkpt lat="43.969712" lon="5.072470">
        <ele>132.8</ele>
        <time>2023-06-28T07:11:51Z</time>
      </trkpt>
      <trkpt lat="43.969735" lon="5.072481">
        <ele>135.2</ele>
        <time>2023-06-28T07:12:23Z</time>
      </trkpt>
      <trkpt lat="43.969723" lon="5.072448">
        <ele>137.13</ele>
        <time>2023-06-28T07:12:45Z</time>
      </trkpt>
      <trkpt lat="43.969722" lon="5.072411">
        <ele>137.13</ele>
        <time>2023-06-28T07:12:47Z</time>
      </trkpt>
      <trkpt lat="43.969562" lon="5.072058">
        <ele>138.57</ele>
        <time>2023-06-28T07:13:10Z</time>
      </trkpt>
      <trkpt lat="43.969403" lon="5.071698">
        <ele>136.64</ele>
        <time>2023-06-28T07:13:33Z</time>
      </trkpt>
      <trkpt lat="43.969251" lon="5.071320">
        <ele>139.53</ele>
        <time>2023-06-28T07:13:55Z</time>
      </trkpt>
      <trkpt lat="43.969134" lon="5.071059">
        <ele>142.41</ele>
        <time>2023-06-28T07:14:11Z</time>
      </trkpt>
      <trkpt lat="43.968996" lon="5.070796">
        <ele>143.37</ele>
        <time>2023-06-28T07:14:29Z</time>
      </trkpt>
      <trkpt lat="43.968903" lon="5.070686">
        <ele>144.82</ele>
        <time>2023-06-28T07:14:43Z</time>
      </trkpt>
      <trkpt lat="43.968921" lon="5.070703">
        <ele>143.85</ele>
        <time>2023-06-28T07:14:57Z</time>
      </trkpt>
      <trkpt lat="43.968906" lon="5.070632">
        <ele>143.37</ele>
        <time>2023-06-28T07:15:16Z</time>
      </trkpt>
      <trkpt lat="43.968789" lon="5.070386">
        <ele>144.34</ele>
        <time>2023-06-28T07:15:34Z</time>
      </trkpt>
      <trkpt lat="43.968770" lon="5.070376">
        <ele>144.82</ele>
        <time>2023-06-28T07:15:36Z</time>
      </trkpt>
      <trkpt lat="43.968595" lon="5.070232">
        <ele>147.7</ele>
        <time>2023-06-28T07:15:51Z</time>
      </trkpt>
      <trkpt lat="43.968408" lon="5.070107">
        <ele>149.14</ele>
        <time>2023-06-28T07:16:07Z</time>
      </trkpt>
      <trkpt lat="43.968195" lon="5.069966">
        <ele>152.51</ele>
        <time>2023-06-28T07:16:23Z</time>
      </trkpt>
      <trkpt lat="43.968073" lon="5.069813">
        <ele>155.39</ele>
        <time>2023-06-28T07:16:34Z</time>
      </trkpt>
      <trkpt lat="43.967962" lon="5.069621">
        <ele>157.79</ele>
        <time>2023-06-28T07:16:49Z</time>
      </trkpt>
      <trkpt lat="43.967781" lon="5.069358">
        <ele>160.2</ele>
        <time>2023-06-28T07:17:07Z</time>
      </trkpt>
      <trkpt lat="43.967533" lon="5.069178">
        <ele>161.16</ele>
        <time>2023-06-28T07:17:25Z</time>
      </trkpt>
      <trkpt lat="43.967408" lon="5.069255">
        <ele>162.6</ele>
        <time>2023-06-28T07:17:38Z</time>
      </trkpt>
      <trkpt lat="43.967451" lon="5.069565">
        <ele>161.16</ele>
        <time>2023-06-28T07:17:53Z</time>
      </trkpt>
      <trkpt lat="43.967505" lon="5.069839">
        <ele>158.75</ele>
        <time>2023-06-28T07:18:08Z</time>
      </trkpt>
      <trkpt lat="43.967497" lon="5.069884">
        <ele>158.27</ele>
        <time>2023-06-28T07:18:11Z</time>
      </trkpt>
      <trkpt lat="43.967437" lon="5.069908">
        <ele>157.79</ele>
        <time>2023-06-28T07:18:17Z</time>
      </trkpt>
      <trkpt lat="43.967258" lon="5.069742">
        <ele>158.27</ele>
        <time>2023-06-28T07:18:36Z</time>
      </trkpt>
      <trkpt lat="43.967109" lon="5.069625">
        <ele>161.64</ele>
        <time>2023-06-28T07:18:49Z</time>
      </trkpt>
      <trkpt lat="43.967064" lon="5.069585">
        <ele>164.04</ele>
        <time>2023-06-28T07:18:53Z</time>
      </trkpt>
      <trkpt lat="43.967010" lon="5.069559">
        <ele>165.48</ele>
        <time>2023-06-28T07:18:58Z</time>
      </trkpt>
      <trkpt lat="43.966813" lon="5.069430">
        <ele>168.85</ele>
        <time>2023-06-28T07:19:15Z</time>
      </trkpt>
      <trkpt lat="43.966614" lon="5.069258">
        <ele>172.21</ele>
        <time>2023-06-28T07:19:32Z</time>
      </trkpt>
      <trkpt lat="43.966524" lon="5.069196">
        <ele>175.58</ele>
        <time>2023-06-28T07:19:39Z</time>
      </trkpt>
      <trkpt lat="43.966382" lon="5.069079">
        <ele>178.46</ele>
        <time>2023-06-28T07:19:52Z</time>
      </trkpt>
      <trkpt lat="43.966296" lon="5.069022">
        <ele>180.87</ele>
        <time>2023-06-28T07:20:01Z</time>
      </trkpt>
      <trkpt lat="43.966325" lon="5.069013">
        <ele>182.79</ele>
        <time>2023-06-28T07:20:16Z</time>
      </trkpt>
      <trkpt lat="43.966343" lon="5.068994">
        <ele>184.71</ele>
        <time>2023-06-28T07:20:26Z</time>
      </trkpt>
      <trkpt lat="43.966347" lon="5.069009">
        <ele>186.63</ele>
        <time>2023-06-28T07:20:51Z</time>
      </trkpt>
      <trkpt lat="43.966362" lon="5.068998">
        <ele>187.11</ele>
        <time>2023-06-28T07:21:02Z</time>
      </trkpt>
      <trkpt lat="43.966354" lon="5.069001">
        <ele>187.59</ele>
        <time>2023-06-28T07:21:25Z</time>
      </trkpt>
      <trkpt lat="43.966376" lon="5.068992">
        <ele>186.63</ele>
        <time>2023-06-28T07:21:43Z</time>
      </trkpt>
      <trkpt lat="43.966382" lon="5.068955">
        <ele>182.79</ele>
        <time>2023-06-28T07:21:49Z</time>
      </trkpt>
      <trkpt lat="43.966404" lon="5.068936">
        <ele>180.87</ele>
        <time>2023-06-28T07:21:52Z</time>
      </trkpt>
      <trkpt lat="43.966427" lon="5.068795">
        <ele>179.42</ele>
        <time>2023-06-28T07:22:03Z</time>
      </trkpt>
      <trkpt lat="43.966481" lon="5.068644">
        <ele>179.42</ele>
        <time>2023-06-28T07:22:19Z</time>
      </trkpt>
      <trkpt lat="43.966587" lon="5.068604">
        <ele>179.9</ele>
        <time>2023-06-28T07:22:30Z</time>
      </trkpt>
      <trkpt lat="43.966620" lon="5.068430">
        <ele>179.9</ele>
        <time>2023-06-28T07:22:45Z</time>
      </trkpt>
      <trkpt lat="43.966644" lon="5.068366">
        <ele>181.35</ele>
        <time>2023-06-28T07:22:58Z</time>
      </trkpt>
      <trkpt lat="43.966656" lon="5.068351">
        <ele>178.46</ele>
        <time>2023-06-28T07:23:12Z</time>
      </trkpt>
      <trkpt lat="43.966679" lon="5.068334">
        <ele>178.94</ele>
        <time>2023-06-28T07:23:16Z</time>
      </trkpt>
      <trkpt lat="43.966810" lon="5.068274">
        <ele>179.42</ele>
        <time>2023-06-28T07:23:32Z</time>
      </trkpt>
      <trkpt lat="43.966936" lon="5.068180">
        <ele>179.9</ele>
        <time>2023-06-28T07:23:47Z</time>
      </trkpt>
      <trkpt lat="43.966957" lon="5.068065">
        <ele>181.35</ele>
        <time>2023-06-28T07:24:05Z</time>
      </trkpt>
      <trkpt lat="43.966959" lon="5.067956">
        <ele>182.31</ele>
        <time>2023-06-28T07:24:18Z</time>
      </trkpt>
      <trkpt lat="43.966967" lon="5.067849">
        <ele>185.67</ele>
        <time>2023-06-28T07:24:28Z</time>
      </trkpt>
      <trkpt lat="43.966965" lon="5.067837">
        <ele>186.15</ele>
        <time>2023-06-28T07:24:29Z</time>
      </trkpt>
      <trkpt lat="43.966978" lon="5.067789">
        <ele>186.63</ele>
        <time>2023-06-28T07:24:34Z</time>
      </trkpt>
      <trkpt lat="43.966966" lon="5.067655">
        <ele>187.11</ele>
        <time>2023-06-28T07:24:49Z</time>
      </trkpt>
      <trkpt lat="43.966884" lon="5.067585">
        <ele>190.48</ele>
        <time>2023-06-28T07:25:03Z</time>
      </trkpt>
      <trkpt lat="43.966909" lon="5.067471">
        <ele>193.84</ele>
        <time>2023-06-28T07:25:12Z</time>
      </trkpt>
      <trkpt lat="43.966930" lon="5.067394">
        <ele>197.21</ele>
        <time>2023-06-28T07:25:18Z</time>
      </trkpt>
      <trkpt lat="43.966978" lon="5.067340">
        <ele>200.57</ele>
        <time>2023-06-28T07:25:26Z</time>
      </trkpt>
      <trkpt lat="43.967003" lon="5.067283">
        <ele>204.42</ele>
        <time>2023-06-28T07:25:32Z</time>
      </trkpt>
      <trkpt lat="43.966977" lon="5.067201">
        <ele>207.78</ele>
        <time>2023-06-28T07:25:40Z</time>
      </trkpt>
      <trkpt lat="43.966972" lon="5.067109">
        <ele>210.19</ele>
        <time>2023-06-28T07:25:53Z</time>
      </trkpt>
      <trkpt lat="43.966931" lon="5.067056">
        <ele>211.15</ele>
        <time>2023-06-28T07:25:59Z</time>
      </trkpt>
      <trkpt lat="43.966939" lon="5.066922">
        <ele>211.63</ele>
        <time>2023-06-28T07:26:13Z</time>
      </trkpt>
      <trkpt lat="43.966923" lon="5.066902">
        <ele>209.7</ele>
        <time>2023-06-28T07:26:36Z</time>
      </trkpt>
      <trkpt lat="43.966965" lon="5.066903">
        <ele>213.07</ele>
        <time>2023-06-28T07:27:00Z</time>
      </trkpt>
      <trkpt lat="43.966947" lon="5.066932">
        <ele>214.99</ele>
        <time>2023-06-28T07:27:27Z</time>
      </trkpt>
      <trkpt lat="43.966930" lon="5.066916">
        <ele>215.95</ele>
        <time>2023-06-28T07:27:56Z</time>
      </trkpt>
      <trkpt lat="43.966946" lon="5.066877">
        <ele>219.32</ele>
        <time>2023-06-28T07:28:12Z</time>
      </trkpt>
      <trkpt lat="43.967005" lon="5.066925">
        <ele>216.43</ele>
        <time>2023-06-28T07:28:33Z</time>
      </trkpt>
      <trkpt lat="43.967067" lon="5.066998">
        <ele>214.99</ele>
        <time>2023-06-28T07:28:43Z</time>
      </trkpt>
      <trkpt lat="43.967094" lon="5.066984">
        <ele>214.51</ele>
        <time>2023-06-28T07:28:45Z</time>
      </trkpt>
      <trkpt lat="43.967253" lon="5.066813">
        <ele>214.03</ele>
        <time>2023-06-28T07:29:00Z</time>
      </trkpt>
      <trkpt lat="43.967392" lon="5.066754">
        <ele>214.99</ele>
        <time>2023-06-28T07:29:14Z</time>
      </trkpt>
      <trkpt lat="43.967548" lon="5.066655">
        <ele>216.43</ele>
        <time>2023-06-28T07:29:28Z</time>
      </trkpt>
      <trkpt lat="43.967727" lon="5.066545">
        <ele>214.99</ele>
        <time>2023-06-28T07:29:44Z</time>
      </trkpt>
      <trkpt lat="43.967740" lon="5.066539">
        <ele>214.99</ele>
        <time>2023-06-28T07:29:45Z</time>
      </trkpt>
      <trkpt lat="43.967852" lon="5.066455">
        <ele>216.43</ele>
        <time>2023-06-28T07:29:55Z</time>
      </trkpt>
      <trkpt lat="43.967913" lon="5.066480">
        <ele>216.43</ele>
        <time>2023-06-28T07:30:01Z</time>
      </trkpt>
      <trkpt lat="43.968117" lon="5.066397">
        <ele>218.36</ele>
        <time>2023-06-28T07:30:18Z</time>
      </trkpt>
      <trkpt lat="43.968151" lon="5.066463">
        <ele>218.36</ele>
        <time>2023-06-28T07:30:24Z</time>
      </trkpt>
      <trkpt lat="43.968288" lon="5.066551">
        <ele>219.8</ele>
        <time>2023-06-28T07:30:37Z</time>
      </trkpt>
      <trkpt lat="43.968310" lon="5.066547">
        <ele>219.8</ele>
        <time>2023-06-28T07:30:39Z</time>
      </trkpt>
      <trkpt lat="43.968369" lon="5.066555">
        <ele>220.28</ele>
        <time>2023-06-28T07:30:44Z</time>
      </trkpt>
      <trkpt lat="43.968566" lon="5.066466">
        <ele>222.2</ele>
        <time>2023-06-28T07:31:00Z</time>
      </trkpt>
      <trkpt lat="43.968668" lon="5.066404">
        <ele>225.09</ele>
        <time>2023-06-28T07:31:09Z</time>
      </trkpt>
      <trkpt lat="43.968847" lon="5.066429">
        <ele>225.57</ele>
        <time>2023-06-28T07:31:23Z</time>
      </trkpt>
      <trkpt lat="43.969048" lon="5.066369">
        <ele>225.57</ele>
        <time>2023-06-28T07:31:40Z</time>
      </trkpt>
      <trkpt lat="43.969269" lon="5.066317">
        <ele>226.05</ele>
        <time>2023-06-28T07:31:56Z</time>
      </trkpt>
      <trkpt lat="43.969353" lon="5.066283">
        <ele>227.49</ele>
        <time>2023-06-28T07:32:03Z</time>
      </trkpt>
      <trkpt lat="43.969389" lon="5.066241">
        <ele>228.93</ele>
        <time>2023-06-28T07:32:07Z</time>
      </trkpt>
      <trkpt lat="43.969423" lon="5.066208">
        <ele>230.37</ele>
        <time>2023-06-28T07:32:11Z</time>
      </trkpt>
      <trkpt lat="43.969472" lon="5.066189">
        <ele>232.3</ele>
        <time>2023-06-28T07:32:16Z</time>
      </trkpt>
      <trkpt lat="43.969533" lon="5.066192">
        <ele>235.18</ele>
        <time>2023-06-28T07:32:27Z</time>
      </trkpt>
      <trkpt lat="43.969527" lon="5.066200">
        <ele>238.06</ele>
        <time>2023-06-28T07:32:43Z</time>
      </trkpt>
      <trkpt lat="43.969599" lon="5.066187">
        <ele>239.02</ele>
        <time>2023-06-28T07:32:58Z</time>
      </trkpt>
      <trkpt lat="43.969624" lon="5.066031">
        <ele>239.51</ele>
        <time>2023-06-28T07:33:08Z</time>
      </trkpt>
      <trkpt lat="43.969739" lon="5.065943">
        <ele>238.54</ele>
        <time>2023-06-28T07:33:21Z</time>
      </trkpt>
      <trkpt lat="43.969779" lon="5.065930">
        <ele>239.02</ele>
        <time>2023-06-28T07:33:25Z</time>
      </trkpt>
      <trkpt lat="43.969937" lon="5.065840">
        <ele>238.54</ele>
        <time>2023-06-28T07:33:41Z</time>
      </trkpt>
      <trkpt lat="43.969946" lon="5.065840">
        <ele>238.54</ele>
        <time>2023-06-28T07:33:42Z</time>
      </trkpt>
      <trkpt lat="43.970145" lon="5.065724">
        <ele>240.95</ele>
        <time>2023-06-28T07:33:59Z</time>
      </trkpt>
      <trkpt lat="43.970252" lon="5.065669">
        <ele>242.87</ele>
        <time>2023-06-28T07:34:06Z</time>
      </trkpt>
      <trkpt lat="43.970354" lon="5.065563">
        <ele>243.83</ele>
        <time>2023-06-28T07:34:16Z</time>
      </trkpt>
      <trkpt lat="43.970496" lon="5.065459">
        <ele>246.72</ele>
        <time>2023-06-28T07:34:32Z</time>
      </trkpt>
      <trkpt lat="43.970548" lon="5.065265">
        <ele>245.75</ele>
        <time>2023-06-28T07:34:47Z</time>
      </trkpt>
      <trkpt lat="43.970496" lon="5.065044">
        <ele>244.79</ele>
        <time>2023-06-28T07:35:01Z</time>
      </trkpt>
      <trkpt lat="43.970450" lon="5.065003">
        <ele>244.79</ele>
        <time>2023-06-28T07:35:06Z</time>
      </trkpt>
      <trkpt lat="43.970435" lon="5.064898">
        <ele>244.31</ele>
        <time>2023-06-28T07:35:11Z</time>
      </trkpt>
      <trkpt lat="43.970444" lon="5.064838">
        <ele>243.35</ele>
        <time>2023-06-28T07:35:15Z</time>
      </trkpt>
      <trkpt lat="43.970428" lon="5.064633">
        <ele>239.99</ele>
        <time>2023-06-28T07:35:27Z</time>
      </trkpt>
      <trkpt lat="43.970425" lon="5.064500">
        <ele>237.1</ele>
        <time>2023-06-28T07:35:36Z</time>
      </trkpt>
      <trkpt lat="43.970420" lon="5.064370">
        <ele>233.74</ele>
        <time>2023-06-28T07:35:46Z</time>
      </trkpt>
      <trkpt lat="43.970435" lon="5.064206">
        <ele>230.85</ele>
        <time>2023-06-28T07:35:57Z</time>
      </trkpt>
      <trkpt lat="43.970476" lon="5.063981">
        <ele>227.49</ele>
        <time>2023-06-28T07:36:10Z</time>
      </trkpt>
      <trkpt lat="43.970570" lon="5.063751">
        <ele>227.01</ele>
        <time>2023-06-28T07:36:25Z</time>
      </trkpt>
      <trkpt lat="43.970644" lon="5.063660">
        <ele>228.93</ele>
        <time>2023-06-28T07:36:33Z</time>
      </trkpt>
      <trkpt lat="43.970633" lon="5.063363">
        <ele>232.3</ele>
        <time>2023-06-28T07:36:50Z</time>
      </trkpt>
      <trkpt lat="43.970670" lon="5.063174">
        <ele>232.78</ele>
        <time>2023-06-28T07:37:02Z</time>
      </trkpt>
      <trkpt lat="43.970735" lon="5.063055">
        <ele>231.81</ele>
        <time>2023-06-28T07:37:09Z</time>
      </trkpt>
      <trkpt lat="43.970714" lon="5.062991">
        <ele>230.37</ele>
        <time>2023-06-28T07:37:12Z</time>
      </trkpt>
      <trkpt lat="43.970710" lon="5.062972">
        <ele>230.37</ele>
        <time>2023-06-28T07:37:13Z</time>
      </trkpt>
      <trkpt lat="43.970713" lon="5.062893">
        <ele>229.41</ele>
        <time>2023-06-28T07:37:18Z</time>
      </trkpt>
      <trkpt lat="43.970682" lon="5.062663">
        <ele>226.53</ele>
        <time>2023-06-28T07:37:33Z</time>
      </trkpt>
      <trkpt lat="43.970700" lon="5.062633">
        <ele>225.57</ele>
        <time>2023-06-28T07:37:36Z</time>
      </trkpt>
      <trkpt lat="43.970779" lon="5.062357">
        <ele>225.57</ele>
        <time>2023-06-28T07:37:51Z</time>
      </trkpt>
      <trkpt lat="43.970769" lon="5.062291">
        <ele>226.05</ele>
        <time>2023-06-28T07:37:56Z</time>
      </trkpt>
      <trkpt lat="43.970772" lon="5.062265">
        <ele>226.53</ele>
        <time>2023-06-28T07:37:58Z</time>
      </trkpt>
      <trkpt lat="43.970701" lon="5.062029">
        <ele>226.05</ele>
        <time>2023-06-28T07:38:14Z</time>
      </trkpt>
      <trkpt lat="43.970644" lon="5.061760">
        <ele>226.05</ele>
        <time>2023-06-28T07:38:32Z</time>
      </trkpt>
      <trkpt lat="43.970651" lon="5.061616">
        <ele>223.64</ele>
        <time>2023-06-28T07:38:49Z</time>
      </trkpt>
      <trkpt lat="43.970646" lon="5.061611">
        <ele>223.64</ele>
        <time>2023-06-28T07:38:50Z</time>
      </trkpt>
      <trkpt lat="43.970614" lon="5.061567">
        <ele>222.68</ele>
        <time>2023-06-28T07:39:03Z</time>
      </trkpt>
      <trkpt lat="43.970593" lon="5.061575">
        <ele>224.12</ele>
        <time>2023-06-28T07:39:23Z</time>
      </trkpt>
      <trkpt lat="43.970591" lon="5.061557">
        <ele>226.05</ele>
        <time>2023-06-28T07:39:41Z</time>
      </trkpt>
      <trkpt lat="43.970569" lon="5.061587">
        <ele>228.45</ele>
        <time>2023-06-28T07:39:58Z</time>
      </trkpt>
      <trkpt lat="43.970569" lon="5.061575">
        <ele>227.97</ele>
        <time>2023-06-28T07:40:19Z</time>
      </trkpt>
      <trkpt lat="43.970578" lon="5.061511">
        <ele>226.53</ele>
        <time>2023-06-28T07:40:26Z</time>
      </trkpt>
      <trkpt lat="43.970482" lon="5.061349">
        <ele>224.12</ele>
        <time>2023-06-28T07:40:42Z</time>
      </trkpt>
      <trkpt lat="43.970415" lon="5.061224">
        <ele>223.16</ele>
        <time>2023-06-28T07:40:53Z</time>
      </trkpt>
      <trkpt lat="43.970398" lon="5.061174">
        <ele>224.12</ele>
        <time>2023-06-28T07:41:09Z</time>
      </trkpt>
      <trkpt lat="43.970377" lon="5.061063">
        <ele>225.57</ele>
        <time>2023-06-28T07:41:24Z</time>
      </trkpt>
      <trkpt lat="43.970361" lon="5.061054">
        <ele>224.12</ele>
        <time>2023-06-28T07:41:47Z</time>
      </trkpt>
      <trkpt lat="43.970384" lon="5.061056">
        <ele>224.61</ele>
        <time>2023-06-28T07:42:04Z</time>
      </trkpt>
      <trkpt lat="43.970413" lon="5.061055">
        <ele>224.61</ele>
        <time>2023-06-28T07:42:08Z</time>
      </trkpt>
      <trkpt lat="43.970463" lon="5.061054">
        <ele>225.09</ele>
        <time>2023-06-28T07:42:12Z</time>
      </trkpt>
      <trkpt lat="43.970657" lon="5.060972">
        <ele>224.61</ele>
        <time>2023-06-28T07:42:31Z</time>
      </trkpt>
      <trkpt lat="43.970676" lon="5.060952">
        <ele>223.16</ele>
        <time>2023-06-28T07:42:34Z</time>
      </trkpt>
      <trkpt lat="43.970726" lon="5.060906">
        <ele>220.76</ele>
        <time>2023-06-28T07:42:40Z</time>
      </trkpt>
      <trkpt lat="43.970828" lon="5.060740">
        <ele>217.88</ele>
        <time>2023-06-28T07:42:55Z</time>
      </trkpt>
      <trkpt lat="43.970838" lon="5.060710">
        <ele>217.4</ele>
        <time>2023-06-28T07:42:57Z</time>
      </trkpt>
      <trkpt lat="43.970990" lon="5.060429">
        <ele>214.03</ele>
        <time>2023-06-28T07:43:15Z</time>
      </trkpt>
      <trkpt lat="43.971023" lon="5.060343">
        <ele>212.11</ele>
        <time>2023-06-28T07:43:20Z</time>
      </trkpt>
      <trkpt lat="43.971059" lon="5.060270">
        <ele>211.15</ele>
        <time>2023-06-28T07:43:25Z</time>
      </trkpt>
      <trkpt lat="43.971176" lon="5.060031">
        <ele>207.3</ele>
        <time>2023-06-28T07:43:37Z</time>
      </trkpt>
      <trkpt lat="43.971341" lon="5.059746">
        <ele>204.9</ele>
        <time>2023-06-28T07:43:55Z</time>
      </trkpt>
      <trkpt lat="43.971511" lon="5.059468">
        <ele>203.46</ele>
        <time>2023-06-28T07:44:12Z</time>
      </trkpt>
      <trkpt lat="43.971655" lon="5.059158">
        <ele>203.94</ele>
        <time>2023-06-28T07:44:33Z</time>
      </trkpt>
      <trkpt lat="43.971674" lon="5.059093">
        <ele>203.94</ele>
        <time>2023-06-28T07:44:51Z</time>
      </trkpt>
      <trkpt lat="43.971650" lon="5.059089">
        <ele>204.9</ele>
        <time>2023-06-28T07:45:12Z</time>
      </trkpt>
      <trkpt lat="43.971724" lon="5.058955">
        <ele>202.49</ele>
        <time>2023-06-28T07:45:24Z</time>
      </trkpt>
      <trkpt lat="43.971787" lon="5.058743">
        <ele>199.61</ele>
        <time>2023-06-28T07:45:38Z</time>
      </trkpt>
      <trkpt lat="43.971854" lon="5.058572">
        <ele>196.25</ele>
        <time>2023-06-28T07:45:50Z</time>
      </trkpt>
      <trkpt lat="43.971891" lon="5.058438">
        <ele>192.88</ele>
        <time>2023-06-28T07:45:59Z</time>
      </trkpt>
      <trkpt lat="43.971918" lon="5.058312">
        <ele>190</ele>
        <time>2023-06-28T07:46:07Z</time>
      </trkpt>
      <trkpt lat="43.971963" lon="5.058087">
        <ele>186.63</ele>
        <time>2023-06-28T07:46:20Z</time>
      </trkpt>
      <trkpt lat="43.972059" lon="5.057955">
        <ele>183.75</ele>
        <time>2023-06-28T07:46:31Z</time>
      </trkpt>
      <trkpt lat="43.972118" lon="5.057909">
        <ele>182.79</ele>
        <time>2023-06-28T07:46:37Z</time>
      </trkpt>
      <trkpt lat="43.972173" lon="5.057871">
        <ele>181.83</ele>
        <time>2023-06-28T07:46:41Z</time>
      </trkpt>
      <trkpt lat="43.972211" lon="5.057759">
        <ele>180.87</ele>
        <time>2023-06-28T07:46:48Z</time>
      </trkpt>
      <trkpt lat="43.972263" lon="5.057697">
        <ele>177.5</ele>
        <time>2023-06-28T07:47:01Z</time>
      </trkpt>
      <trkpt lat="43.972272" lon="5.057687">
        <ele>177.5</ele>
        <time>2023-06-28T07:47:27Z</time>
      </trkpt>
      <trkpt lat="43.972259" lon="5.057676">
        <ele>180.38</ele>
        <time>2023-06-28T07:47:42Z</time>
      </trkpt>
      <trkpt lat="43.972230" lon="5.057664">
        <ele>181.35</ele>
        <time>2023-06-28T07:47:50Z</time>
      </trkpt>
      <trkpt lat="43.972208" lon="5.057512">
        <ele>183.75</ele>
        <time>2023-06-28T07:48:01Z</time>
      </trkpt>
      <trkpt lat="43.972162" lon="5.057285">
        <ele>181.35</ele>
        <time>2023-06-28T07:48:14Z</time>
      </trkpt>
      <trkpt lat="43.972141" lon="5.057268">
        <ele>180.87</ele>
        <time>2023-06-28T07:48:16Z</time>
      </trkpt>
      <trkpt lat="43.972109" lon="5.057194">
        <ele>177.5</ele>
        <time>2023-06-28T07:48:25Z</time>
      </trkpt>
      <trkpt lat="43.972109" lon="5.057061">
        <ele>173.66</ele>
        <time>2023-06-28T07:48:34Z</time>
      </trkpt>
      <trkpt lat="43.972105" lon="5.056989">
        <ele>172.69</ele>
        <time>2023-06-28T07:48:38Z</time>
      </trkpt>
      <trkpt lat="43.972074" lon="5.056867">
        <ele>169.81</ele>
        <time>2023-06-28T07:48:45Z</time>
      </trkpt>
      <trkpt lat="43.972079" lon="5.056829">
        <ele>165.96</ele>
        <time>2023-06-28T07:48:52Z</time>
      </trkpt>
      <trkpt lat="43.972063" lon="5.056835">
        <ele>163.56</ele>
        <time>2023-06-28T07:48:57Z</time>
      </trkpt>
      <trkpt lat="43.972081" lon="5.056797">
        <ele>164.52</ele>
        <time>2023-06-28T07:49:21Z</time>
      </trkpt>
      <trkpt lat="43.972025" lon="5.056761">
        <ele>167.89</ele>
        <time>2023-06-28T07:49:40Z</time>
      </trkpt>
      <trkpt lat="43.971965" lon="5.056653">
        <ele>167.89</ele>
        <time>2023-06-28T07:49:47Z</time>
      </trkpt>
      <trkpt lat="43.971807" lon="5.056523">
        <ele>165.96</ele>
        <time>2023-06-28T07:50:05Z</time>
      </trkpt>
      <trkpt lat="43.971556" lon="5.056426">
        <ele>166.93</ele>
        <time>2023-06-28T07:50:25Z</time>
      </trkpt>
      <trkpt lat="43.971376" lon="5.056200">
        <ele>163.56</ele>
        <time>2023-06-28T07:50:42Z</time>
      </trkpt>
      <trkpt lat="43.971279" lon="5.055902">
        <ele>160.68</ele>
        <time>2023-06-28T07:50:59Z</time>
      </trkpt>
      <trkpt lat="43.971209" lon="5.055777">
        <ele>157.31</ele>
        <time>2023-06-28T07:51:06Z</time>
      </trkpt>
      <trkpt lat="43.971175" lon="5.055674">
        <ele>153.95</ele>
        <time>2023-06-28T07:51:13Z</time>
      </trkpt>
      <trkpt lat="43.971157" lon="5.055592">
        <ele>150.58</ele>
        <time>2023-06-28T07:51:20Z</time>
      </trkpt>
      <trkpt lat="43.971132" lon="5.055504">
        <ele>147.7</ele>
        <time>2023-06-28T07:51:26Z</time>
      </trkpt>
      <trkpt lat="43.971108" lon="5.055433">
        <ele>143.85</ele>
        <time>2023-06-28T07:51:32Z</time>
      </trkpt>
      <trkpt lat="43.971063" lon="5.055345">
        <ele>140.97</ele>
        <time>2023-06-28T07:51:38Z</time>
      </trkpt>
      <trkpt lat="43.971052" lon="5.055311">
        <ele>140.01</ele>
        <time>2023-06-28T07:51:40Z</time>
      </trkpt>
      <trkpt lat="43.970992" lon="5.055202">
        <ele>136.64</ele>
        <time>2023-06-28T07:51:47Z</time>
      </trkpt>
      <trkpt lat="43.970863" lon="5.054966">
        <ele>133.76</ele>
        <time>2023-06-28T07:52:00Z</time>
      </trkpt>
      <trkpt lat="43.970746" lon="5.054845">
        <ele>130.4</ele>
        <time>2023-06-28T07:52:11Z</time>
      </trkpt>
      <trkpt lat="43.970645" lon="5.054719">
        <ele>127.03</ele>
        <time>2023-06-28T07:52:22Z</time>
      </trkpt>
      <trkpt lat="43.970590" lon="5.054634">
        <ele>123.67</ele>
        <time>2023-06-28T07:52:40Z</time>
      </trkpt>
      <trkpt lat="43.970584" lon="5.054628">
        <ele>141.45</ele>
        <time>2023-06-28T07:53:34Z</time>
      </trkpt>
      <trkpt lat="43.970423" lon="5.054470">
        <ele>151.54</ele>
        <time>2023-06-28T07:54:14Z</time>
      </trkpt>
      <trkpt lat="43.970340" lon="5.054232">
        <ele>148.66</ele>
        <time>2023-06-28T07:54:28Z</time>
      </trkpt>
      <trkpt lat="43.970317" lon="5.054067">
        <ele>145.3</ele>
        <time>2023-06-28T07:54:38Z</time>
      </trkpt>
      <trkpt lat="43.970346" lon="5.053928">
        <ele>141.93</ele>
        <time>2023-06-28T07:54:47Z</time>
      </trkpt>
      <trkpt lat="43.970353" lon="5.053802">
        <ele>140.01</ele>
        <time>2023-06-28T07:54:53Z</time>
      </trkpt>
      <trkpt lat="43.970335" lon="5.053522">
        <ele>136.16</ele>
        <time>2023-06-28T07:55:09Z</time>
      </trkpt>
      <trkpt lat="43.970334" lon="5.053508">
        <ele>135.68</ele>
        <time>2023-06-28T07:55:10Z</time>
      </trkpt>
      <trkpt lat="43.970358" lon="5.053296">
        <ele>133.28</ele>
        <time>2023-06-28T07:55:26Z</time>
      </trkpt>
      <trkpt lat="43.970350" lon="5.053170">
        <ele>129.92</ele>
        <time>2023-06-28T07:55:35Z</time>
      </trkpt>
      <trkpt lat="43.970343" lon="5.053130">
        <ele>128.95</ele>
        <time>2023-06-28T07:55:38Z</time>
      </trkpt>
      <trkpt lat="43.970314" lon="5.052859">
        <ele>127.03</ele>
        <time>2023-06-28T07:55:54Z</time>
      </trkpt>
      <trkpt lat="43.970309" lon="5.052741">
        <ele>126.55</ele>
        <time>2023-06-28T07:56:03Z</time>
      </trkpt>
      <trkpt lat="43.970268" lon="5.052505">
        <ele>127.03</ele>
        <time>2023-06-28T07:56:23Z</time>
      </trkpt>
      <trkpt lat="43.970248" lon="5.052477">
        <ele>129.92</ele>
        <time>2023-06-28T07:56:36Z</time>
      </trkpt>
      <trkpt lat="43.970226" lon="5.052467">
        <ele>131.84</ele>
        <time>2023-06-28T07:57:03Z</time>
      </trkpt>
      <trkpt lat="43.970222" lon="5.052466">
        <ele>135.2</ele>
        <time>2023-06-28T07:57:20Z</time>
      </trkpt>
      <trkpt lat="43.970162" lon="5.052464">
        <ele>136.64</ele>
        <time>2023-06-28T07:58:16Z</time>
      </trkpt>
      <trkpt lat="43.970235" lon="5.052464">
        <ele>127.03</ele>
        <time>2023-06-28T08:00:35Z</time>
      </trkpt>
      <trkpt lat="43.970077" lon="5.052454">
        <ele>132.8</ele>
        <time>2023-06-28T08:01:16Z</time>
      </trkpt>
      <trkpt lat="43.969982" lon="5.052640">
        <ele>135.68</ele>
        <time>2023-06-28T08:01:37Z</time>
      </trkpt>
      <trkpt lat="43.969939" lon="5.052915">
        <ele>137.61</ele>
        <time>2023-06-28T08:01:57Z</time>
      </trkpt>
      <trkpt lat="43.969890" lon="5.053091">
        <ele>140.49</ele>
        <time>2023-06-28T08:02:11Z</time>
      </trkpt>
      <trkpt lat="43.969845" lon="5.053538">
        <ele>142.89</ele>
        <time>2023-06-28T08:02:38Z</time>
      </trkpt>
      <trkpt lat="43.969804" lon="5.053801">
        <ele>145.3</ele>
        <time>2023-06-28T08:02:55Z</time>
      </trkpt>
      <trkpt lat="43.969765" lon="5.054032">
        <ele>148.66</ele>
        <time>2023-06-28T08:03:10Z</time>
      </trkpt>
      <trkpt lat="43.969772" lon="5.054282">
        <ele>151.54</ele>
        <time>2023-06-28T08:03:28Z</time>
      </trkpt>
      <trkpt lat="43.969742" lon="5.054420">
        <ele>154.91</ele>
        <time>2023-06-28T08:03:40Z</time>
      </trkpt>
      <trkpt lat="43.969740" lon="5.054590">
        <ele>157.79</ele>
        <time>2023-06-28T08:03:50Z</time>
      </trkpt>
      <trkpt lat="43.969652" lon="5.054697">
        <ele>159.24</ele>
        <time>2023-06-28T08:04:06Z</time>
      </trkpt>
      <trkpt lat="43.969553" lon="5.054693">
        <ele>161.64</ele>
        <time>2023-06-28T08:04:25Z</time>
      </trkpt>
      <trkpt lat="43.969527" lon="5.054704">
        <ele>165</ele>
        <time>2023-06-28T08:04:39Z</time>
      </trkpt>
      <trkpt lat="43.969508" lon="5.054709">
        <ele>167.89</ele>
        <time>2023-06-28T08:04:53Z</time>
      </trkpt>
      <trkpt lat="43.969518" lon="5.054723">
        <ele>169.33</ele>
        <time>2023-06-28T08:05:19Z</time>
      </trkpt>
      <trkpt lat="43.969485" lon="5.054768">
        <ele>169.81</ele>
        <time>2023-06-28T08:05:23Z</time>
      </trkpt>
      <trkpt lat="43.969465" lon="5.055106">
        <ele>171.73</ele>
        <time>2023-06-28T08:05:42Z</time>
      </trkpt>
      <trkpt lat="43.969490" lon="5.055487">
        <ele>174.14</ele>
        <time>2023-06-28T08:06:04Z</time>
      </trkpt>
      <trkpt lat="43.969587" lon="5.055793">
        <ele>177.5</ele>
        <time>2023-06-28T08:06:25Z</time>
      </trkpt>
      <trkpt lat="43.969656" lon="5.056052">
        <ele>180.38</ele>
        <time>2023-06-28T08:06:42Z</time>
      </trkpt>
      <trkpt lat="43.969763" lon="5.056341">
        <ele>183.75</ele>
        <time>2023-06-28T08:07:01Z</time>
      </trkpt>
      <trkpt lat="43.969769" lon="5.056509">
        <ele>185.67</ele>
        <time>2023-06-28T08:07:12Z</time>
      </trkpt>
      <trkpt lat="43.969782" lon="5.056717">
        <ele>189.04</ele>
        <time>2023-06-28T08:07:26Z</time>
      </trkpt>
      <trkpt lat="43.969781" lon="5.056910">
        <ele>192.4</ele>
        <time>2023-06-28T08:07:37Z</time>
      </trkpt>
      <trkpt lat="43.969809" lon="5.057054">
        <ele>195.28</ele>
        <time>2023-06-28T08:07:45Z</time>
      </trkpt>
      <trkpt lat="43.969890" lon="5.057187">
        <ele>197.69</ele>
        <time>2023-06-28T08:08:03Z</time>
      </trkpt>
      <trkpt lat="43.969931" lon="5.057382">
        <ele>199.61</ele>
        <time>2023-06-28T08:08:21Z</time>
      </trkpt>
      <trkpt lat="43.970011" lon="5.057599">
        <ele>203.46</ele>
        <time>2023-06-28T08:09:53Z</time>
      </trkpt>
      <trkpt lat="43.970143" lon="5.057788">
        <ele>205.38</ele>
        <time>2023-06-28T08:10:15Z</time>
      </trkpt>
      <trkpt lat="43.970322" lon="5.058077">
        <ele>208.26</ele>
        <time>2023-06-28T08:10:39Z</time>
      </trkpt>
      <trkpt lat="43.970307" lon="5.058218">
        <ele>211.63</ele>
        <time>2023-06-28T08:10:48Z</time>
      </trkpt>
      <trkpt lat="43.970328" lon="5.058294">
        <ele>214.99</ele>
        <time>2023-06-28T08:10:56Z</time>
      </trkpt>
      <trkpt lat="43.970277" lon="5.058484">
        <ele>217.88</ele>
        <time>2023-06-28T08:11:15Z</time>
      </trkpt>
      <trkpt lat="43.970225" lon="5.058734">
        <ele>219.8</ele>
        <time>2023-06-28T08:11:33Z</time>
      </trkpt>
      <trkpt lat="43.970189" lon="5.058939">
        <ele>219.8</ele>
        <time>2023-06-28T08:11:49Z</time>
      </trkpt>
      <trkpt lat="43.970263" lon="5.059072">
        <ele>221.72</ele>
        <time>2023-06-28T08:12:05Z</time>
      </trkpt>
      <trkpt lat="43.970246" lon="5.059086">
        <ele>221.72</ele>
        <time>2023-06-28T08:12:07Z</time>
      </trkpt>
      <trkpt lat="43.970116" lon="5.059323">
        <ele>222.68</ele>
        <time>2023-06-28T08:12:24Z</time>
      </trkpt>
      <trkpt lat="43.970063" lon="5.059396">
        <ele>222.68</ele>
        <time>2023-06-28T08:12:31Z</time>
      </trkpt>
      <trkpt lat="43.970118" lon="5.059722">
        <ele>222.2</ele>
        <time>2023-06-28T08:12:52Z</time>
      </trkpt>
      <trkpt lat="43.970090" lon="5.059822">
        <ele>222.2</ele>
        <time>2023-06-28T08:12:57Z</time>
      </trkpt>
      <trkpt lat="43.969902" lon="5.060081">
        <ele>223.16</ele>
        <time>2023-06-28T08:13:13Z</time>
      </trkpt>
      <trkpt lat="43.969958" lon="5.060219">
        <ele>221.24</ele>
        <time>2023-06-28T08:13:25Z</time>
      </trkpt>
      <trkpt lat="43.969960" lon="5.060379">
        <ele>219.8</ele>
        <time>2023-06-28T08:13:33Z</time>
      </trkpt>
      <trkpt lat="43.969991" lon="5.060513">
        <ele>221.24</ele>
        <time>2023-06-28T08:13:39Z</time>
      </trkpt>
      <trkpt lat="43.969980" lon="5.060611">
        <ele>223.64</ele>
        <time>2023-06-28T08:13:55Z</time>
      </trkpt>
      <trkpt lat="43.969974" lon="5.060635">
        <ele>225.57</ele>
        <time>2023-06-28T08:14:23Z</time>
      </trkpt>
      <trkpt lat="43.969948" lon="5.060671">
        <ele>226.05</ele>
        <time>2023-06-28T08:14:28Z</time>
      </trkpt>
      <trkpt lat="43.969763" lon="5.060525">
        <ele>225.09</ele>
        <time>2023-06-28T08:14:44Z</time>
      </trkpt>
      <trkpt lat="43.969713" lon="5.060491">
        <ele>222.68</ele>
        <time>2023-06-28T08:14:59Z</time>
      </trkpt>
      <trkpt lat="43.969660" lon="5.060454">
        <ele>222.68</ele>
        <time>2023-06-28T08:15:16Z</time>
      </trkpt>
      <trkpt lat="43.969390" lon="5.060246">
        <ele>222.68</ele>
        <time>2023-06-28T08:15:38Z</time>
      </trkpt>
      <trkpt lat="43.969302" lon="5.060137">
        <ele>219.8</ele>
        <time>2023-06-28T08:15:47Z</time>
      </trkpt>
      <trkpt lat="43.969192" lon="5.059992">
        <ele>216.91</ele>
        <time>2023-06-28T08:15:59Z</time>
      </trkpt>
      <trkpt lat="43.968989" lon="5.059803">
        <ele>216.43</ele>
        <time>2023-06-28T08:16:17Z</time>
      </trkpt>
      <trkpt lat="43.968690" lon="5.059637">
        <ele>214.99</ele>
        <time>2023-06-28T08:16:37Z</time>
      </trkpt>
      <trkpt lat="43.968433" lon="5.059563">
        <ele>212.11</ele>
        <time>2023-06-28T08:16:53Z</time>
      </trkpt>
      <trkpt lat="43.968204" lon="5.059512">
        <ele>208.74</ele>
        <time>2023-06-28T08:17:08Z</time>
      </trkpt>
      <trkpt lat="43.967963" lon="5.059475">
        <ele>205.86</ele>
        <time>2023-06-28T08:17:23Z</time>
      </trkpt>
      <trkpt lat="43.967699" lon="5.059387">
        <ele>202.98</ele>
        <time>2023-06-28T08:17:40Z</time>
      </trkpt>
      <trkpt lat="43.967497" lon="5.059182">
        <ele>201.53</ele>
        <time>2023-06-28T08:17:57Z</time>
      </trkpt>
      <trkpt lat="43.967383" lon="5.058812">
        <ele>198.65</ele>
        <time>2023-06-28T08:18:16Z</time>
      </trkpt>
      <trkpt lat="43.967300" lon="5.058611">
        <ele>195.28</ele>
        <time>2023-06-28T08:18:28Z</time>
      </trkpt>
      <trkpt lat="43.967246" lon="5.058509">
        <ele>193.84</ele>
        <time>2023-06-28T08:18:34Z</time>
      </trkpt>
      <trkpt lat="43.967236" lon="5.058358">
        <ele>191.44</ele>
        <time>2023-06-28T08:18:51Z</time>
      </trkpt>
      <trkpt lat="43.967141" lon="5.058109">
        <ele>188.08</ele>
        <time>2023-06-28T08:19:09Z</time>
      </trkpt>
      <trkpt lat="43.967101" lon="5.058010">
        <ele>186.15</ele>
        <time>2023-06-28T08:19:16Z</time>
      </trkpt>
      <trkpt lat="43.967064" lon="5.057965">
        <ele>185.67</ele>
        <time>2023-06-28T08:19:20Z</time>
      </trkpt>
      <trkpt lat="43.966948" lon="5.057702">
        <ele>184.23</ele>
        <time>2023-06-28T08:19:36Z</time>
      </trkpt>
      <trkpt lat="43.966889" lon="5.057565">
        <ele>183.75</ele>
        <time>2023-06-28T08:19:45Z</time>
      </trkpt>
      <trkpt lat="43.966787" lon="5.057513">
        <ele>183.27</ele>
        <time>2023-06-28T08:19:52Z</time>
      </trkpt>
      <trkpt lat="43.966636" lon="5.057281">
        <ele>181.35</ele>
        <time>2023-06-28T08:20:08Z</time>
      </trkpt>
      <trkpt lat="43.966475" lon="5.056982">
        <ele>178.94</ele>
        <time>2023-06-28T08:20:27Z</time>
      </trkpt>
      <trkpt lat="43.966256" lon="5.056727">
        <ele>177.02</ele>
        <time>2023-06-28T08:20:46Z</time>
      </trkpt>
      <trkpt lat="43.966111" lon="5.056520">
        <ele>174.14</ele>
        <time>2023-06-28T08:20:59Z</time>
      </trkpt>
      <trkpt lat="43.966063" lon="5.056358">
        <ele>170.77</ele>
        <time>2023-06-28T08:21:09Z</time>
      </trkpt>
      <trkpt lat="43.965965" lon="5.056156">
        <ele>168.85</ele>
        <time>2023-06-28T08:21:23Z</time>
      </trkpt>
      <trkpt lat="43.965929" lon="5.055874">
        <ele>165.96</ele>
        <time>2023-06-28T08:21:36Z</time>
      </trkpt>
      <trkpt lat="43.965870" lon="5.055688">
        <ele>162.6</ele>
        <time>2023-06-28T08:21:46Z</time>
      </trkpt>
      <trkpt lat="43.965803" lon="5.055374">
        <ele>161.16</ele>
        <time>2023-06-28T08:22:03Z</time>
      </trkpt>
      <trkpt lat="43.965649" lon="5.055151">
        <ele>160.2</ele>
        <time>2023-06-28T08:22:18Z</time>
      </trkpt>
      <trkpt lat="43.965557" lon="5.054930">
        <ele>156.83</ele>
        <time>2023-06-28T08:22:31Z</time>
      </trkpt>
      <trkpt lat="43.965564" lon="5.054875">
        <ele>154.91</ele>
        <time>2023-06-28T08:22:44Z</time>
      </trkpt>
      <trkpt lat="43.965551" lon="5.054869">
        <ele>153.95</ele>
        <time>2023-06-28T08:23:12Z</time>
      </trkpt>
      <trkpt lat="43.965528" lon="5.054810">
        <ele>157.31</ele>
        <time>2023-06-28T08:23:39Z</time>
      </trkpt>
      <trkpt lat="43.965546" lon="5.054839">
        <ele>156.83</ele>
        <time>2023-06-28T08:24:09Z</time>
      </trkpt>
      <trkpt lat="43.965690" lon="5.054757">
        <ele>154.91</ele>
        <time>2023-06-28T08:24:30Z</time>
      </trkpt>
      <trkpt lat="43.966084" lon="5.054544">
        <ele>153.47</ele>
        <time>2023-06-28T08:24:58Z</time>
      </trkpt>
      <trkpt lat="43.966370" lon="5.054263">
        <ele>152.51</ele>
        <time>2023-06-28T08:25:23Z</time>
      </trkpt>
      <trkpt lat="43.966588" lon="5.054158">
        <ele>149.14</ele>
        <time>2023-06-28T08:25:44Z</time>
      </trkpt>
      <trkpt lat="43.966727" lon="5.054205">
        <ele>150.58</ele>
        <time>2023-06-28T08:25:53Z</time>
      </trkpt>
      <trkpt lat="43.966952" lon="5.054365">
        <ele>153.95</ele>
        <time>2023-06-28T08:26:12Z</time>
      </trkpt>
      <trkpt lat="43.967139" lon="5.054508">
        <ele>156.35</ele>
        <time>2023-06-28T08:26:28Z</time>
      </trkpt>
      <trkpt lat="43.967434" lon="5.054507">
        <ele>156.83</ele>
        <time>2023-06-28T08:26:49Z</time>
      </trkpt>
      <trkpt lat="43.967719" lon="5.054473">
        <ele>160.2</ele>
        <time>2023-06-28T08:27:10Z</time>
      </trkpt>
      <trkpt lat="43.967780" lon="5.054434">
        <ele>162.6</ele>
        <time>2023-06-28T08:27:29Z</time>
      </trkpt>
      <trkpt lat="43.967783" lon="5.054434">
        <ele>165.48</ele>
        <time>2023-06-28T08:27:47Z</time>
      </trkpt>
      <trkpt lat="43.967774" lon="5.054400">
        <ele>167.41</ele>
        <time>2023-06-28T08:27:50Z</time>
      </trkpt>
      <trkpt lat="43.967770" lon="5.054384">
        <ele>167.89</ele>
        <time>2023-06-28T08:28:25Z</time>
      </trkpt>
      <trkpt lat="43.967800" lon="5.054343">
        <ele>165.96</ele>
        <time>2023-06-28T08:28:49Z</time>
      </trkpt>
      <trkpt lat="43.967751" lon="5.054276">
        <ele>163.08</ele>
        <time>2023-06-28T08:28:57Z</time>
      </trkpt>
      <trkpt lat="43.967743" lon="5.054269">
        <ele>162.6</ele>
        <time>2023-06-28T08:28:58Z</time>
      </trkpt>
      <trkpt lat="43.967698" lon="5.054130">
        <ele>160.68</ele>
        <time>2023-06-28T08:29:05Z</time>
      </trkpt>
      <trkpt lat="43.967665" lon="5.054083">
        <ele>157.79</ele>
        <time>2023-06-28T08:29:10Z</time>
      </trkpt>
      <trkpt lat="43.967592" lon="5.053996">
        <ele>154.43</ele>
        <time>2023-06-28T08:29:19Z</time>
      </trkpt>
      <trkpt lat="43.967553" lon="5.053967">
        <ele>152.99</ele>
        <time>2023-06-28T08:29:23Z</time>
      </trkpt>
      <trkpt lat="43.967479" lon="5.053865">
        <ele>149.14</ele>
        <time>2023-06-28T08:29:30Z</time>
      </trkpt>
      <trkpt lat="43.967450" lon="5.053836">
        <ele>148.18</ele>
        <time>2023-06-28T08:29:33Z</time>
      </trkpt>
      <trkpt lat="43.967386" lon="5.053719">
        <ele>144.82</ele>
        <time>2023-06-28T08:29:44Z</time>
      </trkpt>
      <trkpt lat="43.967232" lon="5.053563">
        <ele>144.82</ele>
        <time>2023-06-28T08:29:59Z</time>
      </trkpt>
      <trkpt lat="43.967143" lon="5.053393">
        <ele>145.78</ele>
        <time>2023-06-28T08:30:12Z</time>
      </trkpt>
      <trkpt lat="43.967155" lon="5.053381">
        <ele>145.78</ele>
        <time>2023-06-28T08:30:13Z</time>
      </trkpt>
      <trkpt lat="43.967218" lon="5.053314">
        <ele>145.3</ele>
        <time>2023-06-28T08:30:19Z</time>
      </trkpt>
      <trkpt lat="43.967198" lon="5.053078">
        <ele>142.89</ele>
        <time>2023-06-28T08:30:33Z</time>
      </trkpt>
      <trkpt lat="43.967138" lon="5.052833">
        <ele>139.53</ele>
        <time>2023-06-28T08:30:46Z</time>
      </trkpt>
      <trkpt lat="43.967152" lon="5.052693">
        <ele>136.16</ele>
        <time>2023-06-28T08:30:55Z</time>
      </trkpt>
      <trkpt lat="43.967128" lon="5.052592">
        <ele>133.28</ele>
        <time>2023-06-28T08:31:02Z</time>
      </trkpt>
      <trkpt lat="43.967080" lon="5.052410">
        <ele>130.4</ele>
        <time>2023-06-28T08:31:13Z</time>
      </trkpt>
      <trkpt lat="43.967076" lon="5.052385">
        <ele>129.43</ele>
        <time>2023-06-28T08:31:15Z</time>
      </trkpt>
      <trkpt lat="43.967041" lon="5.052227">
        <ele>125.59</ele>
        <time>2023-06-28T08:31:24Z</time>
      </trkpt>
      <trkpt lat="43.966905" lon="5.052073">
        <ele>122.22</ele>
        <time>2023-06-28T08:31:37Z</time>
      </trkpt>
      <trkpt lat="43.966830" lon="5.051988">
        <ele>122.71</ele>
        <time>2023-06-28T08:32:02Z</time>
      </trkpt>
      <trkpt lat="43.966715" lon="5.051841">
        <ele>123.67</ele>
        <time>2023-06-28T08:32:19Z</time>
      </trkpt>
      <trkpt lat="43.966684" lon="5.051777">
        <ele>123.67</ele>
        <time>2023-06-28T08:32:23Z</time>
      </trkpt>
      <trkpt lat="43.966570" lon="5.051556">
        <ele>120.78</ele>
        <time>2023-06-28T08:32:38Z</time>
      </trkpt>
      <trkpt lat="43.966504" lon="5.051496">
        <ele>120.3</ele>
        <time>2023-06-28T08:32:43Z</time>
      </trkpt>
      <trkpt lat="43.966304" lon="5.051314">
        <ele>119.34</ele>
        <time>2023-06-28T08:32:59Z</time>
      </trkpt>
      <trkpt lat="43.966042" lon="5.051200">
        <ele>120.78</ele>
        <time>2023-06-28T08:33:16Z</time>
      </trkpt>
      <trkpt lat="43.965839" lon="5.051043">
        <ele>121.74</ele>
        <time>2023-06-28T08:33:32Z</time>
      </trkpt>
      <trkpt lat="43.965629" lon="5.050807">
        <ele>121.26</ele>
        <time>2023-06-28T08:33:51Z</time>
      </trkpt>
      <trkpt lat="43.965643" lon="5.050767">
        <ele>121.26</ele>
        <time>2023-06-28T08:34:08Z</time>
      </trkpt>
      <trkpt lat="43.965645" lon="5.050819">
        <ele>120.78</ele>
        <time>2023-06-28T08:34:37Z</time>
      </trkpt>
      <trkpt lat="43.965687" lon="5.050721">
        <ele>120.3</ele>
        <time>2023-06-28T08:34:47Z</time>
      </trkpt>
      <trkpt lat="43.965713" lon="5.050695">
        <ele>117.42</ele>
        <time>2023-06-28T08:34:57Z</time>
      </trkpt>
      <trkpt lat="43.965950" lon="5.050627">
        <ele>115.98</ele>
        <time>2023-06-28T08:35:15Z</time>
      </trkpt>
      <trkpt lat="43.966153" lon="5.050560">
        <ele>112.61</ele>
        <time>2023-06-28T08:35:31Z</time>
      </trkpt>
      <trkpt lat="43.966228" lon="5.050530">
        <ele>111.17</ele>
        <time>2023-06-28T08:35:37Z</time>
      </trkpt>
      <trkpt lat="43.966341" lon="5.050405">
        <ele>107.81</ele>
        <time>2023-06-28T08:35:51Z</time>
      </trkpt>
      <trkpt lat="43.966273" lon="5.050183">
        <ele>106.36</ele>
        <time>2023-06-28T08:36:11Z</time>
      </trkpt>
      <trkpt lat="43.966197" lon="5.049945">
        <ele>109.25</ele>
        <time>2023-06-28T08:36:30Z</time>
      </trkpt>
      <trkpt lat="43.966194" lon="5.049916">
        <ele>109.25</ele>
        <time>2023-06-28T08:36:32Z</time>
      </trkpt>
      <trkpt lat="43.966138" lon="5.049574">
        <ele>109.25</ele>
        <time>2023-06-28T08:36:53Z</time>
      </trkpt>
      <trkpt lat="43.966164" lon="5.049371">
        <ele>105.88</ele>
        <time>2023-06-28T08:37:06Z</time>
      </trkpt>
      <trkpt lat="43.966155" lon="5.049333">
        <ele>104.92</ele>
        <time>2023-06-28T08:37:09Z</time>
      </trkpt>
      <trkpt lat="43.966136" lon="5.049060">
        <ele>103</ele>
        <time>2023-06-28T08:37:24Z</time>
      </trkpt>
      <trkpt lat="43.966159" lon="5.048700">
        <ele>103.48</ele>
        <time>2023-06-28T08:37:42Z</time>
      </trkpt>
      <trkpt lat="43.966266" lon="5.048391">
        <ele>100.6</ele>
        <time>2023-06-28T08:38:04Z</time>
      </trkpt>
      <trkpt lat="43.966270" lon="5.048356">
        <ele>100.11</ele>
        <time>2023-06-28T08:38:06Z</time>
      </trkpt>
      <trkpt lat="43.966301" lon="5.047961">
        <ele>97.71</ele>
        <time>2023-06-28T08:38:30Z</time>
      </trkpt>
      <trkpt lat="43.966348" lon="5.047865">
        <ele>95.31</ele>
        <time>2023-06-28T08:38:43Z</time>
      </trkpt>
      <trkpt lat="43.966344" lon="5.047876">
        <ele>95.79</ele>
        <time>2023-06-28T08:38:59Z</time>
      </trkpt>
      <trkpt lat="43.966350" lon="5.047873">
        <ele>97.71</ele>
        <time>2023-06-28T08:39:23Z</time>
      </trkpt>
      <trkpt lat="43.966277" lon="5.047833">
        <ele>98.19</ele>
        <time>2023-06-28T08:39:35Z</time>
      </trkpt>
      <trkpt lat="43.966193" lon="5.047732">
        <ele>98.19</ele>
        <time>2023-06-28T08:39:42Z</time>
      </trkpt>
      <trkpt lat="43.966007" lon="5.047419">
        <ele>97.71</ele>
        <time>2023-06-28T08:40:04Z</time>
      </trkpt>
      <trkpt lat="43.965842" lon="5.047044">
        <ele>98.67</ele>
        <time>2023-06-28T08:40:29Z</time>
      </trkpt>
      <trkpt lat="43.965662" lon="5.046601">
        <ele>98.67</ele>
        <time>2023-06-28T08:40:54Z</time>
      </trkpt>
      <trkpt lat="43.965431" lon="5.046318">
        <ele>98.19</ele>
        <time>2023-06-28T08:41:16Z</time>
      </trkpt>
      <trkpt lat="43.965073" lon="5.046262">
        <ele>95.79</ele>
        <time>2023-06-28T08:41:41Z</time>
      </trkpt>
      <trkpt lat="43.964975" lon="5.046232">
        <ele>102.04</ele>
        <time>2023-06-28T08:42:12Z</time>
      </trkpt>
      <trkpt lat="43.964954" lon="5.046236">
        <ele>98.67</ele>
        <time>2023-06-28T08:42:36Z</time>
      </trkpt>
      <trkpt lat="43.964935" lon="5.046253">
        <ele>99.63</ele>
        <time>2023-06-28T08:42:51Z</time>
      </trkpt>
      <trkpt lat="43.964893" lon="5.046278">
        <ele>100.11</ele>
        <time>2023-06-28T08:42:56Z</time>
      </trkpt>
      <trkpt lat="43.964602" lon="5.046335">
        <ele>102.04</ele>
        <time>2023-06-28T08:43:17Z</time>
      </trkpt>
      <trkpt lat="43.964325" lon="5.046394">
        <ele>102.04</ele>
        <time>2023-06-28T08:43:35Z</time>
      </trkpt>
      <trkpt lat="43.964038" lon="5.046474">
        <ele>103.48</ele>
        <time>2023-06-28T08:43:55Z</time>
      </trkpt>
      <trkpt lat="43.963830" lon="5.046638">
        <ele>102.52</ele>
        <time>2023-06-28T08:44:12Z</time>
      </trkpt>
      <trkpt lat="43.963817" lon="5.046966">
        <ele>100.6</ele>
        <time>2023-06-28T08:44:28Z</time>
      </trkpt>
      <trkpt lat="43.963916" lon="5.047320">
        <ele>99.63</ele>
        <time>2023-06-28T08:44:46Z</time>
      </trkpt>
      <trkpt lat="43.964022" lon="5.047664">
        <ele>96.27</ele>
        <time>2023-06-28T08:45:05Z</time>
      </trkpt>
      <trkpt lat="43.964100" lon="5.047994">
        <ele>95.31</ele>
        <time>2023-06-28T08:45:23Z</time>
      </trkpt>
      <trkpt lat="43.964044" lon="5.048354">
        <ele>97.71</ele>
        <time>2023-06-28T08:45:41Z</time>
      </trkpt>
      <trkpt lat="43.963938" lon="5.048713">
        <ele>97.71</ele>
        <time>2023-06-28T08:46:00Z</time>
      </trkpt>
      <trkpt lat="43.963807" lon="5.049022">
        <ele>100.11</ele>
        <time>2023-06-28T08:46:18Z</time>
      </trkpt>
      <trkpt lat="43.963606" lon="5.049150">
        <ele>102.04</ele>
        <time>2023-06-28T08:46:34Z</time>
      </trkpt>
      <trkpt lat="43.963357" lon="5.049311">
        <ele>103</ele>
        <time>2023-06-28T08:46:54Z</time>
      </trkpt>
      <trkpt lat="43.963157" lon="5.049444">
        <ele>102.04</ele>
        <time>2023-06-28T08:47:10Z</time>
      </trkpt>
      <trkpt lat="43.963114" lon="5.049463">
        <ele>101.56</ele>
        <time>2023-06-28T08:47:13Z</time>
      </trkpt>
      <trkpt lat="43.962866" lon="5.049636">
        <ele>101.56</ele>
        <time>2023-06-28T08:47:32Z</time>
      </trkpt>
      <trkpt lat="43.962700" lon="5.049873">
        <ele>100.11</ele>
        <time>2023-06-28T08:47:48Z</time>
      </trkpt>
      <trkpt lat="43.962585" lon="5.050127">
        <ele>100.6</ele>
        <time>2023-06-28T08:48:03Z</time>
      </trkpt>
      <trkpt lat="43.962459" lon="5.050416">
        <ele>99.15</ele>
        <time>2023-06-28T08:48:20Z</time>
      </trkpt>
      <trkpt lat="43.962368" lon="5.050662">
        <ele>100.6</ele>
        <time>2023-06-28T08:48:38Z</time>
      </trkpt>
      <trkpt lat="43.962272" lon="5.050871">
        <ele>99.15</ele>
        <time>2023-06-28T08:48:52Z</time>
      </trkpt>
      <trkpt lat="43.962199" lon="5.050996">
        <ele>98.67</ele>
        <time>2023-06-28T08:49:00Z</time>
      </trkpt>
      <trkpt lat="43.962062" lon="5.051251">
        <ele>100.11</ele>
        <time>2023-06-28T08:49:17Z</time>
      </trkpt>
      <trkpt lat="43.961858" lon="5.051552">
        <ele>101.08</ele>
        <time>2023-06-28T08:49:36Z</time>
      </trkpt>
      <trkpt lat="43.961650" lon="5.051858">
        <ele>100.6</ele>
        <time>2023-06-28T08:49:57Z</time>
      </trkpt>
      <trkpt lat="43.961611" lon="5.051910">
        <ele>100.6</ele>
        <time>2023-06-28T08:50:01Z</time>
      </trkpt>
      <trkpt lat="43.961548" lon="5.052024">
        <ele>100.11</ele>
        <time>2023-06-28T08:50:08Z</time>
      </trkpt>
      <trkpt lat="43.961403" lon="5.052386">
        <ele>101.08</ele>
        <time>2023-06-28T08:50:28Z</time>
      </trkpt>
      <trkpt lat="43.961286" lon="5.052720">
        <ele>102.04</ele>
        <time>2023-06-28T08:50:46Z</time>
      </trkpt>
      <trkpt lat="43.961253" lon="5.053044">
        <ele>101.56</ele>
        <time>2023-06-28T08:51:02Z</time>
      </trkpt>
      <trkpt lat="43.961298" lon="5.053385">
        <ele>100.11</ele>
        <time>2023-06-28T08:51:19Z</time>
      </trkpt>
      <trkpt lat="43.961320" lon="5.053759">
        <ele>98.67</ele>
        <time>2023-06-28T08:51:38Z</time>
      </trkpt>
      <trkpt lat="43.961239" lon="5.054059">
        <ele>100.6</ele>
        <time>2023-06-28T08:51:56Z</time>
      </trkpt>
      <trkpt lat="43.961049" lon="5.054342">
        <ele>100.11</ele>
        <time>2023-06-28T08:52:14Z</time>
      </trkpt>
      <trkpt lat="43.960865" lon="5.054705">
        <ele>101.56</ele>
        <time>2023-06-28T08:52:36Z</time>
      </trkpt>
      <trkpt lat="43.960713" lon="5.055100">
        <ele>103.96</ele>
        <time>2023-06-28T08:52:57Z</time>
      </trkpt>
      <trkpt lat="43.960556" lon="5.055482">
        <ele>103</ele>
        <time>2023-06-28T08:53:20Z</time>
      </trkpt>
      <trkpt lat="43.960541" lon="5.055588">
        <ele>103.96</ele>
        <time>2023-06-28T08:53:26Z</time>
      </trkpt>
      <trkpt lat="43.960575" lon="5.055609">
        <ele>104.92</ele>
        <time>2023-06-28T08:53:38Z</time>
      </trkpt>
      <trkpt lat="43.960576" lon="5.055609">
        <ele>106.36</ele>
        <time>2023-06-28T08:54:03Z</time>
      </trkpt>
      <trkpt lat="43.960576" lon="5.055601">
        <ele>104.44</ele>
        <time>2023-06-28T08:54:22Z</time>
      </trkpt>
      <trkpt lat="43.960620" lon="5.055750">
        <ele>104.92</ele>
        <time>2023-06-28T08:54:35Z</time>
      </trkpt>
      <trkpt lat="43.960550" lon="5.055840">
        <ele>104.44</ele>
        <time>2023-06-28T08:54:53Z</time>
      </trkpt>
      <trkpt lat="43.960543" lon="5.055851">
        <ele>103.96</ele>
        <time>2023-06-28T08:55:12Z</time>
      </trkpt>
      <trkpt lat="43.960481" lon="5.055928">
        <ele>104.44</ele>
        <time>2023-06-28T08:55:35Z</time>
      </trkpt>
      <trkpt lat="43.960414" lon="5.056197">
        <ele>107.81</ele>
        <time>2023-06-28T08:55:51Z</time>
      </trkpt>
      <trkpt lat="43.960368" lon="5.056502">
        <ele>108.29</ele>
        <time>2023-06-28T08:56:06Z</time>
      </trkpt>
      <trkpt lat="43.960358" lon="5.056644">
        <ele>105.88</ele>
        <time>2023-06-28T08:56:13Z</time>
      </trkpt>
      <trkpt lat="43.960351" lon="5.056855">
        <ele>102.52</ele>
        <time>2023-06-28T08:56:24Z</time>
      </trkpt>
      <trkpt lat="43.960347" lon="5.056986">
        <ele>99.63</ele>
        <time>2023-06-28T08:56:32Z</time>
      </trkpt>
      <trkpt lat="43.960351" lon="5.057079">
        <ele>97.23</ele>
        <time>2023-06-28T08:56:47Z</time>
      </trkpt>
      <trkpt lat="43.960367" lon="5.057105">
        <ele>98.67</ele>
        <time>2023-06-28T08:57:02Z</time>
      </trkpt>
      <trkpt lat="43.960386" lon="5.057095">
        <ele>102.04</ele>
        <time>2023-06-28T08:57:07Z</time>
      </trkpt>
      <trkpt lat="43.960372" lon="5.057247">
        <ele>103.48</ele>
        <time>2023-06-28T08:57:25Z</time>
      </trkpt>
      <trkpt lat="43.960379" lon="5.057547">
        <ele>106.84</ele>
        <time>2023-06-28T08:57:42Z</time>
      </trkpt>
      <trkpt lat="43.960456" lon="5.057936">
        <ele>107.81</ele>
        <time>2023-06-28T08:58:07Z</time>
      </trkpt>
      <trkpt lat="43.960457" lon="5.057966">
        <ele>105.88</ele>
        <time>2023-06-28T08:58:34Z</time>
      </trkpt>
      <trkpt lat="43.960542" lon="5.058062">
        <ele>107.81</ele>
        <time>2023-06-28T08:59:05Z</time>
      </trkpt>
      <trkpt lat="43.960588" lon="5.058059">
        <ele>107.81</ele>
        <time>2023-06-28T08:59:13Z</time>
      </trkpt>
      <trkpt lat="43.960751" lon="5.058121">
        <ele>109.25</ele>
        <time>2023-06-28T08:59:28Z</time>
      </trkpt>
      <trkpt lat="43.960813" lon="5.058211">
        <ele>110.69</ele>
        <time>2023-06-28T08:59:36Z</time>
      </trkpt>
      <trkpt lat="43.961073" lon="5.058466">
        <ele>111.17</ele>
        <time>2023-06-28T09:00:00Z</time>
      </trkpt>
      <trkpt lat="43.961250" lon="5.058712">
        <ele>111.17</ele>
        <time>2023-06-28T09:00:19Z</time>
      </trkpt>
      <trkpt lat="43.961483" lon="5.059024">
        <ele>113.57</ele>
        <time>2023-06-28T09:00:42Z</time>
      </trkpt>
      <trkpt lat="43.961737" lon="5.059294">
        <ele>116.46</ele>
        <time>2023-06-28T09:01:07Z</time>
      </trkpt>
      <trkpt lat="43.961883" lon="5.059538">
        <ele>113.57</ele>
        <time>2023-06-28T09:01:28Z</time>
      </trkpt>
      <trkpt lat="43.961998" lon="5.059862">
        <ele>113.09</ele>
        <time>2023-06-28T09:01:49Z</time>
      </trkpt>
      <trkpt lat="43.962184" lon="5.060135">
        <ele>115.01</ele>
        <time>2023-06-28T09:02:14Z</time>
      </trkpt>
      <trkpt lat="43.962236" lon="5.060164">
        <ele>115.01</ele>
        <time>2023-06-28T09:02:20Z</time>
      </trkpt>
      <trkpt lat="43.962586" lon="5.060255">
        <ele>116.46</ele>
        <time>2023-06-28T09:02:46Z</time>
      </trkpt>
      <trkpt lat="43.962722" lon="5.060348">
        <ele>120.3</ele>
        <time>2023-06-28T09:03:00Z</time>
      </trkpt>
      <trkpt lat="43.962992" lon="5.060524">
        <ele>122.71</ele>
        <time>2023-06-28T09:03:23Z</time>
      </trkpt>
      <trkpt lat="43.963215" lon="5.060646">
        <ele>123.67</ele>
        <time>2023-06-28T09:03:46Z</time>
      </trkpt>
      <trkpt lat="43.963210" lon="5.060633">
        <ele>124.15</ele>
        <time>2023-06-28T09:03:52Z</time>
      </trkpt>
      <trkpt lat="43.963212" lon="5.060624">
        <ele>127.03</ele>
        <time>2023-06-28T09:04:00Z</time>
      </trkpt>
      <trkpt lat="43.963199" lon="5.060634">
        <ele>130.4</ele>
        <time>2023-06-28T09:04:11Z</time>
      </trkpt>
      <trkpt lat="43.963209" lon="5.060640">
        <ele>133.28</ele>
        <time>2023-06-28T09:04:36Z</time>
      </trkpt>
      <trkpt lat="43.963193" lon="5.060626">
        <ele>136.16</ele>
        <time>2023-06-28T09:05:04Z</time>
      </trkpt>
      <trkpt lat="43.963184" lon="5.060638">
        <ele>138.09</ele>
        <time>2023-06-28T09:05:07Z</time>
      </trkpt>
      <trkpt lat="43.963192" lon="5.060644">
        <ele>137.61</ele>
        <time>2023-06-28T09:05:36Z</time>
      </trkpt>
      <trkpt lat="43.963225" lon="5.060557">
        <ele>138.09</ele>
        <time>2023-06-28T09:06:03Z</time>
      </trkpt>
      <trkpt lat="43.963293" lon="5.060468">
        <ele>139.53</ele>
        <time>2023-06-28T09:06:18Z</time>
      </trkpt>
      <trkpt lat="43.963499" lon="5.060412">
        <ele>140.49</ele>
        <time>2023-06-28T09:06:42Z</time>
      </trkpt>
      <trkpt lat="43.963676" lon="5.060368">
        <ele>141.93</ele>
        <time>2023-06-28T09:07:01Z</time>
      </trkpt>
      <trkpt lat="43.963801" lon="5.060433">
        <ele>145.3</ele>
        <time>2023-06-28T09:07:14Z</time>
      </trkpt>
      <trkpt lat="43.964021" lon="5.060388">
        <ele>148.18</ele>
        <time>2023-06-28T09:07:32Z</time>
      </trkpt>
      <trkpt lat="43.964103" lon="5.060365">
        <ele>151.54</ele>
        <time>2023-06-28T09:07:40Z</time>
      </trkpt>
      <trkpt lat="43.964197" lon="5.060395">
        <ele>154.91</ele>
        <time>2023-06-28T09:07:49Z</time>
      </trkpt>
      <trkpt lat="43.964282" lon="5.060346">
        <ele>156.35</ele>
        <time>2023-06-28T09:07:57Z</time>
      </trkpt>
      <trkpt lat="43.964377" lon="5.060343">
        <ele>157.31</ele>
        <time>2023-06-28T09:08:07Z</time>
      </trkpt>
      <trkpt lat="43.964541" lon="5.060327">
        <ele>157.79</ele>
        <time>2023-06-28T09:08:23Z</time>
      </trkpt>
      <trkpt lat="43.964660" lon="5.060329">
        <ele>158.27</ele>
        <time>2023-06-28T09:08:36Z</time>
      </trkpt>
      <trkpt lat="43.964788" lon="5.060270">
        <ele>160.2</ele>
        <time>2023-06-28T09:08:49Z</time>
      </trkpt>
      <trkpt lat="43.964906" lon="5.060347">
        <ele>161.16</ele>
        <time>2023-06-28T09:09:03Z</time>
      </trkpt>
      <trkpt lat="43.965049" lon="5.060487">
        <ele>159.24</ele>
        <time>2023-06-28T09:09:18Z</time>
      </trkpt>
      <trkpt lat="43.965171" lon="5.060586">
        <ele>158.27</ele>
        <time>2023-06-28T09:09:29Z</time>
      </trkpt>
      <trkpt lat="43.965318" lon="5.060512">
        <ele>154.91</ele>
        <time>2023-06-28T09:09:42Z</time>
      </trkpt>
      <trkpt lat="43.965369" lon="5.060482">
        <ele>152.99</ele>
        <time>2023-06-28T09:09:46Z</time>
      </trkpt>
      <trkpt lat="43.965418" lon="5.060419">
        <ele>149.62</ele>
        <time>2023-06-28T09:09:52Z</time>
      </trkpt>
      <trkpt lat="43.965427" lon="5.060414">
        <ele>149.62</ele>
        <time>2023-06-28T09:09:53Z</time>
      </trkpt>
      <trkpt lat="43.965469" lon="5.060340">
        <ele>146.26</ele>
        <time>2023-06-28T09:10:07Z</time>
      </trkpt>
      <trkpt lat="43.965533" lon="5.060257">
        <ele>145.78</ele>
        <time>2023-06-28T09:10:22Z</time>
      </trkpt>
      <trkpt lat="43.965540" lon="5.060255">
        <ele>147.7</ele>
        <time>2023-06-28T09:10:48Z</time>
      </trkpt>
      <trkpt lat="43.965550" lon="5.060265">
        <ele>150.58</ele>
        <time>2023-06-28T09:11:05Z</time>
      </trkpt>
      <trkpt lat="43.965554" lon="5.060258">
        <ele>151.06</ele>
        <time>2023-06-28T09:11:06Z</time>
      </trkpt>
      <trkpt lat="43.965542" lon="5.060152">
        <ele>152.03</ele>
        <time>2023-06-28T09:11:14Z</time>
      </trkpt>
      <trkpt lat="43.965568" lon="5.059884">
        <ele>153.47</ele>
        <time>2023-06-28T09:11:31Z</time>
      </trkpt>
      <trkpt lat="43.965654" lon="5.059616">
        <ele>154.91</ele>
        <time>2023-06-28T09:11:50Z</time>
      </trkpt>
      <trkpt lat="43.965719" lon="5.059459">
        <ele>154.91</ele>
        <time>2023-06-28T09:11:59Z</time>
      </trkpt>
      <trkpt lat="43.965752" lon="5.059281">
        <ele>151.54</ele>
        <time>2023-06-28T09:12:15Z</time>
      </trkpt>
      <trkpt lat="43.965778" lon="5.059253">
        <ele>153.95</ele>
        <time>2023-06-28T09:12:38Z</time>
      </trkpt>
      <trkpt lat="43.965767" lon="5.059183">
        <ele>156.83</ele>
        <time>2023-06-28T09:12:58Z</time>
      </trkpt>
      <trkpt lat="43.965783" lon="5.059092">
        <ele>157.79</ele>
        <time>2023-06-28T09:13:15Z</time>
      </trkpt>
      <trkpt lat="43.965791" lon="5.059110">
        <ele>158.27</ele>
        <time>2023-06-28T09:13:20Z</time>
      </trkpt>
      <trkpt lat="43.965796" lon="5.059201">
        <ele>159.72</ele>
        <time>2023-06-28T09:13:36Z</time>
      </trkpt>
      <trkpt lat="43.965810" lon="5.059368">
        <ele>161.16</ele>
        <time>2023-06-28T09:13:52Z</time>
      </trkpt>
      <trkpt lat="43.965806" lon="5.059383">
        <ele>161.16</ele>
        <time>2023-06-28T09:13:53Z</time>
      </trkpt>
      <trkpt lat="43.965868" lon="5.059471">
        <ele>163.08</ele>
        <time>2023-06-28T09:14:08Z</time>
      </trkpt>
      <trkpt lat="43.965929" lon="5.059583">
        <ele>164.04</ele>
        <time>2023-06-28T09:14:23Z</time>
      </trkpt>
      <trkpt lat="43.965942" lon="5.059677">
        <ele>165</ele>
        <time>2023-06-28T09:14:30Z</time>
      </trkpt>
      <trkpt lat="43.965906" lon="5.059759">
        <ele>166.45</ele>
        <time>2023-06-28T09:14:37Z</time>
      </trkpt>
      <trkpt lat="43.965872" lon="5.059811">
        <ele>167.41</ele>
        <time>2023-06-28T09:14:42Z</time>
      </trkpt>
      <trkpt lat="43.965963" lon="5.059987">
        <ele>168.37</ele>
        <time>2023-06-28T09:14:57Z</time>
      </trkpt>
      <trkpt lat="43.966026" lon="5.060062">
        <ele>168.85</ele>
        <time>2023-06-28T09:15:03Z</time>
      </trkpt>
      <trkpt lat="43.966108" lon="5.060093">
        <ele>166.45</ele>
        <time>2023-06-28T09:15:09Z</time>
      </trkpt>
      <trkpt lat="43.966205" lon="5.060093">
        <ele>165.96</ele>
        <time>2023-06-28T09:15:18Z</time>
      </trkpt>
      <trkpt lat="43.966324" lon="5.060306">
        <ele>166.93</ele>
        <time>2023-06-28T09:15:34Z</time>
      </trkpt>
      <trkpt lat="43.966375" lon="5.060358">
        <ele>169.33</ele>
        <time>2023-06-28T09:15:39Z</time>
      </trkpt>
      <trkpt lat="43.966490" lon="5.060515">
        <ele>168.37</ele>
        <time>2023-06-28T09:15:54Z</time>
      </trkpt>
      <trkpt lat="43.966682" lon="5.060599">
        <ele>166.93</ele>
        <time>2023-06-28T09:16:10Z</time>
      </trkpt>
      <trkpt lat="43.966726" lon="5.060607">
        <ele>166.93</ele>
        <time>2023-06-28T09:16:13Z</time>
      </trkpt>
      <trkpt lat="43.966916" lon="5.060706">
        <ele>165.96</ele>
        <time>2023-06-28T09:16:29Z</time>
      </trkpt>
      <trkpt lat="43.967132" lon="5.060829">
        <ele>167.41</ele>
        <time>2023-06-28T09:16:47Z</time>
      </trkpt>
      <trkpt lat="43.967329" lon="5.060885">
        <ele>168.85</ele>
        <time>2023-06-28T09:17:03Z</time>
      </trkpt>
      <trkpt lat="43.967535" lon="5.060999">
        <ele>168.37</ele>
        <time>2023-06-28T09:17:21Z</time>
      </trkpt>
      <trkpt lat="43.967549" lon="5.061003">
        <ele>168.37</ele>
        <time>2023-06-28T09:17:22Z</time>
      </trkpt>
      <trkpt lat="43.967719" lon="5.061199">
        <ele>169.33</ele>
        <time>2023-06-28T09:17:40Z</time>
      </trkpt>
      <trkpt lat="43.967791" lon="5.061323">
        <ele>172.69</ele>
        <time>2023-06-28T09:17:51Z</time>
      </trkpt>
      <trkpt lat="43.967802" lon="5.061443">
        <ele>174.14</ele>
        <time>2023-06-28T09:17:58Z</time>
      </trkpt>
      <trkpt lat="43.967834" lon="5.061747">
        <ele>177.5</ele>
        <time>2023-06-28T09:18:16Z</time>
      </trkpt>
      <trkpt lat="43.967864" lon="5.061958">
        <ele>179.9</ele>
        <time>2023-06-28T09:18:29Z</time>
      </trkpt>
      <trkpt lat="43.967903" lon="5.062175">
        <ele>182.79</ele>
        <time>2023-06-28T09:18:45Z</time>
      </trkpt>
      <trkpt lat="43.967888" lon="5.062251">
        <ele>182.31</ele>
        <time>2023-06-28T09:18:52Z</time>
      </trkpt>
      <trkpt lat="43.967792" lon="5.062401">
        <ele>181.35</ele>
        <time>2023-06-28T09:19:07Z</time>
      </trkpt>
      <trkpt lat="43.967676" lon="5.062538">
        <ele>179.9</ele>
        <time>2023-06-28T09:19:25Z</time>
      </trkpt>
      <trkpt lat="43.967630" lon="5.062621">
        <ele>180.38</ele>
        <time>2023-06-28T09:19:37Z</time>
      </trkpt>
      <trkpt lat="43.967541" lon="5.062711">
        <ele>181.83</ele>
        <time>2023-06-28T09:19:52Z</time>
      </trkpt>
      <trkpt lat="43.967510" lon="5.062654">
        <ele>180.38</ele>
        <time>2023-06-28T09:20:27Z</time>
      </trkpt>
      <trkpt lat="43.967507" lon="5.062661">
        <ele>178.94</ele>
        <time>2023-06-28T09:20:46Z</time>
      </trkpt>
      <trkpt lat="43.967496" lon="5.062653">
        <ele>179.42</ele>
        <time>2023-06-28T09:20:48Z</time>
      </trkpt>
      <trkpt lat="43.967375" lon="5.062547">
        <ele>176.54</ele>
        <time>2023-06-28T09:21:02Z</time>
      </trkpt>
      <trkpt lat="43.967324" lon="5.062503">
        <ele>175.1</ele>
        <time>2023-06-28T09:21:07Z</time>
      </trkpt>
      <trkpt lat="43.967094" lon="5.062339">
        <ele>175.58</ele>
        <time>2023-06-28T09:21:25Z</time>
      </trkpt>
      <trkpt lat="43.967026" lon="5.062312">
        <ele>176.54</ele>
        <time>2023-06-28T09:21:38Z</time>
      </trkpt>
      <trkpt lat="43.966849" lon="5.062239">
        <ele>175.1</ele>
        <time>2023-06-28T09:21:57Z</time>
      </trkpt>
      <trkpt lat="43.966576" lon="5.062077">
        <ele>171.73</ele>
        <time>2023-06-28T09:22:17Z</time>
      </trkpt>
      <trkpt lat="43.966350" lon="5.061993">
        <ele>168.37</ele>
        <time>2023-06-28T09:22:36Z</time>
      </trkpt>
      <trkpt lat="43.966252" lon="5.061973">
        <ele>165.48</ele>
        <time>2023-06-28T09:22:46Z</time>
      </trkpt>
      <trkpt lat="43.966042" lon="5.061880">
        <ele>164.04</ele>
        <time>2023-06-28T09:23:02Z</time>
      </trkpt>
      <trkpt lat="43.965884" lon="5.061869">
        <ele>160.68</ele>
        <time>2023-06-28T09:23:14Z</time>
      </trkpt>
      <trkpt lat="43.965812" lon="5.061986">
        <ele>157.79</ele>
        <time>2023-06-28T09:23:23Z</time>
      </trkpt>
      <trkpt lat="43.965689" lon="5.062314">
        <ele>154.43</ele>
        <time>2023-06-28T09:23:40Z</time>
      </trkpt>
      <trkpt lat="43.965403" lon="5.062505">
        <ele>155.87</ele>
        <time>2023-06-28T09:24:01Z</time>
      </trkpt>
      <trkpt lat="43.965240" lon="5.062745">
        <ele>156.83</ele>
        <time>2023-06-28T09:24:19Z</time>
      </trkpt>
      <trkpt lat="43.965168" lon="5.063121">
        <ele>158.27</ele>
        <time>2023-06-28T09:24:39Z</time>
      </trkpt>
      <trkpt lat="43.965074" lon="5.063441">
        <ele>161.64</ele>
        <time>2023-06-28T09:24:59Z</time>
      </trkpt>
      <trkpt lat="43.965025" lon="5.063747">
        <ele>164.04</ele>
        <time>2023-06-28T09:25:16Z</time>
      </trkpt>
      <trkpt lat="43.964938" lon="5.064099">
        <ele>165</ele>
        <time>2023-06-28T09:25:36Z</time>
      </trkpt>
      <trkpt lat="43.964807" lon="5.064339">
        <ele>166.45</ele>
        <time>2023-06-28T09:25:55Z</time>
      </trkpt>
      <trkpt lat="43.964664" lon="5.064591">
        <ele>168.37</ele>
        <time>2023-06-28T09:26:13Z</time>
      </trkpt>
      <trkpt lat="43.964502" lon="5.064844">
        <ele>168.37</ele>
        <time>2023-06-28T09:26:31Z</time>
      </trkpt>
      <trkpt lat="43.964346" lon="5.065092">
        <ele>168.37</ele>
        <time>2023-06-28T09:26:50Z</time>
      </trkpt>
      <trkpt lat="43.964182" lon="5.065359">
        <ele>169.81</ele>
        <time>2023-06-28T09:27:10Z</time>
      </trkpt>
      <trkpt lat="43.964112" lon="5.065421">
        <ele>180.87</ele>
        <time>2023-06-28T09:29:50Z</time>
      </trkpt>
      <trkpt lat="43.964097" lon="5.065414">
        <ele>181.35</ele>
        <time>2023-06-28T09:29:55Z</time>
      </trkpt>
      <trkpt lat="43.964086" lon="5.065315">
        <ele>179.9</ele>
        <time>2023-06-28T09:30:04Z</time>
      </trkpt>
      <trkpt lat="43.964047" lon="5.065006">
        <ele>178.46</ele>
        <time>2023-06-28T09:30:22Z</time>
      </trkpt>
      <trkpt lat="43.964058" lon="5.064772">
        <ele>177.5</ele>
        <time>2023-06-28T09:30:41Z</time>
      </trkpt>
      <trkpt lat="43.964021" lon="5.064711">
        <ele>174.62</ele>
        <time>2023-06-28T09:31:06Z</time>
      </trkpt>
      <trkpt lat="43.963844" lon="5.064587">
        <ele>171.73</ele>
        <time>2023-06-28T09:31:24Z</time>
      </trkpt>
      <trkpt lat="43.963844" lon="5.064560">
        <ele>171.25</ele>
        <time>2023-06-28T09:31:26Z</time>
      </trkpt>
      <trkpt lat="43.963808" lon="5.064307">
        <ele>167.89</ele>
        <time>2023-06-28T09:31:39Z</time>
      </trkpt>
      <trkpt lat="43.963766" lon="5.064174">
        <ele>164.52</ele>
        <time>2023-06-28T09:31:47Z</time>
      </trkpt>
      <trkpt lat="43.963747" lon="5.064146">
        <ele>163.56</ele>
        <time>2023-06-28T09:31:50Z</time>
      </trkpt>
      <trkpt lat="43.963653" lon="5.063935">
        <ele>160.2</ele>
        <time>2023-06-28T09:32:07Z</time>
      </trkpt>
      <trkpt lat="43.963544" lon="5.063761">
        <ele>156.83</ele>
        <time>2023-06-28T09:32:23Z</time>
      </trkpt>
      <trkpt lat="43.963446" lon="5.063663">
        <ele>153.47</ele>
        <time>2023-06-28T09:32:34Z</time>
      </trkpt>
      <trkpt lat="43.963325" lon="5.063527">
        <ele>150.58</ele>
        <time>2023-06-28T09:32:44Z</time>
      </trkpt>
      <trkpt lat="43.963172" lon="5.063459">
        <ele>147.22</ele>
        <time>2023-06-28T09:32:55Z</time>
      </trkpt>
      <trkpt lat="43.962986" lon="5.063310">
        <ele>144.34</ele>
        <time>2023-06-28T09:33:14Z</time>
      </trkpt>
      <trkpt lat="43.962824" lon="5.063038">
        <ele>144.34</ele>
        <time>2023-06-28T09:33:35Z</time>
      </trkpt>
      <trkpt lat="43.962661" lon="5.062794">
        <ele>141.93</ele>
        <time>2023-06-28T09:33:57Z</time>
      </trkpt>
      <trkpt lat="43.962510" lon="5.062636">
        <ele>138.57</ele>
        <time>2023-06-28T09:34:12Z</time>
      </trkpt>
      <trkpt lat="43.962420" lon="5.062621">
        <ele>137.61</ele>
        <time>2023-06-28T09:34:21Z</time>
      </trkpt>
      <trkpt lat="43.962257" lon="5.062956">
        <ele>134.72</ele>
        <time>2023-06-28T09:34:48Z</time>
      </trkpt>
      <trkpt lat="43.962066" lon="5.063169">
        <ele>135.2</ele>
        <time>2023-06-28T09:35:10Z</time>
      </trkpt>
      <trkpt lat="43.961926" lon="5.063387">
        <ele>134.72</ele>
        <time>2023-06-28T09:35:33Z</time>
      </trkpt>
      <trkpt lat="43.961856" lon="5.063510">
        <ele>136.64</ele>
        <time>2023-06-28T09:35:40Z</time>
      </trkpt>
      <trkpt lat="43.961795" lon="5.063909">
        <ele>138.57</ele>
        <time>2023-06-28T09:36:03Z</time>
      </trkpt>
      <trkpt lat="43.961753" lon="5.064050">
        <ele>141.45</ele>
        <time>2023-06-28T09:36:12Z</time>
      </trkpt>
      <trkpt lat="43.961745" lon="5.064090">
        <ele>142.41</ele>
        <time>2023-06-28T09:36:14Z</time>
      </trkpt>
      <trkpt lat="43.961745" lon="5.064111">
        <ele>142.41</ele>
        <time>2023-06-28T09:36:15Z</time>
      </trkpt>
      <trkpt lat="43.961764" lon="5.064514">
        <ele>143.37</ele>
        <time>2023-06-28T09:36:37Z</time>
      </trkpt>
      <trkpt lat="43.961755" lon="5.064908">
        <ele>142.89</ele>
        <time>2023-06-28T09:36:59Z</time>
      </trkpt>
      <trkpt lat="43.961753" lon="5.065293">
        <ele>145.3</ele>
        <time>2023-06-28T09:37:19Z</time>
      </trkpt>
      <trkpt lat="43.961586" lon="5.065475">
        <ele>148.18</ele>
        <time>2023-06-28T09:37:36Z</time>
      </trkpt>
      <trkpt lat="43.961465" lon="5.065717">
        <ele>151.06</ele>
        <time>2023-06-28T09:37:51Z</time>
      </trkpt>
      <trkpt lat="43.961402" lon="5.066149">
        <ele>147.7</ele>
        <time>2023-06-28T09:38:15Z</time>
      </trkpt>
      <trkpt lat="43.961369" lon="5.066529">
        <ele>144.82</ele>
        <time>2023-06-28T09:38:34Z</time>
      </trkpt>
      <trkpt lat="43.961270" lon="5.066823">
        <ele>142.89</ele>
        <time>2023-06-28T09:38:53Z</time>
      </trkpt>
      <trkpt lat="43.961188" lon="5.066953">
        <ele>142.41</ele>
        <time>2023-06-28T09:39:03Z</time>
      </trkpt>
      <trkpt lat="43.961163" lon="5.067190">
        <ele>139.53</ele>
        <time>2023-06-28T09:39:18Z</time>
      </trkpt>
      <trkpt lat="43.961167" lon="5.067205">
        <ele>139.05</ele>
        <time>2023-06-28T09:39:19Z</time>
      </trkpt>
      <trkpt lat="43.961213" lon="5.067540">
        <ele>135.68</ele>
        <time>2023-06-28T09:39:36Z</time>
      </trkpt>
      <trkpt lat="43.961246" lon="5.067944">
        <ele>132.8</ele>
        <time>2023-06-28T09:39:59Z</time>
      </trkpt>
      <trkpt lat="43.961268" lon="5.068203">
        <ele>132.8</ele>
        <time>2023-06-28T09:40:21Z</time>
      </trkpt>
      <trkpt lat="43.961281" lon="5.068355">
        <ele>133.28</ele>
        <time>2023-06-28T09:40:31Z</time>
      </trkpt>
      <trkpt lat="43.961292" lon="5.068822">
        <ele>134.24</ele>
        <time>2023-06-28T09:40:52Z</time>
      </trkpt>
      <trkpt lat="43.961241" lon="5.069397">
        <ele>135.68</ele>
        <time>2023-06-28T09:41:19Z</time>
      </trkpt>
      <trkpt lat="43.961188" lon="5.069512">
        <ele>139.05</ele>
        <time>2023-06-28T09:41:32Z</time>
      </trkpt>
      <trkpt lat="43.961171" lon="5.069531">
        <ele>142.41</ele>
        <time>2023-06-28T09:41:42Z</time>
      </trkpt>
      <trkpt lat="43.961144" lon="5.069717">
        <ele>145.3</ele>
        <time>2023-06-28T09:41:54Z</time>
      </trkpt>
      <trkpt lat="43.961123" lon="5.069976">
        <ele>146.74</ele>
        <time>2023-06-28T09:42:10Z</time>
      </trkpt>
      <trkpt lat="43.961282" lon="5.070168">
        <ele>148.18</ele>
        <time>2023-06-28T09:42:28Z</time>
      </trkpt>
      <trkpt lat="43.961546" lon="5.070244">
        <ele>150.58</ele>
        <time>2023-06-28T09:42:49Z</time>
      </trkpt>
      <trkpt lat="43.961745" lon="5.070373">
        <ele>152.51</ele>
        <time>2023-06-28T09:43:07Z</time>
      </trkpt>
      <trkpt lat="43.961892" lon="5.070505">
        <ele>154.43</ele>
        <time>2023-06-28T09:43:24Z</time>
      </trkpt>
      <trkpt lat="43.962108" lon="5.070703">
        <ele>156.83</ele>
        <time>2023-06-28T09:43:44Z</time>
      </trkpt>
      <trkpt lat="43.962182" lon="5.070783">
        <ele>158.27</ele>
        <time>2023-06-28T09:44:02Z</time>
      </trkpt>
      <trkpt lat="43.962195" lon="5.070784">
        <ele>157.31</ele>
        <time>2023-06-28T09:44:22Z</time>
      </trkpt>
      <trkpt lat="43.962296" lon="5.070870">
        <ele>156.83</ele>
        <time>2023-06-28T09:44:39Z</time>
      </trkpt>
      <trkpt lat="43.962511" lon="5.070976">
        <ele>156.83</ele>
        <time>2023-06-28T09:44:58Z</time>
      </trkpt>
      <trkpt lat="43.962747" lon="5.071173">
        <ele>156.35</ele>
        <time>2023-06-28T09:45:22Z</time>
      </trkpt>
      <trkpt lat="43.962901" lon="5.071474">
        <ele>156.35</ele>
        <time>2023-06-28T09:45:46Z</time>
      </trkpt>
      <trkpt lat="43.962703" lon="5.071584">
        <ele>153.95</ele>
        <time>2023-06-28T09:46:09Z</time>
      </trkpt>
      <trkpt lat="43.962375" lon="5.071675">
        <ele>154.43</ele>
        <time>2023-06-28T09:46:34Z</time>
      </trkpt>
      <trkpt lat="43.962339" lon="5.071712">
        <ele>154.91</ele>
        <time>2023-06-28T09:46:37Z</time>
      </trkpt>
      <trkpt lat="43.962146" lon="5.071945">
        <ele>157.79</ele>
        <time>2023-06-28T09:46:57Z</time>
      </trkpt>
      <trkpt lat="43.962123" lon="5.072029">
        <ele>161.16</ele>
        <time>2023-06-28T09:47:01Z</time>
      </trkpt>
      <trkpt lat="43.962073" lon="5.072088">
        <ele>164.52</ele>
        <time>2023-06-28T09:47:08Z</time>
      </trkpt>
      <trkpt lat="43.961976" lon="5.072254">
        <ele>167.89</ele>
        <time>2023-06-28T09:47:20Z</time>
      </trkpt>
      <trkpt lat="43.961862" lon="5.072573">
        <ele>169.33</ele>
        <time>2023-06-28T09:47:42Z</time>
      </trkpt>
      <trkpt lat="43.961818" lon="5.072855">
        <ele>169.81</ele>
        <time>2023-06-28T09:47:57Z</time>
      </trkpt>
      <trkpt lat="43.961901" lon="5.073155">
        <ele>170.77</ele>
        <time>2023-06-28T09:48:17Z</time>
      </trkpt>
      <trkpt lat="43.961919" lon="5.073187">
        <ele>171.25</ele>
        <time>2023-06-28T09:48:20Z</time>
      </trkpt>
      <trkpt lat="43.962013" lon="5.073518">
        <ele>174.14</ele>
        <time>2023-06-28T09:48:39Z</time>
      </trkpt>
      <trkpt lat="43.962146" lon="5.073915">
        <ele>173.66</ele>
        <time>2023-06-28T09:49:02Z</time>
      </trkpt>
      <trkpt lat="43.962315" lon="5.074207">
        <ele>171.73</ele>
        <time>2023-06-28T09:49:23Z</time>
      </trkpt>
      <trkpt lat="43.962361" lon="5.074295">
        <ele>171.25</ele>
        <time>2023-06-28T09:49:28Z</time>
      </trkpt>
      <trkpt lat="43.962525" lon="5.074673">
        <ele>172.21</ele>
        <time>2023-06-28T09:49:50Z</time>
      </trkpt>
      <trkpt lat="43.962718" lon="5.075051">
        <ele>173.17</ele>
        <time>2023-06-28T09:50:16Z</time>
      </trkpt>
      <trkpt lat="43.962740" lon="5.075067">
        <ele>173.66</ele>
        <time>2023-06-28T09:50:18Z</time>
      </trkpt>
      <trkpt lat="43.963001" lon="5.075252">
        <ele>173.17</ele>
        <time>2023-06-28T09:50:40Z</time>
      </trkpt>
      <trkpt lat="43.963316" lon="5.075375">
        <ele>179.6</ele>
        <time>2023-06-28T09:51:03Z</time>
      </trkpt>
      <trkpt lat="43.963316" lon="5.075375">
        <ele>179.6</ele>
        <time>2023-06-28T09:51:03Z</time>
      </trkpt>
      <trkpt lat="43.963603" lon="5.075579">
        <ele>197.69</ele>
        <time>2023-06-28T06:15:17Z</time>
      </trkpt>
      <trkpt lat="43.963641" lon="5.075502">
        <ele>199.61</ele>
        <time>2023-06-28T06:15:50Z</time>
      </trkpt>
      <trkpt lat="43.963600" lon="5.075583">
        <ele>188.56</ele>
        <time>2023-06-28T06:18:40Z</time>
      </trkpt>
      <trkpt lat="43.963602" lon="5.075591">
        <ele>189.52</ele>
        <time>2023-06-28T06:19:10Z</time>
      </trkpt>
      <trkpt lat="43.963605" lon="5.075592">
        <ele>192.88</ele>
        <time>2023-06-28T06:19:32Z</time>
      </trkpt>
      <trkpt lat="43.963644" lon="5.075618">
        <ele>190</ele>
        <time>2023-06-28T06:20:28Z</time>
      </trkpt>
      <trkpt lat="43.963656" lon="5.075618">
        <ele>190</ele>
        <time>2023-06-28T06:20:29Z</time>
      </trkpt>
      <trkpt lat="43.963859" lon="5.075694">
        <ele>188.56</ele>
        <time>2023-06-28T06:20:46Z</time>
      </trkpt>
      <trkpt lat="43.963940" lon="5.075712">
        <ele>187.11</ele>
        <time>2023-06-28T06:20:52Z</time>
      </trkpt>
      <trkpt lat="43.964072" lon="5.075882">
        <ele>189.52</ele>
        <time>2023-06-28T06:21:09Z</time>
      </trkpt>
      <trkpt lat="43.964105" lon="5.075928">
        <ele>190</ele>
        <time>2023-06-28T06:21:13Z</time>
      </trkpt>
      <trkpt lat="43.964224" lon="5.076010">
        <ele>190.48</ele>
        <time>2023-06-28T06:21:26Z</time>
      </trkpt>
      <trkpt lat="43.964229" lon="5.076084">
        <ele>191.44</ele>
        <time>2023-06-28T06:21:31Z</time>
      </trkpt>
      <trkpt lat="43.964258" lon="5.076145">
        <ele>194.8</ele>
        <time>2023-06-28T06:21:45Z</time>
      </trkpt>
      <trkpt lat="43.964306" lon="5.076267">
        <ele>194.32</ele>
        <time>2023-06-28T06:22:01Z</time>
      </trkpt>
      <trkpt lat="43.964292" lon="5.076415">
        <ele>194.32</ele>
        <time>2023-06-28T06:22:10Z</time>
      </trkpt>
      <trkpt lat="43.964304" lon="5.076516">
        <ele>194.8</ele>
        <time>2023-06-28T06:22:16Z</time>
      </trkpt>
      <trkpt lat="43.964322" lon="5.076557">
        <ele>195.28</ele>
        <time>2023-06-28T06:22:19Z</time>
      </trkpt>
      <trkpt lat="43.964283" lon="5.076607">
        <ele>195.28</ele>
        <time>2023-06-28T06:22:24Z</time>
      </trkpt>
      <trkpt lat="43.964295" lon="5.076766">
        <ele>194.32</ele>
        <time>2023-06-28T06:22:33Z</time>
      </trkpt>
      <trkpt lat="43.964186" lon="5.077004">
        <ele>194.8</ele>
        <time>2023-06-28T06:22:51Z</time>
      </trkpt>
      <trkpt lat="43.964171" lon="5.077025">
        <ele>194.32</ele>
        <time>2023-06-28T06:22:53Z</time>
      </trkpt>
      <trkpt lat="43.964258" lon="5.077092">
        <ele>194.8</ele>
        <time>2023-06-28T06:23:08Z</time>
      </trkpt>
      <trkpt lat="43.964428" lon="5.077200">
        <ele>193.84</ele>
        <time>2023-06-28T06:23:21Z</time>
      </trkpt>
      <trkpt lat="43.964641" lon="5.077218">
        <ele>196.73</ele>
        <time>2023-06-28T06:23:38Z</time>
      </trkpt>
      <trkpt lat="43.964676" lon="5.077259">
        <ele>197.21</ele>
        <time>2023-06-28T06:23:43Z</time>
      </trkpt>
      <trkpt lat="43.964698" lon="5.077290">
        <ele>197.69</ele>
        <time>2023-06-28T06:23:46Z</time>
      </trkpt>
      <trkpt lat="43.964730" lon="5.077296">
        <ele>197.69</ele>
        <time>2023-06-28T06:23:49Z</time>
      </trkpt>
      <trkpt lat="43.964818" lon="5.077359">
        <ele>201.05</ele>
        <time>2023-06-28T06:23:59Z</time>
      </trkpt>
      <trkpt lat="43.964897" lon="5.077482">
        <ele>203.94</ele>
        <time>2023-06-28T06:24:13Z</time>
      </trkpt>
      <trkpt lat="43.965001" lon="5.077508">
        <ele>205.86</ele>
        <time>2023-06-28T06:24:21Z</time>
      </trkpt>
      <trkpt lat="43.965152" lon="5.077709">
        <ele>207.3</ele>
        <time>2023-06-28T06:24:37Z</time>
      </trkpt>
      <trkpt lat="43.965209" lon="5.077966">
        <ele>208.74</ele>
        <time>2023-06-28T06:24:54Z</time>
      </trkpt>
      <trkpt lat="43.965169" lon="5.078255">
        <ele>208.74</ele>
        <time>2023-06-28T06:25:11Z</time>
      </trkpt>
      <trkpt lat="43.965165" lon="5.078310">
        <ele>209.22</ele>
        <time>2023-06-28T06:25:14Z</time>
      </trkpt>
      <trkpt lat="43.965224" lon="5.078538">
        <ele>210.67</ele>
        <time>2023-06-28T06:25:31Z</time>
      </trkpt>
      <trkpt lat="43.965217" lon="5.078530">
        <ele>212.59</ele>
        <time>2023-06-28T06:25:57Z</time>
      </trkpt>
      <trkpt lat="43.965291" lon="5.078698">
        <ele>211.63</ele>
        <time>2023-06-28T06:26:13Z</time>
      </trkpt>
      <trkpt lat="43.965269" lon="5.078757">
        <ele>211.63</ele>
        <time>2023-06-28T06:26:17Z</time>
      </trkpt>
      <trkpt lat="43.965238" lon="5.078967">
        <ele>212.59</ele>
        <time>2023-06-28T06:26:31Z</time>
      </trkpt>
      <trkpt lat="43.965227" lon="5.079158">
        <ele>215.95</ele>
        <time>2023-06-28T06:26:46Z</time>
      </trkpt>
      <trkpt lat="43.965234" lon="5.079249">
        <ele>218.84</ele>
        <time>2023-06-28T06:26:58Z</time>
      </trkpt>
      <trkpt lat="43.965215" lon="5.079240">
        <ele>220.76</ele>
        <time>2023-06-28T06:27:21Z</time>
      </trkpt>
      <trkpt lat="43.965222" lon="5.079264">
        <ele>221.72</ele>
        <time>2023-06-28T06:27:40Z</time>
      </trkpt>
      <trkpt lat="43.965251" lon="5.079232">
        <ele>221.72</ele>
        <time>2023-06-28T06:27:54Z</time>
      </trkpt>
      <trkpt lat="43.965247" lon="5.079239">
        <ele>225.09</ele>
        <time>2023-06-28T06:28:17Z</time>
      </trkpt>
      <trkpt lat="43.965244" lon="5.079235">
        <ele>226.53</ele>
        <time>2023-06-28T06:28:36Z</time>
      </trkpt>
      <trkpt lat="43.965243" lon="5.079296">
        <ele>229.41</ele>
        <time>2023-06-28T06:28:48Z</time>
      </trkpt>
      <trkpt lat="43.965286" lon="5.079258">
        <ele>230.37</ele>
        <time>2023-06-28T06:29:17Z</time>
      </trkpt>
      <trkpt lat="43.965279" lon="5.079236">
        <ele>230.85</ele>
        <time>2023-06-28T06:29:40Z</time>
      </trkpt>
      <trkpt lat="43.965325" lon="5.079295">
        <ele>230.37</ele>
        <time>2023-06-28T06:29:55Z</time>
      </trkpt>
      <trkpt lat="43.965378" lon="5.079328">
        <ele>228.45</ele>
        <time>2023-06-28T06:30:03Z</time>
      </trkpt>
      <trkpt lat="43.965516" lon="5.079412">
        <ele>226.53</ele>
        <time>2023-06-28T06:30:18Z</time>
      </trkpt>
      <trkpt lat="43.965685" lon="5.079398">
        <ele>225.57</ele>
        <time>2023-06-28T06:30:33Z</time>
      </trkpt>
      <trkpt lat="43.965858" lon="5.079372">
        <ele>225.57</ele>
        <time>2023-06-28T06:30:49Z</time>
      </trkpt>
      <trkpt lat="43.965889" lon="5.079341">
        <ele>225.57</ele>
        <time>2023-06-28T06:30:52Z</time>
      </trkpt>
      <trkpt lat="43.966139" lon="5.079192">
        <ele>226.05</ele>
        <time>2023-06-28T06:31:15Z</time>
      </trkpt>
      <trkpt lat="43.966367" lon="5.079241">
        <ele>226.05</ele>
        <time>2023-06-28T06:31:33Z</time>
      </trkpt>
      <trkpt lat="43.966568" lon="5.079393">
        <ele>225.57</ele>
        <time>2023-06-28T06:31:50Z</time>
      </trkpt>
      <trkpt lat="43.966790" lon="5.079458">
        <ele>226.53</ele>
        <time>2023-06-28T06:32:07Z</time>
      </trkpt>
      <trkpt lat="43.966984" lon="5.079550">
        <ele>226.53</ele>
        <time>2023-06-28T06:32:29Z</time>
      </trkpt>
      <trkpt lat="43.966945" lon="5.079755">
        <ele>226.53</ele>
        <time>2023-06-28T06:32:41Z</time>
      </trkpt>
      <trkpt lat="43.966918" lon="5.080008">
        <ele>223.16</ele>
        <time>2023-06-28T06:32:57Z</time>
      </trkpt>
      <trkpt lat="43.966906" lon="5.080345">
        <ele>220.28</ele>
        <time>2023-06-28T06:33:21Z</time>
      </trkpt>
      <trkpt lat="43.967234" lon="5.080257">
        <ele>218.84</ele>
        <time>2023-06-28T06:33:46Z</time>
      </trkpt>
      <trkpt lat="43.967440" lon="5.080291">
        <ele>216.43</ele>
        <time>2023-06-28T06:34:07Z</time>
      </trkpt>
      <trkpt lat="43.967455" lon="5.080157">
        <ele>218.84</ele>
        <time>2023-06-28T06:34:22Z</time>
      </trkpt>
      <trkpt lat="43.967508" lon="5.080086">
        <ele>219.8</ele>
        <time>2023-06-28T06:34:24Z</time>
      </trkpt>
      <trkpt lat="43.967668" lon="5.079968">
        <ele>222.2</ele>
        <time>2023-06-28T06:34:38Z</time>
      </trkpt>
      <trkpt lat="43.967793" lon="5.080098">
        <ele>226.05</ele>
        <time>2023-06-28T06:34:54Z</time>
      </trkpt>
      <trkpt lat="43.967827" lon="5.080106">
        <ele>227.01</ele>
        <time>2023-06-28T06:34:57Z</time>
      </trkpt>
      <trkpt lat="43.968016" lon="5.080061">
        <ele>227.97</ele>
        <time>2023-06-28T06:35:12Z</time>
      </trkpt>
      <trkpt lat="43.968151" lon="5.080058">
        <ele>227.97</ele>
        <time>2023-06-28T06:35:25Z</time>
      </trkpt>
      <trkpt lat="43.968285" lon="5.080133">
        <ele>228.93</ele>
        <time>2023-06-28T06:35:42Z</time>
      </trkpt>
      <trkpt lat="43.968247" lon="5.080136">
        <ele>230.37</ele>
        <time>2023-06-28T06:36:12Z</time>
      </trkpt>
      <trkpt lat="43.968237" lon="5.080159">
        <ele>231.81</ele>
        <time>2023-06-28T06:36:41Z</time>
      </trkpt>
      <trkpt lat="43.968294" lon="5.080133">
        <ele>233.26</ele>
        <time>2023-06-28T06:36:59Z</time>
      </trkpt>
      <trkpt lat="43.968412" lon="5.079940">
        <ele>236.62</ele>
        <time>2023-06-28T06:37:15Z</time>
      </trkpt>
      <trkpt lat="43.968433" lon="5.079925">
        <ele>236.62</ele>
        <time>2023-06-28T06:37:17Z</time>
      </trkpt>
      <trkpt lat="43.968597" lon="5.079973">
        <ele>239.99</ele>
        <time>2023-06-28T06:37:30Z</time>
      </trkpt>
      <trkpt lat="43.968863" lon="5.080077">
        <ele>242.39</ele>
        <time>2023-06-28T06:37:48Z</time>
      </trkpt>
      <trkpt lat="43.969081" lon="5.079936">
        <ele>240.47</ele>
        <time>2023-06-28T06:38:04Z</time>
      </trkpt>
      <trkpt lat="43.969340" lon="5.079880">
        <ele>240.47</ele>
        <time>2023-06-28T06:38:24Z</time>
      </trkpt>
      <trkpt lat="43.969588" lon="5.079950">
        <ele>238.54</ele>
        <time>2023-06-28T06:38:42Z</time>
      </trkpt>
      <trkpt lat="43.969654" lon="5.079938">
        <ele>239.99</ele>
        <time>2023-06-28T06:38:57Z</time>
      </trkpt>
      <trkpt lat="43.969660" lon="5.079927">
        <ele>238.06</ele>
        <time>2023-06-28T06:39:07Z</time>
      </trkpt>
      <trkpt lat="43.969652" lon="5.079954">
        <ele>235.66</ele>
        <time>2023-06-28T06:39:36Z</time>
      </trkpt>
      <trkpt lat="43.969653" lon="5.079953">
        <ele>234.7</ele>
        <time>2023-06-28T06:40:12Z</time>
      </trkpt>
      <trkpt lat="43.969661" lon="5.079916">
        <ele>235.66</ele>
        <time>2023-06-28T06:40:48Z</time>
      </trkpt>
      <trkpt lat="43.969671" lon="5.079902">
        <ele>235.18</ele>
        <time>2023-06-28T06:41:08Z</time>
      </trkpt>
      <trkpt lat="43.969669" lon="5.079847">
        <ele>234.7</ele>
        <time>2023-06-28T06:41:24Z</time>
      </trkpt>
      <trkpt lat="43.969686" lon="5.079820">
        <ele>234.22</ele>
        <time>2023-06-28T06:41:36Z</time>
      </trkpt>
      <trkpt lat="43.969695" lon="5.079750">
        <ele>234.22</ele>
        <time>2023-06-28T06:41:40Z</time>
      </trkpt>
      <trkpt lat="43.969782" lon="5.079440">
        <ele>233.26</ele>
        <time>2023-06-28T06:42:00Z</time>
      </trkpt>
      <trkpt lat="43.969794" lon="5.079315">
        <ele>233.74</ele>
        <time>2023-06-28T06:42:16Z</time>
      </trkpt>
      <trkpt lat="43.969777" lon="5.079305">
        <ele>233.74</ele>
        <time>2023-06-28T06:42:18Z</time>
      </trkpt>
      <trkpt lat="43.969696" lon="5.079082">
        <ele>232.3</ele>
        <time>2023-06-28T06:42:35Z</time>
      </trkpt>
      <trkpt lat="43.969703" lon="5.079020">
        <ele>232.3</ele>
        <time>2023-06-28T06:42:39Z</time>
      </trkpt>
      <trkpt lat="43.969588" lon="5.078813">
        <ele>230.37</ele>
        <time>2023-06-28T06:42:55Z</time>
      </trkpt>
      <trkpt lat="43.969487" lon="5.078538">
        <ele>229.41</ele>
        <time>2023-06-28T06:43:13Z</time>
      </trkpt>
      <trkpt lat="43.969431" lon="5.078389">
        <ele>228.45</ele>
        <time>2023-06-28T06:43:22Z</time>
      </trkpt>
      <trkpt lat="43.969382" lon="5.078371">
        <ele>227.49</ele>
        <time>2023-06-28T06:43:26Z</time>
      </trkpt>
      <trkpt lat="43.969261" lon="5.078438">
        <ele>226.05</ele>
        <time>2023-06-28T06:43:36Z</time>
      </trkpt>
      <trkpt lat="43.969214" lon="5.078343">
        <ele>224.61</ele>
        <time>2023-06-28T06:43:45Z</time>
      </trkpt>
      <trkpt lat="43.969196" lon="5.078245">
        <ele>224.12</ele>
        <time>2023-06-28T06:43:51Z</time>
      </trkpt>
      <trkpt lat="43.969110" lon="5.078281">
        <ele>222.2</ele>
        <time>2023-06-28T06:43:58Z</time>
      </trkpt>
      <trkpt lat="43.969026" lon="5.078415">
        <ele>219.32</ele>
        <time>2023-06-28T06:44:08Z</time>
      </trkpt>
      <trkpt lat="43.968955" lon="5.078405">
        <ele>218.36</ele>
        <time>2023-06-28T06:44:15Z</time>
      </trkpt>
      <trkpt lat="43.968900" lon="5.078449">
        <ele>218.36</ele>
        <time>2023-06-28T06:44:20Z</time>
      </trkpt>
      <trkpt lat="43.968671" lon="5.078348">
        <ele>217.4</ele>
        <time>2023-06-28T06:44:38Z</time>
      </trkpt>
      <trkpt lat="43.968663" lon="5.078194">
        <ele>217.88</ele>
        <time>2023-06-28T06:44:49Z</time>
      </trkpt>
      <trkpt lat="43.968630" lon="5.078120">
        <ele>217.4</ele>
        <time>2023-06-28T06:44:56Z</time>
      </trkpt>
      <trkpt lat="43.968640" lon="5.077997">
        <ele>217.4</ele>
        <time>2023-06-28T06:45:03Z</time>
      </trkpt>
      <trkpt lat="43.968617" lon="5.077915">
        <ele>216.91</ele>
        <time>2023-06-28T06:45:08Z</time>
      </trkpt>
      <trkpt lat="43.968611" lon="5.077882">
        <ele>216.91</ele>
        <time>2023-06-28T06:45:10Z</time>
      </trkpt>
      <trkpt lat="43.968621" lon="5.077809">
        <ele>216.43</ele>
        <time>2023-06-28T06:45:15Z</time>
      </trkpt>
      <trkpt lat="43.968618" lon="5.077776">
        <ele>215.95</ele>
        <time>2023-06-28T06:45:17Z</time>
      </trkpt>
      <trkpt lat="43.968431" lon="5.077635">
        <ele>214.51</ele>
        <time>2023-06-28T06:45:33Z</time>
      </trkpt>
      <trkpt lat="43.968378" lon="5.077506">
        <ele>212.11</ele>
        <time>2023-06-28T06:45:43Z</time>
      </trkpt>
      <trkpt lat="43.968369" lon="5.077379">
        <ele>211.15</ele>
        <time>2023-06-28T06:45:53Z</time>
      </trkpt>
      <trkpt lat="43.968394" lon="5.077323">
        <ele>209.7</ele>
        <time>2023-06-28T06:45:57Z</time>
      </trkpt>
      <trkpt lat="43.968454" lon="5.077283">
        <ele>207.78</ele>
        <time>2023-06-28T06:46:04Z</time>
      </trkpt>
      <trkpt lat="43.968498" lon="5.077268">
        <ele>206.82</ele>
        <time>2023-06-28T06:46:07Z</time>
      </trkpt>
      <trkpt lat="43.968551" lon="5.077182">
        <ele>205.38</ele>
        <time>2023-06-28T06:46:23Z</time>
      </trkpt>
      <trkpt lat="43.968562" lon="5.077152">
        <ele>205.38</ele>
        <time>2023-06-28T06:46:41Z</time>
      </trkpt>
      <trkpt lat="43.968555" lon="5.077144">
        <ele>206.34</ele>
        <time>2023-06-28T06:47:06Z</time>
      </trkpt>
      <trkpt lat="43.968557" lon="5.077139">
        <ele>204.9</ele>
        <time>2023-06-28T06:47:21Z</time>
      </trkpt>
      <trkpt lat="43.968561" lon="5.077142">
        <ele>202.98</ele>
        <time>2023-06-28T06:47:36Z</time>
      </trkpt>
      <trkpt lat="43.968554" lon="5.077172">
        <ele>202.49</ele>
        <time>2023-06-28T06:47:52Z</time>
      </trkpt>
      <trkpt lat="43.968561" lon="5.077178">
        <ele>201.53</ele>
        <time>2023-06-28T06:48:13Z</time>
      </trkpt>
      <trkpt lat="43.968558" lon="5.077171">
        <ele>202.49</ele>
        <time>2023-06-28T06:48:37Z</time>
      </trkpt>
      <trkpt lat="43.968550" lon="5.077152">
        <ele>202.49</ele>
        <time>2023-06-28T06:48:54Z</time>
      </trkpt>
      <trkpt lat="43.968565" lon="5.077167">
        <ele>202.49</ele>
        <time>2023-06-28T06:49:12Z</time>
      </trkpt>
      <trkpt lat="43.968527" lon="5.077130">
        <ele>201.53</ele>
        <time>2023-06-28T06:49:37Z</time>
      </trkpt>
      <trkpt lat="43.968473" lon="5.077065">
        <ele>200.57</ele>
        <time>2023-06-28T06:49:43Z</time>
      </trkpt>
      <trkpt lat="43.968328" lon="5.076932">
        <ele>200.09</ele>
        <time>2023-06-28T06:50:00Z</time>
      </trkpt>
      <trkpt lat="43.968186" lon="5.076827">
        <ele>197.21</ele>
        <time>2023-06-28T06:50:16Z</time>
      </trkpt>
      <trkpt lat="43.968079" lon="5.076768">
        <ele>194.32</ele>
        <time>2023-06-28T06:50:29Z</time>
      </trkpt>
      <trkpt lat="43.968228" lon="5.076729">
        <ele>190.96</ele>
        <time>2023-06-28T06:50:42Z</time>
      </trkpt>
      <trkpt lat="43.968408" lon="5.076689">
        <ele>187.59</ele>
        <time>2023-06-28T06:50:59Z</time>
      </trkpt>
      <trkpt lat="43.968431" lon="5.076622">
        <ele>186.63</ele>
        <time>2023-06-28T06:51:13Z</time>
      </trkpt>
      <trkpt lat="43.968430" lon="5.076616">
        <ele>187.59</ele>
        <time>2023-06-28T06:51:35Z</time>
      </trkpt>
      <trkpt lat="43.968387" lon="5.076562">
        <ele>189.04</ele>
        <time>2023-06-28T06:51:56Z</time>
      </trkpt>
      <trkpt lat="43.968339" lon="5.076580">
        <ele>188.56</ele>
        <time>2023-06-28T06:52:13Z</time>
      </trkpt>
      <trkpt lat="43.968269" lon="5.076564">
        <ele>188.56</ele>
        <time>2023-06-28T06:52:21Z</time>
      </trkpt>
      <trkpt lat="43.968220" lon="5.076530">
        <ele>187.59</ele>
        <time>2023-06-28T06:52:26Z</time>
      </trkpt>
      <trkpt lat="43.968128" lon="5.076459">
        <ele>186.15</ele>
        <time>2023-06-28T06:52:35Z</time>
      </trkpt>
      <trkpt lat="43.967880" lon="5.076392">
        <ele>183.75</ele>
        <time>2023-06-28T06:52:54Z</time>
      </trkpt>
      <trkpt lat="43.967885" lon="5.076351">
        <ele>181.83</ele>
        <time>2023-06-28T06:53:06Z</time>
      </trkpt>
      <trkpt lat="43.967882" lon="5.076373">
        <ele>181.35</ele>
        <time>2023-06-28T06:53:27Z</time>
      </trkpt>
      <trkpt lat="43.967916" lon="5.076399">
        <ele>182.79</ele>
        <time>2023-06-28T06:54:07Z</time>
      </trkpt>
      <trkpt lat="43.967889" lon="5.076423">
        <ele>179.9</ele>
        <time>2023-06-28T06:54:31Z</time>
      </trkpt>
      <trkpt lat="43.967873" lon="5.076373">
        <ele>177.5</ele>
        <time>2023-06-28T06:55:06Z</time>
      </trkpt>
      <trkpt lat="43.967685" lon="5.076363">
        <ele>177.02</ele>
        <time>2023-06-28T06:55:21Z</time>
      </trkpt>
      <trkpt lat="43.967605" lon="5.076404">
        <ele>176.54</ele>
        <time>2023-06-28T06:55:28Z</time>
      </trkpt>
      <trkpt lat="43.967421" lon="5.076532">
        <ele>177.5</ele>
        <time>2023-06-28T06:55:44Z</time>
      </trkpt>
      <trkpt lat="43.967265" lon="5.076663">
        <ele>175.1</ele>
        <time>2023-06-28T06:55:59Z</time>
      </trkpt>
      <trkpt lat="43.967249" lon="5.076668">
        <ele>174.14</ele>
        <time>2023-06-28T06:56:01Z</time>
      </trkpt>
      <trkpt lat="43.967168" lon="5.076590">
        <ele>171.25</ele>
        <time>2023-06-28T06:56:13Z</time>
      </trkpt>
      <trkpt lat="43.967149" lon="5.076551">
        <ele>169.81</ele>
        <time>2023-06-28T06:56:29Z</time>
      </trkpt>
      <trkpt lat="43.967163" lon="5.076567">
        <ele>169.81</ele>
        <time>2023-06-28T06:56:34Z</time>
      </trkpt>
      <trkpt lat="43.967210" lon="5.076613">
        <ele>170.29</ele>
        <time>2023-06-28T06:56:45Z</time>
      </trkpt>
      <trkpt lat="43.967097" lon="5.076467">
        <ele>170.29</ele>
        <time>2023-06-28T06:56:59Z</time>
      </trkpt>
      <trkpt lat="43.967080" lon="5.076458">
        <ele>171.25</ele>
        <time>2023-06-28T06:57:21Z</time>
      </trkpt>
      <trkpt lat="43.967072" lon="5.076412">
        <ele>171.73</ele>
        <time>2023-06-28T06:57:44Z</time>
      </trkpt>
      <trkpt lat="43.967056" lon="5.076392">
        <ele>174.62</ele>
        <time>2023-06-28T06:58:08Z</time>
      </trkpt>
      <trkpt lat="43.967063" lon="5.076389">
        <ele>177.98</ele>
        <time>2023-06-28T06:58:26Z</time>
      </trkpt>
      <trkpt lat="43.967057" lon="5.076361">
        <ele>177.02</ele>
        <time>2023-06-28T06:58:47Z</time>
      </trkpt>
      <trkpt lat="43.967031" lon="5.076292">
        <ele>176.06</ele>
        <time>2023-06-28T06:58:55Z</time>
      </trkpt>
      <trkpt lat="43.967012" lon="5.076277">
        <ele>175.58</ele>
        <time>2023-06-28T06:58:57Z</time>
      </trkpt>
      <trkpt lat="43.966996" lon="5.076220">
        <ele>174.62</ele>
        <time>2023-06-28T06:59:01Z</time>
      </trkpt>
      <trkpt lat="43.967003" lon="5.076154">
        <ele>174.14</ele>
        <time>2023-06-28T06:59:05Z</time>
      </trkpt>
      <trkpt lat="43.967035" lon="5.075922">
        <ele>175.58</ele>
        <time>2023-06-28T06:59:20Z</time>
      </trkpt>
      <trkpt lat="43.967049" lon="5.075832">
        <ele>175.58</ele>
        <time>2023-06-28T06:59:26Z</time>
      </trkpt>
      <trkpt lat="43.967071" lon="5.075585">
        <ele>172.21</ele>
        <time>2023-06-28T06:59:41Z</time>
      </trkpt>
      <trkpt lat="43.967063" lon="5.075505">
        <ele>170.29</ele>
        <time>2023-06-28T06:59:46Z</time>
      </trkpt>
      <trkpt lat="43.967149" lon="5.075318">
        <ele>166.93</ele>
        <time>2023-06-28T06:59:57Z</time>
      </trkpt>
      <trkpt lat="43.967204" lon="5.075028">
        <ele>165</ele>
        <time>2023-06-28T07:00:13Z</time>
      </trkpt>
      <trkpt lat="43.967285" lon="5.074831">
        <ele>165.96</ele>
        <time>2023-06-28T07:00:25Z</time>
      </trkpt>
      <trkpt lat="43.967324" lon="5.074768">
        <ele>165.48</ele>
        <time>2023-06-28T07:00:30Z</time>
      </trkpt>
      <trkpt lat="43.967327" lon="5.074619">
        <ele>165.48</ele>
        <time>2023-06-28T07:00:38Z</time>
      </trkpt>
      <trkpt lat="43.967306" lon="5.074287">
        <ele>162.6</ele>
        <time>2023-06-28T07:00:55Z</time>
      </trkpt>
      <trkpt lat="43.967304" lon="5.074192">
        <ele>159.24</ele>
        <time>2023-06-28T07:01:00Z</time>
      </trkpt>
      <trkpt lat="43.967324" lon="5.074124">
        <ele>156.35</ele>
        <time>2023-06-28T07:01:06Z</time>
      </trkpt>
      <trkpt lat="43.967332" lon="5.074114">
        <ele>155.87</ele>
        <time>2023-06-28T07:01:07Z</time>
      </trkpt>
      <trkpt lat="43.967392" lon="5.074017">
        <ele>154.91</ele>
        <time>2023-06-28T07:01:21Z</time>
      </trkpt>
      <trkpt lat="43.967468" lon="5.073981">
        <ele>152.03</ele>
        <time>2023-06-28T07:01:29Z</time>
      </trkpt>
      <trkpt lat="43.967542" lon="5.073924">
        <ele>149.62</ele>
        <time>2023-06-28T07:01:37Z</time>
      </trkpt>
      <trkpt lat="43.967651" lon="5.073936">
        <ele>147.7</ele>
        <time>2023-06-28T07:01:47Z</time>
      </trkpt>
      <trkpt lat="43.967701" lon="5.073939">
        <ele>147.7</ele>
        <time>2023-06-28T07:01:51Z</time>
      </trkpt>
      <trkpt lat="43.967860" lon="5.073858">
        <ele>146.74</ele>
        <time>2023-06-28T07:02:05Z</time>
      </trkpt>
      <trkpt lat="43.968055" lon="5.073737">
        <ele>145.3</ele>
        <time>2023-06-28T07:02:23Z</time>
      </trkpt>
      <trkpt lat="43.968241" lon="5.073630">
        <ele>145.3</ele>
        <time>2023-06-28T07:02:42Z</time>
      </trkpt>
      <trkpt lat="43.968241" lon="5.073632">
        <ele>146.26</ele>
        <time>2023-06-28T07:03:52Z</time>
      </trkpt>
      <trkpt lat="43.968278" lon="5.073602">
        <ele>147.7</ele>
        <time>2023-06-28T07:04:11Z</time>
      </trkpt>
      <trkpt lat="43.968294" lon="5.073551">
        <ele>147.22</ele>
        <time>2023-06-28T07:04:14Z</time>
      </trkpt>
      <trkpt lat="43.968289" lon="5.073250">
        <ele>144.34</ele>
        <time>2023-06-28T07:04:33Z</time>
      </trkpt>
      <trkpt lat="43.968299" lon="5.073214">
        <ele>146.26</ele>
        <time>2023-06-28T07:07:39Z</time>
      </trkpt>
      <trkpt lat="43.968383" lon="5.073180">
        <ele>145.3</ele>
        <time>2023-06-28T07:09:14Z</time>
      </trkpt>
      <trkpt lat="43.968558" lon="5.073117">
        <ele>142.41</ele>
        <time>2023-06-28T07:09:32Z</time>
      </trkpt>
    </trkseg>
  </trk>
  <trk>
    <name><![CDATA[trace]]></name>
    <extensions>
      <line xmlns="http://www.topografix.com/GPX/gpx_style/0/2">
        <color>0000FF</color>
        <width>4</width>
      </line>
    </extensions>
    <trkseg>
      <trkpt lat="43.968558" lon="5.073117">
        <ele>142.41</ele>
        <time>2023-06-28T07:09:32Z</time>
      </trkpt>
      <trkpt lat="43.968773" lon="5.073029">
        <ele>139.53</ele>
        <time>2023-06-28T07:09:49Z</time>
      </trkpt>
      <trkpt lat="43.968969" lon="5.072951">
        <ele>136.64</ele>
        <time>2023-06-28T07:10:03Z</time>
      </trkpt>
      <trkpt lat="43.969246" lon="5.072808">
        <ele>136.16</ele>
        <time>2023-06-28T07:10:23Z</time>
      </trkpt>
      <trkpt lat="43.969435" lon="5.072712">
        <ele>136.64</ele>
        <time>2023-06-28T07:10:39Z</time>
      </trkpt>
      <trkpt lat="43.969688" lon="5.072569">
        <ele>138.09</ele>
        <time>2023-06-28T07:10:59Z</time>
      </trkpt>
      <trkpt lat="43.969713" lon="5.072550">
        <ele>138.09</ele>
        <time>2023-06-28T07:11:01Z</time>
      </trkpt>
      <trkpt lat="43.969712" lon="5.072483">
        <ele>139.05</ele>
        <time>2023-06-28T07:11:14Z</time>
      </trkpt>
      <trkpt lat="43.969705" lon="5.072477">
        <ele>136.16</ele>
        <time>2023-06-28T07:11:35Z</time>
      </trkpt>
      <trkpt lat="43.969712" lon="5.072470">
        <ele>132.8</ele>
        <time>2023-06-28T07:11:51Z</time>
      </trkpt>
      <trkpt lat="43.969735" lon="5.072481">
        <ele>135.2</ele>
        <time>2023-06-28T07:12:23Z</time>
      </trkpt>
      <trkpt lat="43.969723" lon="5.072448">
        <ele>137.13</ele>
        <time>2023-06-28T07:12:45Z</time>
      </trkpt>
      <trkpt lat="43.969722" lon="5.072411">
        <ele>137.13</ele>
        <time>2023-06-28T07:12:47Z</time>
      </trkpt>
      <trkpt lat="43.969562" lon="5.072058">
        <ele>138.57</ele>
        <time>2023-06-28T07:13:10Z</time>
      </trkpt>
      <trkpt lat="43.969403" lon="5.071698">
        <ele>136.64</ele>
        <time>2023-06-28T07:13:33Z</time>
      </trkpt>
      <trkpt lat="43.969251" lon="5.071320">
        <ele>139.53</ele>
        <time>2023-06-28T07:13:55Z</time>
      </trkpt>
      <trkpt lat="43.969134" lon="5.071059">
        <ele>142.41</ele>
        <time>2023-06-28T07:14:11Z</time>
      </trkpt>
      <trkpt lat="43.968996" lon="5.070796">
        <ele>143.37</ele>
        <time>2023-06-28T07:14:29Z</time>
      </trkpt>
      <trkpt lat="43.968903" lon="5.070686">
        <ele>144.82</ele>
        <time>2023-06-28T07:14:43Z</time>
      </trkpt>
      <trkpt lat="43.968921" lon="5.070703">
        <ele>143.85</ele>
        <time>2023-06-28T07:14:57Z</time>
      </trkpt>
      <trkpt lat="43.968906" lon="5.070632">
        <ele>143.37</ele>
        <time>2023-06-28T07:15:16Z</time>
      </trkpt>
      <trkpt lat="43.968789" lon="5.070386">
        <ele>144.34</ele>
        <time>2023-06-28T07:15:34Z</time>
      </trkpt>
      <trkpt lat="43.968770" lon="5.070376">
        <ele>144.82</ele>
        <time>2023-06-28T07:15:36Z</time>
      </trkpt>
      <trkpt lat="43.968595" lon="5.070232">
        <ele>147.7</ele>
        <time>2023-06-28T07:15:51Z</time>
      </trkpt>
      <trkpt lat="43.968408" lon="5.070107">
        <ele>149.14</ele>
        <time>2023-06-28T07:16:07Z</time>
      </trkpt>
      <trkpt lat="43.968195" lon="5.069966">
        <ele>152.51</ele>
        <time>2023-06-28T07:16:23Z</time>
      </trkpt>
      <trkpt lat="43.968073" lon="5.069813">
        <ele>155.39</ele>
        <time>2023-06-28T07:16:34Z</time>
      </trkpt>
      <trkpt lat="43.967962" lon="5.069621">
        <ele>157.79</ele>
        <time>2023-06-28T07:16:49Z</time>
      </trkpt>
      <trkpt lat="43.967781" lon="5.069358">
        <ele>160.2</ele>
        <time>2023-06-28T07:17:07Z</time>
      </trkpt>
      <trkpt lat="43.967533" lon="5.069178">
        <ele>161.16</ele>
        <time>2023-06-28T07:17:25Z</time>
      </trkpt>
      <trkpt lat="43.967408" lon="5.069255">
        <ele>162.6</ele>
        <time>2023-06-28T07:17:38Z</time>
      </trkpt>
      <trkpt lat="43.967451" lon="5.069565">
        <ele>161.16</ele>
        <time>2023-06-28T07:17:53Z</time>
      </trkpt>
      <trkpt lat="43.967505" lon="5.069839">
        <ele>158.75</ele>
        <time>2023-06-28T07:18:08Z</time>
      </trkpt>
      <trkpt lat="43.967497" lon="5.069884">
        <ele>158.27</ele>
        <time>2023-06-28T07:18:11Z</time>
      </trkpt>
      <trkpt lat="43.967437" lon="5.069908">
        <ele>157.79</ele>
        <time>2023-06-28T07:18:17Z</time>
      </trkpt>
      <trkpt lat="43.967258" lon="5.069742">
        <ele>158.27</ele>
        <time>2023-06-28T07:18:36Z</time>
      </trkpt>
      <trkpt lat="43.967109" lon="5.069625">
        <ele>161.64</ele>
        <time>2023-06-28T07:18:49Z</time>
      </trkpt>
      <trkpt lat="43.967064" lon="5.069585">
        <ele>164.04</ele>
        <time>2023-06-28T07:18:53Z</time>
      </trkpt>
      <trkpt lat="43.967010" lon="5.069559">
        <ele>165.48</ele>
        <time>2023-06-28T07:18:58Z</time>
      </trkpt>
      <trkpt lat="43.966813" lon="5.069430">
        <ele>168.85</ele>
        <time>2023-06-28T07:19:15Z</time>
      </trkpt>
      <trkpt lat="43.966614" lon="5.069258">
        <ele>172.21</ele>
        <time>2023-06-28T07:19:32Z</time>
      </trkpt>
      <trkpt lat="43.966524" lon="5.069196">
        <ele>175.58</ele>
        <time>2023-06-28T07:19:39Z</time>
      </trkpt>
      <trkpt lat="43.966382" lon="5.069079">
        <ele>178.46</ele>
        <time>2023-06-28T07:19:52Z</time>
      </trkpt>
      <trkpt lat="43.966296" lon="5.069022">
        <ele>180.87</ele>
        <time>2023-06-28T07:20:01Z</time>
      </trkpt>
      <trkpt lat="43.966325" lon="5.069013">
        <ele>182.79</ele>
        <time>2023-06-28T07:20:16Z</time>
      </trkpt>
      <trkpt lat="43.966343" lon="5.068994">
        <ele>184.71</ele>
        <time>2023-06-28T07:20:26Z</time>
      </trkpt>
      <trkpt lat="43.966347" lon="5.069009">
        <ele>186.63</ele>
        <time>2023-06-28T07:20:51Z</time>
      </trkpt>
      <trkpt lat="43.966362" lon="5.068998">
        <ele>187.11</ele>
        <time>2023-06-28T07:21:02Z</time>
      </trkpt>
      <trkpt lat="43.966354" lon="5.069001">
        <ele>187.59</ele>
        <time>2023-06-28T07:21:25Z</time>
      </trkpt>
      <trkpt lat="43.966376" lon="5.068992">
        <ele>186.63</ele>
        <time>2023-06-28T07:21:43Z</time>
      </trkpt>
      <trkpt lat="43.966382" lon="5.068955">
        <ele>182.79</ele>
        <time>2023-06-28T07:21:49Z</time>
      </trkpt>
      <trkpt lat="43.966404" lon="5.068936">
        <ele>180.87</ele>
        <time>2023-06-28T07:21:52Z</time>
      </trkpt>
      <trkpt lat="43.966427" lon="5.068795">
        <ele>179.42</ele>
        <time>2023-06-28T07:22:03Z</time>
      </trkpt>
      <trkpt lat="43.966481" lon="5.068644">
        <ele>179.42</ele>
        <time>2023-06-28T07:22:19Z</time>
      </trkpt>
      <trkpt lat="43.966587" lon="5.068604">
        <ele>179.9</ele>
        <time>2023-06-28T07:22:30Z</time>
      </trkpt>
      <trkpt lat="43.966620" lon="5.068430">
        <ele>179.9</ele>
        <time>2023-06-28T07:22:45Z</time>
      </trkpt>
      <trkpt lat="43.966644" lon="5.068366">
        <ele>181.35</ele>
        <time>2023-06-28T07:22:58Z</time>
      </trkpt>
      <trkpt lat="43.966656" lon="5.068351">
        <ele>178.46</ele>
        <time>2023-06-28T07:23:12Z</time>
      </trkpt>
      <trkpt lat="43.966679" lon="5.068334">
        <ele>178.94</ele>
        <time>2023-06-28T07:23:16Z</time>
      </trkpt>
      <trkpt lat="43.966810" lon="5.068274">
        <ele>179.42</ele>
        <time>2023-06-28T07:23:32Z</time>
      </trkpt>
      <trkpt lat="43.966936" lon="5.068180">
        <ele>179.9</ele>
        <time>2023-06-28T07:23:47Z</time>
      </trkpt>
      <trkpt lat="43.966957" lon="5.068065">
        <ele>181.35</ele>
        <time>2023-06-28T07:24:05Z</time>
      </trkpt>
      <trkpt lat="43.966959" lon="5.067956">
        <ele>182.31</ele>
        <time>2023-06-28T07:24:18Z</time>
      </trkpt>
      <trkpt lat="43.966967" lon="5.067849">
        <ele>185.67</ele>
        <time>2023-06-28T07:24:28Z</time>
      </trkpt>
      <trkpt lat="43.966965" lon="5.067837">
        <ele>186.15</ele>
        <time>2023-06-28T07:24:29Z</time>
      </trkpt>
      <trkpt lat="43.966978" lon="5.067789">
        <ele>186.63</ele>
        <time>2023-06-28T07:24:34Z</time>
      </trkpt>
      <trkpt lat="43.966966" lon="5.067655">
        <ele>187.11</ele>
        <time>2023-06-28T07:24:49Z</time>
      </trkpt>
      <trkpt lat="43.966884" lon="5.067585">
        <ele>190.48</ele>
        <time>2023-06-28T07:25:03Z</time>
      </trkpt>
      <trkpt lat="43.966909" lon="5.067471">
        <ele>193.84</ele>
        <time>2023-06-28T07:25:12Z</time>
      </trkpt>
      <trkpt lat="43.966930" lon="5.067394">
        <ele>197.21</ele>
        <time>2023-06-28T07:25:18Z</time>
      </trkpt>
      <trkpt lat="43.966978" lon="5.067340">
        <ele>200.57</ele>
        <time>2023-06-28T07:25:26Z</time>
      </trkpt>
      <trkpt lat="43.967003" lon="5.067283">
        <ele>204.42</ele>
        <time>2023-06-28T07:25:32Z</time>
      </trkpt>
      <trkpt lat="43.966977" lon="5.067201">
        <ele>207.78</ele>
        <time>2023-06-28T07:25:40Z</time>
      </trkpt>
      <trkpt lat="43.966972" lon="5.067109">
        <ele>210.19</ele>
        <time>2023-06-28T07:25:53Z</time>
      </trkpt>
      <trkpt lat="43.966931" lon="5.067056">
        <ele>211.15</ele>
        <time>2023-06-28T07:25:59Z</time>
      </trkpt>
      <trkpt lat="43.966939" lon="5.066922">
        <ele>211.63</ele>
        <time>2023-06-28T07:26:13Z</time>
      </trkpt>
      <trkpt lat="43.966923" lon="5.066902">
        <ele>209.7</ele>
        <time>2023-06-28T07:26:36Z</time>
      </trkpt>
      <trkpt lat="43.966965" lon="5.066903">
        <ele>213.07</ele>
        <time>2023-06-28T07:27:00Z</time>
      </trkpt>
      <trkpt lat="43.966947" lon="5.066932">
        <ele>214.99</ele>
        <time>2023-06-28T07:27:27Z</time>
      </trkpt>
      <trkpt lat="43.966930" lon="5.066916">
        <ele>215.95</ele>
        <time>2023-06-28T07:27:56Z</time>
      </trkpt>
      <trkpt lat="43.966946" lon="5.066877">
        <ele>219.32</ele>
        <time>2023-06-28T07:28:12Z</time>
      </trkpt>
      <trkpt lat="43.967005" lon="5.066925">
        <ele>216.43</ele>
        <time>2023-06-28T07:28:33Z</time>
      </trkpt>
      <trkpt lat="43.967067" lon="5.066998">
        <ele>214.99</ele>
        <time>2023-06-28T07:28:43Z</time>
      </trkpt>
      <trkpt lat="43.967094" lon="5.066984">
        <ele>214.51</ele>
        <time>2023-06-28T07:28:45Z</time>
      </trkpt>
      <trkpt lat="43.967253" lon="5.066813">
        <ele>214.03</ele>
        <time>2023-06-28T07:29:00Z</time>
      </trkpt>
      <trkpt lat="43.967392" lon="5.066754">
        <ele>214.99</ele>
        <time>2023-06-28T07:29:14Z</time>
      </trkpt>
      <trkpt lat="43.967548" lon="5.066655">
        <ele>216.43</ele>
        <time>2023-06-28T07:29:28Z</time>
      </trkpt>
      <trkpt lat="43.967727" lon="5.066545">
        <ele>214.99</ele>
        <time>2023-06-28T07:29:44Z</time>
      </trkpt>
      <trkpt lat="43.967740" lon="5.066539">
        <ele>214.99</ele>
        <time>2023-06-28T07:29:45Z</time>
      </trkpt>
      <trkpt lat="43.967852" lon="5.066455">
        <ele>216.43</ele>
        <time>2023-06-28T07:29:55Z</time>
      </trkpt>
      <trkpt lat="43.967913" lon="5.066480">
        <ele>216.43</ele>
        <time>2023-06-28T07:30:01Z</time>
      </trkpt>
      <trkpt lat="43.968117" lon="5.066397">
        <ele>218.36</ele>
        <time>2023-06-28T07:30:18Z</time>
      </trkpt>
      <trkpt lat="43.968151" lon="5.066463">
        <ele>218.36</ele>
        <time>2023-06-28T07:30:24Z</time>
      </trkpt>
      <trkpt lat="43.968288" lon="5.066551">
        <ele>219.8</ele>
        <time>2023-06-28T07:30:37Z</time>
      </trkpt>
      <trkpt lat="43.968310" lon="5.066547">
        <ele>219.8</ele>
        <time>2023-06-28T07:30:39Z</time>
      </trkpt>
      <trkpt lat="43.968369" lon="5.066555">
        <ele>220.28</ele>
        <time>2023-06-28T07:30:44Z</time>
      </trkpt>
      <trkpt lat="43.968566" lon="5.066466">
        <ele>222.2</ele>
        <time>2023-06-28T07:31:00Z</time>
      </trkpt>
      <trkpt lat="43.968668" lon="5.066404">
        <ele>225.09</ele>
        <time>2023-06-28T07:31:09Z</time>
      </trkpt>
      <trkpt lat="43.968847" lon="5.066429">
        <ele>225.57</ele>
        <time>2023-06-28T07:31:23Z</time>
      </trkpt>
      <trkpt lat="43.969048" lon="5.066369">
        <ele>225.57</ele>
        <time>2023-06-28T07:31:40Z</time>
      </trkpt>
      <trkpt lat="43.969269" lon="5.066317">
        <ele>226.05</ele>
        <time>2023-06-28T07:31:56Z</time>
      </trkpt>
      <trkpt lat="43.969353" lon="5.066283">
        <ele>227.49</ele>
        <time>2023-06-28T07:32:03Z</time>
      </trkpt>
      <trkpt lat="43.969389" lon="5.066241">
        <ele>228.93</ele>
        <time>2023-06-28T07:32:07Z</time>
      </trkpt>
      <trkpt lat="43.969423" lon="5.066208">
        <ele>230.37</ele>
        <time>2023-06-28T07:32:11Z</time>
      </trkpt>
      <trkpt lat="43.969472" lon="5.066189">
        <ele>232.3</ele>
        <time>2023-06-28T07:32:16Z</time>
      </trkpt>
      <trkpt lat="43.969533" lon="5.066192">
        <ele>235.18</ele>
        <time>2023-06-28T07:32:27Z</time>
      </trkpt>
      <trkpt lat="43.969527" lon="5.066200">
        <ele>238.06</ele>
        <time>2023-06-28T07:32:43Z</time>
      </trkpt>
      <trkpt lat="43.969599" lon="5.066187">
        <ele>239.02</ele>
        <time>2023-06-28T07:32:58Z</time>
      </trkpt>
      <trkpt lat="43.969624" lon="5.066031">
        <ele>239.51</ele>
        <time>2023-06-28T07:33:08Z</time>
      </trkpt>
      <trkpt lat="43.969739" lon="5.065943">
        <ele>238.54</ele>
        <time>2023-06-28T07:33:21Z</time>
      </trkpt>
      <trkpt lat="43.969779" lon="5.065930">
        <ele>239.02</ele>
        <time>2023-06-28T07:33:25Z</time>
      </trkpt>
      <trkpt lat="43.969937" lon="5.065840">
        <ele>238.54</ele>
        <time>2023-06-28T07:33:41Z</time>
      </trkpt>
      <trkpt lat="43.969946" lon="5.065840">
        <ele>238.54</ele>
        <time>2023-06-28T07:33:42Z</time>
      </trkpt>
      <trkpt lat="43.970145" lon="5.065724">
        <ele>240.95</ele>
        <time>2023-06-28T07:33:59Z</time>
      </trkpt>
      <trkpt lat="43.970252" lon="5.065669">
        <ele>242.87</ele>
        <time>2023-06-28T07:34:06Z</time>
      </trkpt>
      <trkpt lat="43.970354" lon="5.065563">
        <ele>243.83</ele>
        <time>2023-06-28T07:34:16Z</time>
      </trkpt>
      <trkpt lat="43.970496" lon="5.065459">
        <ele>246.72</ele>
        <time>2023-06-28T07:34:32Z</time>
      </trkpt>
      <trkpt lat="43.970548" lon="5.065265">
        <ele>245.75</ele>
        <time>2023-06-28T07:34:47Z</time>
      </trkpt>
      <trkpt lat="43.970496" lon="5.065044">
        <ele>244.79</ele>
        <time>2023-06-28T07:35:01Z</time>
      </trkpt>
      <trkpt lat="43.970450" lon="5.065003">
        <ele>244.79</ele>
        <time>2023-06-28T07:35:06Z</time>
      </trkpt>
      <trkpt lat="43.970435" lon="5.064898">
        <ele>244.31</ele>
        <time>2023-06-28T07:35:11Z</time>
      </trkpt>
      <trkpt lat="43.970444" lon="5.064838">
        <ele>243.35</ele>
        <time>2023-06-28T07:35:15Z</time>
      </trkpt>
      <trkpt lat="43.970428" lon="5.064633">
        <ele>239.99</ele>
        <time>2023-06-28T07:35:27Z</time>
      </trkpt>
      <trkpt lat="43.970425" lon="5.064500">
        <ele>237.1</ele>
        <time>2023-06-28T07:35:36Z</time>
      </trkpt>
      <trkpt lat="43.970420" lon="5.064370">
        <ele>233.74</ele>
        <time>2023-06-28T07:35:46Z</time>
      </trkpt>
      <trkpt lat="43.970435" lon="5.064206">
        <ele>230.85</ele>
        <time>2023-06-28T07:35:57Z</time>
      </trkpt>
      <trkpt lat="43.970476" lon="5.063981">
        <ele>227.49</ele>
        <time>2023-06-28T07:36:10Z</time>
      </trkpt>
      <trkpt lat="43.970570" lon="5.063751">
        <ele>227.01</ele>
        <time>2023-06-28T07:36:25Z</time>
      </trkpt>
      <trkpt lat="43.970644" lon="5.063660">
        <ele>228.93</ele>
        <time>2023-06-28T07:36:33Z</time>
      </trkpt>
      <trkpt lat="43.970633" lon="5.063363">
        <ele>232.3</ele>
        <time>2023-06-28T07:36:50Z</time>
      </trkpt>
      <trkpt lat="43.970670" lon="5.063174">
        <ele>232.78</ele>
        <time>2023-06-28T07:37:02Z</time>
      </trkpt>
      <trkpt lat="43.970735" lon="5.063055">
        <ele>231.81</ele>
        <time>2023-06-28T07:37:09Z</time>
      </trkpt>
      <trkpt lat="43.970714" lon="5.062991">
        <ele>230.37</ele>
        <time>2023-06-28T07:37:12Z</time>
      </trkpt>
      <trkpt lat="43.970710" lon="5.062972">
        <ele>230.37</ele>
        <time>2023-06-28T07:37:13Z</time>
      </trkpt>
      <trkpt lat="43.970713" lon="5.062893">
        <ele>229.41</ele>
        <time>2023-06-28T07:37:18Z</time>
      </trkpt>
      <trkpt lat="43.970682" lon="5.062663">
        <ele>226.53</ele>
        <time>2023-06-28T07:37:33Z</time>
      </trkpt>
      <trkpt lat="43.970700" lon="5.062633">
        <ele>225.57</ele>
        <time>2023-06-28T07:37:36Z</time>
      </trkpt>
      <trkpt lat="43.970779" lon="5.062357">
        <ele>225.57</ele>
        <time>2023-06-28T07:37:51Z</time>
      </trkpt>
      <trkpt lat="43.970769" lon="5.062291">
        <ele>226.05</ele>
        <time>2023-06-28T07:37:56Z</time>
      </trkpt>
      <trkpt lat="43.970772" lon="5.062265">
        <ele>226.53</ele>
        <time>2023-06-28T07:37:58Z</time>
      </trkpt>
      <trkpt lat="43.970701" lon="5.062029">
        <ele>226.05</ele>
        <time>2023-06-28T07:38:14Z</time>
      </trkpt>
      <trkpt lat="43.970644" lon="5.061760">
        <ele>226.05</ele>
        <time>2023-06-28T07:38:32Z</time>
      </trkpt>
      <trkpt lat="43.970651" lon="5.061616">
        <ele>223.64</ele>
        <time>2023-06-28T07:38:49Z</time>
      </trkpt>
      <trkpt lat="43.970646" lon="5.061611">
        <ele>223.64</ele>
        <time>2023-06-28T07:38:50Z</time>
      </trkpt>
      <trkpt lat="43.970614" lon="5.061567">
        <ele>222.68</ele>
        <time>2023-06-28T07:39:03Z</time>
      </trkpt>
      <trkpt lat="43.970593" lon="5.061575">
        <ele>224.12</ele>
        <time>2023-06-28T07:39:23Z</time>
      </trkpt>
      <trkpt lat="43.970591" lon="5.061557">
        <ele>226.05</ele>
        <time>2023-06-28T07:39:41Z</time>
      </trkpt>
      <trkpt lat="43.970569" lon="5.061587">
        <ele>228.45</ele>
        <time>2023-06-28T07:39:58Z</time>
      </trkpt>
      <trkpt lat="43.970569" lon="5.061575">
        <ele>227.97</ele>
        <time>2023-06-28T07:40:19Z</time>
      </trkpt>
      <trkpt lat="43.970578" lon="5.061511">
        <ele>226.53</ele>
        <time>2023-06-28T07:40:26Z</time>
      </trkpt>
      <trkpt lat="43.970482" lon="5.061349">
        <ele>224.12</ele>
        <time>2023-06-28T07:40:42Z</time>
      </trkpt>
      <trkpt lat="43.970415" lon="5.061224">
        <ele>223.16</ele>
        <time>2023-06-28T07:40:53Z</time>
      </trkpt>
      <trkpt lat="43.970398" lon="5.061174">
        <ele>224.12</ele>
        <time>2023-06-28T07:41:09Z</time>
      </trkpt>
      <trkpt lat="43.970377" lon="5.061063">
        <ele>225.57</ele>
        <time>2023-06-28T07:41:24Z</time>
      </trkpt>
      <trkpt lat="43.970361" lon="5.061054">
        <ele>224.12</ele>
        <time>2023-06-28T07:41:47Z</time>
      </trkpt>
      <trkpt lat="43.970384" lon="5.061056">
        <ele>224.61</ele>
        <time>2023-06-28T07:42:04Z</time>
      </trkpt>
      <trkpt lat="43.970413" lon="5.061055">
        <ele>224.61</ele>
        <time>2023-06-28T07:42:08Z</time>
      </trkpt>
      <trkpt lat="43.970463" lon="5.061054">
        <ele>225.09</ele>
        <time>2023-06-28T07:42:12Z</time>
      </trkpt>
      <trkpt lat="43.970657" lon="5.060972">
        <ele>224.61</ele>
        <time>2023-06-28T07:42:31Z</time>
      </trkpt>
      <trkpt lat="43.970676" lon="5.060952">
        <ele>223.16</ele>
        <time>2023-06-28T07:42:34Z</time>
      </trkpt>
      <trkpt lat="43.970726" lon="5.060906">
        <ele>220.76</ele>
        <time>2023-06-28T07:42:40Z</time>
      </trkpt>
      <trkpt lat="43.970828" lon="5.060740">
        <ele>217.88</ele>
        <time>2023-06-28T07:42:55Z</time>
      </trkpt>
      <trkpt lat="43.970838" lon="5.060710">
        <ele>217.4</ele>
        <time>2023-06-28T07:42:57Z</time>
      </trkpt>
      <trkpt lat="43.970990" lon="5.060429">
        <ele>214.03</ele>
        <time>2023-06-28T07:43:15Z</time>
      </trkpt>
      <trkpt lat="43.971023" lon="5.060343">
        <ele>212.11</ele>
        <time>2023-06-28T07:43:20Z</time>
      </trkpt>
      <trkpt lat="43.971059" lon="5.060270">
        <ele>211.15</ele>
        <time>2023-06-28T07:43:25Z</time>
      </trkpt>
      <trkpt lat="43.971176" lon="5.060031">
        <ele>207.3</ele>
        <time>2023-06-28T07:43:37Z</time>
      </trkpt>
      <trkpt lat="43.971341" lon="5.059746">
        <ele>204.9</ele>
        <time>2023-06-28T07:43:55Z</time>
      </trkpt>
      <trkpt lat="43.971511" lon="5.059468">
        <ele>203.46</ele>
        <time>2023-06-28T07:44:12Z</time>
      </trkpt>
      <trkpt lat="43.971655" lon="5.059158">
        <ele>203.94</ele>
        <time>2023-06-28T07:44:33Z</time>
      </trkpt>
      <trkpt lat="43.971674" lon="5.059093">
        <ele>203.94</ele>
        <time>2023-06-28T07:44:51Z</time>
      </trkpt>
      <trkpt lat="43.971650" lon="5.059089">
        <ele>204.9</ele>
        <time>2023-06-28T07:45:12Z</time>
      </trkpt>
      <trkpt lat="43.971724" lon="5.058955">
        <ele>202.49</ele>
        <time>2023-06-28T07:45:24Z</time>
      </trkpt>
      <trkpt lat="43.971787" lon="5.058743">
        <ele>199.61</ele>
        <time>2023-06-28T07:45:38Z</time>
      </trkpt>
      <trkpt lat="43.971854" lon="5.058572">
        <ele>196.25</ele>
        <time>2023-06-28T07:45:50Z</time>
      </trkpt>
      <trkpt lat="43.971891" lon="5.058438">
        <ele>192.88</ele>
        <time>2023-06-28T07:45:59Z</time>
      </trkpt>
      <trkpt lat="43.971918" lon="5.058312">
        <ele>190</ele>
        <time>2023-06-28T07:46:07Z</time>
      </trkpt>
      <trkpt lat="43.971963" lon="5.058087">
        <ele>186.63</ele>
        <time>2023-06-28T07:46:20Z</time>
      </trkpt>
      <trkpt lat="43.972059" lon="5.057955">
        <ele>183.75</ele>
        <time>2023-06-28T07:46:31Z</time>
      </trkpt>
      <trkpt lat="43.972118" lon="5.057909">
        <ele>182.79</ele>
        <time>2023-06-28T07:46:37Z</time>
      </trkpt>
      <trkpt lat="43.972173" lon="5.057871">
        <ele>181.83</ele>
        <time>2023-06-28T07:46:41Z</time>
      </trkpt>
      <trkpt lat="43.972211" lon="5.057759">
        <ele>180.87</ele>
        <time>2023-06-28T07:46:48Z</time>
      </trkpt>
      <trkpt lat="43.972263" lon="5.057697">
        <ele>177.5</ele>
        <time>2023-06-28T07:47:01Z</time>
      </trkpt>
      <trkpt lat="43.972272" lon="5.057687">
        <ele>177.5</ele>
        <time>2023-06-28T07:47:27Z</time>
      </trkpt>
      <trkpt lat="43.972259" lon="5.057676">
        <ele>180.38</ele>
        <time>2023-06-28T07:47:42Z</time>
      </trkpt>
      <trkpt lat="43.972230" lon="5.057664">
        <ele>181.35</ele>
        <time>2023-06-28T07:47:50Z</time>
      </trkpt>
      <trkpt lat="43.972208" lon="5.057512">
        <ele>183.75</ele>
        <time>2023-06-28T07:48:01Z</time>
      </trkpt>
      <trkpt lat="43.972162" lon="5.057285">
        <ele>181.35</ele>
        <time>2023-06-28T07:48:14Z</time>
      </trkpt>
      <trkpt lat="43.972141" lon="5.057268">
        <ele>180.87</ele>
        <time>2023-06-28T07:48:16Z</time>
      </trkpt>
      <trkpt lat="43.972109" lon="5.057194">
        <ele>177.5</ele>
        <time>2023-06-28T07:48:25Z</time>
      </trkpt>
      <trkpt lat="43.972109" lon="5.057061">
        <ele>173.66</ele>
        <time>2023-06-28T07:48:34Z</time>
      </trkpt>
      <trkpt lat="43.972105" lon="5.056989">
        <ele>172.69</ele>
        <time>2023-06-28T07:48:38Z</time>
      </trkpt>
      <trkpt lat="43.972074" lon="5.056867">
        <ele>169.81</ele>
        <time>2023-06-28T07:48:45Z</time>
      </trkpt>
      <trkpt lat="43.972079" lon="5.056829">
        <ele>165.96</ele>
        <time>2023-06-28T07:48:52Z</time>
      </trkpt>
      <trkpt lat="43.972063" lon="5.056835">
        <ele>163.56</ele>
        <time>2023-06-28T07:48:57Z</time>
      </trkpt>
      <trkpt lat="43.972081" lon="5.056797">
        <ele>164.52</ele>
        <time>2023-06-28T07:49:21Z</time>
      </trkpt>
      <trkpt lat="43.972025" lon="5.056761">
        <ele>167.89</ele>
        <time>2023-06-28T07:49:40Z</time>
      </trkpt>
      <trkpt lat="43.971965" lon="5.056653">
        <ele>167.89</ele>
        <time>2023-06-28T07:49:47Z</time>
      </trkpt>
      <trkpt lat="43.971807" lon="5.056523">
        <ele>165.96</ele>
        <time>2023-06-28T07:50:05Z</time>
      </trkpt>
      <trkpt lat="43.971556" lon="5.056426">
        <ele>166.93</ele>
        <time>2023-06-28T07:50:25Z</time>
      </trkpt>
      <trkpt lat="43.971376" lon="5.056200">
        <ele>163.56</ele>
        <time>2023-06-28T07:50:42Z</time>
      </trkpt>
      <trkpt lat="43.971279" lon="5.055902">
        <ele>160.68</ele>
        <time>2023-06-28T07:50:59Z</time>
      </trkpt>
      <trkpt lat="43.971209" lon="5.055777">
        <ele>157.31</ele>
        <time>2023-06-28T07:51:06Z</time>
      </trkpt>
      <trkpt lat="43.971175" lon="5.055674">
        <ele>153.95</ele>
        <time>2023-06-28T07:51:13Z</time>
      </trkpt>
      <trkpt lat="43.971157" lon="5.055592">
        <ele>150.58</ele>
        <time>2023-06-28T07:51:20Z</time>
      </trkpt>
      <trkpt lat="43.971132" lon="5.055504">
        <ele>147.7</ele>
        <time>2023-06-28T07:51:26Z</time>
      </trkpt>
      <trkpt lat="43.971108" lon="5.055433">
        <ele>143.85</ele>
        <time>2023-06-28T07:51:32Z</time>
      </trkpt>
      <trkpt lat="43.971063" lon="5.055345">
        <ele>140.97</ele>
        <time>2023-06-28T07:51:38Z</time>
      </trkpt>
      <trkpt lat="43.971052" lon="5.055311">
        <ele>140.01</ele>
        <time>2023-06-28T07:51:40Z</time>
      </trkpt>
      <trkpt lat="43.970992" lon="5.055202">
        <ele>136.64</ele>
        <time>2023-06-28T07:51:47Z</time>
      </trkpt>
      <trkpt lat="43.970863" lon="5.054966">
        <ele>133.76</ele>
        <time>2023-06-28T07:52:00Z</time>
      </trkpt>
      <trkpt lat="43.970746" lon="5.054845">
        <ele>130.4</ele>
        <time>2023-06-28T07:52:11Z</time>
      </trkpt>
      <trkpt lat="43.970645" lon="5.054719">
        <ele>127.03</ele>
        <time>2023-06-28T07:52:22Z</time>
      </trkpt>
      <trkpt lat="43.970590" lon="5.054634">
        <ele>123.67</ele>
        <time>2023-06-28T07:52:40Z</time>
      </trkpt>
      <trkpt lat="43.970584" lon="5.054628">
        <ele>141.45</ele>
        <time>2023-06-28T07:53:34Z</time>
      </trkpt>
      <trkpt lat="43.970423" lon="5.054470">
        <ele>151.54</ele>
        <time>2023-06-28T07:54:14Z</time>
      </trkpt>
      <trkpt lat="43.970340" lon="5.054232">
        <ele>148.66</ele>
        <time>2023-06-28T07:54:28Z</time>
      </trkpt>
      <trkpt lat="43.970317" lon="5.054067">
        <ele>145.3</ele>
        <time>2023-06-28T07:54:38Z</time>
      </trkpt>
      <trkpt lat="43.970346" lon="5.053928">
        <ele>141.93</ele>
        <time>2023-06-28T07:54:47Z</time>
      </trkpt>
      <trkpt lat="43.970353" lon="5.053802">
        <ele>140.01</ele>
        <time>2023-06-28T07:54:53Z</time>
      </trkpt>
      <trkpt lat="43.970335" lon="5.053522">
        <ele>136.16</ele>
        <time>2023-06-28T07:55:09Z</time>
      </trkpt>
      <trkpt lat="43.970334" lon="5.053508">
        <ele>135.68</ele>
        <time>2023-06-28T07:55:10Z</time>
      </trkpt>
      <trkpt lat="43.970358" lon="5.053296">
        <ele>133.28</ele>
        <time>2023-06-28T07:55:26Z</time>
      </trkpt>
      <trkpt lat="43.970350" lon="5.053170">
        <ele>129.92</ele>
        <time>2023-06-28T07:55:35Z</time>
      </trkpt>
      <trkpt lat="43.970343" lon="5.053130">
        <ele>128.95</ele>
        <time>2023-06-28T07:55:38Z</time>
      </trkpt>
      <trkpt lat="43.970314" lon="5.052859">
        <ele>127.03</ele>
        <time>2023-06-28T07:55:54Z</time>
      </trkpt>
      <trkpt lat="43.970309" lon="5.052741">
        <ele>126.55</ele>
        <time>2023-06-28T07:56:03Z</time>
      </trkpt>
      <trkpt lat="43.970268" lon="5.052505">
        <ele>127.03</ele>
        <time>2023-06-28T07:56:23Z</time>
      </trkpt>
      <trkpt lat="43.970248" lon="5.052477">
        <ele>129.92</ele>
        <time>2023-06-28T07:56:36Z</time>
      </trkpt>
      <trkpt lat="43.970226" lon="5.052467">
        <ele>131.84</ele>
        <time>2023-06-28T07:57:03Z</time>
      </trkpt>
      <trkpt lat="43.970222" lon="5.052466">
        <ele>135.2</ele>
        <time>2023-06-28T07:57:20Z</time>
      </trkpt>
      <trkpt lat="43.970162" lon="5.052464">
        <ele>136.64</ele>
        <time>2023-06-28T07:58:16Z</time>
      </trkpt>
      <trkpt lat="43.970235" lon="5.052464">
        <ele>127.03</ele>
        <time>2023-06-28T08:00:35Z</time>
      </trkpt>
      <trkpt lat="43.970077" lon="5.052454">
        <ele>132.8</ele>
        <time>2023-06-28T08:01:16Z</time>
      </trkpt>
      <trkpt lat="43.969982" lon="5.052640">
        <ele>135.68</ele>
        <time>2023-06-28T08:01:37Z</time>
      </trkpt>
      <trkpt lat="43.969939" lon="5.052915">
        <ele>137.61</ele>
        <time>2023-06-28T08:01:57Z</time>
      </trkpt>
      <trkpt lat="43.969890" lon="5.053091">
        <ele>140.49</ele>
        <time>2023-06-28T08:02:11Z</time>
      </trkpt>
      <trkpt lat="43.969845" lon="5.053538">
        <ele>142.89</ele>
        <time>2023-06-28T08:02:38Z</time>
      </trkpt>
      <trkpt lat="43.969804" lon="5.053801">
        <ele>145.3</ele>
        <time>2023-06-28T08:02:55Z</time>
      </trkpt>
      <trkpt lat="43.969765" lon="5.054032">
        <ele>148.66</ele>
        <time>2023-06-28T08:03:10Z</time>
      </trkpt>
      <trkpt lat="43.969772" lon="5.054282">
        <ele>151.54</ele>
        <time>2023-06-28T08:03:28Z</time>
      </trkpt>
      <trkpt lat="43.969742" lon="5.054420">
        <ele>154.91</ele>
        <time>2023-06-28T08:03:40Z</time>
      </trkpt>
      <trkpt lat="43.969740" lon="5.054590">
        <ele>157.79</ele>
        <time>2023-06-28T08:03:50Z</time>
      </trkpt>
      <trkpt lat="43.969652" lon="5.054697">
        <ele>159.24</ele>
        <time>2023-06-28T08:04:06Z</time>
      </trkpt>
      <trkpt lat="43.969553" lon="5.054693">
        <ele>161.64</ele>
        <time>2023-06-28T08:04:25Z</time>
      </trkpt>
      <trkpt lat="43.969527" lon="5.054704">
        <ele>165</ele>
        <time>2023-06-28T08:04:39Z</time>
      </trkpt>
      <trkpt lat="43.969508" lon="5.054709">
        <ele>167.89</ele>
        <time>2023-06-28T08:04:53Z</time>
      </trkpt>
      <trkpt lat="43.969518" lon="5.054723">
        <ele>169.33</ele>
        <time>2023-06-28T08:05:19Z</time>
      </trkpt>
      <trkpt lat="43.969485" lon="5.054768">
        <ele>169.81</ele>
        <time>2023-06-28T08:05:23Z</time>
      </trkpt>
      <trkpt lat="43.969465" lon="5.055106">
        <ele>171.73</ele>
        <time>2023-06-28T08:05:42Z</time>
      </trkpt>
      <trkpt lat="43.969490" lon="5.055487">
        <ele>174.14</ele>
        <time>2023-06-28T08:06:04Z</time>
      </trkpt>
      <trkpt lat="43.969587" lon="5.055793">
        <ele>177.5</ele>
        <time>2023-06-28T08:06:25Z</time>
      </trkpt>
      <trkpt lat="43.969656" lon="5.056052">
        <ele>180.38</ele>
        <time>2023-06-28T08:06:42Z</time>
      </trkpt>
      <trkpt lat="43.969763" lon="5.056341">
        <ele>183.75</ele>
        <time>2023-06-28T08:07:01Z</time>
      </trkpt>
      <trkpt lat="43.969769" lon="5.056509">
        <ele>185.67</ele>
        <time>2023-06-28T08:07:12Z</time>
      </trkpt>
      <trkpt lat="43.969782" lon="5.056717">
        <ele>189.04</ele>
        <time>2023-06-28T08:07:26Z</time>
      </trkpt>
      <trkpt lat="43.969781" lon="5.056910">
        <ele>192.4</ele>
        <time>2023-06-28T08:07:37Z</time>
      </trkpt>
      <trkpt lat="43.969809" lon="5.057054">
        <ele>195.28</ele>
        <time>2023-06-28T08:07:45Z</time>
      </trkpt>
      <trkpt lat="43.969890" lon="5.057187">
        <ele>197.69</ele>
        <time>2023-06-28T08:08:03Z</time>
      </trkpt>
      <trkpt lat="43.969931" lon="5.057382">
        <ele>199.61</ele>
        <time>2023-06-28T08:08:21Z</time>
      </trkpt>
      <trkpt lat="43.970011" lon="5.057599">
        <ele>203.46</ele>
        <time>2023-06-28T08:09:53Z</time>
      </trkpt>
      <trkpt lat="43.970143" lon="5.057788">
        <ele>205.38</ele>
        <time>2023-06-28T08:10:15Z</time>
      </trkpt>
      <trkpt lat="43.970322" lon="5.058077">
        <ele>208.26</ele>
        <time>2023-06-28T08:10:39Z</time>
      </trkpt>
      <trkpt lat="43.970307" lon="5.058218">
        <ele>211.63</ele>
        <time>2023-06-28T08:10:48Z</time>
      </trkpt>
      <trkpt lat="43.970328" lon="5.058294">
        <ele>214.99</ele>
        <time>2023-06-28T08:10:56Z</time>
      </trkpt>
      <trkpt lat="43.970277" lon="5.058484">
        <ele>217.88</ele>
        <time>2023-06-28T08:11:15Z</time>
      </trkpt>
      <trkpt lat="43.970225" lon="5.058734">
        <ele>219.8</ele>
        <time>2023-06-28T08:11:33Z</time>
      </trkpt>
      <trkpt lat="43.970189" lon="5.058939">
        <ele>219.8</ele>
        <time>2023-06-28T08:11:49Z</time>
      </trkpt>
      <trkpt lat="43.970263" lon="5.059072">
        <ele>221.72</ele>
        <time>2023-06-28T08:12:05Z</time>
      </trkpt>
      <trkpt lat="43.970246" lon="5.059086">
        <ele>221.72</ele>
        <time>2023-06-28T08:12:07Z</time>
      </trkpt>
      <trkpt lat="43.970116" lon="5.059323">
        <ele>222.68</ele>
        <time>2023-06-28T08:12:24Z</time>
      </trkpt>
      <trkpt lat="43.970063" lon="5.059396">
        <ele>222.68</ele>
        <time>2023-06-28T08:12:31Z</time>
      </trkpt>
      <trkpt lat="43.970118" lon="5.059722">
        <ele>222.2</ele>
        <time>2023-06-28T08:12:52Z</time>
      </trkpt>
      <trkpt lat="43.970090" lon="5.059822">
        <ele>222.2</ele>
        <time>2023-06-28T08:12:57Z</time>
      </trkpt>
      <trkpt lat="43.969902" lon="5.060081">
        <ele>223.16</ele>
        <time>2023-06-28T08:13:13Z</time>
      </trkpt>
      <trkpt lat="43.969958" lon="5.060219">
        <ele>221.24</ele>
        <time>2023-06-28T08:13:25Z</time>
      </trkpt>
      <trkpt lat="43.969960" lon="5.060379">
        <ele>219.8</ele>
        <time>2023-06-28T08:13:33Z</time>
      </trkpt>
      <trkpt lat="43.969991" lon="5.060513">
        <ele>221.24</ele>
        <time>2023-06-28T08:13:39Z</time>
      </trkpt>
      <trkpt lat="43.969980" lon="5.060611">
        <ele>223.64</ele>
        <time>2023-06-28T08:13:55Z</time>
      </trkpt>
      <trkpt lat="43.969974" lon="5.060635">
        <ele>225.57</ele>
        <time>2023-06-28T08:14:23Z</time>
      </trkpt>
      <trkpt lat="43.969948" lon="5.060671">
        <ele>226.05</ele>
        <time>2023-06-28T08:14:28Z</time>
      </trkpt>
      <trkpt lat="43.969763" lon="5.060525">
        <ele>225.09</ele>
        <time>2023-06-28T08:14:44Z</time>
      </trkpt>
      <trkpt lat="43.969713" lon="5.060491">
        <ele>222.68</ele>
        <time>2023-06-28T08:14:59Z</time>
      </trkpt>
      <trkpt lat="43.969660" lon="5.060454">
        <ele>222.68</ele>
        <time>2023-06-28T08:15:16Z</time>
      </trkpt>
      <trkpt lat="43.969390" lon="5.060246">
        <ele>222.68</ele>
        <time>2023-06-28T08:15:38Z</time>
      </trkpt>
      <trkpt lat="43.969302" lon="5.060137">
        <ele>219.8</ele>
        <time>2023-06-28T08:15:47Z</time>
      </trkpt>
      <trkpt lat="43.969192" lon="5.059992">
        <ele>216.91</ele>
        <time>2023-06-28T08:15:59Z</time>
      </trkpt>
      <trkpt lat="43.968989" lon="5.059803">
        <ele>216.43</ele>
        <time>2023-06-28T08:16:17Z</time>
      </trkpt>
      <trkpt lat="43.968690" lon="5.059637">
        <ele>214.99</ele>
        <time>2023-06-28T08:16:37Z</time>
      </trkpt>
      <trkpt lat="43.968433" lon="5.059563">
        <ele>212.11</ele>
        <time>2023-06-28T08:16:53Z</time>
      </trkpt>
      <trkpt lat="43.968204" lon="5.059512">
        <ele>208.74</ele>
        <time>2023-06-28T08:17:08Z</time>
      </trkpt>
      <trkpt lat="43.967963" lon="5.059475">
        <ele>205.86</ele>
        <time>2023-06-28T08:17:23Z</time>
      </trkpt>
      <trkpt lat="43.967699" lon="5.059387">
        <ele>202.98</ele>
        <time>2023-06-28T08:17:40Z</time>
      </trkpt>
      <trkpt lat="43.967497" lon="5.059182">
        <ele>201.53</ele>
        <time>2023-06-28T08:17:57Z</time>
      </trkpt>
      <trkpt lat="43.967383" lon="5.058812">
        <ele>198.65</ele>
        <time>2023-06-28T08:18:16Z</time>
      </trkpt>
      <trkpt lat="43.967300" lon="5.058611">
        <ele>195.28</ele>
        <time>2023-06-28T08:18:28Z</time>
      </trkpt>
      <trkpt lat="43.967246" lon="5.058509">
        <ele>193.84</ele>
        <time>2023-06-28T08:18:34Z</time>
      </trkpt>
      <trkpt lat="43.967236" lon="5.058358">
        <ele>191.44</ele>
        <time>2023-06-28T08:18:51Z</time>
      </trkpt>
      <trkpt lat="43.967141" lon="5.058109">
        <ele>188.08</ele>
        <time>2023-06-28T08:19:09Z</time>
      </trkpt>
      <trkpt lat="43.967101" lon="5.058010">
        <ele>186.15</ele>
        <time>2023-06-28T08:19:16Z</time>
      </trkpt>
      <trkpt lat="43.967064" lon="5.057965">
        <ele>185.67</ele>
        <time>2023-06-28T08:19:20Z</time>
      </trkpt>
      <trkpt lat="43.966948" lon="5.057702">
        <ele>184.23</ele>
        <time>2023-06-28T08:19:36Z</time>
      </trkpt>
      <trkpt lat="43.966889" lon="5.057565">
        <ele>183.75</ele>
        <time>2023-06-28T08:19:45Z</time>
      </trkpt>
      <trkpt lat="43.966787" lon="5.057513">
        <ele>183.27</ele>
        <time>2023-06-28T08:19:52Z</time>
      </trkpt>
      <trkpt lat="43.966636" lon="5.057281">
        <ele>181.35</ele>
        <time>2023-06-28T08:20:08Z</time>
      </trkpt>
      <trkpt lat="43.966475" lon="5.056982">
        <ele>178.94</ele>
        <time>2023-06-28T08:20:27Z</time>
      </trkpt>
      <trkpt lat="43.966256" lon="5.056727">
        <ele>177.02</ele>
        <time>2023-06-28T08:20:46Z</time>
      </trkpt>
      <trkpt lat="43.966111" lon="5.056520">
        <ele>174.14</ele>
        <time>2023-06-28T08:20:59Z</time>
      </trkpt>
      <trkpt lat="43.966063" lon="5.056358">
        <ele>170.77</ele>
        <time>2023-06-28T08:21:09Z</time>
      </trkpt>
      <trkpt lat="43.965965" lon="5.056156">
        <ele>168.85</ele>
        <time>2023-06-28T08:21:23Z</time>
      </trkpt>
      <trkpt lat="43.965929" lon="5.055874">
        <ele>165.96</ele>
        <time>2023-06-28T08:21:36Z</time>
      </trkpt>
      <trkpt lat="43.965870" lon="5.055688">
        <ele>162.6</ele>
        <time>2023-06-28T08:21:46Z</time>
      </trkpt>
      <trkpt lat="43.965803" lon="5.055374">
        <ele>161.16</ele>
        <time>2023-06-28T08:22:03Z</time>
      </trkpt>
      <trkpt lat="43.965649" lon="5.055151">
        <ele>160.2</ele>
        <time>2023-06-28T08:22:18Z</time>
      </trkpt>
      <trkpt lat="43.965557" lon="5.054930">
        <ele>156.83</ele>
        <time>2023-06-28T08:22:31Z</time>
      </trkpt>
      <trkpt lat="43.965564" lon="5.054875">
        <ele>154.91</ele>
        <time>2023-06-28T08:22:44Z</time>
      </trkpt>
      <trkpt lat="43.965551" lon="5.054869">
        <ele>153.95</ele>
        <time>2023-06-28T08:23:12Z</time>
      </trkpt>
      <trkpt lat="43.965528" lon="5.054810">
        <ele>157.31</ele>
        <time>2023-06-28T08:23:39Z</time>
      </trkpt>
      <trkpt lat="43.965546" lon="5.054839">
        <ele>156.83</ele>
        <time>2023-06-28T08:24:09Z</time>
      </trkpt>
      <trkpt lat="43.965690" lon="5.054757">
        <ele>154.91</ele>
        <time>2023-06-28T08:24:30Z</time>
      </trkpt>
      <trkpt lat="43.966084" lon="5.054544">
        <ele>153.47</ele>
        <time>2023-06-28T08:24:58Z</time>
      </trkpt>
      <trkpt lat="43.966370" lon="5.054263">
        <ele>152.51</ele>
        <time>2023-06-28T08:25:23Z</time>
      </trkpt>
      <trkpt lat="43.966588" lon="5.054158">
        <ele>149.14</ele>
        <time>2023-06-28T08:25:44Z</time>
      </trkpt>
      <trkpt lat="43.966727" lon="5.054205">
        <ele>150.58</ele>
        <time>2023-06-28T08:25:53Z</time>
      </trkpt>
      <trkpt lat="43.966952" lon="5.054365">
        <ele>153.95</ele>
        <time>2023-06-28T08:26:12Z</time>
      </trkpt>
      <trkpt lat="43.967139" lon="5.054508">
        <ele>156.35</ele>
        <time>2023-06-28T08:26:28Z</time>
      </trkpt>
      <trkpt lat="43.967434" lon="5.054507">
        <ele>156.83</ele>
        <time>2023-06-28T08:26:49Z</time>
      </trkpt>
      <trkpt lat="43.967719" lon="5.054473">
        <ele>160.2</ele>
        <time>2023-06-28T08:27:10Z</time>
      </trkpt>
      <trkpt lat="43.967780" lon="5.054434">
        <ele>162.6</ele>
        <time>2023-06-28T08:27:29Z</time>
      </trkpt>
      <trkpt lat="43.967783" lon="5.054434">
        <ele>165.48</ele>
        <time>2023-06-28T08:27:47Z</time>
      </trkpt>
      <trkpt lat="43.967774" lon="5.054400">
        <ele>167.41</ele>
        <time>2023-06-28T08:27:50Z</time>
      </trkpt>
      <trkpt lat="43.967770" lon="5.054384">
        <ele>167.89</ele>
        <time>2023-06-28T08:28:25Z</time>
      </trkpt>
      <trkpt lat="43.967800" lon="5.054343">
        <ele>165.96</ele>
        <time>2023-06-28T08:28:49Z</time>
      </trkpt>
      <trkpt lat="43.967751" lon="5.054276">
        <ele>163.08</ele>
        <time>2023-06-28T08:28:57Z</time>
      </trkpt>
      <trkpt lat="43.967743" lon="5.054269">
        <ele>162.6</ele>
        <time>2023-06-28T08:28:58Z</time>
      </trkpt>
      <trkpt lat="43.967698" lon="5.054130">
        <ele>160.68</ele>
        <time>2023-06-28T08:29:05Z</time>
      </trkpt>
      <trkpt lat="43.967665" lon="5.054083">
        <ele>157.79</ele>
        <time>2023-06-28T08:29:10Z</time>
      </trkpt>
      <trkpt lat="43.967592" lon="5.053996">
        <ele>154.43</ele>
        <time>2023-06-28T08:29:19Z</time>
      </trkpt>
      <trkpt lat="43.967553" lon="5.053967">
        <ele>152.99</ele>
        <time>2023-06-28T08:29:23Z</time>
      </trkpt>
      <trkpt lat="43.967479" lon="5.053865">
        <ele>149.14</ele>
        <time>2023-06-28T08:29:30Z</time>
      </trkpt>
      <trkpt lat="43.967450" lon="5.053836">
        <ele>148.18</ele>
        <time>2023-06-28T08:29:33Z</time>
      </trkpt>
      <trkpt lat="43.967386" lon="5.053719">
        <ele>144.82</ele>
        <time>2023-06-28T08:29:44Z</time>
      </trkpt>
      <trkpt lat="43.967232" lon="5.053563">
        <ele>144.82</ele>
        <time>2023-06-28T08:29:59Z</time>
      </trkpt>
      <trkpt lat="43.967143" lon="5.053393">
        <ele>145.78</ele>
        <time>2023-06-28T08:30:12Z</time>
      </trkpt>
      <trkpt lat="43.967155" lon="5.053381">
        <ele>145.78</ele>
        <time>2023-06-28T08:30:13Z</time>
      </trkpt>
      <trkpt lat="43.967218" lon="5.053314">
        <ele>145.3</ele>
        <time>2023-06-28T08:30:19Z</time>
      </trkpt>
      <trkpt lat="43.967198" lon="5.053078">
        <ele>142.89</ele>
        <time>2023-06-28T08:30:33Z</time>
      </trkpt>
      <trkpt lat="43.967138" lon="5.052833">
        <ele>139.53</ele>
        <time>2023-06-28T08:30:46Z</time>
      </trkpt>
      <trkpt lat="43.967152" lon="5.052693">
        <ele>136.16</ele>
        <time>2023-06-28T08:30:55Z</time>
      </trkpt>
      <trkpt lat="43.967128" lon="5.052592">
        <ele>133.28</ele>
        <time>2023-06-28T08:31:02Z</time>
      </trkpt>
      <trkpt lat="43.967080" lon="5.052410">
        <ele>130.4</ele>
        <time>2023-06-28T08:31:13Z</time>
      </trkpt>
      <trkpt lat="43.967076" lon="5.052385">
        <ele>129.43</ele>
        <time>2023-06-28T08:31:15Z</time>
      </trkpt>
      <trkpt lat="43.967041" lon="5.052227">
        <ele>125.59</ele>
        <time>2023-06-28T08:31:24Z</time>
      </trkpt>
      <trkpt lat="43.966905" lon="5.052073">
        <ele>122.22</ele>
        <time>2023-06-28T08:31:37Z</time>
      </trkpt>
      <trkpt lat="43.966830" lon="5.051988">
        <ele>122.71</ele>
        <time>2023-06-28T08:32:02Z</time>
      </trkpt>
      <trkpt lat="43.966715" lon="5.051841">
        <ele>123.67</ele>
        <time>2023-06-28T08:32:19Z</time>
      </trkpt>
      <trkpt lat="43.966684" lon="5.051777">
        <ele>123.67</ele>
        <time>2023-06-28T08:32:23Z</time>
      </trkpt>
      <trkpt lat="43.966570" lon="5.051556">
        <ele>120.78</ele>
        <time>2023-06-28T08:32:38Z</time>
      </trkpt>
      <trkpt lat="43.966504" lon="5.051496">
        <ele>120.3</ele>
        <time>2023-06-28T08:32:43Z</time>
      </trkpt>
      <trkpt lat="43.966304" lon="5.051314">
        <ele>119.34</ele>
        <time>2023-06-28T08:32:59Z</time>
      </trkpt>
      <trkpt lat="43.966042" lon="5.051200">
        <ele>120.78</ele>
        <time>2023-06-28T08:33:16Z</time>
      </trkpt>
      <trkpt lat="43.965839" lon="5.051043">
        <ele>121.74</ele>
        <time>2023-06-28T08:33:32Z</time>
      </trkpt>
      <trkpt lat="43.965629" lon="5.050807">
        <ele>121.26</ele>
        <time>2023-06-28T08:33:51Z</time>
      </trkpt>
      <trkpt lat="43.965643" lon="5.050767">
        <ele>121.26</ele>
        <time>2023-06-28T08:34:08Z</time>
      </trkpt>
      <trkpt lat="43.965645" lon="5.050819">
        <ele>120.78</ele>
        <time>2023-06-28T08:34:37Z</time>
      </trkpt>
      <trkpt lat="43.965687" lon="5.050721">
        <ele>120.3</ele>
        <time>2023-06-28T08:34:47Z</time>
      </trkpt>
      <trkpt lat="43.965713" lon="5.050695">
        <ele>117.42</ele>
        <time>2023-06-28T08:34:57Z</time>
      </trkpt>
      <trkpt lat="43.965950" lon="5.050627">
        <ele>115.98</ele>
        <time>2023-06-28T08:35:15Z</time>
      </trkpt>
      <trkpt lat="43.966153" lon="5.050560">
        <ele>112.61</ele>
        <time>2023-06-28T08:35:31Z</time>
      </trkpt>
      <trkpt lat="43.966228" lon="5.050530">
        <ele>111.17</ele>
        <time>2023-06-28T08:35:37Z</time>
      </trkpt>
      <trkpt lat="43.966341" lon="5.050405">
        <ele>107.81</ele>
        <time>2023-06-28T08:35:51Z</time>
      </trkpt>
      <trkpt lat="43.966273" lon="5.050183">
        <ele>106.36</ele>
        <time>2023-06-28T08:36:11Z</time>
      </trkpt>
      <trkpt lat="43.966197" lon="5.049945">
        <ele>109.25</ele>
        <time>2023-06-28T08:36:30Z</time>
      </trkpt>
      <trkpt lat="43.966194" lon="5.049916">
        <ele>109.25</ele>
        <time>2023-06-28T08:36:32Z</time>
      </trkpt>
      <trkpt lat="43.966138" lon="5.049574">
        <ele>109.25</ele>
        <time>2023-06-28T08:36:53Z</time>
      </trkpt>
      <trkpt lat="43.966164" lon="5.049371">
        <ele>105.88</ele>
        <time>2023-06-28T08:37:06Z</time>
      </trkpt>
      <trkpt lat="43.966155" lon="5.049333">
        <ele>104.92</ele>
        <time>2023-06-28T08:37:09Z</time>
      </trkpt>
      <trkpt lat="43.966136" lon="5.049060">
        <ele>103</ele>
        <time>2023-06-28T08:37:24Z</time>
      </trkpt>
      <trkpt lat="43.966159" lon="5.048700">
        <ele>103.48</ele>
        <time>2023-06-28T08:37:42Z</time>
      </trkpt>
      <trkpt lat="43.966266" lon="5.048391">
        <ele>100.6</ele>
        <time>2023-06-28T08:38:04Z</time>
      </trkpt>
      <trkpt lat="43.966270" lon="5.048356">
        <ele>100.11</ele>
        <time>2023-06-28T08:38:06Z</time>
      </trkpt>
      <trkpt lat="43.966301" lon="5.047961">
        <ele>97.71</ele>
        <time>2023-06-28T08:38:30Z</time>
      </trkpt>
      <trkpt lat="43.966348" lon="5.047865">
        <ele>95.31</ele>
        <time>2023-06-28T08:38:43Z</time>
      </trkpt>
      <trkpt lat="43.966344" lon="5.047876">
        <ele>95.79</ele>
        <time>2023-06-28T08:38:59Z</time>
      </trkpt>
      <trkpt lat="43.966350" lon="5.047873">
        <ele>97.71</ele>
        <time>2023-06-28T08:39:23Z</time>
      </trkpt>
      <trkpt lat="43.966277" lon="5.047833">
        <ele>98.19</ele>
        <time>2023-06-28T08:39:35Z</time>
      </trkpt>
      <trkpt lat="43.966193" lon="5.047732">
        <ele>98.19</ele>
        <time>2023-06-28T08:39:42Z</time>
      </trkpt>
      <trkpt lat="43.966007" lon="5.047419">
        <ele>97.71</ele>
        <time>2023-06-28T08:40:04Z</time>
      </trkpt>
      <trkpt lat="43.965842" lon="5.047044">
        <ele>98.67</ele>
        <time>2023-06-28T08:40:29Z</time>
      </trkpt>
      <trkpt lat="43.965662" lon="5.046601">
        <ele>98.67</ele>
        <time>2023-06-28T08:40:54Z</time>
      </trkpt>
      <trkpt lat="43.965431" lon="5.046318">
        <ele>98.19</ele>
        <time>2023-06-28T08:41:16Z</time>
      </trkpt>
      <trkpt lat="43.965073" lon="5.046262">
        <ele>95.79</ele>
        <time>2023-06-28T08:41:41Z</time>
      </trkpt>
      <trkpt lat="43.964975" lon="5.046232">
        <ele>102.04</ele>
        <time>2023-06-28T08:42:12Z</time>
      </trkpt>
      <trkpt lat="43.964954" lon="5.046236">
        <ele>98.67</ele>
        <time>2023-06-28T08:42:36Z</time>
      </trkpt>
      <trkpt lat="43.964935" lon="5.046253">
        <ele>99.63</ele>
        <time>2023-06-28T08:42:51Z</time>
      </trkpt>
      <trkpt lat="43.964893" lon="5.046278">
        <ele>100.11</ele>
        <time>2023-06-28T08:42:56Z</time>
      </trkpt>
      <trkpt lat="43.964602" lon="5.046335">
        <ele>102.04</ele>
        <time>2023-06-28T08:43:17Z</time>
      </trkpt>
      <trkpt lat="43.964325" lon="5.046394">
        <ele>102.04</ele>
        <time>2023-06-28T08:43:35Z</time>
      </trkpt>
      <trkpt lat="43.964038" lon="5.046474">
        <ele>103.48</ele>
        <time>2023-06-28T08:43:55Z</time>
      </trkpt>
      <trkpt lat="43.963830" lon="5.046638">
        <ele>102.52</ele>
        <time>2023-06-28T08:44:12Z</time>
      </trkpt>
      <trkpt lat="43.963817" lon="5.046966">
        <ele>100.6</ele>
        <time>2023-06-28T08:44:28Z</time>
      </trkpt>
      <trkpt lat="43.963916" lon="5.047320">
        <ele>99.63</ele>
        <time>2023-06-28T08:44:46Z</time>
      </trkpt>
      <trkpt lat="43.964022" lon="5.047664">
        <ele>96.27</ele>
        <time>2023-06-28T08:45:05Z</time>
      </trkpt>
      <trkpt lat="43.964100" lon="5.047994">
        <ele>95.31</ele>
        <time>2023-06-28T08:45:23Z</time>
      </trkpt>
      <trkpt lat="43.964044" lon="5.048354">
        <ele>97.71</ele>
        <time>2023-06-28T08:45:41Z</time>
      </trkpt>
      <trkpt lat="43.963938" lon="5.048713">
        <ele>97.71</ele>
        <time>2023-06-28T08:46:00Z</time>
      </trkpt>
      <trkpt lat="43.963807" lon="5.049022">
        <ele>100.11</ele>
        <time>2023-06-28T08:46:18Z</time>
      </trkpt>
      <trkpt lat="43.963606" lon="5.049150">
        <ele>102.04</ele>
        <time>2023-06-28T08:46:34Z</time>
      </trkpt>
      <trkpt lat="43.963357" lon="5.049311">
        <ele>103</ele>
        <time>2023-06-28T08:46:54Z</time>
      </trkpt>
      <trkpt lat="43.963157" lon="5.049444">
        <ele>102.04</ele>
        <time>2023-06-28T08:47:10Z</time>
      </trkpt>
      <trkpt lat="43.963114" lon="5.049463">
        <ele>101.56</ele>
        <time>2023-06-28T08:47:13Z</time>
      </trkpt>
      <trkpt lat="43.962866" lon="5.049636">
        <ele>101.56</ele>
        <time>2023-06-28T08:47:32Z</time>
      </trkpt>
      <trkpt lat="43.962700" lon="5.049873">
        <ele>100.11</ele>
        <time>2023-06-28T08:47:48Z</time>
      </trkpt>
      <trkpt lat="43.962585" lon="5.050127">
        <ele>100.6</ele>
        <time>2023-06-28T08:48:03Z</time>
      </trkpt>
      <trkpt lat="43.962459" lon="5.050416">
        <ele>99.15</ele>
        <time>2023-06-28T08:48:20Z</time>
      </trkpt>
      <trkpt lat="43.962368" lon="5.050662">
        <ele>100.6</ele>
        <time>2023-06-28T08:48:38Z</time>
      </trkpt>
      <trkpt lat="43.962272" lon="5.050871">
        <ele>99.15</ele>
        <time>2023-06-28T08:48:52Z</time>
      </trkpt>
      <trkpt lat="43.962199" lon="5.050996">
        <ele>98.67</ele>
        <time>2023-06-28T08:49:00Z</time>
      </trkpt>
      <trkpt lat="43.962062" lon="5.051251">
        <ele>100.11</ele>
        <time>2023-06-28T08:49:17Z</time>
      </trkpt>
      <trkpt lat="43.961858" lon="5.051552">
        <ele>101.08</ele>
        <time>2023-06-28T08:49:36Z</time>
      </trkpt>
      <trkpt lat="43.961650" lon="5.051858">
        <ele>100.6</ele>
        <time>2023-06-28T08:49:57Z</time>
      </trkpt>
      <trkpt lat="43.961611" lon="5.051910">
        <ele>100.6</ele>
        <time>2023-06-28T08:50:01Z</time>
      </trkpt>
      <trkpt lat="43.961548" lon="5.052024">
        <ele>100.11</ele>
        <time>2023-06-28T08:50:08Z</time>
      </trkpt>
      <trkpt lat="43.961403" lon="5.052386">
        <ele>101.08</ele>
        <time>2023-06-28T08:50:28Z</time>
      </trkpt>
      <trkpt lat="43.961286" lon="5.052720">
        <ele>102.04</ele>
        <time>2023-06-28T08:50:46Z</time>
      </trkpt>
      <trkpt lat="43.961253" lon="5.053044">
        <ele>101.56</ele>
        <time>2023-06-28T08:51:02Z</time>
      </trkpt>
      <trkpt lat="43.961298" lon="5.053385">
        <ele>100.11</ele>
        <time>2023-06-28T08:51:19Z</time>
      </trkpt>
      <trkpt lat="43.961320" lon="5.053759">
        <ele>98.67</ele>
        <time>2023-06-28T08:51:38Z</time>
      </trkpt>
      <trkpt lat="43.961239" lon="5.054059">
        <ele>100.6</ele>
        <time>2023-06-28T08:51:56Z</time>
      </trkpt>
      <trkpt lat="43.961049" lon="5.054342">
        <ele>100.11</ele>
        <time>2023-06-28T08:52:14Z</time>
      </trkpt>
      <trkpt lat="43.960865" lon="5.054705">
        <ele>101.56</ele>
        <time>2023-06-28T08:52:36Z</time>
      </trkpt>
      <trkpt lat="43.960713" lon="5.055100">
        <ele>103.96</ele>
        <time>2023-06-28T08:52:57Z</time>
      </trkpt>
      <trkpt lat="43.960556" lon="5.055482">
        <ele>103</ele>
        <time>2023-06-28T08:53:20Z</time>
      </trkpt>
      <trkpt lat="43.960541" lon="5.055588">
        <ele>103.96</ele>
        <time>2023-06-28T08:53:26Z</time>
      </trkpt>
      <trkpt lat="43.960575" lon="5.055609">
        <ele>104.92</ele>
        <time>2023-06-28T08:53:38Z</time>
      </trkpt>
      <trkpt lat="43.960576" lon="5.055609">
        <ele>106.36</ele>
        <time>2023-06-28T08:54:03Z</time>
      </trkpt>
      <trkpt lat="43.960576" lon="5.055601">
        <ele>104.44</ele>
        <time>2023-06-28T08:54:22Z</time>
      </trkpt>
      <trkpt lat="43.960620" lon="5.055750">
        <ele>104.92</ele>
        <time>2023-06-28T08:54:35Z</time>
      </trkpt>
      <trkpt lat="43.960550" lon="5.055840">
        <ele>104.44</ele>
        <time>2023-06-28T08:54:53Z</time>
      </trkpt>
      <trkpt lat="43.960543" lon="5.055851">
        <ele>103.96</ele>
        <time>2023-06-28T08:55:12Z</time>
      </trkpt>
      <trkpt lat="43.960481" lon="5.055928">
        <ele>104.44</ele>
        <time>2023-06-28T08:55:35Z</time>
      </trkpt>
      <trkpt lat="43.960414" lon="5.056197">
        <ele>107.81</ele>
        <time>2023-06-28T08:55:51Z</time>
      </trkpt>
      <trkpt lat="43.960368" lon="5.056502">
        <ele>108.29</ele>
        <time>2023-06-28T08:56:06Z</time>
      </trkpt>
      <trkpt lat="43.960358" lon="5.056644">
        <ele>105.88</ele>
        <time>2023-06-28T08:56:13Z</time>
      </trkpt>
      <trkpt lat="43.960351" lon="5.056855">
        <ele>102.52</ele>
        <time>2023-06-28T08:56:24Z</time>
      </trkpt>
      <trkpt lat="43.960347" lon="5.056986">
        <ele>99.63</ele>
        <time>2023-06-28T08:56:32Z</time>
      </trkpt>
      <trkpt lat="43.960351" lon="5.057079">
        <ele>97.23</ele>
        <time>2023-06-28T08:56:47Z</time>
      </trkpt>
      <trkpt lat="43.960367" lon="5.057105">
        <ele>98.67</ele>
        <time>2023-06-28T08:57:02Z</time>
      </trkpt>
      <trkpt lat="43.960386" lon="5.057095">
        <ele>102.04</ele>
        <time>2023-06-28T08:57:07Z</time>
      </trkpt>
      <trkpt lat="43.960372" lon="5.057247">
        <ele>103.48</ele>
        <time>2023-06-28T08:57:25Z</time>
      </trkpt>
      <trkpt lat="43.960379" lon="5.057547">
        <ele>106.84</ele>
        <time>2023-06-28T08:57:42Z</time>
      </trkpt>
      <trkpt lat="43.960456" lon="5.057936">
        <ele>107.81</ele>
        <time>2023-06-28T08:58:07Z</time>
      </trkpt>
      <trkpt lat="43.960457" lon="5.057966">
        <ele>105.88</ele>
        <time>2023-06-28T08:58:34Z</time>
      </trkpt>
      <trkpt lat="43.960542" lon="5.058062">
        <ele>107.81</ele>
        <time>2023-06-28T08:59:05Z</time>
      </trkpt>
      <trkpt lat="43.960588" lon="5.058059">
        <ele>107.81</ele>
        <time>2023-06-28T08:59:13Z</time>
      </trkpt>
      <trkpt lat="43.960751" lon="5.058121">
        <ele>109.25</ele>
        <time>2023-06-28T08:59:28Z</time>
      </trkpt>
      <trkpt lat="43.960813" lon="5.058211">
        <ele>110.69</ele>
        <time>2023-06-28T08:59:36Z</time>
      </trkpt>
      <trkpt lat="43.961073" lon="5.058466">
        <ele>111.17</ele>
        <time>2023-06-28T09:00:00Z</time>
      </trkpt>
      <trkpt lat="43.961250" lon="5.058712">
        <ele>111.17</ele>
        <time>2023-06-28T09:00:19Z</time>
      </trkpt>
      <trkpt lat="43.961483" lon="5.059024">
        <ele>113.57</ele>
        <time>2023-06-28T09:00:42Z</time>
      </trkpt>
      <trkpt lat="43.961737" lon="5.059294">
        <ele>116.46</ele>
        <time>2023-06-28T09:01:07Z</time>
      </trkpt>
      <trkpt lat="43.961883" lon="5.059538">
        <ele>113.57</ele>
        <time>2023-06-28T09:01:28Z</time>
      </trkpt>
      <trkpt lat="43.961998" lon="5.059862">
        <ele>113.09</ele>
        <time>2023-06-28T09:01:49Z</time>
      </trkpt>
      <trkpt lat="43.962184" lon="5.060135">
        <ele>115.01</ele>
        <time>2023-06-28T09:02:14Z</time>
      </trkpt>
      <trkpt lat="43.962236" lon="5.060164">
        <ele>115.01</ele>
        <time>2023-06-28T09:02:20Z</time>
      </trkpt>
      <trkpt lat="43.962586" lon="5.060255">
        <ele>116.46</ele>
        <time>2023-06-28T09:02:46Z</time>
      </trkpt>
      <trkpt lat="43.962722" lon="5.060348">
        <ele>120.3</ele>
        <time>2023-06-28T09:03:00Z</time>
      </trkpt>
      <trkpt lat="43.962992" lon="5.060524">
        <ele>122.71</ele>
        <time>2023-06-28T09:03:23Z</time>
      </trkpt>
      <trkpt lat="43.963215" lon="5.060646">
        <ele>123.67</ele>
        <time>2023-06-28T09:03:46Z</time>
      </trkpt>
      <trkpt lat="43.963210" lon="5.060633">
        <ele>124.15</ele>
        <time>2023-06-28T09:03:52Z</time>
      </trkpt>
      <trkpt lat="43.963212" lon="5.060624">
        <ele>127.03</ele>
        <time>2023-06-28T09:04:00Z</time>
      </trkpt>
      <trkpt lat="43.963199" lon="5.060634">
        <ele>130.4</ele>
        <time>2023-06-28T09:04:11Z</time>
      </trkpt>
      <trkpt lat="43.963209" lon="5.060640">
        <ele>133.28</ele>
        <time>2023-06-28T09:04:36Z</time>
      </trkpt>
      <trkpt lat="43.963193" lon="5.060626">
        <ele>136.16</ele>
        <time>2023-06-28T09:05:04Z</time>
      </trkpt>
      <trkpt lat="43.963184" lon="5.060638">
        <ele>138.09</ele>
        <time>2023-06-28T09:05:07Z</time>
      </trkpt>
      <trkpt lat="43.963192" lon="5.060644">
        <ele>137.61</ele>
        <time>2023-06-28T09:05:36Z</time>
      </trkpt>
      <trkpt lat="43.963225" lon="5.060557">
        <ele>138.09</ele>
        <time>2023-06-28T09:06:03Z</time>
      </trkpt>
      <trkpt lat="43.963293" lon="5.060468">
        <ele>139.53</ele>
        <time>2023-06-28T09:06:18Z</time>
      </trkpt>
      <trkpt lat="43.963499" lon="5.060412">
        <ele>140.49</ele>
        <time>2023-06-28T09:06:42Z</time>
      </trkpt>
      <trkpt lat="43.963676" lon="5.060368">
        <ele>141.93</ele>
        <time>2023-06-28T09:07:01Z</time>
      </trkpt>
      <trkpt lat="43.963801" lon="5.060433">
        <ele>145.3</ele>
        <time>2023-06-28T09:07:14Z</time>
      </trkpt>
      <trkpt lat="43.964021" lon="5.060388">
        <ele>148.18</ele>
        <time>2023-06-28T09:07:32Z</time>
      </trkpt>
      <trkpt lat="43.964103" lon="5.060365">
        <ele>151.54</ele>
        <time>2023-06-28T09:07:40Z</time>
      </trkpt>
      <trkpt lat="43.964197" lon="5.060395">
        <ele>154.91</ele>
        <time>2023-06-28T09:07:49Z</time>
      </trkpt>
      <trkpt lat="43.964282" lon="5.060346">
        <ele>156.35</ele>
        <time>2023-06-28T09:07:57Z</time>
      </trkpt>
      <trkpt lat="43.964377" lon="5.060343">
        <ele>157.31</ele>
        <time>2023-06-28T09:08:07Z</time>
      </trkpt>
      <trkpt lat="43.964541" lon="5.060327">
        <ele>157.79</ele>
        <time>2023-06-28T09:08:23Z</time>
      </trkpt>
      <trkpt lat="43.964660" lon="5.060329">
        <ele>158.27</ele>
        <time>2023-06-28T09:08:36Z</time>
      </trkpt>
      <trkpt lat="43.964788" lon="5.060270">
        <ele>160.2</ele>
        <time>2023-06-28T09:08:49Z</time>
      </trkpt>
      <trkpt lat="43.964906" lon="5.060347">
        <ele>161.16</ele>
        <time>2023-06-28T09:09:03Z</time>
      </trkpt>
      <trkpt lat="43.965049" lon="5.060487">
        <ele>159.24</ele>
        <time>2023-06-28T09:09:18Z</time>
      </trkpt>
      <trkpt lat="43.965171" lon="5.060586">
        <ele>158.27</ele>
        <time>2023-06-28T09:09:29Z</time>
      </trkpt>
      <trkpt lat="43.965318" lon="5.060512">
        <ele>154.91</ele>
        <time>2023-06-28T09:09:42Z</time>
      </trkpt>
      <trkpt lat="43.965369" lon="5.060482">
        <ele>152.99</ele>
        <time>2023-06-28T09:09:46Z</time>
      </trkpt>
      <trkpt lat="43.965418" lon="5.060419">
        <ele>149.62</ele>
        <time>2023-06-28T09:09:52Z</time>
      </trkpt>
      <trkpt lat="43.965427" lon="5.060414">
        <ele>149.62</ele>
        <time>2023-06-28T09:09:53Z</time>
      </trkpt>
      <trkpt lat="43.965469" lon="5.060340">
        <ele>146.26</ele>
        <time>2023-06-28T09:10:07Z</time>
      </trkpt>
      <trkpt lat="43.965533" lon="5.060257">
        <ele>145.78</ele>
        <time>2023-06-28T09:10:22Z</time>
      </trkpt>
      <trkpt lat="43.965540" lon="5.060255">
        <ele>147.7</ele>
        <time>2023-06-28T09:10:48Z</time>
      </trkpt>
      <trkpt lat="43.965550" lon="5.060265">
        <ele>150.58</ele>
        <time>2023-06-28T09:11:05Z</time>
      </trkpt>
      <trkpt lat="43.965554" lon="5.060258">
        <ele>151.06</ele>
        <time>2023-06-28T09:11:06Z</time>
      </trkpt>
      <trkpt lat="43.965542" lon="5.060152">
        <ele>152.03</ele>
        <time>2023-06-28T09:11:14Z</time>
      </trkpt>
      <trkpt lat="43.965568" lon="5.059884">
        <ele>153.47</ele>
        <time>2023-06-28T09:11:31Z</time>
      </trkpt>
      <trkpt lat="43.965654" lon="5.059616">
        <ele>154.91</ele>
        <time>2023-06-28T09:11:50Z</time>
      </trkpt>
      <trkpt lat="43.965719" lon="5.059459">
        <ele>154.91</ele>
        <time>2023-06-28T09:11:59Z</time>
      </trkpt>
      <trkpt lat="43.965752" lon="5.059281">
        <ele>151.54</ele>
        <time>2023-06-28T09:12:15Z</time>
      </trkpt>
      <trkpt lat="43.965778" lon="5.059253">
        <ele>153.95</ele>
        <time>2023-06-28T09:12:38Z</time>
      </trkpt>
      <trkpt lat="43.965767" lon="5.059183">
        <ele>156.83</ele>
        <time>2023-06-28T09:12:58Z</time>
      </trkpt>
      <trkpt lat="43.965783" lon="5.059092">
        <ele>157.79</ele>
        <time>2023-06-28T09:13:15Z</time>
      </trkpt>
      <trkpt lat="43.965791" lon="5.059110">
        <ele>158.27</ele>
        <time>2023-06-28T09:13:20Z</time>
      </trkpt>
      <trkpt lat="43.965796" lon="5.059201">
        <ele>159.72</ele>
        <time>2023-06-28T09:13:36Z</time>
      </trkpt>
      <trkpt lat="43.965810" lon="5.059368">
        <ele>161.16</ele>
        <time>2023-06-28T09:13:52Z</time>
      </trkpt>
      <trkpt lat="43.965806" lon="5.059383">
        <ele>161.16</ele>
        <time>2023-06-28T09:13:53Z</time>
      </trkpt>
      <trkpt lat="43.965868" lon="5.059471">
        <ele>163.08</ele>
        <time>2023-06-28T09:14:08Z</time>
      </trkpt>
      <trkpt lat="43.965929" lon="5.059583">
        <ele>164.04</ele>
        <time>2023-06-28T09:14:23Z</time>
      </trkpt>
      <trkpt lat="43.965942" lon="5.059677">
        <ele>165</ele>
        <time>2023-06-28T09:14:30Z</time>
      </trkpt>
      <trkpt lat="43.965906" lon="5.059759">
        <ele>166.45</ele>
        <time>2023-06-28T09:14:37Z</time>
      </trkpt>
      <trkpt lat="43.965872" lon="5.059811">
        <ele>167.41</ele>
        <time>2023-06-28T09:14:42Z</time>
      </trkpt>
      <trkpt lat="43.965963" lon="5.059987">
        <ele>168.37</ele>
        <time>2023-06-28T09:14:57Z</time>
      </trkpt>
      <trkpt lat="43.966026" lon="5.060062">
        <ele>168.85</ele>
        <time>2023-06-28T09:15:03Z</time>
      </trkpt>
      <trkpt lat="43.966108" lon="5.060093">
        <ele>166.45</ele>
        <time>2023-06-28T09:15:09Z</time>
      </trkpt>
      <trkpt lat="43.966205" lon="5.060093">
        <ele>165.96</ele>
        <time>2023-06-28T09:15:18Z</time>
      </trkpt>
      <trkpt lat="43.966324" lon="5.060306">
        <ele>166.93</ele>
        <time>2023-06-28T09:15:34Z</time>
      </trkpt>
      <trkpt lat="43.966375" lon="5.060358">
        <ele>169.33</ele>
        <time>2023-06-28T09:15:39Z</time>
      </trkpt>
      <trkpt lat="43.966490" lon="5.060515">
        <ele>168.37</ele>
        <time>2023-06-28T09:15:54Z</time>
      </trkpt>
      <trkpt lat="43.966682" lon="5.060599">
        <ele>166.93</ele>
        <time>2023-06-28T09:16:10Z</time>
      </trkpt>
      <trkpt lat="43.966726" lon="5.060607">
        <ele>166.93</ele>
        <time>2023-06-28T09:16:13Z</time>
      </trkpt>
      <trkpt lat="43.966916" lon="5.060706">
        <ele>165.96</ele>
        <time>2023-06-28T09:16:29Z</time>
      </trkpt>
      <trkpt lat="43.967132" lon="5.060829">
        <ele>167.41</ele>
        <time>2023-06-28T09:16:47Z</time>
      </trkpt>
      <trkpt lat="43.967329" lon="5.060885">
        <ele>168.85</ele>
        <time>2023-06-28T09:17:03Z</time>
      </trkpt>
      <trkpt lat="43.967535" lon="5.060999">
        <ele>168.37</ele>
        <time>2023-06-28T09:17:21Z</time>
      </trkpt>
      <trkpt lat="43.967549" lon="5.061003">
        <ele>168.37</ele>
        <time>2023-06-28T09:17:22Z</time>
      </trkpt>
      <trkpt lat="43.967719" lon="5.061199">
        <ele>169.33</ele>
        <time>2023-06-28T09:17:40Z</time>
      </trkpt>
      <trkpt lat="43.967791" lon="5.061323">
        <ele>172.69</ele>
        <time>2023-06-28T09:17:51Z</time>
      </trkpt>
      <trkpt lat="43.967802" lon="5.061443">
        <ele>174.14</ele>
        <time>2023-06-28T09:17:58Z</time>
      </trkpt>
      <trkpt lat="43.967834" lon="5.061747">
        <ele>177.5</ele>
        <time>2023-06-28T09:18:16Z</time>
      </trkpt>
      <trkpt lat="43.967864" lon="5.061958">
        <ele>179.9</ele>
        <time>2023-06-28T09:18:29Z</time>
      </trkpt>
      <trkpt lat="43.967903" lon="5.062175">
        <ele>182.79</ele>
        <time>2023-06-28T09:18:45Z</time>
      </trkpt>
      <trkpt lat="43.967888" lon="5.062251">
        <ele>182.31</ele>
        <time>2023-06-28T09:18:52Z</time>
      </trkpt>
      <trkpt lat="43.967792" lon="5.062401">
        <ele>181.35</ele>
        <time>2023-06-28T09:19:07Z</time>
      </trkpt>
      <trkpt lat="43.967676" lon="5.062538">
        <ele>179.9</ele>
        <time>2023-06-28T09:19:25Z</time>
      </trkpt>
      <trkpt lat="43.967630" lon="5.062621">
        <ele>180.38</ele>
        <time>2023-06-28T09:19:37Z</time>
      </trkpt>
      <trkpt lat="43.967541" lon="5.062711">
        <ele>181.83</ele>
        <time>2023-06-28T09:19:52Z</time>
      </trkpt>
      <trkpt lat="43.967510" lon="5.062654">
        <ele>180.38</ele>
        <time>2023-06-28T09:20:27Z</time>
      </trkpt>
      <trkpt lat="43.967507" lon="5.062661">
        <ele>178.94</ele>
        <time>2023-06-28T09:20:46Z</time>
      </trkpt>
      <trkpt lat="43.967496" lon="5.062653">
        <ele>179.42</ele>
        <time>2023-06-28T09:20:48Z</time>
      </trkpt>
      <trkpt lat="43.967375" lon="5.062547">
        <ele>176.54</ele>
        <time>2023-06-28T09:21:02Z</time>
      </trkpt>
      <trkpt lat="43.967324" lon="5.062503">
        <ele>175.1</ele>
        <time>2023-06-28T09:21:07Z</time>
      </trkpt>
      <trkpt lat="43.967094" lon="5.062339">
        <ele>175.58</ele>
        <time>2023-06-28T09:21:25Z</time>
      </trkpt>
      <trkpt lat="43.967026" lon="5.062312">
        <ele>176.54</ele>
        <time>2023-06-28T09:21:38Z</time>
      </trkpt>
      <trkpt lat="43.966849" lon="5.062239">
        <ele>175.1</ele>
        <time>2023-06-28T09:21:57Z</time>
      </trkpt>
      <trkpt lat="43.966576" lon="5.062077">
        <ele>171.73</ele>
        <time>2023-06-28T09:22:17Z</time>
      </trkpt>
      <trkpt lat="43.966350" lon="5.061993">
        <ele>168.37</ele>
        <time>2023-06-28T09:22:36Z</time>
      </trkpt>
      <trkpt lat="43.966252" lon="5.061973">
        <ele>165.48</ele>
        <time>2023-06-28T09:22:46Z</time>
      </trkpt>
      <trkpt lat="43.966042" lon="5.061880">
        <ele>164.04</ele>
        <time>2023-06-28T09:23:02Z</time>
      </trkpt>
      <trkpt lat="43.965884" lon="5.061869">
        <ele>160.68</ele>
        <time>2023-06-28T09:23:14Z</time>
      </trkpt>
      <trkpt lat="43.965812" lon="5.061986">
        <ele>157.79</ele>
        <time>2023-06-28T09:23:23Z</time>
      </trkpt>
      <trkpt lat="43.965689" lon="5.062314">
        <ele>154.43</ele>
        <time>2023-06-28T09:23:40Z</time>
      </trkpt>
      <trkpt lat="43.965403" lon="5.062505">
        <ele>155.87</ele>
        <time>2023-06-28T09:24:01Z</time>
      </trkpt>
      <trkpt lat="43.965240" lon="5.062745">
        <ele>156.83</ele>
        <time>2023-06-28T09:24:19Z</time>
      </trkpt>
      <trkpt lat="43.965168" lon="5.063121">
        <ele>158.27</ele>
        <time>2023-06-28T09:24:39Z</time>
      </trkpt>
      <trkpt lat="43.965074" lon="5.063441">
        <ele>161.64</ele>
        <time>2023-06-28T09:24:59Z</time>
      </trkpt>
      <trkpt lat="43.965025" lon="5.063747">
        <ele>164.04</ele>
        <time>2023-06-28T09:25:16Z</time>
      </trkpt>
      <trkpt lat="43.964938" lon="5.064099">
        <ele>165</ele>
        <time>2023-06-28T09:25:36Z</time>
      </trkpt>
      <trkpt lat="43.964807" lon="5.064339">
        <ele>166.45</ele>
        <time>2023-06-28T09:25:55Z</time>
      </trkpt>
      <trkpt lat="43.964664" lon="5.064591">
        <ele>168.37</ele>
        <time>2023-06-28T09:26:13Z</time>
      </trkpt>
      <trkpt lat="43.964502" lon="5.064844">
        <ele>168.37</ele>
        <time>2023-06-28T09:26:31Z</time>
      </trkpt>
      <trkpt lat="43.964346" lon="5.065092">
        <ele>168.37</ele>
        <time>2023-06-28T09:26:50Z</time>
      </trkpt>
      <trkpt lat="43.964182" lon="5.065359">
        <ele>169.81</ele>
        <time>2023-06-28T09:27:10Z</time>
      </trkpt>
      <trkpt lat="43.964112" lon="5.065421">
        <ele>180.87</ele>
        <time>2023-06-28T09:29:50Z</time>
      </trkpt>
      <trkpt lat="43.964097" lon="5.065414">
        <ele>181.35</ele>
        <time>2023-06-28T09:29:55Z</time>
      </trkpt>
      <trkpt lat="43.964086" lon="5.065315">
        <ele>179.9</ele>
        <time>2023-06-28T09:30:04Z</time>
      </trkpt>
      <trkpt lat="43.964047" lon="5.065006">
        <ele>178.46</ele>
        <time>2023-06-28T09:30:22Z</time>
      </trkpt>
      <trkpt lat="43.964058" lon="5.064772">
        <ele>177.5</ele>
        <time>2023-06-28T09:30:41Z</time>
      </trkpt>
      <trkpt lat="43.964021" lon="5.064711">
        <ele>174.62</ele>
        <time>2023-06-28T09:31:06Z</time>
      </trkpt>
      <trkpt lat="43.963844" lon="5.064587">
        <ele>171.73</ele>
        <time>2023-06-28T09:31:24Z</time>
      </trkpt>
      <trkpt lat="43.963844" lon="5.064560">
        <ele>171.25</ele>
        <time>2023-06-28T09:31:26Z</time>
      </trkpt>
      <trkpt lat="43.963808" lon="5.064307">
        <ele>167.89</ele>
        <time>2023-06-28T09:31:39Z</time>
      </trkpt>
      <trkpt lat="43.963766" lon="5.064174">
        <ele>164.52</ele>
        <time>2023-06-28T09:31:47Z</time>
      </trkpt>
      <trkpt lat="43.963747" lon="5.064146">
        <ele>163.56</ele>
        <time>2023-06-28T09:31:50Z</time>
      </trkpt>
      <trkpt lat="43.963653" lon="5.063935">
        <ele>160.2</ele>
        <time>2023-06-28T09:32:07Z</time>
      </trkpt>
      <trkpt lat="43.963544" lon="5.063761">
        <ele>156.83</ele>
        <time>2023-06-28T09:32:23Z</time>
      </trkpt>
      <trkpt lat="43.963446" lon="5.063663">
        <ele>153.47</ele>
        <time>2023-06-28T09:32:34Z</time>
      </trkpt>
      <trkpt lat="43.963325" lon="5.063527">
        <ele>150.58</ele>
        <time>2023-06-28T09:32:44Z</time>
      </trkpt>
      <trkpt lat="43.963172" lon="5.063459">
        <ele>147.22</ele>
        <time>2023-06-28T09:32:55Z</time>
      </trkpt>
      <trkpt lat="43.962986" lon="5.063310">
        <ele>144.34</ele>
        <time>2023-06-28T09:33:14Z</time>
      </trkpt>
      <trkpt lat="43.962824" lon="5.063038">
        <ele>144.34</ele>
        <time>2023-06-28T09:33:35Z</time>
      </trkpt>
      <trkpt lat="43.962661" lon="5.062794">
        <ele>141.93</ele>
        <time>2023-06-28T09:33:57Z</time>
      </trkpt>
      <trkpt lat="43.962510" lon="5.062636">
        <ele>138.57</ele>
        <time>2023-06-28T09:34:12Z</time>
      </trkpt>
      <trkpt lat="43.962420" lon="5.062621">
        <ele>137.61</ele>
        <time>2023-06-28T09:34:21Z</time>
      </trkpt>
      <trkpt lat="43.962257" lon="5.062956">
        <ele>134.72</ele>
        <time>2023-06-28T09:34:48Z</time>
      </trkpt>
      <trkpt lat="43.962066" lon="5.063169">
        <ele>135.2</ele>
        <time>2023-06-28T09:35:10Z</time>
      </trkpt>
      <trkpt lat="43.961926" lon="5.063387">
        <ele>134.72</ele>
        <time>2023-06-28T09:35:33Z</time>
      </trkpt>
      <trkpt lat="43.961856" lon="5.063510">
        <ele>136.64</ele>
        <time>2023-06-28T09:35:40Z</time>
      </trkpt>
      <trkpt lat="43.961795" lon="5.063909">
        <ele>138.57</ele>
        <time>2023-06-28T09:36:03Z</time>
      </trkpt>
      <trkpt lat="43.961753" lon="5.064050">
        <ele>141.45</ele>
        <time>2023-06-28T09:36:12Z</time>
      </trkpt>
      <trkpt lat="43.961745" lon="5.064090">
        <ele>142.41</ele>
        <time>2023-06-28T09:36:14Z</time>
      </trkpt>
      <trkpt lat="43.961745" lon="5.064111">
        <ele>142.41</ele>
        <time>2023-06-28T09:36:15Z</time>
      </trkpt>
      <trkpt lat="43.961764" lon="5.064514">
        <ele>143.37</ele>
        <time>2023-06-28T09:36:37Z</time>
      </trkpt>
      <trkpt lat="43.961755" lon="5.064908">
        <ele>142.89</ele>
        <time>2023-06-28T09:36:59Z</time>
      </trkpt>
      <trkpt lat="43.961753" lon="5.065293">
        <ele>145.3</ele>
        <time>2023-06-28T09:37:19Z</time>
      </trkpt>
      <trkpt lat="43.961586" lon="5.065475">
        <ele>148.18</ele>
        <time>2023-06-28T09:37:36Z</time>
      </trkpt>
      <trkpt lat="43.961465" lon="5.065717">
        <ele>151.06</ele>
        <time>2023-06-28T09:37:51Z</time>
      </trkpt>
      <trkpt lat="43.961402" lon="5.066149">
        <ele>147.7</ele>
        <time>2023-06-28T09:38:15Z</time>
      </trkpt>
      <trkpt lat="43.961369" lon="5.066529">
        <ele>144.82</ele>
        <time>2023-06-28T09:38:34Z</time>
      </trkpt>
      <trkpt lat="43.961270" lon="5.066823">
        <ele>142.89</ele>
        <time>2023-06-28T09:38:53Z</time>
      </trkpt>
      <trkpt lat="43.961188" lon="5.066953">
        <ele>142.41</ele>
        <time>2023-06-28T09:39:03Z</time>
      </trkpt>
      <trkpt lat="43.961163" lon="5.067190">
        <ele>139.53</ele>
        <time>2023-06-28T09:39:18Z</time>
      </trkpt>
      <trkpt lat="43.961167" lon="5.067205">
        <ele>139.05</ele>
        <time>2023-06-28T09:39:19Z</time>
      </trkpt>
      <trkpt lat="43.961213" lon="5.067540">
        <ele>135.68</ele>
        <time>2023-06-28T09:39:36Z</time>
      </trkpt>
      <trkpt lat="43.961246" lon="5.067944">
        <ele>132.8</ele>
        <time>2023-06-28T09:39:59Z</time>
      </trkpt>
      <trkpt lat="43.961268" lon="5.068203">
        <ele>132.8</ele>
        <time>2023-06-28T09:40:21Z</time>
      </trkpt>
      <trkpt lat="43.961281" lon="5.068355">
        <ele>133.28</ele>
        <time>2023-06-28T09:40:31Z</time>
      </trkpt>
      <trkpt lat="43.961292" lon="5.068822">
        <ele>134.24</ele>
        <time>2023-06-28T09:40:52Z</time>
      </trkpt>
      <trkpt lat="43.961241" lon="5.069397">
        <ele>135.68</ele>
        <time>2023-06-28T09:41:19Z</time>
      </trkpt>
      <trkpt lat="43.961188" lon="5.069512">
        <ele>139.05</ele>
        <time>2023-06-28T09:41:32Z</time>
      </trkpt>
      <trkpt lat="43.961171" lon="5.069531">
        <ele>142.41</ele>
        <time>2023-06-28T09:41:42Z</time>
      </trkpt>
      <trkpt lat="43.961144" lon="5.069717">
        <ele>145.3</ele>
        <time>2023-06-28T09:41:54Z</time>
      </trkpt>
      <trkpt lat="43.961123" lon="5.069976">
        <ele>146.74</ele>
        <time>2023-06-28T09:42:10Z</time>
      </trkpt>
      <trkpt lat="43.961282" lon="5.070168">
        <ele>148.18</ele>
        <time>2023-06-28T09:42:28Z</time>
      </trkpt>
      <trkpt lat="43.961546" lon="5.070244">
        <ele>150.58</ele>
        <time>2023-06-28T09:42:49Z</time>
      </trkpt>
      <trkpt lat="43.961745" lon="5.070373">
        <ele>152.51</ele>
        <time>2023-06-28T09:43:07Z</time>
      </trkpt>
      <trkpt lat="43.961892" lon="5.070505">
        <ele>154.43</ele>
        <time>2023-06-28T09:43:24Z</time>
      </trkpt>
      <trkpt lat="43.962108" lon="5.070703">
        <ele>156.83</ele>
        <time>2023-06-28T09:43:44Z</time>
      </trkpt>
      <trkpt lat="43.962182" lon="5.070783">
        <ele>158.27</ele>
        <time>2023-06-28T09:44:02Z</time>
      </trkpt>
      <trkpt lat="43.962195" lon="5.070784">
        <ele>157.31</ele>
        <time>2023-06-28T09:44:22Z</time>
      </trkpt>
      <trkpt lat="43.962296" lon="5.070870">
        <ele>156.83</ele>
        <time>2023-06-28T09:44:39Z</time>
      </trkpt>
      <trkpt lat="43.962511" lon="5.070976">
        <ele>156.83</ele>
        <time>2023-06-28T09:44:58Z</time>
      </trkpt>
      <trkpt lat="43.962747" lon="5.071173">
        <ele>156.35</ele>
        <time>2023-06-28T09:45:22Z</time>
      </trkpt>
      <trkpt lat="43.962901" lon="5.071474">
        <ele>156.35</ele>
        <time>2023-06-28T09:45:46Z</time>
      </trkpt>
      <trkpt lat="43.962703" lon="5.071584">
        <ele>153.95</ele>
        <time>2023-06-28T09:46:09Z</time>
      </trkpt>
      <trkpt lat="43.962375" lon="5.071675">
        <ele>154.43</ele>
        <time>2023-06-28T09:46:34Z</time>
      </trkpt>
      <trkpt lat="43.962339" lon="5.071712">
        <ele>154.91</ele>
        <time>2023-06-28T09:46:37Z</time>
      </trkpt>
      <trkpt lat="43.962146" lon="5.071945">
        <ele>157.79</ele>
        <time>2023-06-28T09:46:57Z</time>
      </trkpt>
      <trkpt lat="43.962123" lon="5.072029">
        <ele>161.16</ele>
        <time>2023-06-28T09:47:01Z</time>
      </trkpt>
      <trkpt lat="43.962073" lon="5.072088">
        <ele>164.52</ele>
        <time>2023-06-28T09:47:08Z</time>
      </trkpt>
      <trkpt lat="43.961976" lon="5.072254">
        <ele>167.89</ele>
        <time>2023-06-28T09:47:20Z</time>
      </trkpt>
      <trkpt lat="43.961862" lon="5.072573">
        <ele>169.33</ele>
        <time>2023-06-28T09:47:42Z</time>
      </trkpt>
      <trkpt lat="43.961818" lon="5.072855">
        <ele>169.81</ele>
        <time>2023-06-28T09:47:57Z</time>
      </trkpt>
      <trkpt lat="43.961901" lon="5.073155">
        <ele>170.77</ele>
        <time>2023-06-28T09:48:17Z</time>
      </trkpt>
      <trkpt lat="43.961919" lon="5.073187">
        <ele>171.25</ele>
        <time>2023-06-28T09:48:20Z</time>
      </trkpt>
      <trkpt lat="43.962013" lon="5.073518">
        <ele>174.14</ele>
        <time>2023-06-28T09:48:39Z</time>
      </trkpt>
      <trkpt lat="43.962146" lon="5.073915">
        <ele>173.66</ele>
        <time>2023-06-28T09:49:02Z</time>
      </trkpt>
      <trkpt lat="43.962315" lon="5.074207">
        <ele>171.73</ele>
        <time>2023-06-28T09:49:23Z</time>
      </trkpt>
      <trkpt lat="43.962361" lon="5.074295">
        <ele>171.25</ele>
        <time>2023-06-28T09:49:28Z</time>
      </trkpt>
      <trkpt lat="43.962525" lon="5.074673">
        <ele>172.21</ele>
        <time>2023-06-28T09:49:50Z</time>
      </trkpt>
      <trkpt lat="43.962718" lon="5.075051">
        <ele>173.17</ele>
        <time>2023-06-28T09:50:16Z</time>
      </trkpt>
      <trkpt lat="43.962740" lon="5.075067">
        <ele>173.66</ele>
        <time>2023-06-28T09:50:18Z</time>
      </trkpt>
      <trkpt lat="43.963001" lon="5.075252">
        <ele>173.17</ele>
        <time>2023-06-28T09:50:40Z</time>
      </trkpt>
      <trkpt lat="43.963316" lon="5.075375">
        <ele>179.6</ele>
        <time>2023-06-28T09:51:03Z</time>
      </trkpt>
      <trkpt lat="43.963316" lon="5.075375">
        <ele>179.6</ele>
        <time>2023-06-28T09:51:03Z</time>
      </trkpt>
      <trkpt lat="43.963603" lon="5.075579">
        <ele>197.69</ele>
        <time>2023-06-28T06:15:17Z</time>
      </trkpt>
      <trkpt lat="43.963641" lon="5.075502">
        <ele>199.61</ele>
        <time>2023-06-28T06:15:50Z</time>
      </trkpt>
      <trkpt lat="43.963600" lon="5.075583">
        <ele>188.56</ele>
        <time>2023-06-28T06:18:40Z</time>
      </trkpt>
      <trkpt lat="43.963602" lon="5.075591">
        <ele>189.52</ele>
        <time>2023-06-28T06:19:10Z</time>
      </trkpt>
      <trkpt lat="43.963605" lon="5.075592">
        <ele>192.88</ele>
        <time>2023-06-28T06:19:32Z</time>
      </trkpt>
      <trkpt lat="43.963644" lon="5.075618">
        <ele>190</ele>
        <time>2023-06-28T06:20:28Z</time>
      </trkpt>
      <trkpt lat="43.963656" lon="5.075618">
        <ele>190</ele>
        <time>2023-06-28T06:20:29Z</time>
      </trkpt>
      <trkpt lat="43.963859" lon="5.075694">
        <ele>188.56</ele>
        <time>2023-06-28T06:20:46Z</time>
      </trkpt>
      <trkpt lat="43.963940" lon="5.075712">
        <ele>187.11</ele>
        <time>2023-06-28T06:20:52Z</time>
      </trkpt>
      <trkpt lat="43.964072" lon="5.075882">
        <ele>189.52</ele>
        <time>2023-06-28T06:21:09Z</time>
      </trkpt>
      <trkpt lat="43.964105" lon="5.075928">
        <ele>190</ele>
        <time>2023-06-28T06:21:13Z</time>
      </trkpt>
      <trkpt lat="43.964224" lon="5.076010">
        <ele>190.48</ele>
        <time>2023-06-28T06:21:26Z</time>
      </trkpt>
      <trkpt lat="43.964229" lon="5.076084">
        <ele>191.44</ele>
        <time>2023-06-28T06:21:31Z</time>
      </trkpt>
      <trkpt lat="43.964258" lon="5.076145">
        <ele>194.8</ele>
        <time>2023-06-28T06:21:45Z</time>
      </trkpt>
      <trkpt lat="43.964306" lon="5.076267">
        <ele>194.32</ele>
        <time>2023-06-28T06:22:01Z</time>
      </trkpt>
      <trkpt lat="43.964292" lon="5.076415">
        <ele>194.32</ele>
        <time>2023-06-28T06:22:10Z</time>
      </trkpt>
      <trkpt lat="43.964304" lon="5.076516">
        <ele>194.8</ele>
        <time>2023-06-28T06:22:16Z</time>
      </trkpt>
      <trkpt lat="43.964322" lon="5.076557">
        <ele>195.28</ele>
        <time>2023-06-28T06:22:19Z</time>
      </trkpt>
      <trkpt lat="43.964283" lon="5.076607">
        <ele>195.28</ele>
        <time>2023-06-28T06:22:24Z</time>
      </trkpt>
      <trkpt lat="43.964295" lon="5.076766">
        <ele>194.32</ele>
        <time>2023-06-28T06:22:33Z</time>
      </trkpt>
      <trkpt lat="43.964186" lon="5.077004">
        <ele>194.8</ele>
        <time>2023-06-28T06:22:51Z</time>
      </trkpt>
      <trkpt lat="43.964171" lon="5.077025">
        <ele>194.32</ele>
        <time>2023-06-28T06:22:53Z</time>
      </trkpt>
      <trkpt lat="43.964258" lon="5.077092">
        <ele>194.8</ele>
        <time>2023-06-28T06:23:08Z</time>
      </trkpt>
      <trkpt lat="43.964428" lon="5.077200">
        <ele>193.84</ele>
        <time>2023-06-28T06:23:21Z</time>
      </trkpt>
      <trkpt lat="43.964641" lon="5.077218">
        <ele>196.73</ele>
        <time>2023-06-28T06:23:38Z</time>
      </trkpt>
      <trkpt lat="43.964676" lon="5.077259">
        <ele>197.21</ele>
        <time>2023-06-28T06:23:43Z</time>
      </trkpt>
      <trkpt lat="43.964698" lon="5.077290">
        <ele>197.69</ele>
        <time>2023-06-28T06:23:46Z</time>
      </trkpt>
      <trkpt lat="43.964730" lon="5.077296">
        <ele>197.69</ele>
        <time>2023-06-28T06:23:49Z</time>
      </trkpt>
      <trkpt lat="43.964818" lon="5.077359">
        <ele>201.05</ele>
        <time>2023-06-28T06:23:59Z</time>
      </trkpt>
      <trkpt lat="43.964897" lon="5.077482">
        <ele>203.94</ele>
        <time>2023-06-28T06:24:13Z</time>
      </trkpt>
      <trkpt lat="43.965001" lon="5.077508">
        <ele>205.86</ele>
        <time>2023-06-28T06:24:21Z</time>
      </trkpt>
      <trkpt lat="43.965152" lon="5.077709">
        <ele>207.3</ele>
        <time>2023-06-28T06:24:37Z</time>
      </trkpt>
      <trkpt lat="43.965209" lon="5.077966">
        <ele>208.74</ele>
        <time>2023-06-28T06:24:54Z</time>
      </trkpt>
      <trkpt lat="43.965169" lon="5.078255">
        <ele>208.74</ele>
        <time>2023-06-28T06:25:11Z</time>
      </trkpt>
      <trkpt lat="43.965165" lon="5.078310">
        <ele>209.22</ele>
        <time>2023-06-28T06:25:14Z</time>
      </trkpt>
      <trkpt lat="43.965224" lon="5.078538">
        <ele>210.67</ele>
        <time>2023-06-28T06:25:31Z</time>
      </trkpt>
      <trkpt lat="43.965217" lon="5.078530">
        <ele>212.59</ele>
        <time>2023-06-28T06:25:57Z</time>
      </trkpt>
      <trkpt lat="43.965291" lon="5.078698">
        <ele>211.63</ele>
        <time>2023-06-28T06:26:13Z</time>
      </trkpt>
      <trkpt lat="43.965269" lon="5.078757">
        <ele>211.63</ele>
        <time>2023-06-28T06:26:17Z</time>
      </trkpt>
      <trkpt lat="43.965238" lon="5.078967">
        <ele>212.59</ele>
        <time>2023-06-28T06:26:31Z</time>
      </trkpt>
      <trkpt lat="43.965227" lon="5.079158">
        <ele>215.95</ele>
        <time>2023-06-28T06:26:46Z</time>
      </trkpt>
      <trkpt lat="43.965234" lon="5.079249">
        <ele>218.84</ele>
        <time>2023-06-28T06:26:58Z</time>
      </trkpt>
      <trkpt lat="43.965215" lon="5.079240">
        <ele>220.76</ele>
        <time>2023-06-28T06:27:21Z</time>
      </trkpt>
      <trkpt lat="43.965222" lon="5.079264">
        <ele>221.72</ele>
        <time>2023-06-28T06:27:40Z</time>
      </trkpt>
      <trkpt lat="43.965251" lon="5.079232">
        <ele>221.72</ele>
        <time>2023-06-28T06:27:54Z</time>
      </trkpt>
      <trkpt lat="43.965247" lon="5.079239">
        <ele>225.09</ele>
        <time>2023-06-28T06:28:17Z</time>
      </trkpt>
      <trkpt lat="43.965244" lon="5.079235">
        <ele>226.53</ele>
        <time>2023-06-28T06:28:36Z</time>
      </trkpt>
      <trkpt lat="43.965243" lon="5.079296">
        <ele>229.41</ele>
        <time>2023-06-28T06:28:48Z</time>
      </trkpt>
      <trkpt lat="43.965286" lon="5.079258">
        <ele>230.37</ele>
        <time>2023-06-28T06:29:17Z</time>
      </trkpt>
      <trkpt lat="43.965279" lon="5.079236">
        <ele>230.85</ele>
        <time>2023-06-28T06:29:40Z</time>
      </trkpt>
      <trkpt lat="43.965325" lon="5.079295">
        <ele>230.37</ele>
        <time>2023-06-28T06:29:55Z</time>
      </trkpt>
      <trkpt lat="43.965378" lon="5.079328">
        <ele>228.45</ele>
        <time>2023-06-28T06:30:03Z</time>
      </trkpt>
      <trkpt lat="43.965516" lon="5.079412">
        <ele>226.53</ele>
        <time>2023-06-28T06:30:18Z</time>
      </trkpt>
      <trkpt lat="43.965685" lon="5.079398">
        <ele>225.57</ele>
        <time>2023-06-28T06:30:33Z</time>
      </trkpt>
      <trkpt lat="43.965858" lon="5.079372">
        <ele>225.57</ele>
        <time>2023-06-28T06:30:49Z</time>
      </trkpt>
      <trkpt lat="43.965889" lon="5.079341">
        <ele>225.57</ele>
        <time>2023-06-28T06:30:52Z</time>
      </trkpt>
      <trkpt lat="43.966139" lon="5.079192">
        <ele>226.05</ele>
        <time>2023-06-28T06:31:15Z</time>
      </trkpt>
      <trkpt lat="43.966367" lon="5.079241">
        <ele>226.05</ele>
        <time>2023-06-28T06:31:33Z</time>
      </trkpt>
      <trkpt lat="43.966568" lon="5.079393">
        <ele>225.57</ele>
        <time>2023-06-28T06:31:50Z</time>
      </trkpt>
      <trkpt lat="43.966790" lon="5.079458">
        <ele>226.53</ele>
        <time>2023-06-28T06:32:07Z</time>
      </trkpt>
      <trkpt lat="43.966984" lon="5.079550">
        <ele>226.53</ele>
        <time>2023-06-28T06:32:29Z</time>
      </trkpt>
      <trkpt lat="43.966945" lon="5.079755">
        <ele>226.53</ele>
        <time>2023-06-28T06:32:41Z</time>
      </trkpt>
      <trkpt lat="43.966918" lon="5.080008">
        <ele>223.16</ele>
        <time>2023-06-28T06:32:57Z</time>
      </trkpt>
      <trkpt lat="43.966906" lon="5.080345">
        <ele>220.28</ele>
        <time>2023-06-28T06:33:21Z</time>
      </trkpt>
      <trkpt lat="43.967234" lon="5.080257">
        <ele>218.84</ele>
        <time>2023-06-28T06:33:46Z</time>
      </trkpt>
      <trkpt lat="43.967440" lon="5.080291">
        <ele>216.43</ele>
        <time>2023-06-28T06:34:07Z</time>
      </trkpt>
      <trkpt lat="43.967455" lon="5.080157">
        <ele>218.84</ele>
        <time>2023-06-28T06:34:22Z</time>
      </trkpt>
      <trkpt lat="43.967508" lon="5.080086">
        <ele>219.8</ele>
        <time>2023-06-28T06:34:24Z</time>
      </trkpt>
      <trkpt lat="43.967668" lon="5.079968">
        <ele>222.2</ele>
        <time>2023-06-28T06:34:38Z</time>
      </trkpt>
      <trkpt lat="43.967793" lon="5.080098">
        <ele>226.05</ele>
        <time>2023-06-28T06:34:54Z</time>
      </trkpt>
      <trkpt lat="43.967827" lon="5.080106">
        <ele>227.01</ele>
        <time>2023-06-28T06:34:57Z</time>
      </trkpt>
      <trkpt lat="43.968016" lon="5.080061">
        <ele>227.97</ele>
        <time>2023-06-28T06:35:12Z</time>
      </trkpt>
      <trkpt lat="43.968151" lon="5.080058">
        <ele>227.97</ele>
        <time>2023-06-28T06:35:25Z</time>
      </trkpt>
      <trkpt lat="43.968285" lon="5.080133">
        <ele>228.93</ele>
        <time>2023-06-28T06:35:42Z</time>
      </trkpt>
      <trkpt lat="43.968247" lon="5.080136">
        <ele>230.37</ele>
        <time>2023-06-28T06:36:12Z</time>
      </trkpt>
      <trkpt lat="43.968237" lon="5.080159">
        <ele>231.81</ele>
        <time>2023-06-28T06:36:41Z</time>
      </trkpt>
      <trkpt lat="43.968294" lon="5.080133">
        <ele>233.26</ele>
        <time>2023-06-28T06:36:59Z</time>
      </trkpt>
      <trkpt lat="43.968412" lon="5.079940">
        <ele>236.62</ele>
        <time>2023-06-28T06:37:15Z</time>
      </trkpt>
      <trkpt lat="43.968433" lon="5.079925">
        <ele>236.62</ele>
        <time>2023-06-28T06:37:17Z</time>
      </trkpt>
      <trkpt lat="43.968597" lon="5.079973">
        <ele>239.99</ele>
        <time>2023-06-28T06:37:30Z</time>
      </trkpt>
      <trkpt lat="43.968863" lon="5.080077">
        <ele>242.39</ele>
        <time>2023-06-28T06:37:48Z</time>
      </trkpt>
      <trkpt lat="43.969081" lon="5.079936">
        <ele>240.47</ele>
        <time>2023-06-28T06:38:04Z</time>
      </trkpt>
      <trkpt lat="43.969340" lon="5.079880">
        <ele>240.47</ele>
        <time>2023-06-28T06:38:24Z</time>
      </trkpt>
      <trkpt lat="43.969588" lon="5.079950">
        <ele>238.54</ele>
        <time>2023-06-28T06:38:42Z</time>
      </trkpt>
      <trkpt lat="43.969654" lon="5.079938">
        <ele>239.99</ele>
        <time>2023-06-28T06:38:57Z</time>
      </trkpt>
      <trkpt lat="43.969660" lon="5.079927">
        <ele>238.06</ele>
        <time>2023-06-28T06:39:07Z</time>
      </trkpt>
      <trkpt lat="43.969652" lon="5.079954">
        <ele>235.66</ele>
        <time>2023-06-28T06:39:36Z</time>
      </trkpt>
      <trkpt lat="43.969653" lon="5.079953">
        <ele>234.7</ele>
        <time>2023-06-28T06:40:12Z</time>
      </trkpt>
      <trkpt lat="43.969661" lon="5.079916">
        <ele>235.66</ele>
        <time>2023-06-28T06:40:48Z</time>
      </trkpt>
      <trkpt lat="43.969671" lon="5.079902">
        <ele>235.18</ele>
        <time>2023-06-28T06:41:08Z</time>
      </trkpt>
      <trkpt lat="43.969669" lon="5.079847">
        <ele>234.7</ele>
        <time>2023-06-28T06:41:24Z</time>
      </trkpt>
      <trkpt lat="43.969686" lon="5.079820">
        <ele>234.22</ele>
        <time>2023-06-28T06:41:36Z</time>
      </trkpt>
      <trkpt lat="43.969695" lon="5.079750">
        <ele>234.22</ele>
        <time>2023-06-28T06:41:40Z</time>
      </trkpt>
      <trkpt lat="43.969782" lon="5.079440">
        <ele>233.26</ele>
        <time>2023-06-28T06:42:00Z</time>
      </trkpt>
      <trkpt lat="43.969794" lon="5.079315">
        <ele>233.74</ele>
        <time>2023-06-28T06:42:16Z</time>
      </trkpt>
      <trkpt lat="43.969777" lon="5.079305">
        <ele>233.74</ele>
        <time>2023-06-28T06:42:18Z</time>
      </trkpt>
      <trkpt lat="43.969696" lon="5.079082">
        <ele>232.3</ele>
        <time>2023-06-28T06:42:35Z</time>
      </trkpt>
      <trkpt lat="43.969703" lon="5.079020">
        <ele>232.3</ele>
        <time>2023-06-28T06:42:39Z</time>
      </trkpt>
      <trkpt lat="43.969588" lon="5.078813">
        <ele>230.37</ele>
        <time>2023-06-28T06:42:55Z</time>
      </trkpt>
      <trkpt lat="43.969487" lon="5.078538">
        <ele>229.41</ele>
        <time>2023-06-28T06:43:13Z</time>
      </trkpt>
      <trkpt lat="43.969431" lon="5.078389">
        <ele>228.45</ele>
        <time>2023-06-28T06:43:22Z</time>
      </trkpt>
      <trkpt lat="43.969382" lon="5.078371">
        <ele>227.49</ele>
        <time>2023-06-28T06:43:26Z</time>
      </trkpt>
      <trkpt lat="43.969261" lon="5.078438">
        <ele>226.05</ele>
        <time>2023-06-28T06:43:36Z</time>
      </trkpt>
      <trkpt lat="43.969214" lon="5.078343">
        <ele>224.61</ele>
        <time>2023-06-28T06:43:45Z</time>
      </trkpt>
      <trkpt lat="43.969196" lon="5.078245">
        <ele>224.12</ele>
        <time>2023-06-28T06:43:51Z</time>
      </trkpt>
      <trkpt lat="43.969110" lon="5.078281">
        <ele>222.2</ele>
        <time>2023-06-28T06:43:58Z</time>
      </trkpt>
      <trkpt lat="43.969026" lon="5.078415">
        <ele>219.32</ele>
        <time>2023-06-28T06:44:08Z</time>
      </trkpt>
      <trkpt lat="43.968955" lon="5.078405">
        <ele>218.36</ele>
        <time>2023-06-28T06:44:15Z</time>
      </trkpt>
      <trkpt lat="43.968900" lon="5.078449">
        <ele>218.36</ele>
        <time>2023-06-28T06:44:20Z</time>
      </trkpt>
      <trkpt lat="43.968671" lon="5.078348">
        <ele>217.4</ele>
        <time>2023-06-28T06:44:38Z</time>
      </trkpt>
      <trkpt lat="43.968663" lon="5.078194">
        <ele>217.88</ele>
        <time>2023-06-28T06:44:49Z</time>
      </trkpt>
      <trkpt lat="43.968630" lon="5.078120">
        <ele>217.4</ele>
        <time>2023-06-28T06:44:56Z</time>
      </trkpt>
      <trkpt lat="43.968640" lon="5.077997">
        <ele>217.4</ele>
        <time>2023-06-28T06:45:03Z</time>
      </trkpt>
      <trkpt lat="43.968617" lon="5.077915">
        <ele>216.91</ele>
        <time>2023-06-28T06:45:08Z</time>
      </trkpt>
      <trkpt lat="43.968611" lon="5.077882">
        <ele>216.91</ele>
        <time>2023-06-28T06:45:10Z</time>
      </trkpt>
      <trkpt lat="43.968621" lon="5.077809">
        <ele>216.43</ele>
        <time>2023-06-28T06:45:15Z</time>
      </trkpt>
      <trkpt lat="43.968618" lon="5.077776">
        <ele>215.95</ele>
        <time>2023-06-28T06:45:17Z</time>
      </trkpt>
      <trkpt lat="43.968431" lon="5.077635">
        <ele>214.51</ele>
        <time>2023-06-28T06:45:33Z</time>
      </trkpt>
      <trkpt lat="43.968378" lon="5.077506">
        <ele>212.11</ele>
        <time>2023-06-28T06:45:43Z</time>
      </trkpt>
      <trkpt lat="43.968369" lon="5.077379">
        <ele>211.15</ele>
        <time>2023-06-28T06:45:53Z</time>
      </trkpt>
      <trkpt lat="43.968394" lon="5.077323">
        <ele>209.7</ele>
        <time>2023-06-28T06:45:57Z</time>
      </trkpt>
      <trkpt lat="43.968454" lon="5.077283">
        <ele>207.78</ele>
        <time>2023-06-28T06:46:04Z</time>
      </trkpt>
      <trkpt lat="43.968498" lon="5.077268">
        <ele>206.82</ele>
        <time>2023-06-28T06:46:07Z</time>
      </trkpt>
      <trkpt lat="43.968551" lon="5.077182">
        <ele>205.38</ele>
        <time>2023-06-28T06:46:23Z</time>
      </trkpt>
      <trkpt lat="43.968562" lon="5.077152">
        <ele>205.38</ele>
        <time>2023-06-28T06:46:41Z</time>
      </trkpt>
      <trkpt lat="43.968555" lon="5.077144">
        <ele>206.34</ele>
        <time>2023-06-28T06:47:06Z</time>
      </trkpt>
      <trkpt lat="43.968557" lon="5.077139">
        <ele>204.9</ele>
        <time>2023-06-28T06:47:21Z</time>
      </trkpt>
      <trkpt lat="43.968561" lon="5.077142">
        <ele>202.98</ele>
        <time>2023-06-28T06:47:36Z</time>
      </trkpt>
      <trkpt lat="43.968554" lon="5.077172">
        <ele>202.49</ele>
        <time>2023-06-28T06:47:52Z</time>
      </trkpt>
      <trkpt lat="43.968561" lon="5.077178">
        <ele>201.53</ele>
        <time>2023-06-28T06:48:13Z</time>
      </trkpt>
      <trkpt lat="43.968558" lon="5.077171">
        <ele>202.49</ele>
        <time>2023-06-28T06:48:37Z</time>
      </trkpt>
      <trkpt lat="43.968550" lon="5.077152">
        <ele>202.49</ele>
        <time>2023-06-28T06:48:54Z</time>
      </trkpt>
      <trkpt lat="43.968565" lon="5.077167">
        <ele>202.49</ele>
        <time>2023-06-28T06:49:12Z</time>
      </trkpt>
      <trkpt lat="43.968527" lon="5.077130">
        <ele>201.53</ele>
        <time>2023-06-28T06:49:37Z</time>
      </trkpt>
      <trkpt lat="43.968473" lon="5.077065">
        <ele>200.57</ele>
        <time>2023-06-28T06:49:43Z</time>
      </trkpt>
      <trkpt lat="43.968328" lon="5.076932">
        <ele>200.09</ele>
        <time>2023-06-28T06:50:00Z</time>
      </trkpt>
      <trkpt lat="43.968186" lon="5.076827">
        <ele>197.21</ele>
        <time>2023-06-28T06:50:16Z</time>
      </trkpt>
      <trkpt lat="43.968079" lon="5.076768">
        <ele>194.32</ele>
        <time>2023-06-28T06:50:29Z</time>
      </trkpt>
      <trkpt lat="43.968228" lon="5.076729">
        <ele>190.96</ele>
        <time>2023-06-28T06:50:42Z</time>
      </trkpt>
      <trkpt lat="43.968408" lon="5.076689">
        <ele>187.59</ele>
        <time>2023-06-28T06:50:59Z</time>
      </trkpt>
      <trkpt lat="43.968431" lon="5.076622">
        <ele>186.63</ele>
        <time>2023-06-28T06:51:13Z</time>
      </trkpt>
      <trkpt lat="43.968430" lon="5.076616">
        <ele>187.59</ele>
        <time>2023-06-28T06:51:35Z</time>
      </trkpt>
      <trkpt lat="43.968387" lon="5.076562">
        <ele>189.04</ele>
        <time>2023-06-28T06:51:56Z</time>
      </trkpt>
      <trkpt lat="43.968339" lon="5.076580">
        <ele>188.56</ele>
        <time>2023-06-28T06:52:13Z</time>
      </trkpt>
      <trkpt lat="43.968269" lon="5.076564">
        <ele>188.56</ele>
        <time>2023-06-28T06:52:21Z</time>
      </trkpt>
      <trkpt lat="43.968220" lon="5.076530">
        <ele>187.59</ele>
        <time>2023-06-28T06:52:26Z</time>
      </trkpt>
      <trkpt lat="43.968128" lon="5.076459">
        <ele>186.15</ele>
        <time>2023-06-28T06:52:35Z</time>
      </trkpt>
      <trkpt lat="43.967880" lon="5.076392">
        <ele>183.75</ele>
        <time>2023-06-28T06:52:54Z</time>
      </trkpt>
      <trkpt lat="43.967885" lon="5.076351">
        <ele>181.83</ele>
        <time>2023-06-28T06:53:06Z</time>
      </trkpt>
      <trkpt lat="43.967882" lon="5.076373">
        <ele>181.35</ele>
        <time>2023-06-28T06:53:27Z</time>
      </trkpt>
      <trkpt lat="43.967916" lon="5.076399">
        <ele>182.79</ele>
        <time>2023-06-28T06:54:07Z</time>
      </trkpt>
      <trkpt lat="43.967889" lon="5.076423">
        <ele>179.9</ele>
        <time>2023-06-28T06:54:31Z</time>
      </trkpt>
      <trkpt lat="43.967873" lon="5.076373">
        <ele>177.5</ele>
        <time>2023-06-28T06:55:06Z</time>
      </trkpt>
      <trkpt lat="43.967685" lon="5.076363">
        <ele>177.02</ele>
        <time>2023-06-28T06:55:21Z</time>
      </trkpt>
      <trkpt lat="43.967605" lon="5.076404">
        <ele>176.54</ele>
        <time>2023-06-28T06:55:28Z</time>
      </trkpt>
      <trkpt lat="43.967421" lon="5.076532">
        <ele>177.5</ele>
        <time>2023-06-28T06:55:44Z</time>
      </trkpt>
      <trkpt lat="43.967265" lon="5.076663">
        <ele>175.1</ele>
        <time>2023-06-28T06:55:59Z</time>
      </trkpt>
      <trkpt lat="43.967249" lon="5.076668">
        <ele>174.14</ele>
        <time>2023-06-28T06:56:01Z</time>
      </trkpt>
      <trkpt lat="43.967168" lon="5.076590">
        <ele>171.25</ele>
        <time>2023-06-28T06:56:13Z</time>
      </trkpt>
      <trkpt lat="43.967149" lon="5.076551">
        <ele>169.81</ele>
        <time>2023-06-28T06:56:29Z</time>
      </trkpt>
      <trkpt lat="43.967163" lon="5.076567">
        <ele>169.81</ele>
        <time>2023-06-28T06:56:34Z</time>
      </trkpt>
      <trkpt lat="43.967210" lon="5.076613">
        <ele>170.29</ele>
        <time>2023-06-28T06:56:45Z</time>
      </trkpt>
      <trkpt lat="43.967097" lon="5.076467">
        <ele>170.29</ele>
        <time>2023-06-28T06:56:59Z</time>
      </trkpt>
      <trkpt lat="43.967080" lon="5.076458">
        <ele>171.25</ele>
        <time>2023-06-28T06:57:21Z</time>
      </trkpt>
      <trkpt lat="43.967072" lon="5.076412">
        <ele>171.73</ele>
        <time>2023-06-28T06:57:44Z</time>
      </trkpt>
      <trkpt lat="43.967056" lon="5.076392">
        <ele>174.62</ele>
        <time>2023-06-28T06:58:08Z</time>
      </trkpt>
      <trkpt lat="43.967063" lon="5.076389">
        <ele>177.98</ele>
        <time>2023-06-28T06:58:26Z</time>
      </trkpt>
      <trkpt lat="43.967057" lon="5.076361">
        <ele>177.02</ele>
        <time>2023-06-28T06:58:47Z</time>
      </trkpt>
      <trkpt lat="43.967031" lon="5.076292">
        <ele>176.06</ele>
        <time>2023-06-28T06:58:55Z</time>
      </trkpt>
      <trkpt lat="43.967012" lon="5.076277">
        <ele>175.58</ele>
        <time>2023-06-28T06:58:57Z</time>
      </trkpt>
      <trkpt lat="43.966996" lon="5.076220">
        <ele>174.62</ele>
        <time>2023-06-28T06:59:01Z</time>
      </trkpt>
      <trkpt lat="43.967003" lon="5.076154">
        <ele>174.14</ele>
        <time>2023-06-28T06:59:05Z</time>
      </trkpt>
      <trkpt lat="43.967035" lon="5.075922">
        <ele>175.58</ele>
        <time>2023-06-28T06:59:20Z</time>
      </trkpt>
      <trkpt lat="43.967049" lon="5.075832">
        <ele>175.58</ele>
        <time>2023-06-28T06:59:26Z</time>
      </trkpt>
      <trkpt lat="43.967071" lon="5.075585">
        <ele>172.21</ele>
        <time>2023-06-28T06:59:41Z</time>
      </trkpt>
      <trkpt lat="43.967063" lon="5.075505">
        <ele>170.29</ele>
        <time>2023-06-28T06:59:46Z</time>
      </trkpt>
      <trkpt lat="43.967149" lon="5.075318">
        <ele>166.93</ele>
        <time>2023-06-28T06:59:57Z</time>
      </trkpt>
      <trkpt lat="43.967204" lon="5.075028">
        <ele>165</ele>
        <time>2023-06-28T07:00:13Z</time>
      </trkpt>
      <trkpt lat="43.967285" lon="5.074831">
        <ele>165.96</ele>
        <time>2023-06-28T07:00:25Z</time>
      </trkpt>
      <trkpt lat="43.967324" lon="5.074768">
        <ele>165.48</ele>
        <time>2023-06-28T07:00:30Z</time>
      </trkpt>
      <trkpt lat="43.967327" lon="5.074619">
        <ele>165.48</ele>
        <time>2023-06-28T07:00:38Z</time>
      </trkpt>
      <trkpt lat="43.967306" lon="5.074287">
        <ele>162.6</ele>
        <time>2023-06-28T07:00:55Z</time>
      </trkpt>
      <trkpt lat="43.967304" lon="5.074192">
        <ele>159.24</ele>
        <time>2023-06-28T07:01:00Z</time>
      </trkpt>
      <trkpt lat="43.967324" lon="5.074124">
        <ele>156.35</ele>
        <time>2023-06-28T07:01:06Z</time>
      </trkpt>
      <trkpt lat="43.967332" lon="5.074114">
        <ele>155.87</ele>
        <time>2023-06-28T07:01:07Z</time>
      </trkpt>
      <trkpt lat="43.967392" lon="5.074017">
        <ele>154.91</ele>
        <time>2023-06-28T07:01:21Z</time>
      </trkpt>
      <trkpt lat="43.967468" lon="5.073981">
        <ele>152.03</ele>
        <time>2023-06-28T07:01:29Z</time>
      </trkpt>
      <trkpt lat="43.967542" lon="5.073924">
        <ele>149.62</ele>
        <time>2023-06-28T07:01:37Z</time>
      </trkpt>
      <trkpt lat="43.967651" lon="5.073936">
        <ele>147.7</ele>
        <time>2023-06-28T07:01:47Z</time>
      </trkpt>
      <trkpt lat="43.967701" lon="5.073939">
        <ele>147.7</ele>
        <time>2023-06-28T07:01:51Z</time>
      </trkpt>
      <trkpt lat="43.967860" lon="5.073858">
        <ele>146.74</ele>
        <time>2023-06-28T07:02:05Z</time>
      </trkpt>
      <trkpt lat="43.968055" lon="5.073737">
        <ele>145.3</ele>
        <time>2023-06-28T07:02:23Z</time>
      </trkpt>
      <trkpt lat="43.968241" lon="5.073630">
        <ele>145.3</ele>
        <time>2023-06-28T07:02:42Z</time>
      </trkpt>
      <trkpt lat="43.968241" lon="5.073632">
        <ele>146.26</ele>
        <time>2023-06-28T07:03:52Z</time>
      </trkpt>
      <trkpt lat="43.968278" lon="5.073602">
        <ele>147.7</ele>
        <time>2023-06-28T07:04:11Z</time>
      </trkpt>
      <trkpt lat="43.968294" lon="5.073551">
        <ele>147.22</ele>
        <time>2023-06-28T07:04:14Z</time>
      </trkpt>
      <trkpt lat="43.968289" lon="5.073250">
        <ele>144.34</ele>
        <time>2023-06-28T07:04:33Z</time>
      </trkpt>
      <trkpt lat="43.968299" lon="5.073214">
        <ele>146.26</ele>
        <time>2023-06-28T07:07:39Z</time>
      </trkpt>
      <trkpt lat="43.968383" lon="5.073180">
        <ele>145.3</ele>
        <time>2023-06-28T07:09:14Z</time>
      </trkpt>
      <trkpt lat="43.968558" lon="5.073117">
        <ele>142.41</ele>
        <time>2023-06-28T07:09:32Z</time>
      </trkpt>
    </trkseg>
  </trk>
  <trk>
    <name><![CDATA[trace GPX n°4 Piégros liaison 2]]></name>
    <extensions>
      <line xmlns="http://www.topografix.com/GPX/gpx_style/0/2">
        <color>FF0000</color>
        <width>4</width>
      </line>
    </extensions>
    <trkseg>
      <trkpt lat="43.964135" lon="5.065424">
        <ele>166.5</ele>
      </trkpt>
      <trkpt lat="43.963998" lon="5.065990">
        <ele>167.8</ele>
      </trkpt>
      <trkpt lat="43.964033" lon="5.066457">
        <ele>168.9</ele>
      </trkpt>
      <trkpt lat="43.964149" lon="5.066781">
        <ele>170.4</ele>
      </trkpt>
      <trkpt lat="43.964350" lon="5.067101">
        <ele>172.9</ele>
      </trkpt>
      <trkpt lat="43.964590" lon="5.067658">
        <ele>178.6</ele>
      </trkpt>
      <trkpt lat="43.964667" lon="5.067948">
        <ele>180</ele>
      </trkpt>
      <trkpt lat="43.964597" lon="5.068066">
        <ele>181.8</ele>
      </trkpt>
      <trkpt lat="43.964597" lon="5.068409">
        <ele>180.8</ele>
      </trkpt>
      <trkpt lat="43.964829" lon="5.068742">
        <ele>181.4</ele>
      </trkpt>
      <trkpt lat="43.965038" lon="5.068742">
        <ele>181.9</ele>
      </trkpt>
      <trkpt lat="43.965485" lon="5.068699">
        <ele>181.7</ele>
      </trkpt>
      <trkpt lat="43.965733" lon="5.068699">
        <ele>181.7</ele>
      </trkpt>
      <trkpt lat="43.966292" lon="5.069016">
        <ele>176.6</ele>
      </trkpt>
      <trkpt lat="43.966292" lon="5.069016">
        <ele>176.6</ele>
      </trkpt>
      <trkpt lat="43.966292" lon="5.069016">
        <ele>176.6</ele>
      </trkpt>
    </trkseg>
  </trk>
</gpx>