<?xml version="1.0" encoding="UTF-8" standalone="no" ?>
<gpx creator="CompeGPS" version="1.1" xsi:schemaLocation="http://www.topografix.com/GPX/1/1 http://www.topografix.com/GPX/1/1/gpx.xsd http://www.garmin.com/xmlschemas/WaypointExtension/v1 http://www8.garmin.com/xmlschemas/WaypointExtensionv1.xsd http://www.garmin.com/xmlschemas/TrackPointExtension/v1 http://www.garmin.com/xmlschemas/TrackPointExtensionv1.xsd http://www.garmin.com/xmlschemas/GpxExtensions/v3 http://www8.garmin.com/xmlschemas/GpxExtensionsv3.xsd http://www.garmin.com/xmlschemas/ActivityExtension/v1 http://www8.garmin.com/xmlschemas/ActivityExtensionv1.xsd http://www.garmin.com/xmlschemas/AdventuresExtensions/v1 http://www8.garmin.com/xmlschemas/AdventuresExtensionv1.xsd http://www.garmin.com/xmlschemas/PressureExtension/v1 http://www.garmin.com/xmlschemas/PressureExtensionv1.xsd http://www.garmin.com/xmlschemas/TripExtensions/v1 http://www.garmin.com/xmlschemas/TripExtensionsv1.xsd http://www.garmin.com/xmlschemas/TripMetaDataExtensions/v1 http://www.garmin.com/xmlschemas/TripMetaDataExtensionsv1.xsd http://www.garmin.com/xmlschemas/ViaPointTransportationModeExtensions/v1 http://www.garmin.com/xmlschemas/ViaPointTransportationModeExtensionsv1.xsd http://www.garmin.com/xmlschemas/CreationTimeExtension/v1 http://www.garmin.com/xmlschemas/CreationTimeExtensionsv1.xsd http://www.garmin.com/xmlschemas/AccelerationExtension/v1 http://www.garmin.com/xmlschemas/AccelerationExtensionv1.xsd http://www.garmin.com/xmlschemas/PowerExtension/v1 http://www.garmin.com/xmlschemas/PowerExtensionv1.xsd http://www.garmin.com/xmlschemas/VideoExtension/v1 http://www.garmin.com/xmlschemas/VideoExtensionv1.xsd" xmlns="http://www.topografix.com/GPX/1/1" xmlns:xsi="http://www.w3.org/2001/XMLSchema-instance" xmlns:wptx1="http://www.garmin.com/xmlschemas/WaypointExtension/v1" xmlns:gpxtrx="http://www.garmin.com/xmlschemas/GpxExtensions/v3" xmlns:gpxtpx="http://www.garmin.com/xmlschemas/TrackPointExtension/v1" xmlns:gpxx="http://www.garmin.com/xmlschemas/GpxExtensions/v3" xmlns:trp="http://www.garmin.com/xmlschemas/TripExtensions/v1" xmlns:adv="http://www.garmin.com/xmlschemas/AdventuresExtensions/v1" xmlns:prs="http://www.garmin.com/xmlschemas/PressureExtension/v1" xmlns:tmd="http://www.garmin.com/xmlschemas/TripMetaDataExtensions/v1" xmlns:vptm="http://www.garmin.com/xmlschemas/ViaPointTransportationModeExtensions/v1" xmlns:ctx="http://www.garmin.com/xmlschemas/CreationTimeExtension/v1" xmlns:gpxacc="http://www.garmin.com/xmlschemas/AccelerationExtension/v1" xmlns:gpxpx="http://www.garmin.com/xmlschemas/PowerExtension/v1" xmlns:vidx1="http://www.garmin.com/xmlschemas/VideoExtension/v1" xmlns:twonav="http://twonav.com/twonav">
  <metadata>
    <author>
      <email id="" domain=""/>
    </author>
    <copyright author="">
      <license></license>
    </copyright>
    <link href="http://www.compegps.com">
      <text>CompeGPS TEAM, SL</text>
    </link>
    <time>2020-06-01T16:15:29.000Z</time>
    <bounds maxlat="43.999650" maxlon="5.150120" minlat="43.953790" minlon="5.119010"/>
  </metadata>
  <trk>
    <name>T9 rouge</name>
    <extensions>
      <line xmlns="http://www.topografix.com/GPX/gpx_style/0/2">
        <width>4</width>
      </line>
      <gpxx:TrackExtension>
        <gpxx:DisplayColor>Red</gpxx:DisplayColor>
      </gpxx:TrackExtension>
      <twonav:TwoNavExtension>
        <twonav:activity>4</twonav:activity>
        <twonav:terrain>0</twonav:terrain>
      </twonav:TwoNavExtension>
    </extensions>
    <trkseg>
      <trkpt lat="43.988108" lon="5.149458">
        <ele>319.5</ele>
        <time>2020-06-01T13:46:11.000Z</time>
      </trkpt>
      <trkpt lat="43.988356" lon="5.149103">
        <ele>317.6</ele>
        <time>2020-06-01T13:46:11.000Z</time>
      </trkpt>
      <trkpt lat="43.988652" lon="5.148906">
        <ele>314.0</ele>
        <time>2020-06-01T13:46:11.000Z</time>
      </trkpt>
      <trkpt lat="43.989176" lon="5.149121">
        <ele>308.8</ele>
        <time>2020-06-01T13:46:11.000Z</time>
      </trkpt>
      <trkpt lat="43.989694" lon="5.149130">
        <ele>303.3</ele>
        <time>2020-06-01T13:46:11.000Z</time>
      </trkpt>
      <trkpt lat="43.990460" lon="5.148850">
        <ele>298.5</ele>
        <time>2020-06-01T13:46:11.000Z</time>
      </trkpt>
      <trkpt lat="43.990440" lon="5.148750">
        <ele>298.2</ele>
        <time>2020-06-01T13:46:14.000Z</time>
      </trkpt>
      <trkpt lat="43.989570" lon="5.146840">
        <ele>303.7</ele>
        <time>2020-06-01T13:47:36.000Z</time>
      </trkpt>
      <trkpt lat="43.989560" lon="5.146790">
        <ele>303.7</ele>
        <time>2020-06-01T13:47:38.000Z</time>
      </trkpt>
      <trkpt lat="43.989470" lon="5.146740">
        <ele>303.8</ele>
        <time>2020-06-01T13:47:43.000Z</time>
      </trkpt>
      <trkpt lat="43.988630" lon="5.145350">
        <ele>295.3</ele>
        <time>2020-06-01T13:48:48.000Z</time>
      </trkpt>
      <trkpt lat="43.988390" lon="5.144960">
        <ele>291.2</ele>
        <time>2020-06-01T13:49:06.000Z</time>
      </trkpt>
      <trkpt lat="43.988190" lon="5.144990">
        <ele>290.1</ele>
        <time>2020-06-01T13:49:16.000Z</time>
      </trkpt>
      <trkpt lat="43.988140" lon="5.144950">
        <ele>288.7</ele>
        <time>2020-06-01T13:49:19.000Z</time>
      </trkpt>
      <trkpt lat="43.988130" lon="5.144900">
        <ele>287.3</ele>
        <time>2020-06-01T13:49:21.000Z</time>
      </trkpt>
      <trkpt lat="43.988250" lon="5.144770">
        <ele>285.7</ele>
        <time>2020-06-01T13:49:29.000Z</time>
      </trkpt>
      <trkpt lat="43.988500" lon="5.144410">
        <ele>279.8</ele>
        <time>2020-06-01T13:49:47.000Z</time>
      </trkpt>
      <trkpt lat="43.988500" lon="5.144370">
        <ele>279.0</ele>
        <time>2020-06-01T13:49:48.000Z</time>
      </trkpt>
      <trkpt lat="43.988470" lon="5.144340">
        <ele>278.2</ele>
        <time>2020-06-01T13:49:50.000Z</time>
      </trkpt>
      <trkpt lat="43.988420" lon="5.144370">
        <ele>278.3</ele>
        <time>2020-06-01T13:49:53.000Z</time>
      </trkpt>
      <trkpt lat="43.988390" lon="5.144420">
        <ele>279.2</ele>
        <time>2020-06-01T13:49:55.000Z</time>
      </trkpt>
      <trkpt lat="43.988370" lon="5.144420">
        <ele>279.0</ele>
        <time>2020-06-01T13:49:56.000Z</time>
      </trkpt>
      <trkpt lat="43.988340" lon="5.144410">
        <ele>278.4</ele>
        <time>2020-06-01T13:49:58.000Z</time>
      </trkpt>
      <trkpt lat="43.988330" lon="5.144350">
        <ele>277.1</ele>
        <time>2020-06-01T13:50:00.000Z</time>
      </trkpt>
      <trkpt lat="43.988400" lon="5.144280">
        <ele>276.1</ele>
        <time>2020-06-01T13:50:04.000Z</time>
      </trkpt>
      <trkpt lat="43.988490" lon="5.144260">
        <ele>276.8</ele>
        <time>2020-06-01T13:50:09.000Z</time>
      </trkpt>
      <trkpt lat="43.988560" lon="5.144220">
        <ele>276.8</ele>
        <time>2020-06-01T13:50:13.000Z</time>
      </trkpt>
      <trkpt lat="43.988580" lon="5.144180">
        <ele>276.2</ele>
        <time>2020-06-01T13:50:14.000Z</time>
      </trkpt>
      <trkpt lat="43.988580" lon="5.144140">
        <ele>275.2</ele>
        <time>2020-06-01T13:50:16.000Z</time>
      </trkpt>
      <trkpt lat="43.988560" lon="5.144100">
        <ele>273.9</ele>
        <time>2020-06-01T13:50:18.000Z</time>
      </trkpt>
      <trkpt lat="43.988520" lon="5.144110">
        <ele>273.4</ele>
        <time>2020-06-01T13:50:20.000Z</time>
      </trkpt>
      <trkpt lat="43.988450" lon="5.144160">
        <ele>274.0</ele>
        <time>2020-06-01T13:50:24.000Z</time>
      </trkpt>
      <trkpt lat="43.988350" lon="5.144190">
        <ele>273.5</ele>
        <time>2020-06-01T13:50:29.000Z</time>
      </trkpt>
      <trkpt lat="43.988200" lon="5.144180">
        <ele>271.2</ele>
        <time>2020-06-01T13:50:36.000Z</time>
      </trkpt>
      <trkpt lat="43.988150" lon="5.144130">
        <ele>269.1</ele>
        <time>2020-06-01T13:50:39.000Z</time>
      </trkpt>
      <trkpt lat="43.987920" lon="5.143550">
        <ele>250.4</ele>
        <time>2020-06-01T13:51:03.000Z</time>
      </trkpt>
      <trkpt lat="43.987730" lon="5.143270">
        <ele>242.4</ele>
        <time>2020-06-01T13:51:17.000Z</time>
      </trkpt>
      <trkpt lat="43.987730" lon="5.143270">
        <ele>242.4</ele>
        <time>2020-06-01T13:51:17.000Z</time>
      </trkpt>
      <trkpt lat="43.987730" lon="5.143270">
        <ele>242.4</ele>
        <time>2020-06-01T13:51:17.000Z</time>
      </trkpt>
      <trkpt lat="43.987600" lon="5.143190">
        <ele>240.0</ele>
        <time>2020-06-01T13:51:24.000Z</time>
      </trkpt>
      <trkpt lat="43.987350" lon="5.143240">
        <ele>239.2</ele>
        <time>2020-06-01T13:51:37.000Z</time>
      </trkpt>
    </trkseg>
    <trkseg>
      <trkpt lat="43.987350" lon="5.143240">
        <ele>239.2</ele>
        <time>2020-06-01T13:51:37.000Z</time>
      </trkpt>
      <trkpt lat="43.986700" lon="5.143220">
        <ele>235.2</ele>
        <time>2020-06-01T13:52:09.000Z</time>
      </trkpt>
      <trkpt lat="43.986600" lon="5.143170">
        <ele>233.8</ele>
        <time>2020-06-01T13:52:15.000Z</time>
      </trkpt>
      <trkpt lat="43.986570" lon="5.143120">
        <ele>232.9</ele>
        <time>2020-06-01T13:52:17.000Z</time>
      </trkpt>
      <trkpt lat="43.986496" lon="5.142892">
        <ele>229.7</ele>
        <time>2020-06-01T13:53:52.269Z</time>
      </trkpt>
      <trkpt lat="43.986388" lon="5.142039">
        <ele>238.1</ele>
        <time>2020-06-01T13:55:46.000Z</time>
      </trkpt>
      <trkpt lat="43.986478" lon="5.141964">
        <ele>239.1</ele>
        <time>2020-06-01T13:55:50.000Z</time>
      </trkpt>
      <trkpt lat="43.986400" lon="5.141840">
        <ele>243.3</ele>
        <time>2020-06-01T13:55:59.000Z</time>
      </trkpt>
      <trkpt lat="43.986350" lon="5.141770">
        <ele>245.7</ele>
        <time>2020-06-01T13:56:02.000Z</time>
      </trkpt>
      <trkpt lat="43.986370" lon="5.141550">
        <ele>252.5</ele>
        <time>2020-06-01T13:56:10.000Z</time>
      </trkpt>
      <trkpt lat="43.986420" lon="5.141430">
        <ele>256.5</ele>
        <time>2020-06-01T13:56:15.000Z</time>
      </trkpt>
      <trkpt lat="43.986420" lon="5.141370">
        <ele>258.4</ele>
        <time>2020-06-01T13:56:18.000Z</time>
      </trkpt>
      <trkpt lat="43.986340" lon="5.141290">
        <ele>262.4</ele>
        <time>2020-06-01T13:56:23.000Z</time>
      </trkpt>
      <trkpt lat="43.986000" lon="5.141210">
        <ele>269.7</ele>
        <time>2020-06-01T13:56:40.000Z</time>
      </trkpt>
      <trkpt lat="43.985960" lon="5.141130">
        <ele>273.4</ele>
        <time>2020-06-01T13:56:43.000Z</time>
      </trkpt>
      <trkpt lat="43.985960" lon="5.141070">
        <ele>275.2</ele>
        <time>2020-06-01T13:56:45.000Z</time>
      </trkpt>
      <trkpt lat="43.986010" lon="5.140950">
        <ele>278.7</ele>
        <time>2020-06-01T13:56:50.000Z</time>
      </trkpt>
      <trkpt lat="43.985990" lon="5.140850">
        <ele>282.7</ele>
        <time>2020-06-01T13:56:54.000Z</time>
      </trkpt>
      <trkpt lat="43.986040" lon="5.140640">
        <ele>285.5</ele>
        <time>2020-06-01T13:57:02.000Z</time>
      </trkpt>
      <trkpt lat="43.986040" lon="5.140570">
        <ele>286.8</ele>
        <time>2020-06-01T13:57:05.000Z</time>
      </trkpt>
      <trkpt lat="43.986070" lon="5.140410">
        <ele>289.0</ele>
        <time>2020-06-01T13:57:11.000Z</time>
      </trkpt>
      <trkpt lat="43.986140" lon="5.139700">
        <ele>298.2</ele>
        <time>2020-06-01T13:57:36.000Z</time>
      </trkpt>
      <trkpt lat="43.986190" lon="5.139370">
        <ele>301.4</ele>
        <time>2020-06-01T13:57:49.000Z</time>
      </trkpt>
      <trkpt lat="43.986251" lon="5.139202">
        <ele>302.7</ele>
        <time>2020-06-01T13:58:01.000Z</time>
      </trkpt>
      <trkpt lat="43.986180" lon="5.139070">
        <ele>303.6</ele>
        <time>2020-06-01T13:58:09.000Z</time>
      </trkpt>
      <trkpt lat="43.986180" lon="5.138910">
        <ele>304.0</ele>
        <time>2020-06-01T13:58:15.000Z</time>
      </trkpt>
      <trkpt lat="43.986020" lon="5.138460">
        <ele>305.8</ele>
        <time>2020-06-01T13:58:33.000Z</time>
      </trkpt>
      <trkpt lat="43.985810" lon="5.137940">
        <ele>303.7</ele>
        <time>2020-06-01T13:58:55.000Z</time>
      </trkpt>
      <trkpt lat="43.985810" lon="5.137940">
        <ele>303.7</ele>
        <time>2020-06-01T13:58:55.000Z</time>
      </trkpt>
      <trkpt lat="43.985810" lon="5.137940">
        <ele>303.7</ele>
        <time>2020-06-01T13:58:55.000Z</time>
      </trkpt>
      <trkpt lat="43.985790" lon="5.137830">
        <ele>302.9</ele>
        <time>2020-06-01T13:58:59.000Z</time>
      </trkpt>
      <trkpt lat="43.985800" lon="5.137710">
        <ele>301.9</ele>
        <time>2020-06-01T13:59:03.000Z</time>
      </trkpt>
      <trkpt lat="43.986020" lon="5.137120">
        <ele>297.8</ele>
        <time>2020-06-01T13:59:27.000Z</time>
      </trkpt>
      <trkpt lat="43.986180" lon="5.136810">
        <ele>295.6</ele>
        <time>2020-06-01T13:59:41.000Z</time>
      </trkpt>
      <trkpt lat="43.986610" lon="5.136180">
        <ele>290.9</ele>
        <time>2020-06-01T14:00:12.000Z</time>
      </trkpt>
      <trkpt lat="43.986810" lon="5.135850">
        <ele>290.1</ele>
        <time>2020-06-01T14:00:28.000Z</time>
      </trkpt>
      <trkpt lat="43.986860" lon="5.135690">
        <ele>289.6</ele>
        <time>2020-06-01T14:00:34.000Z</time>
      </trkpt>
      <trkpt lat="43.986920" lon="5.135600">
        <ele>289.4</ele>
        <time>2020-06-01T14:00:38.000Z</time>
      </trkpt>
      <trkpt lat="43.986650" lon="5.135390">
        <ele>287.0</ele>
        <time>2020-06-01T14:00:54.000Z</time>
      </trkpt>
      <trkpt lat="43.986570" lon="5.135260">
        <ele>286.9</ele>
        <time>2020-06-01T14:01:00.000Z</time>
      </trkpt>
      <trkpt lat="43.986270" lon="5.134640">
        <ele>288.3</ele>
        <time>2020-06-01T14:01:27.000Z</time>
      </trkpt>
      <trkpt lat="43.986180" lon="5.134420">
        <ele>289.2</ele>
        <time>2020-06-01T14:01:36.000Z</time>
      </trkpt>
      <trkpt lat="43.986110" lon="5.134320">
        <ele>289.8</ele>
        <time>2020-06-01T14:01:41.000Z</time>
      </trkpt>
      <trkpt lat="43.985970" lon="5.134240">
        <ele>290.9</ele>
        <time>2020-06-01T14:01:48.000Z</time>
      </trkpt>
      <trkpt lat="43.985870" lon="5.134260">
        <ele>291.6</ele>
        <time>2020-06-01T14:01:54.000Z</time>
      </trkpt>
      <trkpt lat="43.985750" lon="5.134250">
        <ele>292.1</ele>
        <time>2020-06-01T14:02:00.000Z</time>
      </trkpt>
      <trkpt lat="43.985440" lon="5.134090">
        <ele>292.7</ele>
        <time>2020-06-01T14:02:16.000Z</time>
      </trkpt>
    </trkseg>
    <trkseg>
      <trkpt lat="43.985750" lon="5.134250">
        <ele>292.1</ele>
        <time>2020-06-01T14:02:00.000Z</time>
      </trkpt>
      <trkpt lat="43.985440" lon="5.134090">
        <ele>292.7</ele>
        <time>2020-06-01T14:02:16.000Z</time>
      </trkpt>
      <trkpt lat="43.985200" lon="5.133850">
        <ele>292.7</ele>
        <time>2020-06-01T14:02:31.000Z</time>
      </trkpt>
      <trkpt lat="43.985160" lon="5.133780">
        <ele>292.8</ele>
        <time>2020-06-01T14:02:34.000Z</time>
      </trkpt>
      <trkpt lat="43.985160" lon="5.133730">
        <ele>292.7</ele>
        <time>2020-06-01T14:02:36.000Z</time>
      </trkpt>
      <trkpt lat="43.985130" lon="5.133690">
        <ele>292.7</ele>
        <time>2020-06-01T14:02:38.000Z</time>
      </trkpt>
      <trkpt lat="43.985040" lon="5.133480">
        <ele>292.9</ele>
        <time>2020-06-01T14:02:47.000Z</time>
      </trkpt>
      <trkpt lat="43.984820" lon="5.133270">
        <ele>295.1</ele>
        <time>2020-06-01T14:03:00.000Z</time>
      </trkpt>
      <trkpt lat="43.984800" lon="5.133230">
        <ele>295.5</ele>
        <time>2020-06-01T14:03:02.000Z</time>
      </trkpt>
      <trkpt lat="43.984810" lon="5.133040">
        <ele>296.6</ele>
        <time>2020-06-01T14:03:09.000Z</time>
      </trkpt>
      <trkpt lat="43.984660" lon="5.132800">
        <ele>298.8</ele>
        <time>2020-06-01T14:03:20.000Z</time>
      </trkpt>
      <trkpt lat="43.983680" lon="5.131890">
        <ele>300.7</ele>
        <time>2020-06-01T14:04:19.000Z</time>
      </trkpt>
      <trkpt lat="43.983570" lon="5.131800">
        <ele>300.4</ele>
        <time>2020-06-01T14:04:26.000Z</time>
      </trkpt>
      <trkpt lat="43.983530" lon="5.131790">
        <ele>300.4</ele>
        <time>2020-06-01T14:04:28.000Z</time>
      </trkpt>
      <trkpt lat="43.983310" lon="5.131780">
        <ele>300.3</ele>
        <time>2020-06-01T14:04:39.000Z</time>
      </trkpt>
      <trkpt lat="43.983190" lon="5.131800">
        <ele>300.3</ele>
        <time>2020-06-01T14:04:45.000Z</time>
      </trkpt>
      <trkpt lat="43.983070" lon="5.131860">
        <ele>300.3</ele>
        <time>2020-06-01T14:04:51.000Z</time>
      </trkpt>
      <trkpt lat="43.982800" lon="5.132060">
        <ele>300.8</ele>
        <time>2020-06-01T14:05:06.000Z</time>
      </trkpt>
      <trkpt lat="43.982690" lon="5.132120">
        <ele>300.8</ele>
        <time>2020-06-01T14:05:12.000Z</time>
      </trkpt>
      <trkpt lat="43.982440" lon="5.132130">
        <ele>300.0</ele>
        <time>2020-06-01T14:05:25.000Z</time>
      </trkpt>
      <trkpt lat="43.982280" lon="5.132160">
        <ele>298.5</ele>
        <time>2020-06-01T14:05:33.000Z</time>
      </trkpt>
      <trkpt lat="43.982110" lon="5.132230">
        <ele>297.2</ele>
        <time>2020-06-01T14:05:42.000Z</time>
      </trkpt>
      <trkpt lat="43.982010" lon="5.132300">
        <ele>296.7</ele>
        <time>2020-06-01T14:05:47.000Z</time>
      </trkpt>
      <trkpt lat="43.981880" lon="5.132440">
        <ele>296.9</ele>
        <time>2020-06-01T14:05:56.000Z</time>
      </trkpt>
      <trkpt lat="43.981800" lon="5.132560">
        <ele>297.6</ele>
        <time>2020-06-01T14:06:01.000Z</time>
      </trkpt>
      <trkpt lat="43.981300" lon="5.132740">
        <ele>293.5</ele>
        <time>2020-06-01T14:06:27.000Z</time>
      </trkpt>
      <trkpt lat="43.981300" lon="5.132740">
        <ele>293.5</ele>
        <time>2020-06-01T14:06:27.000Z</time>
      </trkpt>
      <trkpt lat="43.981300" lon="5.132740">
        <ele>293.5</ele>
        <time>2020-06-01T14:06:27.000Z</time>
      </trkpt>
      <trkpt lat="43.981140" lon="5.132740">
        <ele>291.0</ele>
        <time>2020-06-01T14:06:35.000Z</time>
      </trkpt>
      <trkpt lat="43.981020" lon="5.132710">
        <ele>288.9</ele>
        <time>2020-06-01T14:06:41.000Z</time>
      </trkpt>
      <trkpt lat="43.980810" lon="5.132940">
        <ele>288.9</ele>
        <time>2020-06-01T14:06:55.000Z</time>
      </trkpt>
      <trkpt lat="43.980540" lon="5.133030">
        <ele>286.4</ele>
        <time>2020-06-01T14:07:09.000Z</time>
      </trkpt>
      <trkpt lat="43.980330" lon="5.133030">
        <ele>283.4</ele>
        <time>2020-06-01T14:07:19.000Z</time>
      </trkpt>
      <trkpt lat="43.980180" lon="5.133110">
        <ele>282.1</ele>
        <time>2020-06-01T14:07:27.000Z</time>
      </trkpt>
      <trkpt lat="43.980060" lon="5.133230">
        <ele>281.2</ele>
        <time>2020-06-01T14:07:35.000Z</time>
      </trkpt>
      <trkpt lat="43.980000" lon="5.133250">
        <ele>280.3</ele>
        <time>2020-06-01T14:07:38.000Z</time>
      </trkpt>
      <trkpt lat="43.979810" lon="5.133370">
        <ele>281.7</ele>
        <time>2020-06-01T14:07:48.000Z</time>
      </trkpt>
      <trkpt lat="43.979620" lon="5.133370">
        <ele>282.0</ele>
        <time>2020-06-01T14:07:58.000Z</time>
      </trkpt>
      <trkpt lat="43.979360" lon="5.133340">
        <ele>282.5</ele>
        <time>2020-06-01T14:08:11.000Z</time>
      </trkpt>
      <trkpt lat="43.979290" lon="5.133310">
        <ele>282.9</ele>
        <time>2020-06-01T14:08:14.000Z</time>
      </trkpt>
      <trkpt lat="43.979230" lon="5.133200">
        <ele>283.9</ele>
        <time>2020-06-01T14:08:19.000Z</time>
      </trkpt>
      <trkpt lat="43.979160" lon="5.133160">
        <ele>284.6</ele>
        <time>2020-06-01T14:08:23.000Z</time>
      </trkpt>
      <trkpt lat="43.979130" lon="5.133150">
        <ele>285.1</ele>
        <time>2020-06-01T14:08:25.000Z</time>
      </trkpt>
      <trkpt lat="43.979160" lon="5.133160">
        <ele>284.6</ele>
        <time>2020-06-01T14:08:26.000Z</time>
      </trkpt>
      <trkpt lat="43.979170" lon="5.133210">
        <ele>284.1</ele>
        <time>2020-06-01T14:08:28.000Z</time>
      </trkpt>
      <trkpt lat="43.979170" lon="5.133260">
        <ele>283.6</ele>
        <time>2020-06-01T14:08:30.000Z</time>
      </trkpt>
      <trkpt lat="43.979200" lon="5.133340">
        <ele>282.9</ele>
        <time>2020-06-01T14:08:33.000Z</time>
      </trkpt>
      <trkpt lat="43.979210" lon="5.133820">
        <ele>282.1</ele>
        <time>2020-06-01T14:08:50.000Z</time>
      </trkpt>
      <trkpt lat="43.979140" lon="5.134100">
        <ele>281.7</ele>
        <time>2020-06-01T14:09:01.000Z</time>
      </trkpt>
      <trkpt lat="43.978980" lon="5.134600">
        <ele>286.7</ele>
        <time>2020-06-01T14:09:21.000Z</time>
      </trkpt>
      <trkpt lat="43.978590" lon="5.135460">
        <ele>292.1</ele>
        <time>2020-06-01T14:09:57.000Z</time>
      </trkpt>
    </trkseg>
    <trkseg>
      <trkpt lat="43.978980" lon="5.134600">
        <ele>286.7</ele>
        <time>2020-06-01T14:09:21.000Z</time>
      </trkpt>
      <trkpt lat="43.978590" lon="5.135460">
        <ele>292.1</ele>
        <time>2020-06-01T14:09:57.000Z</time>
      </trkpt>
      <trkpt lat="43.978510" lon="5.135720">
        <ele>292.1</ele>
        <time>2020-06-01T14:10:08.000Z</time>
      </trkpt>
      <trkpt lat="43.978500" lon="5.135910">
        <ele>292.1</ele>
        <time>2020-06-01T14:10:14.000Z</time>
      </trkpt>
      <trkpt lat="43.978510" lon="5.136110">
        <ele>292.5</ele>
        <time>2020-06-01T14:10:22.000Z</time>
      </trkpt>
      <trkpt lat="43.978620" lon="5.136430">
        <ele>293.7</ele>
        <time>2020-06-01T14:10:34.000Z</time>
      </trkpt>
      <trkpt lat="43.978630" lon="5.136620">
        <ele>294.3</ele>
        <time>2020-06-01T14:10:41.000Z</time>
      </trkpt>
      <trkpt lat="43.978590" lon="5.136940">
        <ele>295.5</ele>
        <time>2020-06-01T14:10:53.000Z</time>
      </trkpt>
      <trkpt lat="43.978600" lon="5.137050">
        <ele>296.2</ele>
        <time>2020-06-01T14:10:57.000Z</time>
      </trkpt>
      <trkpt lat="43.978680" lon="5.137720">
        <ele>300.8</ele>
        <time>2020-06-01T14:11:21.000Z</time>
      </trkpt>
      <trkpt lat="43.978770" lon="5.138190">
        <ele>304.5</ele>
        <time>2020-06-01T14:11:39.000Z</time>
      </trkpt>
      <trkpt lat="43.978860" lon="5.138880">
        <ele>309.8</ele>
        <time>2020-06-01T14:12:04.000Z</time>
      </trkpt>
      <trkpt lat="43.978790" lon="5.139140">
        <ele>310.1</ele>
        <time>2020-06-01T14:12:14.000Z</time>
      </trkpt>
      <trkpt lat="43.978540" lon="5.139920">
        <ele>311.0</ele>
        <time>2020-06-01T14:12:45.000Z</time>
      </trkpt>
      <trkpt lat="43.978740" lon="5.140320">
        <ele>319.5</ele>
        <time>2020-06-01T14:13:03.000Z</time>
      </trkpt>
      <trkpt lat="43.978900" lon="5.140290">
        <ele>322.5</ele>
        <time>2020-06-01T14:13:11.000Z</time>
      </trkpt>
      <trkpt lat="43.978930" lon="5.140470">
        <ele>325.3</ele>
        <time>2020-06-01T14:13:17.000Z</time>
      </trkpt>
      <trkpt lat="43.979170" lon="5.140590">
        <ele>331.3</ele>
        <time>2020-06-01T14:13:30.000Z</time>
      </trkpt>
      <trkpt lat="43.979190" lon="5.140630">
        <ele>331.9</ele>
        <time>2020-06-01T14:13:32.000Z</time>
      </trkpt>
      <trkpt lat="43.979110" lon="5.140950">
        <ele>333.7</ele>
        <time>2020-06-01T14:13:44.000Z</time>
      </trkpt>
      <trkpt lat="43.979110" lon="5.140950">
        <ele>333.7</ele>
        <time>2020-06-01T14:13:44.000Z</time>
      </trkpt>
      <trkpt lat="43.978920" lon="5.141310">
        <ele>333.4</ele>
        <time>2020-06-01T14:14:00.000Z</time>
      </trkpt>
      <trkpt lat="43.978840" lon="5.141530">
        <ele>334.5</ele>
        <time>2020-06-01T14:14:09.000Z</time>
      </trkpt>
      <trkpt lat="43.978840" lon="5.141530">
        <ele>334.5</ele>
        <time>2020-06-01T14:14:09.000Z</time>
      </trkpt>
      <trkpt lat="43.978560" lon="5.142160">
        <ele>339.0</ele>
        <time>2020-06-01T14:14:36.000Z</time>
      </trkpt>
      <trkpt lat="43.978550" lon="5.142230">
        <ele>339.7</ele>
        <time>2020-06-01T14:14:38.000Z</time>
      </trkpt>
      <trkpt lat="43.978580" lon="5.142270">
        <ele>340.2</ele>
        <time>2020-06-01T14:14:40.000Z</time>
      </trkpt>
      <trkpt lat="43.978480" lon="5.142320">
        <ele>340.9</ele>
        <time>2020-06-01T14:14:46.000Z</time>
      </trkpt>
      <trkpt lat="43.978280" lon="5.142500">
        <ele>343.4</ele>
        <time>2020-06-01T14:14:57.000Z</time>
      </trkpt>
      <trkpt lat="43.978220" lon="5.142690">
        <ele>344.7</ele>
        <time>2020-06-01T14:15:05.000Z</time>
      </trkpt>
      <trkpt lat="43.978090" lon="5.142880">
        <ele>345.9</ele>
        <time>2020-06-01T14:15:14.000Z</time>
      </trkpt>
      <trkpt lat="43.978020" lon="5.143020">
        <ele>347.3</ele>
        <time>2020-06-01T14:15:21.000Z</time>
      </trkpt>
      <trkpt lat="43.977800" lon="5.143530">
        <ele>351.3</ele>
        <time>2020-06-01T14:15:42.000Z</time>
      </trkpt>
      <trkpt lat="43.977710" lon="5.143790">
        <ele>352.7</ele>
        <time>2020-06-01T14:15:52.000Z</time>
      </trkpt>
      <trkpt lat="43.977550" lon="5.144060">
        <ele>355.5</ele>
        <time>2020-06-01T14:16:05.000Z</time>
      </trkpt>
      <trkpt lat="43.977330" lon="5.144530">
        <ele>354.3</ele>
        <time>2020-06-01T14:16:25.000Z</time>
      </trkpt>
      <trkpt lat="43.977180" lon="5.145030">
        <ele>353.4</ele>
        <time>2020-06-01T14:16:45.000Z</time>
      </trkpt>
      <trkpt lat="43.977110" lon="5.145190">
        <ele>352.7</ele>
        <time>2020-06-01T14:16:51.000Z</time>
      </trkpt>
    </trkseg>
    <trkseg>
      <trkpt lat="43.977330" lon="5.144530">
        <ele>354.3</ele>
        <time>2020-06-01T14:16:25.000Z</time>
      </trkpt>
      <trkpt lat="43.977180" lon="5.145030">
        <ele>353.4</ele>
        <time>2020-06-01T14:16:45.000Z</time>
      </trkpt>
      <trkpt lat="43.977110" lon="5.145190">
        <ele>352.7</ele>
        <time>2020-06-01T14:16:51.000Z</time>
      </trkpt>
      <trkpt lat="43.977070" lon="5.145390">
        <ele>351.4</ele>
        <time>2020-06-01T14:16:59.000Z</time>
      </trkpt>
      <trkpt lat="43.977070" lon="5.145390">
        <ele>351.4</ele>
        <time>2020-06-01T14:18:17.000Z</time>
      </trkpt>
      <trkpt lat="43.976680" lon="5.145870">
        <ele>352.8</ele>
        <time>2020-06-01T14:18:43.000Z</time>
      </trkpt>
      <trkpt lat="43.976280" lon="5.146500">
        <ele>359.1</ele>
        <time>2020-06-01T14:19:13.000Z</time>
      </trkpt>
      <trkpt lat="43.976170" lon="5.146560">
        <ele>361.0</ele>
        <time>2020-06-01T14:19:19.000Z</time>
      </trkpt>
      <trkpt lat="43.975950" lon="5.146610">
        <ele>364.8</ele>
        <time>2020-06-01T14:19:30.000Z</time>
      </trkpt>
      <trkpt lat="43.975460" lon="5.146650">
        <ele>370.3</ele>
        <time>2020-06-01T14:19:55.000Z</time>
      </trkpt>
      <trkpt lat="43.974960" lon="5.146710">
        <ele>375.8</ele>
        <time>2020-06-01T14:20:20.000Z</time>
      </trkpt>
      <trkpt lat="43.974480" lon="5.146740">
        <ele>378.7</ele>
        <time>2020-06-01T14:20:44.000Z</time>
      </trkpt>
      <trkpt lat="43.974290" lon="5.146790">
        <ele>380.8</ele>
        <time>2020-06-01T14:20:54.000Z</time>
      </trkpt>
      <trkpt lat="43.974130" lon="5.146910">
        <ele>383.7</ele>
        <time>2020-06-01T14:21:03.000Z</time>
      </trkpt>
      <trkpt lat="43.973960" lon="5.147100">
        <ele>386.2</ele>
        <time>2020-06-01T14:21:14.000Z</time>
      </trkpt>
      <trkpt lat="43.973890" lon="5.147270">
        <ele>389.0</ele>
        <time>2020-06-01T14:21:21.000Z</time>
      </trkpt>
      <trkpt lat="43.973870" lon="5.147390">
        <ele>391.3</ele>
        <time>2020-06-01T14:21:25.000Z</time>
      </trkpt>
      <trkpt lat="43.973840" lon="5.148350">
        <ele>402.3</ele>
        <time>2020-06-01T14:22:00.000Z</time>
      </trkpt>
      <trkpt lat="43.973650" lon="5.148940">
        <ele>404.2</ele>
        <time>2020-06-01T14:22:23.000Z</time>
      </trkpt>
      <trkpt lat="43.973650" lon="5.148940">
        <ele>404.2</ele>
        <time>2020-06-01T14:22:23.000Z</time>
      </trkpt>
      <trkpt lat="43.973570" lon="5.149030">
        <ele>404.3</ele>
        <time>2020-06-01T14:22:28.000Z</time>
      </trkpt>
      <trkpt lat="43.973540" lon="5.149140">
        <ele>404.8</ele>
        <time>2020-06-01T14:22:33.000Z</time>
      </trkpt>
      <trkpt lat="43.973420" lon="5.149260">
        <ele>405.2</ele>
        <time>2020-06-01T14:22:40.000Z</time>
      </trkpt>
      <trkpt lat="43.973270" lon="5.149350">
        <ele>403.3</ele>
        <time>2020-06-01T14:22:48.000Z</time>
      </trkpt>
      <trkpt lat="43.972860" lon="5.149430">
        <ele>389.5</ele>
        <time>2020-06-01T14:23:09.000Z</time>
      </trkpt>
      <trkpt lat="43.972860" lon="5.149430">
        <ele>389.5</ele>
        <time>2020-06-01T14:23:09.000Z</time>
      </trkpt>
      <trkpt lat="43.972600" lon="5.149430">
        <ele>380.4</ele>
        <time>2020-06-01T14:23:22.000Z</time>
      </trkpt>
      <trkpt lat="43.972510" lon="5.149490">
        <ele>377.7</ele>
        <time>2020-06-01T14:23:27.000Z</time>
      </trkpt>
      <trkpt lat="43.972440" lon="5.149590">
        <ele>378.1</ele>
        <time>2020-06-01T14:23:32.000Z</time>
      </trkpt>
      <trkpt lat="43.972410" lon="5.149510">
        <ele>377.2</ele>
        <time>2020-06-01T14:23:35.000Z</time>
      </trkpt>
      <trkpt lat="43.972340" lon="5.149470">
        <ele>376.5</ele>
        <time>2020-06-01T14:23:39.000Z</time>
      </trkpt>
      <trkpt lat="43.972260" lon="5.149500">
        <ele>376.3</ele>
        <time>2020-06-01T14:23:43.000Z</time>
      </trkpt>
      <trkpt lat="43.972200" lon="5.149560">
        <ele>376.5</ele>
        <time>2020-06-01T14:23:47.000Z</time>
      </trkpt>
      <trkpt lat="43.972080" lon="5.149320">
        <ele>374.4</ele>
        <time>2020-06-01T14:23:57.000Z</time>
      </trkpt>
      <trkpt lat="43.971900" lon="5.148750">
        <ele>372.4</ele>
        <time>2020-06-01T14:24:20.000Z</time>
      </trkpt>
      <trkpt lat="43.971890" lon="5.148220">
        <ele>372.0</ele>
        <time>2020-06-01T14:24:39.000Z</time>
      </trkpt>
      <trkpt lat="43.971860" lon="5.148000">
        <ele>373.0</ele>
        <time>2020-06-01T14:24:47.000Z</time>
      </trkpt>
      <trkpt lat="43.971900" lon="5.147290">
        <ele>375.2</ele>
        <time>2020-06-01T14:25:13.000Z</time>
      </trkpt>
    </trkseg>
    <trkseg>
      <trkpt lat="43.971900" lon="5.147290">
        <ele>375.2</ele>
        <time>2020-06-01T14:25:13.000Z</time>
      </trkpt>
      <trkpt lat="43.971850" lon="5.147090">
        <ele>377.6</ele>
        <time>2020-06-01T14:25:20.000Z</time>
      </trkpt>
      <trkpt lat="43.972000" lon="5.146710">
        <ele>374.8</ele>
        <time>2020-06-01T14:25:36.000Z</time>
      </trkpt>
      <trkpt lat="43.972000" lon="5.146540">
        <ele>374.9</ele>
        <time>2020-06-01T14:25:42.000Z</time>
      </trkpt>
      <trkpt lat="43.971950" lon="5.146470">
        <ele>376.7</ele>
        <time>2020-06-01T14:25:45.000Z</time>
      </trkpt>
      <trkpt lat="43.971890" lon="5.146450">
        <ele>378.7</ele>
        <time>2020-06-01T14:25:49.000Z</time>
      </trkpt>
      <trkpt lat="43.971190" lon="5.146500">
        <ele>399.1</ele>
        <time>2020-06-01T14:26:24.000Z</time>
      </trkpt>
      <trkpt lat="43.970640" lon="5.146480">
        <ele>411.4</ele>
        <time>2020-06-01T14:26:51.000Z</time>
      </trkpt>
      <trkpt lat="43.970530" lon="5.146450">
        <ele>413.0</ele>
        <time>2020-06-01T14:26:57.000Z</time>
      </trkpt>
      <trkpt lat="43.970380" lon="5.146290">
        <ele>414.1</ele>
        <time>2020-06-01T14:27:06.000Z</time>
      </trkpt>
      <trkpt lat="43.970200" lon="5.145970">
        <ele>414.6</ele>
        <time>2020-06-01T14:27:36.000Z</time>
      </trkpt>
      <trkpt lat="43.970230" lon="5.145920">
        <ele>413.7</ele>
        <time>2020-06-01T14:27:39.000Z</time>
      </trkpt>
      <trkpt lat="43.970220" lon="5.145840">
        <ele>413.3</ele>
        <time>2020-06-01T14:27:42.000Z</time>
      </trkpt>
      <trkpt lat="43.970170" lon="5.145700">
        <ele>414.2</ele>
        <time>2020-06-01T14:27:47.000Z</time>
      </trkpt>
      <trkpt lat="43.969960" lon="5.145290">
        <ele>417.2</ele>
        <time>2020-06-01T14:28:05.000Z</time>
      </trkpt>
      <trkpt lat="43.969860" lon="5.145140">
        <ele>417.8</ele>
        <time>2020-06-01T14:28:13.000Z</time>
      </trkpt>
      <trkpt lat="43.969650" lon="5.144220">
        <ele>417.6</ele>
        <time>2020-06-01T14:28:47.000Z</time>
      </trkpt>
      <trkpt lat="43.969550" lon="5.143940">
        <ele>416.7</ele>
        <time>2020-06-01T14:28:59.000Z</time>
      </trkpt>
      <trkpt lat="43.969380" lon="5.143690">
        <ele>417.0</ele>
        <time>2020-06-01T14:29:11.000Z</time>
      </trkpt>
      <trkpt lat="43.968820" lon="5.142970">
        <ele>416.7</ele>
        <time>2020-06-01T14:29:49.000Z</time>
      </trkpt>
      <trkpt lat="43.968820" lon="5.142970">
        <ele>416.7</ele>
        <time>2020-06-01T14:29:49.000Z</time>
      </trkpt>
      <trkpt lat="43.968540" lon="5.142400">
        <ele>414.1</ele>
        <time>2020-06-01T14:30:14.000Z</time>
      </trkpt>
      <trkpt lat="43.968330" lon="5.141800">
        <ele>410.3</ele>
        <time>2020-06-01T14:30:38.000Z</time>
      </trkpt>
      <trkpt lat="43.968030" lon="5.141210">
        <ele>413.9</ele>
        <time>2020-06-01T14:31:04.000Z</time>
      </trkpt>
      <trkpt lat="43.968030" lon="5.141210">
        <ele>413.9</ele>
        <time>2020-06-01T14:31:04.000Z</time>
      </trkpt>
      <trkpt lat="43.967950" lon="5.140960">
        <ele>415.0</ele>
        <time>2020-06-01T14:31:14.000Z</time>
      </trkpt>
      <trkpt lat="43.967920" lon="5.140760">
        <ele>415.8</ele>
        <time>2020-06-01T14:31:21.000Z</time>
      </trkpt>
      <trkpt lat="43.967910" lon="5.140570">
        <ele>416.9</ele>
        <time>2020-06-01T14:31:28.000Z</time>
      </trkpt>
      <trkpt lat="43.967950" lon="5.140390">
        <ele>417.2</ele>
        <time>2020-06-01T14:31:35.000Z</time>
      </trkpt>
      <trkpt lat="43.968020" lon="5.140220">
        <ele>417.4</ele>
        <time>2020-06-01T14:31:42.000Z</time>
      </trkpt>
      <trkpt lat="43.968150" lon="5.139970">
        <ele>417.5</ele>
        <time>2020-06-01T14:31:53.000Z</time>
      </trkpt>
      <trkpt lat="43.968370" lon="5.139640">
        <ele>416.2</ele>
        <time>2020-06-01T14:32:09.000Z</time>
      </trkpt>
      <trkpt lat="43.968450" lon="5.139560">
        <ele>415.9</ele>
        <time>2020-06-01T14:32:14.000Z</time>
      </trkpt>
      <trkpt lat="43.968910" lon="5.139310">
        <ele>414.9</ele>
        <time>2020-06-01T14:32:39.000Z</time>
      </trkpt>
      <trkpt lat="43.969100" lon="5.139250">
        <ele>414.6</ele>
        <time>2020-06-01T14:32:49.000Z</time>
      </trkpt>
      <trkpt lat="43.969260" lon="5.139130">
        <ele>414.1</ele>
        <time>2020-06-01T14:32:58.000Z</time>
      </trkpt>
    </trkseg>
    <trkseg>
      <trkpt lat="43.969260" lon="5.139130">
        <ele>414.1</ele>
        <time>2020-06-01T14:32:58.000Z</time>
      </trkpt>
      <trkpt lat="43.969280" lon="5.139030">
        <ele>412.7</ele>
        <time>2020-06-01T14:33:02.000Z</time>
      </trkpt>
      <trkpt lat="43.969170" lon="5.139080">
        <ele>413.7</ele>
        <time>2020-06-01T14:33:07.000Z</time>
      </trkpt>
      <trkpt lat="43.969000" lon="5.139130">
        <ele>414.7</ele>
        <time>2020-06-01T14:33:16.000Z</time>
      </trkpt>
      <trkpt lat="43.968740" lon="5.139150">
        <ele>415.5</ele>
        <time>2020-06-01T14:33:29.000Z</time>
      </trkpt>
      <trkpt lat="43.968570" lon="5.139210">
        <ele>416.3</ele>
        <time>2020-06-01T14:33:38.000Z</time>
      </trkpt>
      <trkpt lat="43.968400" lon="5.139230">
        <ele>416.7</ele>
        <time>2020-06-01T14:33:47.000Z</time>
      </trkpt>
      <trkpt lat="43.967610" lon="5.139140">
        <ele>411.8</ele>
        <time>2020-06-01T14:34:26.000Z</time>
      </trkpt>
      <trkpt lat="43.967270" lon="5.139300">
        <ele>412.4</ele>
        <time>2020-06-01T14:34:44.000Z</time>
      </trkpt>
      <trkpt lat="43.967060" lon="5.139360">
        <ele>412.5</ele>
        <time>2020-06-01T14:34:55.000Z</time>
      </trkpt>
      <trkpt lat="43.966530" lon="5.139440">
        <ele>411.9</ele>
        <time>2020-06-01T14:35:22.000Z</time>
      </trkpt>
      <trkpt lat="43.966200" lon="5.139460">
        <ele>410.1</ele>
        <time>2020-06-01T14:35:38.000Z</time>
      </trkpt>
      <trkpt lat="43.965940" lon="5.139520">
        <ele>410.5</ele>
        <time>2020-06-01T14:35:51.000Z</time>
      </trkpt>
      <trkpt lat="43.965850" lon="5.139620">
        <ele>413.0</ele>
        <time>2020-06-01T14:35:57.000Z</time>
      </trkpt>
      <trkpt lat="43.965750" lon="5.139780">
        <ele>416.5</ele>
        <time>2020-06-01T14:36:05.000Z</time>
      </trkpt>
      <trkpt lat="43.965600" lon="5.140170">
        <ele>421.9</ele>
        <time>2020-06-01T14:36:21.000Z</time>
      </trkpt>
      <trkpt lat="43.965060" lon="5.141180">
        <ele>426.9</ele>
        <time>2020-06-01T14:37:06.000Z</time>
      </trkpt>
      <trkpt lat="43.964870" lon="5.141350">
        <ele>425.5</ele>
        <time>2020-06-01T14:37:17.000Z</time>
      </trkpt>
      <trkpt lat="43.964610" lon="5.141490">
        <ele>420.9</ele>
        <time>2020-06-01T14:37:31.000Z</time>
      </trkpt>
      <trkpt lat="43.964610" lon="5.141490">
        <ele>420.9</ele>
        <time>2020-06-01T14:37:31.000Z</time>
      </trkpt>
      <trkpt lat="43.964540" lon="5.141480">
        <ele>418.8</ele>
        <time>2020-06-01T14:37:35.000Z</time>
      </trkpt>
      <trkpt lat="43.964410" lon="5.141680">
        <ele>419.0</ele>
        <time>2020-06-01T14:37:44.000Z</time>
      </trkpt>
      <trkpt lat="43.964370" lon="5.141720">
        <ele>418.9</ele>
        <time>2020-06-01T14:37:47.000Z</time>
      </trkpt>
      <trkpt lat="43.964320" lon="5.141740">
        <ele>417.8</ele>
        <time>2020-06-01T14:37:49.000Z</time>
      </trkpt>
      <trkpt lat="43.964260" lon="5.141710">
        <ele>415.6</ele>
        <time>2020-06-01T14:37:53.000Z</time>
      </trkpt>
      <trkpt lat="43.964230" lon="5.141660">
        <ele>413.6</ele>
        <time>2020-06-01T14:37:55.000Z</time>
      </trkpt>
      <trkpt lat="43.964230" lon="5.141600">
        <ele>412.6</ele>
        <time>2020-06-01T14:37:57.000Z</time>
      </trkpt>
      <trkpt lat="43.964110" lon="5.141610">
        <ele>410.7</ele>
        <time>2020-06-01T14:38:03.000Z</time>
      </trkpt>
      <trkpt lat="43.964030" lon="5.141580">
        <ele>410.2</ele>
        <time>2020-06-01T14:38:07.000Z</time>
      </trkpt>
      <trkpt lat="43.963970" lon="5.141600">
        <ele>410.5</ele>
        <time>2020-06-01T14:38:10.000Z</time>
      </trkpt>
      <trkpt lat="43.963830" lon="5.141820">
        <ele>413.7</ele>
        <time>2020-06-01T14:38:21.000Z</time>
      </trkpt>
      <trkpt lat="43.963710" lon="5.141950">
        <ele>415.2</ele>
        <time>2020-06-01T14:38:29.000Z</time>
      </trkpt>
      <trkpt lat="43.963710" lon="5.141950">
        <ele>415.2</ele>
        <time>2020-06-01T14:38:29.000Z</time>
      </trkpt>
      <trkpt lat="43.963540" lon="5.142090">
        <ele>415.9</ele>
        <time>2020-06-01T14:38:39.000Z</time>
      </trkpt>
      <trkpt lat="43.963460" lon="5.142110">
        <ele>415.3</ele>
        <time>2020-06-01T14:38:43.000Z</time>
      </trkpt>
      <trkpt lat="43.963380" lon="5.142090">
        <ele>414.1</ele>
        <time>2020-06-01T14:38:47.000Z</time>
      </trkpt>
      <trkpt lat="43.963300" lon="5.142110">
        <ele>414.6</ele>
        <time>2020-06-01T14:38:51.000Z</time>
      </trkpt>
      <trkpt lat="43.962990" lon="5.142270">
        <ele>423.4</ele>
        <time>2020-06-01T14:39:07.000Z</time>
      </trkpt>
      <trkpt lat="43.962910" lon="5.142260">
        <ele>425.3</ele>
        <time>2020-06-01T14:39:11.000Z</time>
      </trkpt>
      <trkpt lat="43.962850" lon="5.142290">
        <ele>426.7</ele>
        <time>2020-06-01T14:39:14.000Z</time>
      </trkpt>
      <trkpt lat="43.962780" lon="5.142360">
        <ele>428.4</ele>
        <time>2020-06-01T14:39:19.000Z</time>
      </trkpt>
      <trkpt lat="43.962770" lon="5.142500">
        <ele>428.8</ele>
        <time>2020-06-01T14:39:24.000Z</time>
      </trkpt>
      <trkpt lat="43.962670" lon="5.142630">
        <ele>432.5</ele>
        <time>2020-06-01T14:39:31.000Z</time>
      </trkpt>
      <trkpt lat="43.962560" lon="5.142830">
        <ele>437.4</ele>
        <time>2020-06-01T14:39:40.000Z</time>
      </trkpt>
      <trkpt lat="43.962220" lon="5.143520">
        <ele>449.8</ele>
        <time>2020-06-01T14:40:10.000Z</time>
      </trkpt>
      <trkpt lat="43.962140" lon="5.143540">
        <ele>451.2</ele>
        <time>2020-06-01T14:40:14.000Z</time>
      </trkpt>
      <trkpt lat="43.962120" lon="5.143470">
        <ele>450.6</ele>
        <time>2020-06-01T14:40:17.000Z</time>
      </trkpt>
      <trkpt lat="43.962120" lon="5.143110">
        <ele>446.3</ele>
        <time>2020-06-01T14:40:30.000Z</time>
      </trkpt>
    </trkseg>
    <trkseg>
      <trkpt lat="43.962120" lon="5.143110">
        <ele>446.3</ele>
        <time>2020-06-01T14:40:30.000Z</time>
      </trkpt>
      <trkpt lat="43.962190" lon="5.142900">
        <ele>442.8</ele>
        <time>2020-06-01T14:40:38.000Z</time>
      </trkpt>
      <trkpt lat="43.962180" lon="5.142820">
        <ele>441.9</ele>
        <time>2020-06-01T14:40:41.000Z</time>
      </trkpt>
      <trkpt lat="43.962140" lon="5.142770">
        <ele>441.6</ele>
        <time>2020-06-01T14:40:44.000Z</time>
      </trkpt>
      <trkpt lat="43.961920" lon="5.142870">
        <ele>445.3</ele>
        <time>2020-06-01T14:40:55.000Z</time>
      </trkpt>
      <trkpt lat="43.961780" lon="5.142850">
        <ele>446.6</ele>
        <time>2020-06-01T14:41:02.000Z</time>
      </trkpt>
      <trkpt lat="43.961700" lon="5.142790">
        <ele>446.7</ele>
        <time>2020-06-01T14:41:07.000Z</time>
      </trkpt>
      <trkpt lat="43.961630" lon="5.142700">
        <ele>447.4</ele>
        <time>2020-06-01T14:41:12.000Z</time>
      </trkpt>
      <trkpt lat="43.961580" lon="5.142670">
        <ele>449.0</ele>
        <time>2020-06-01T14:41:14.000Z</time>
      </trkpt>
      <trkpt lat="43.961520" lon="5.142670">
        <ele>451.3</ele>
        <time>2020-06-01T14:41:17.000Z</time>
      </trkpt>
      <trkpt lat="43.961100" lon="5.142830">
        <ele>469.2</ele>
        <time>2020-06-01T14:41:39.000Z</time>
      </trkpt>
      <trkpt lat="43.960990" lon="5.142810">
        <ele>473.1</ele>
        <time>2020-06-01T14:41:45.000Z</time>
      </trkpt>
      <trkpt lat="43.960930" lon="5.142820">
        <ele>475.5</ele>
        <time>2020-06-01T14:41:48.000Z</time>
      </trkpt>
      <trkpt lat="43.960820" lon="5.142800">
        <ele>479.5</ele>
        <time>2020-06-01T14:41:53.000Z</time>
      </trkpt>
      <trkpt lat="43.960640" lon="5.142740">
        <ele>484.8</ele>
        <time>2020-06-01T14:42:02.000Z</time>
      </trkpt>
      <trkpt lat="43.960580" lon="5.142660">
        <ele>485.6</ele>
        <time>2020-06-01T14:42:07.000Z</time>
      </trkpt>
      <trkpt lat="43.960490" lon="5.142620">
        <ele>488.0</ele>
        <time>2020-06-01T14:42:11.000Z</time>
      </trkpt>
      <trkpt lat="43.960350" lon="5.142620">
        <ele>493.0</ele>
        <time>2020-06-01T14:42:18.000Z</time>
      </trkpt>
      <trkpt lat="43.960280" lon="5.142590">
        <ele>495.0</ele>
        <time>2020-06-01T14:42:22.000Z</time>
      </trkpt>
      <trkpt lat="43.960180" lon="5.142590">
        <ele>498.4</ele>
        <time>2020-06-01T14:42:27.000Z</time>
      </trkpt>
      <trkpt lat="43.960070" lon="5.142560">
        <ele>501.6</ele>
        <time>2020-06-01T14:42:33.000Z</time>
      </trkpt>
      <trkpt lat="43.960030" lon="5.142500">
        <ele>502.0</ele>
        <time>2020-06-01T14:42:36.000Z</time>
      </trkpt>
      <trkpt lat="43.959910" lon="5.142180">
        <ele>512.5</ele>
        <time>2020-06-01T14:42:49.000Z</time>
      </trkpt>
      <trkpt lat="43.959850" lon="5.142140">
        <ele>515.4</ele>
        <time>2020-06-01T14:42:52.000Z</time>
      </trkpt>
      <trkpt lat="43.959700" lon="5.142110">
        <ele>521.1</ele>
        <time>2020-06-01T14:42:59.000Z</time>
      </trkpt>
      <trkpt lat="43.959600" lon="5.142130">
        <ele>524.5</ele>
        <time>2020-06-01T14:43:05.000Z</time>
      </trkpt>
      <trkpt lat="43.959440" lon="5.142120">
        <ele>530.3</ele>
        <time>2020-06-01T14:43:13.000Z</time>
      </trkpt>
      <trkpt lat="43.959290" lon="5.142190">
        <ele>535.2</ele>
        <time>2020-06-01T14:43:20.000Z</time>
      </trkpt>
      <trkpt lat="43.959170" lon="5.142210">
        <ele>539.6</ele>
        <time>2020-06-01T14:43:27.000Z</time>
      </trkpt>
      <trkpt lat="43.959110" lon="5.142260">
        <ele>540.8</ele>
        <time>2020-06-01T14:43:30.000Z</time>
      </trkpt>
      <trkpt lat="43.958930" lon="5.142250">
        <ele>544.8</ele>
        <time>2020-06-01T14:43:39.000Z</time>
      </trkpt>
      <trkpt lat="43.958830" lon="5.142400">
        <ele>547.0</ele>
        <time>2020-06-01T14:43:46.000Z</time>
      </trkpt>
      <trkpt lat="43.958690" lon="5.142500">
        <ele>550.4</ele>
        <time>2020-06-01T14:43:54.000Z</time>
      </trkpt>
      <trkpt lat="43.958650" lon="5.142580">
        <ele>553.6</ele>
        <time>2020-06-01T14:43:58.000Z</time>
      </trkpt>
      <trkpt lat="43.958620" lon="5.142700">
        <ele>557.8</ele>
        <time>2020-06-01T14:44:02.000Z</time>
      </trkpt>
      <trkpt lat="43.958620" lon="5.142830">
        <ele>561.6</ele>
        <time>2020-06-01T14:44:07.000Z</time>
      </trkpt>
      <trkpt lat="43.958520" lon="5.142980">
        <ele>568.3</ele>
        <time>2020-06-01T14:44:14.000Z</time>
      </trkpt>
      <trkpt lat="43.958350" lon="5.143180">
        <ele>577.4</ele>
        <time>2020-06-01T14:44:26.000Z</time>
      </trkpt>
      <trkpt lat="43.958190" lon="5.143420">
        <ele>582.3</ele>
        <time>2020-06-01T14:44:37.000Z</time>
      </trkpt>
      <trkpt lat="43.958190" lon="5.143420">
        <ele>582.3</ele>
        <time>2020-06-01T14:44:37.000Z</time>
      </trkpt>
      <trkpt lat="43.957840" lon="5.143660">
        <ele>584.9</ele>
        <time>2020-06-01T14:44:57.000Z</time>
      </trkpt>
      <trkpt lat="43.957620" lon="5.143710">
        <ele>584.7</ele>
        <time>2020-06-01T14:45:08.000Z</time>
      </trkpt>
      <trkpt lat="43.957510" lon="5.143700">
        <ele>583.8</ele>
        <time>2020-06-01T14:45:14.000Z</time>
      </trkpt>
      <trkpt lat="43.957370" lon="5.143860">
        <ele>588.1</ele>
        <time>2020-06-01T14:45:23.000Z</time>
      </trkpt>
      <trkpt lat="43.957300" lon="5.143890">
        <ele>588.9</ele>
        <time>2020-06-01T14:45:26.000Z</time>
      </trkpt>
      <trkpt lat="43.957140" lon="5.143830">
        <ele>588.6</ele>
        <time>2020-06-01T14:45:35.000Z</time>
      </trkpt>
      <trkpt lat="43.956770" lon="5.143770">
        <ele>589.9</ele>
        <time>2020-06-01T14:45:53.000Z</time>
      </trkpt>
      <trkpt lat="43.956580" lon="5.143710">
        <ele>591.4</ele>
        <time>2020-06-01T14:46:03.000Z</time>
      </trkpt>
      <trkpt lat="43.956350" lon="5.143740">
        <ele>594.8</ele>
        <time>2020-06-01T14:46:15.000Z</time>
      </trkpt>
      <trkpt lat="43.956350" lon="5.143740">
        <ele>594.8</ele>
        <time>2020-06-01T14:46:15.000Z</time>
      </trkpt>
      <trkpt lat="43.956090" lon="5.143690">
        <ele>598.2</ele>
        <time>2020-06-01T14:46:28.000Z</time>
      </trkpt>
      <trkpt lat="43.955960" lon="5.143630">
        <ele>599.9</ele>
        <time>2020-06-01T14:46:35.000Z</time>
      </trkpt>
      <trkpt lat="43.955340" lon="5.143160">
        <ele>606.0</ele>
        <time>2020-06-01T14:47:10.000Z</time>
      </trkpt>
      <trkpt lat="43.955270" lon="5.143140">
        <ele>606.8</ele>
        <time>2020-06-01T14:47:13.000Z</time>
      </trkpt>
      <trkpt lat="43.955090" lon="5.143130">
        <ele>609.0</ele>
        <time>2020-06-01T14:47:22.000Z</time>
      </trkpt>
      <trkpt lat="43.954930" lon="5.143040">
        <ele>612.2</ele>
        <time>2020-06-01T14:47:31.000Z</time>
      </trkpt>
      <trkpt lat="43.954710" lon="5.143000">
        <ele>616.6</ele>
        <time>2020-06-01T14:47:42.000Z</time>
      </trkpt>
      <trkpt lat="43.954620" lon="5.142950">
        <ele>618.6</ele>
        <time>2020-06-01T14:47:47.000Z</time>
      </trkpt>
      <trkpt lat="43.954520" lon="5.142720">
        <ele>621.9</ele>
        <time>2020-06-01T14:47:57.000Z</time>
      </trkpt>
    </trkseg>
    <trkseg>
      <trkpt lat="43.954620" lon="5.142950">
        <ele>618.6</ele>
        <time>2020-06-01T14:47:47.000Z</time>
      </trkpt>
      <trkpt lat="43.954520" lon="5.142720">
        <ele>621.9</ele>
        <time>2020-06-01T14:47:57.000Z</time>
      </trkpt>
      <trkpt lat="43.954370" lon="5.142620">
        <ele>625.1</ele>
        <time>2020-06-01T14:48:05.000Z</time>
      </trkpt>
      <trkpt lat="43.954330" lon="5.142530">
        <ele>626.3</ele>
        <time>2020-06-01T14:48:09.000Z</time>
      </trkpt>
      <trkpt lat="43.954240" lon="5.142610">
        <ele>627.3</ele>
        <time>2020-06-01T14:48:14.000Z</time>
      </trkpt>
      <trkpt lat="43.954170" lon="5.142580">
        <ele>628.6</ele>
        <time>2020-06-01T14:48:18.000Z</time>
      </trkpt>
      <trkpt lat="43.954140" lon="5.142500">
        <ele>629.2</ele>
        <time>2020-06-01T14:48:21.000Z</time>
      </trkpt>
      <trkpt lat="43.954110" lon="5.142500">
        <ele>629.3</ele>
        <time>2020-06-01T14:48:23.000Z</time>
      </trkpt>
      <trkpt lat="43.954140" lon="5.142500">
        <ele>629.2</ele>
        <time>2020-06-01T14:48:24.000Z</time>
      </trkpt>
      <trkpt lat="43.954170" lon="5.142400">
        <ele>627.9</ele>
        <time>2020-06-01T14:48:28.000Z</time>
      </trkpt>
      <trkpt lat="43.954140" lon="5.142320">
        <ele>627.3</ele>
        <time>2020-06-01T14:48:31.000Z</time>
      </trkpt>
      <trkpt lat="43.953950" lon="5.142260">
        <ele>627.2</ele>
        <time>2020-06-01T14:48:41.000Z</time>
      </trkpt>
      <trkpt lat="43.953870" lon="5.142280">
        <ele>627.8</ele>
        <time>2020-06-01T14:48:45.000Z</time>
      </trkpt>
      <trkpt lat="43.953790" lon="5.142210">
        <ele>626.9</ele>
        <time>2020-06-01T14:48:50.000Z</time>
      </trkpt>
      <trkpt lat="43.953810" lon="5.142110">
        <ele>625.6</ele>
        <time>2020-06-01T14:48:54.000Z</time>
      </trkpt>
      <trkpt lat="43.953930" lon="5.142020">
        <ele>624.3</ele>
        <time>2020-06-01T14:49:00.000Z</time>
      </trkpt>
      <trkpt lat="43.954040" lon="5.141870">
        <ele>622.6</ele>
        <time>2020-06-01T14:49:08.000Z</time>
      </trkpt>
      <trkpt lat="43.954150" lon="5.141630">
        <ele>619.8</ele>
        <time>2020-06-01T14:49:18.000Z</time>
      </trkpt>
      <trkpt lat="43.954250" lon="5.141470">
        <ele>614.0</ele>
        <time>2020-06-01T14:49:26.000Z</time>
      </trkpt>
      <trkpt lat="43.954320" lon="5.141410">
        <ele>611.0</ele>
        <time>2020-06-01T14:49:30.000Z</time>
      </trkpt>
      <trkpt lat="43.954350" lon="5.141290">
        <ele>607.3</ele>
        <time>2020-06-01T14:49:35.000Z</time>
      </trkpt>
      <trkpt lat="43.954420" lon="5.141180">
        <ele>603.1</ele>
        <time>2020-06-01T14:49:40.000Z</time>
      </trkpt>
      <trkpt lat="43.954640" lon="5.140680">
        <ele>588.3</ele>
        <time>2020-06-01T14:50:01.000Z</time>
      </trkpt>
      <trkpt lat="43.954780" lon="5.140490">
        <ele>582.4</ele>
        <time>2020-06-01T14:50:11.000Z</time>
      </trkpt>
      <trkpt lat="43.954780" lon="5.140420">
        <ele>581.2</ele>
        <time>2020-06-01T14:50:13.000Z</time>
      </trkpt>
      <trkpt lat="43.954760" lon="5.140370">
        <ele>580.5</ele>
        <time>2020-06-01T14:50:15.000Z</time>
      </trkpt>
      <trkpt lat="43.954680" lon="5.140280">
        <ele>580.2</ele>
        <time>2020-06-01T14:50:21.000Z</time>
      </trkpt>
      <trkpt lat="43.954670" lon="5.140200">
        <ele>578.9</ele>
        <time>2020-06-01T14:50:24.000Z</time>
      </trkpt>
      <trkpt lat="43.954730" lon="5.139650">
        <ele>567.8</ele>
        <time>2020-06-01T14:50:44.000Z</time>
      </trkpt>
      <trkpt lat="43.954760" lon="5.139540">
        <ele>565.0</ele>
        <time>2020-06-01T14:50:48.000Z</time>
      </trkpt>
      <trkpt lat="43.954950" lon="5.139430">
        <ele>558.5</ele>
        <time>2020-06-01T14:50:58.000Z</time>
      </trkpt>
      <trkpt lat="43.955040" lon="5.139310">
        <ele>554.5</ele>
        <time>2020-06-01T14:51:04.000Z</time>
      </trkpt>
      <trkpt lat="43.955110" lon="5.139150">
        <ele>550.6</ele>
        <time>2020-06-01T14:51:11.000Z</time>
      </trkpt>
      <trkpt lat="43.955140" lon="5.139000">
        <ele>548.5</ele>
        <time>2020-06-01T14:51:17.000Z</time>
      </trkpt>
      <trkpt lat="43.955130" lon="5.138690">
        <ele>544.5</ele>
        <time>2020-06-01T14:51:28.000Z</time>
      </trkpt>
      <trkpt lat="43.955090" lon="5.138530">
        <ele>543.1</ele>
        <time>2020-06-01T14:51:34.000Z</time>
      </trkpt>
      <trkpt lat="43.955020" lon="5.138440">
        <ele>543.0</ele>
        <time>2020-06-01T14:51:39.000Z</time>
      </trkpt>
      <trkpt lat="43.954900" lon="5.138420">
        <ele>545.3</ele>
        <time>2020-06-01T14:51:45.000Z</time>
      </trkpt>
      <trkpt lat="43.954830" lon="5.138360">
        <ele>546.4</ele>
        <time>2020-06-01T14:51:49.000Z</time>
      </trkpt>
      <trkpt lat="43.954800" lon="5.138290">
        <ele>546.4</ele>
        <time>2020-06-01T14:51:52.000Z</time>
      </trkpt>
      <trkpt lat="43.954800" lon="5.138160">
        <ele>545.4</ele>
        <time>2020-06-01T14:51:57.000Z</time>
      </trkpt>
      <trkpt lat="43.954880" lon="5.137840">
        <ele>541.7</ele>
        <time>2020-06-01T14:52:09.000Z</time>
      </trkpt>
      <trkpt lat="43.954880" lon="5.137840">
        <ele>541.7</ele>
        <time>2020-06-01T14:52:09.000Z</time>
      </trkpt>
      <trkpt lat="43.954920" lon="5.137470">
        <ele>538.7</ele>
        <time>2020-06-01T14:52:22.000Z</time>
      </trkpt>
      <trkpt lat="43.955020" lon="5.137060">
        <ele>533.3</ele>
        <time>2020-06-01T14:52:38.000Z</time>
      </trkpt>
      <trkpt lat="43.955210" lon="5.136180">
        <ele>523.2</ele>
        <time>2020-06-01T14:53:11.000Z</time>
      </trkpt>
      <trkpt lat="43.955220" lon="5.136020">
        <ele>522.3</ele>
        <time>2020-06-01T14:53:17.000Z</time>
      </trkpt>
      <trkpt lat="43.955270" lon="5.135920">
        <ele>520.8</ele>
        <time>2020-06-01T14:53:21.000Z</time>
      </trkpt>
      <trkpt lat="43.955360" lon="5.135830">
        <ele>518.6</ele>
        <time>2020-06-01T14:53:27.000Z</time>
      </trkpt>
      <trkpt lat="43.955430" lon="5.135730">
        <ele>517.1</ele>
        <time>2020-06-01T14:53:32.000Z</time>
      </trkpt>
      <trkpt lat="43.955500" lon="5.135580">
        <ele>515.6</ele>
        <time>2020-06-01T14:53:38.000Z</time>
      </trkpt>
      <trkpt lat="43.955710" lon="5.134860">
        <ele>511.9</ele>
        <time>2020-06-01T14:54:06.000Z</time>
      </trkpt>
      <trkpt lat="43.955710" lon="5.134860">
        <ele>511.9</ele>
        <time>2020-06-01T14:54:06.000Z</time>
      </trkpt>
      <trkpt lat="43.955820" lon="5.134640">
        <ele>510.2</ele>
        <time>2020-06-01T14:54:16.000Z</time>
      </trkpt>
      <trkpt lat="43.956000" lon="5.134180">
        <ele>507.0</ele>
        <time>2020-06-01T14:54:35.000Z</time>
      </trkpt>
      <trkpt lat="43.956050" lon="5.133960">
        <ele>505.8</ele>
        <time>2020-06-01T14:54:43.000Z</time>
      </trkpt>
      <trkpt lat="43.956210" lon="5.133680">
        <ele>502.8</ele>
        <time>2020-06-01T14:54:56.000Z</time>
      </trkpt>
      <trkpt lat="43.956260" lon="5.133610">
        <ele>502.0</ele>
        <time>2020-06-01T14:54:59.000Z</time>
      </trkpt>
      <trkpt lat="43.956396" lon="5.133604">
        <ele>499.9</ele>
        <time>2020-06-01T14:55:06.176Z</time>
      </trkpt>
      <trkpt lat="43.956538" lon="5.133377">
        <ele>497.8</ele>
        <time>2020-06-01T14:55:17.471Z</time>
      </trkpt>
    </trkseg>
    <trkseg>
      <trkpt lat="43.956396" lon="5.133604">
        <ele>499.9</ele>
        <time>2020-06-01T14:55:06.176Z</time>
      </trkpt>
      <trkpt lat="43.956538" lon="5.133377">
        <ele>497.8</ele>
        <time>2020-06-01T14:55:17.471Z</time>
      </trkpt>
      <trkpt lat="43.956654" lon="5.133189">
        <ele>496.3</ele>
        <time>2020-06-01T14:55:26.783Z</time>
      </trkpt>
      <trkpt lat="43.956753" lon="5.133177">
        <ele>495.7</ele>
        <time>2020-06-01T14:55:31.978Z</time>
      </trkpt>
      <trkpt lat="43.956975" lon="5.132891">
        <ele>495.3</ele>
        <time>2020-06-01T14:55:47.707Z</time>
      </trkpt>
      <trkpt lat="43.957182" lon="5.132668">
        <ele>495.2</ele>
        <time>2020-06-01T14:56:01.387Z</time>
      </trkpt>
      <trkpt lat="43.957516" lon="5.132678">
        <ele>494.1</ele>
        <time>2020-06-01T14:56:18.748Z</time>
      </trkpt>
      <trkpt lat="43.957810" lon="5.132453">
        <ele>493.7</ele>
        <time>2020-06-01T14:56:36.231Z</time>
      </trkpt>
      <trkpt lat="43.958024" lon="5.132299">
        <ele>493.2</ele>
        <time>2020-06-01T14:56:48.788Z</time>
      </trkpt>
      <trkpt lat="43.958196" lon="5.132647">
        <ele>491.5</ele>
        <time>2020-06-01T14:57:04.642Z</time>
      </trkpt>
      <trkpt lat="43.958381" lon="5.133130">
        <ele>490.8</ele>
        <time>2020-06-01T14:57:25.133Z</time>
      </trkpt>
      <trkpt lat="43.958675" lon="5.133768">
        <ele>487.0</ele>
        <time>2020-06-01T14:57:53.587Z</time>
      </trkpt>
      <trkpt lat="43.958679" lon="5.134365">
        <ele>482.7</ele>
        <time>2020-06-01T14:58:16.062Z</time>
      </trkpt>
      <trkpt lat="43.959076" lon="5.134683">
        <ele>480.1</ele>
        <time>2020-06-01T14:58:39.989Z</time>
      </trkpt>
      <trkpt lat="43.959639" lon="5.135501">
        <ele>471.7</ele>
        <time>2020-06-01T14:59:22.566Z</time>
      </trkpt>
      <trkpt lat="43.959858" lon="5.135863">
        <ele>468.5</ele>
        <time>2020-06-01T14:59:40.351Z</time>
      </trkpt>
      <trkpt lat="43.961050" lon="5.136634">
        <ele>458.0</ele>
        <time>2020-06-01T15:00:48.949Z</time>
      </trkpt>
      <trkpt lat="43.961700" lon="5.136516">
        <ele>457.9</ele>
        <time>2020-06-01T15:01:23.077Z</time>
      </trkpt>
      <trkpt lat="43.962382" lon="5.136374">
        <ele>456.8</ele>
        <time>2020-06-01T15:01:58.995Z</time>
      </trkpt>
      <trkpt lat="43.963291" lon="5.136077">
        <ele>457.1</ele>
        <time>2020-06-01T15:02:47.583Z</time>
      </trkpt>
      <trkpt lat="43.963919" lon="5.135818">
        <ele>459.4</ele>
        <time>2020-06-01T15:03:21.716Z</time>
      </trkpt>
    </trkseg>
    <trkseg>
      <trkpt lat="43.963291" lon="5.136077">
        <ele>457.1</ele>
        <time>2020-06-01T15:02:47.583Z</time>
      </trkpt>
      <trkpt lat="43.963919" lon="5.135818">
        <ele>459.4</ele>
        <time>2020-06-01T15:03:21.716Z</time>
      </trkpt>
      <trkpt lat="43.964336" lon="5.135645">
        <ele>457.4</ele>
        <time>2020-06-01T15:03:44.374Z</time>
      </trkpt>
      <trkpt lat="43.964874" lon="5.135417">
        <ele>453.3</ele>
        <time>2020-06-01T15:04:13.757Z</time>
      </trkpt>
      <trkpt lat="43.965128" lon="5.135166">
        <ele>453.2</ele>
        <time>2020-06-01T15:04:29.974Z</time>
      </trkpt>
      <trkpt lat="43.965272" lon="5.134984">
        <ele>453.7</ele>
        <time>2020-06-01T15:04:40.108Z</time>
      </trkpt>
      <trkpt lat="43.965371" lon="5.134853">
        <ele>452.4</ele>
        <time>2020-06-01T15:04:47.242Z</time>
      </trkpt>
      <trkpt lat="43.965478" lon="5.134621">
        <ele>451.1</ele>
        <time>2020-06-01T15:04:57.595Z</time>
      </trkpt>
      <trkpt lat="43.965539" lon="5.134738">
        <ele>450.4</ele>
        <time>2020-06-01T15:05:03.002Z</time>
      </trkpt>
      <trkpt lat="43.965586" lon="5.134864">
        <ele>449.9</ele>
        <time>2020-06-01T15:05:08.314Z</time>
      </trkpt>
      <trkpt lat="43.965894" lon="5.134493">
        <ele>446.2</ele>
        <time>2020-06-01T15:05:29.595Z</time>
      </trkpt>
      <trkpt lat="43.965888" lon="5.134080">
        <ele>445.0</ele>
        <time>2020-06-01T15:05:45.079Z</time>
      </trkpt>
      <trkpt lat="43.965902" lon="5.133453">
        <ele>433.8</ele>
        <time>2020-06-01T15:06:09.143Z</time>
      </trkpt>
      <trkpt lat="43.965998" lon="5.132904">
        <ele>427.5</ele>
        <time>2020-06-01T15:06:30.501Z</time>
      </trkpt>
      <trkpt lat="43.966178" lon="5.132706">
        <ele>423.8</ele>
        <time>2020-06-01T15:06:42.583Z</time>
      </trkpt>
      <trkpt lat="43.966362" lon="5.132576">
        <ele>420.6</ele>
        <time>2020-06-01T15:06:53.456Z</time>
      </trkpt>
      <trkpt lat="43.966638" lon="5.132054">
        <ele>414.2</ele>
        <time>2020-06-01T15:07:17.922Z</time>
      </trkpt>
      <trkpt lat="43.966842" lon="5.131666">
        <ele>409.5</ele>
        <time>2020-06-01T15:07:36.042Z</time>
      </trkpt>
      <trkpt lat="43.966996" lon="5.131250">
        <ele>405.6</ele>
        <time>2020-06-01T15:07:53.683Z</time>
      </trkpt>
      <trkpt lat="43.967145" lon="5.130790">
        <ele>402.1</ele>
        <time>2020-06-01T15:08:12.643Z</time>
      </trkpt>
      <trkpt lat="43.967306" lon="5.130599">
        <ele>400.0</ele>
        <time>2020-06-01T15:08:23.718Z</time>
      </trkpt>
      <trkpt lat="43.967516" lon="5.130211">
        <ele>397.3</ele>
        <time>2020-06-01T15:08:41.934Z</time>
      </trkpt>
      <trkpt lat="43.967732" lon="5.129850">
        <ele>394.4</ele>
        <time>2020-06-01T15:08:59.565Z</time>
      </trkpt>
      <trkpt lat="43.968052" lon="5.129537">
        <ele>391.1</ele>
        <time>2020-06-01T15:09:20.009Z</time>
      </trkpt>
      <trkpt lat="43.968528" lon="5.129258">
        <ele>386.0</ele>
        <time>2020-06-01T15:09:47.004Z</time>
      </trkpt>
      <trkpt lat="43.968923" lon="5.128931">
        <ele>380.5</ele>
        <time>2020-06-01T15:10:11.095Z</time>
      </trkpt>
      <trkpt lat="43.969541" lon="5.128711">
        <ele>373.6</ele>
        <time>2020-06-01T15:10:44.463Z</time>
      </trkpt>
    </trkseg>
    <trkseg>
      <trkpt lat="43.968923" lon="5.128931">
        <ele>380.5</ele>
        <time>2020-06-01T15:10:11.095Z</time>
      </trkpt>
      <trkpt lat="43.969541" lon="5.128711">
        <ele>373.6</ele>
        <time>2020-06-01T15:10:44.463Z</time>
      </trkpt>
      <trkpt lat="43.969288" lon="5.128361">
        <ele>379.2</ele>
        <time>2020-06-01T15:11:03.246Z</time>
      </trkpt>
      <trkpt lat="43.968916" lon="5.127988">
        <ele>382.6</ele>
        <time>2020-06-01T15:11:27.158Z</time>
      </trkpt>
      <trkpt lat="43.968648" lon="5.127508">
        <ele>381.5</ele>
        <time>2020-06-01T15:11:49.957Z</time>
      </trkpt>
      <trkpt lat="43.968365" lon="5.127087">
        <ele>374.9</ele>
        <time>2020-06-01T15:12:11.740Z</time>
      </trkpt>
      <trkpt lat="43.968201" lon="5.126655">
        <ele>367.9</ele>
        <time>2020-06-01T15:12:30.321Z</time>
      </trkpt>
      <trkpt lat="43.968393" lon="5.126224">
        <ele>365.6</ele>
        <time>2020-06-01T15:12:49.378Z</time>
      </trkpt>
      <trkpt lat="43.968560" lon="5.125980">
        <ele>367.1</ele>
        <time>2020-06-01T15:13:02.000Z</time>
      </trkpt>
      <trkpt lat="43.968580" lon="5.125880">
        <ele>366.6</ele>
        <time>2020-06-01T15:13:06.000Z</time>
      </trkpt>
      <trkpt lat="43.968570" lon="5.125700">
        <ele>364.9</ele>
        <time>2020-06-01T15:13:13.000Z</time>
      </trkpt>
      <trkpt lat="43.968520" lon="5.125470">
        <ele>361.9</ele>
        <time>2020-06-01T15:13:21.000Z</time>
      </trkpt>
      <trkpt lat="43.968540" lon="5.125260">
        <ele>360.8</ele>
        <time>2020-06-01T15:13:29.000Z</time>
      </trkpt>
      <trkpt lat="43.968530" lon="5.124670">
        <ele>356.9</ele>
        <time>2020-06-01T15:13:50.000Z</time>
      </trkpt>
      <trkpt lat="43.968540" lon="5.124550">
        <ele>356.6</ele>
        <time>2020-06-01T15:13:54.000Z</time>
      </trkpt>
      <trkpt lat="43.968590" lon="5.124600">
        <ele>357.8</ele>
        <time>2020-06-01T15:13:58.000Z</time>
      </trkpt>
      <trkpt lat="43.968620" lon="5.124620">
        <ele>358.5</ele>
        <time>2020-06-01T15:13:59.000Z</time>
      </trkpt>
      <trkpt lat="43.968700" lon="5.124660">
        <ele>360.5</ele>
        <time>2020-06-01T15:14:03.000Z</time>
      </trkpt>
      <trkpt lat="43.968750" lon="5.124650">
        <ele>361.4</ele>
        <time>2020-06-01T15:14:06.000Z</time>
      </trkpt>
      <trkpt lat="43.968800" lon="5.124600">
        <ele>362.1</ele>
        <time>2020-06-01T15:14:09.000Z</time>
      </trkpt>
      <trkpt lat="43.968900" lon="5.124370">
        <ele>362.5</ele>
        <time>2020-06-01T15:14:19.000Z</time>
      </trkpt>
      <trkpt lat="43.968950" lon="5.124300">
        <ele>363.1</ele>
        <time>2020-06-01T15:14:22.000Z</time>
      </trkpt>
      <trkpt lat="43.969010" lon="5.124250">
        <ele>363.8</ele>
        <time>2020-06-01T15:14:26.000Z</time>
      </trkpt>
      <trkpt lat="43.969010" lon="5.124250">
        <ele>363.8</ele>
        <time>2020-06-01T15:14:26.000Z</time>
      </trkpt>
      <trkpt lat="43.969140" lon="5.124250">
        <ele>366.2</ele>
        <time>2020-06-01T15:14:32.000Z</time>
      </trkpt>
      <trkpt lat="43.969200" lon="5.124260">
        <ele>367.7</ele>
        <time>2020-06-01T15:14:35.000Z</time>
      </trkpt>
      <trkpt lat="43.969360" lon="5.124340">
        <ele>372.3</ele>
        <time>2020-06-01T15:14:44.000Z</time>
      </trkpt>
      <trkpt lat="43.969420" lon="5.124350">
        <ele>373.9</ele>
        <time>2020-06-01T15:14:47.000Z</time>
      </trkpt>
      <trkpt lat="43.969470" lon="5.124310">
        <ele>374.9</ele>
        <time>2020-06-01T15:14:50.000Z</time>
      </trkpt>
      <trkpt lat="43.969550" lon="5.124230">
        <ele>376.5</ele>
        <time>2020-06-01T15:14:55.000Z</time>
      </trkpt>
      <trkpt lat="43.969670" lon="5.124130">
        <ele>379.0</ele>
        <time>2020-06-01T15:15:02.000Z</time>
      </trkpt>
      <trkpt lat="43.969970" lon="5.123400">
        <ele>379.9</ele>
        <time>2020-06-01T15:15:32.000Z</time>
      </trkpt>
      <trkpt lat="43.970050" lon="5.123170">
        <ele>378.3</ele>
        <time>2020-06-01T15:15:41.000Z</time>
      </trkpt>
      <trkpt lat="43.970210" lon="5.122850">
        <ele>376.4</ele>
        <time>2020-06-01T15:15:55.000Z</time>
      </trkpt>
      <trkpt lat="43.970380" lon="5.122540">
        <ele>375.3</ele>
        <time>2020-06-01T15:16:09.000Z</time>
      </trkpt>
      <trkpt lat="43.970660" lon="5.122200">
        <ele>374.9</ele>
        <time>2020-06-01T15:16:28.000Z</time>
      </trkpt>
      <trkpt lat="43.970660" lon="5.122200">
        <ele>374.9</ele>
        <time>2020-06-01T15:16:28.000Z</time>
      </trkpt>
      <trkpt lat="43.970860" lon="5.121970">
        <ele>374.2</ele>
        <time>2020-06-01T15:16:41.000Z</time>
      </trkpt>
      <trkpt lat="43.971520" lon="5.121300">
        <ele>367.1</ele>
        <time>2020-06-01T15:17:22.000Z</time>
      </trkpt>
      <trkpt lat="43.971820" lon="5.121100">
        <ele>365.4</ele>
        <time>2020-06-01T15:17:38.000Z</time>
      </trkpt>
      <trkpt lat="43.972510" lon="5.120730">
        <ele>365.1</ele>
        <time>2020-06-01T15:18:15.000Z</time>
      </trkpt>
    </trkseg>
    <trkseg>
      <trkpt lat="43.971820" lon="5.121100">
        <ele>365.4</ele>
        <time>2020-06-01T15:17:38.000Z</time>
      </trkpt>
      <trkpt lat="43.972510" lon="5.120730">
        <ele>365.1</ele>
        <time>2020-06-01T15:18:15.000Z</time>
      </trkpt>
      <trkpt lat="43.972870" lon="5.120490">
        <ele>361.8</ele>
        <time>2020-06-01T15:18:35.000Z</time>
      </trkpt>
      <trkpt lat="43.973530" lon="5.119840">
        <ele>354.5</ele>
        <time>2020-06-01T15:19:16.000Z</time>
      </trkpt>
      <trkpt lat="43.974070" lon="5.119260">
        <ele>348.3</ele>
        <time>2020-06-01T15:19:50.000Z</time>
      </trkpt>
      <trkpt lat="43.974230" lon="5.119120">
        <ele>347.3</ele>
        <time>2020-06-01T15:19:59.000Z</time>
      </trkpt>
      <trkpt lat="43.974360" lon="5.119060">
        <ele>346.1</ele>
        <time>2020-06-01T15:20:06.000Z</time>
      </trkpt>
      <trkpt lat="43.974460" lon="5.119010">
        <ele>345.3</ele>
        <time>2020-06-01T15:20:12.000Z</time>
      </trkpt>
      <trkpt lat="43.974930" lon="5.119040">
        <ele>343.2</ele>
        <time>2020-06-01T15:20:35.000Z</time>
      </trkpt>
      <trkpt lat="43.976050" lon="5.119190">
        <ele>340.2</ele>
        <time>2020-06-01T15:21:32.000Z</time>
      </trkpt>
      <trkpt lat="43.976280" lon="5.119240">
        <ele>339.2</ele>
        <time>2020-06-01T15:21:43.000Z</time>
      </trkpt>
      <trkpt lat="43.976410" lon="5.119230">
        <ele>338.7</ele>
        <time>2020-06-01T15:21:50.000Z</time>
      </trkpt>
      <trkpt lat="43.976610" lon="5.119170">
        <ele>338.2</ele>
        <time>2020-06-01T15:22:00.000Z</time>
      </trkpt>
      <trkpt lat="43.976610" lon="5.119170">
        <ele>338.2</ele>
        <time>2020-06-01T15:22:00.000Z</time>
      </trkpt>
      <trkpt lat="43.976720" lon="5.119210">
        <ele>337.6</ele>
        <time>2020-06-01T15:22:06.000Z</time>
      </trkpt>
      <trkpt lat="43.977210" lon="5.119690">
        <ele>331.7</ele>
        <time>2020-06-01T15:22:36.000Z</time>
      </trkpt>
      <trkpt lat="43.977310" lon="5.119700">
        <ele>331.0</ele>
        <time>2020-06-01T15:22:41.000Z</time>
      </trkpt>
      <trkpt lat="43.977760" lon="5.119630">
        <ele>328.1</ele>
        <time>2020-06-01T15:23:03.000Z</time>
      </trkpt>
      <trkpt lat="43.977790" lon="5.119670">
        <ele>327.4</ele>
        <time>2020-06-01T15:23:05.000Z</time>
      </trkpt>
      <trkpt lat="43.977840" lon="5.119830">
        <ele>325.1</ele>
        <time>2020-06-01T15:23:12.000Z</time>
      </trkpt>
      <trkpt lat="43.978500" lon="5.121610">
        <ele>310.7</ele>
        <time>2020-06-01T15:24:24.000Z</time>
      </trkpt>
      <trkpt lat="43.978500" lon="5.121610">
        <ele>310.7</ele>
        <time>2020-06-01T15:24:24.000Z</time>
      </trkpt>
      <trkpt lat="43.978730" lon="5.121700">
        <ele>312.2</ele>
        <time>2020-06-01T15:24:36.000Z</time>
      </trkpt>
      <trkpt lat="43.978820" lon="5.121700">
        <ele>312.7</ele>
        <time>2020-06-01T15:24:40.000Z</time>
      </trkpt>
      <trkpt lat="43.978980" lon="5.121660">
        <ele>313.0</ele>
        <time>2020-06-01T15:24:48.000Z</time>
      </trkpt>
      <trkpt lat="43.979170" lon="5.121530">
        <ele>312.3</ele>
        <time>2020-06-01T15:24:59.000Z</time>
      </trkpt>
      <trkpt lat="43.979340" lon="5.121320">
        <ele>309.2</ele>
        <time>2020-06-01T15:25:10.000Z</time>
      </trkpt>
    </trkseg>
    <trkseg>
      <trkpt lat="43.978820" lon="5.121700">
        <ele>312.7</ele>
        <time>2020-06-01T15:24:40.000Z</time>
      </trkpt>
      <trkpt lat="43.978980" lon="5.121660">
        <ele>313.0</ele>
        <time>2020-06-01T15:24:48.000Z</time>
      </trkpt>
      <trkpt lat="43.979170" lon="5.121530">
        <ele>312.3</ele>
        <time>2020-06-01T15:24:59.000Z</time>
      </trkpt>
      <trkpt lat="43.979340" lon="5.121320">
        <ele>309.2</ele>
        <time>2020-06-01T15:25:10.000Z</time>
      </trkpt>
      <trkpt lat="43.979410" lon="5.121270">
        <ele>308.3</ele>
        <time>2020-06-01T15:25:14.000Z</time>
      </trkpt>
      <trkpt lat="43.979560" lon="5.121260">
        <ele>307.6</ele>
        <time>2020-06-01T15:25:22.000Z</time>
      </trkpt>
      <trkpt lat="43.979610" lon="5.121230">
        <ele>307.0</ele>
        <time>2020-06-01T15:25:25.000Z</time>
      </trkpt>
      <trkpt lat="43.979650" lon="5.121160">
        <ele>305.8</ele>
        <time>2020-06-01T15:25:28.000Z</time>
      </trkpt>
      <trkpt lat="43.979870" lon="5.121050">
        <ele>302.7</ele>
        <time>2020-06-01T15:25:39.000Z</time>
      </trkpt>
      <trkpt lat="43.979980" lon="5.121030">
        <ele>301.9</ele>
        <time>2020-06-01T15:25:45.000Z</time>
      </trkpt>
      <trkpt lat="43.980070" lon="5.120910">
        <ele>299.4</ele>
        <time>2020-06-01T15:25:51.000Z</time>
      </trkpt>
      <trkpt lat="43.980270" lon="5.121040">
        <ele>301.4</ele>
        <time>2020-06-01T15:26:02.000Z</time>
      </trkpt>
      <trkpt lat="43.980320" lon="5.121040">
        <ele>301.3</ele>
        <time>2020-06-01T15:26:05.000Z</time>
      </trkpt>
      <trkpt lat="43.980720" lon="5.120850">
        <ele>297.3</ele>
        <time>2020-06-01T15:26:26.000Z</time>
      </trkpt>
      <trkpt lat="43.981060" lon="5.120720">
        <ele>294.3</ele>
        <time>2020-06-01T15:26:44.000Z</time>
      </trkpt>
      <trkpt lat="43.981160" lon="5.120720">
        <ele>294.3</ele>
        <time>2020-06-01T15:26:49.000Z</time>
      </trkpt>
      <trkpt lat="43.981400" lon="5.120790">
        <ele>296.2</ele>
        <time>2020-06-01T15:27:01.000Z</time>
      </trkpt>
      <trkpt lat="43.981500" lon="5.120800">
        <ele>296.6</ele>
        <time>2020-06-01T15:27:06.000Z</time>
      </trkpt>
      <trkpt lat="43.981850" lon="5.120730">
        <ele>292.4</ele>
        <time>2020-06-01T15:27:24.000Z</time>
      </trkpt>
      <trkpt lat="43.982450" lon="5.120530">
        <ele>280.8</ele>
        <time>2020-06-01T15:27:54.000Z</time>
      </trkpt>
      <trkpt lat="43.982740" lon="5.120480">
        <ele>270.8</ele>
        <time>2020-06-01T15:28:09.000Z</time>
      </trkpt>
      <trkpt lat="43.983200" lon="5.120450">
        <ele>253.8</ele>
        <time>2020-06-01T15:28:32.000Z</time>
      </trkpt>
      <trkpt lat="43.983360" lon="5.120510">
        <ele>248.4</ele>
        <time>2020-06-01T15:28:40.000Z</time>
      </trkpt>
      <trkpt lat="43.983350" lon="5.120560">
        <ele>248.6</ele>
        <time>2020-06-01T15:28:42.000Z</time>
      </trkpt>
      <trkpt lat="43.983350" lon="5.120760">
        <ele>248.6</ele>
        <time>2020-06-01T15:28:49.000Z</time>
      </trkpt>
      <trkpt lat="43.983320" lon="5.121060">
        <ele>248.3</ele>
        <time>2020-06-01T15:29:00.000Z</time>
      </trkpt>
      <trkpt lat="43.983170" lon="5.121500">
        <ele>252.4</ele>
        <time>2020-06-01T15:29:18.000Z</time>
      </trkpt>
      <trkpt lat="43.983020" lon="5.121960">
        <ele>256.3</ele>
        <time>2020-06-01T15:29:36.000Z</time>
      </trkpt>
      <trkpt lat="43.983020" lon="5.121960">
        <ele>256.3</ele>
        <time>2020-06-01T15:29:36.000Z</time>
      </trkpt>
      <trkpt lat="43.982920" lon="5.122120">
        <ele>259.2</ele>
        <time>2020-06-01T15:29:44.000Z</time>
      </trkpt>
      <trkpt lat="43.982910" lon="5.122150">
        <ele>259.2</ele>
        <time>2020-06-01T15:29:45.000Z</time>
      </trkpt>
      <trkpt lat="43.982890" lon="5.122420">
        <ele>257.6</ele>
        <time>2020-06-01T15:29:55.000Z</time>
      </trkpt>
      <trkpt lat="43.982910" lon="5.122660">
        <ele>255.1</ele>
        <time>2020-06-01T15:30:03.000Z</time>
      </trkpt>
      <trkpt lat="43.982940" lon="5.122750">
        <ele>253.5</ele>
        <time>2020-06-01T15:30:07.000Z</time>
      </trkpt>
      <trkpt lat="43.982980" lon="5.122780">
        <ele>252.0</ele>
        <time>2020-06-01T15:30:09.000Z</time>
      </trkpt>
      <trkpt lat="43.983060" lon="5.122670">
        <ele>250.2</ele>
        <time>2020-06-01T15:30:15.000Z</time>
      </trkpt>
      <trkpt lat="43.983090" lon="5.122560">
        <ele>249.8</ele>
        <time>2020-06-01T15:30:19.000Z</time>
      </trkpt>
      <trkpt lat="43.983130" lon="5.122540">
        <ele>248.6</ele>
        <time>2020-06-01T15:30:21.000Z</time>
      </trkpt>
      <trkpt lat="43.983160" lon="5.122620">
        <ele>247.2</ele>
        <time>2020-06-01T15:30:24.000Z</time>
      </trkpt>
      <trkpt lat="43.983190" lon="5.122650">
        <ele>246.1</ele>
        <time>2020-06-01T15:30:26.000Z</time>
      </trkpt>
      <trkpt lat="43.983250" lon="5.122660">
        <ele>244.1</ele>
        <time>2020-06-01T15:30:29.000Z</time>
      </trkpt>
      <trkpt lat="43.983400" lon="5.122570">
        <ele>241.9</ele>
        <time>2020-06-01T15:30:38.000Z</time>
      </trkpt>
      <trkpt lat="43.983490" lon="5.122570">
        <ele>242.0</ele>
        <time>2020-06-01T15:30:42.000Z</time>
      </trkpt>
      <trkpt lat="43.983580" lon="5.122200">
        <ele>241.7</ele>
        <time>2020-06-01T15:30:56.000Z</time>
      </trkpt>
      <trkpt lat="43.984080" lon="5.120840">
        <ele>231.9</ele>
        <time>2020-06-01T15:31:51.000Z</time>
      </trkpt>
      <trkpt lat="43.984080" lon="5.120840">
        <ele>231.9</ele>
        <time>2020-06-01T15:31:51.000Z</time>
      </trkpt>
      <trkpt lat="43.984140" lon="5.120630">
        <ele>229.6</ele>
        <time>2020-06-01T15:31:59.000Z</time>
      </trkpt>
      <trkpt lat="43.984190" lon="5.120440">
        <ele>228.4</ele>
        <time>2020-06-01T15:32:07.000Z</time>
      </trkpt>
    </trkseg>
    <trkseg>
      <trkpt lat="43.984190" lon="5.120440">
        <ele>228.4</ele>
        <time>2020-06-01T15:32:07.000Z</time>
      </trkpt>
      <trkpt lat="43.984200" lon="5.120250">
        <ele>227.6</ele>
        <time>2020-06-01T15:32:13.000Z</time>
      </trkpt>
      <trkpt lat="43.984200" lon="5.119900">
        <ele>225.7</ele>
        <time>2020-06-01T15:32:26.000Z</time>
      </trkpt>
      <trkpt lat="43.984180" lon="5.119730">
        <ele>224.7</ele>
        <time>2020-06-01T15:32:32.000Z</time>
      </trkpt>
      <trkpt lat="43.984190" lon="5.119720">
        <ele>224.7</ele>
        <time>2020-06-01T15:32:33.000Z</time>
      </trkpt>
      <trkpt lat="43.984190" lon="5.119600">
        <ele>224.1</ele>
        <time>2020-06-01T15:32:37.000Z</time>
      </trkpt>
      <trkpt lat="43.984130" lon="5.119300">
        <ele>223.4</ele>
        <time>2020-06-01T15:32:48.000Z</time>
      </trkpt>
      <trkpt lat="43.984150" lon="5.119180">
        <ele>222.4</ele>
        <time>2020-06-01T15:32:53.000Z</time>
      </trkpt>
      <trkpt lat="43.984220" lon="5.119100">
        <ele>222.1</ele>
        <time>2020-06-01T15:32:57.000Z</time>
      </trkpt>
      <trkpt lat="43.984300" lon="5.119160">
        <ele>222.0</ele>
        <time>2020-06-01T15:33:02.000Z</time>
      </trkpt>
      <trkpt lat="43.984490" lon="5.119520">
        <ele>224.3</ele>
        <time>2020-06-01T15:33:18.000Z</time>
      </trkpt>
      <trkpt lat="43.984520" lon="5.119650">
        <ele>225.3</ele>
        <time>2020-06-01T15:33:23.000Z</time>
      </trkpt>
      <trkpt lat="43.984530" lon="5.119610">
        <ele>225.1</ele>
        <time>2020-06-01T15:33:24.000Z</time>
      </trkpt>
      <trkpt lat="43.984570" lon="5.119630">
        <ele>225.2</ele>
        <time>2020-06-01T15:33:26.000Z</time>
      </trkpt>
      <trkpt lat="43.985030" lon="5.120140">
        <ele>233.8</ele>
        <time>2020-06-01T15:33:56.000Z</time>
      </trkpt>
      <trkpt lat="43.985030" lon="5.120140">
        <ele>233.8</ele>
        <time>2020-06-01T15:33:56.000Z</time>
      </trkpt>
      <trkpt lat="43.985530" lon="5.120210">
        <ele>248.6</ele>
        <time>2020-06-01T15:34:21.000Z</time>
      </trkpt>
      <trkpt lat="43.985530" lon="5.120210">
        <ele>248.6</ele>
        <time>2020-06-01T15:34:21.000Z</time>
      </trkpt>
      <trkpt lat="43.986040" lon="5.119500">
        <ele>243.4</ele>
        <time>2020-06-01T15:34:57.000Z</time>
      </trkpt>
      <trkpt lat="43.986030" lon="5.119490">
        <ele>243.0</ele>
        <time>2020-06-01T15:34:58.000Z</time>
      </trkpt>
      <trkpt lat="43.986100" lon="5.119520">
        <ele>245.1</ele>
        <time>2020-06-01T15:35:01.000Z</time>
      </trkpt>
      <trkpt lat="43.986200" lon="5.119510">
        <ele>246.6</ele>
        <time>2020-06-01T15:35:07.000Z</time>
      </trkpt>
      <trkpt lat="43.986380" lon="5.119440">
        <ele>248.4</ele>
        <time>2020-06-01T15:35:16.000Z</time>
      </trkpt>
      <trkpt lat="43.986460" lon="5.119430">
        <ele>249.6</ele>
        <time>2020-06-01T15:35:20.000Z</time>
      </trkpt>
      <trkpt lat="43.986730" lon="5.119300">
        <ele>250.7</ele>
        <time>2020-06-01T15:35:34.000Z</time>
      </trkpt>
      <trkpt lat="43.986970" lon="5.119250">
        <ele>251.6</ele>
        <time>2020-06-01T15:35:46.000Z</time>
      </trkpt>
      <trkpt lat="43.987090" lon="5.119280">
        <ele>253.3</ele>
        <time>2020-06-01T15:35:52.000Z</time>
      </trkpt>
      <trkpt lat="43.987160" lon="5.119370">
        <ele>256.4</ele>
        <time>2020-06-01T15:35:57.000Z</time>
      </trkpt>
      <trkpt lat="43.987600" lon="5.120060">
        <ele>279.0</ele>
        <time>2020-06-01T15:36:30.000Z</time>
      </trkpt>
      <trkpt lat="43.987650" lon="5.120150">
        <ele>280.9</ele>
        <time>2020-06-01T15:36:34.000Z</time>
      </trkpt>
      <trkpt lat="43.987570" lon="5.120200">
        <ele>282.1</ele>
        <time>2020-06-01T15:36:39.000Z</time>
      </trkpt>
      <trkpt lat="43.987470" lon="5.120230">
        <ele>282.4</ele>
        <time>2020-06-01T15:36:44.000Z</time>
      </trkpt>
      <trkpt lat="43.987370" lon="5.120310">
        <ele>282.9</ele>
        <time>2020-06-01T15:36:50.000Z</time>
      </trkpt>
      <trkpt lat="43.987370" lon="5.120310">
        <ele>282.9</ele>
        <time>2020-06-01T15:36:50.000Z</time>
      </trkpt>
      <trkpt lat="43.987290" lon="5.120430">
        <ele>284.9</ele>
        <time>2020-06-01T15:36:56.000Z</time>
      </trkpt>
      <trkpt lat="43.987270" lon="5.120850">
        <ele>293.8</ele>
        <time>2020-06-01T15:37:11.000Z</time>
      </trkpt>
      <trkpt lat="43.987340" lon="5.121080">
        <ele>294.3</ele>
        <time>2020-06-01T15:37:20.000Z</time>
      </trkpt>
      <trkpt lat="43.987430" lon="5.121240">
        <ele>294.7</ele>
        <time>2020-06-01T15:37:27.000Z</time>
      </trkpt>
      <trkpt lat="43.987590" lon="5.121680">
        <ele>293.8</ele>
        <time>2020-06-01T15:37:45.000Z</time>
      </trkpt>
      <trkpt lat="43.987710" lon="5.122350">
        <ele>292.5</ele>
        <time>2020-06-01T15:38:10.000Z</time>
      </trkpt>
      <trkpt lat="43.988060" lon="5.123450">
        <ele>291.3</ele>
        <time>2020-06-01T15:38:53.000Z</time>
      </trkpt>
      <trkpt lat="43.988380" lon="5.124030">
        <ele>291.6</ele>
        <time>2020-06-01T15:39:19.000Z</time>
      </trkpt>
      <trkpt lat="43.988380" lon="5.124030">
        <ele>291.6</ele>
        <time>2020-06-01T15:39:19.000Z</time>
      </trkpt>
      <trkpt lat="43.989060" lon="5.124910">
        <ele>293.8</ele>
        <time>2020-06-01T15:40:06.000Z</time>
      </trkpt>
    </trkseg>
    <trkseg>
      <trkpt lat="43.989060" lon="5.124910">
        <ele>293.8</ele>
        <time>2020-06-01T15:40:06.000Z</time>
      </trkpt>
      <trkpt lat="43.989060" lon="5.125060">
        <ele>293.9</ele>
        <time>2020-06-01T15:40:11.000Z</time>
      </trkpt>
      <trkpt lat="43.989020" lon="5.125300">
        <ele>293.1</ele>
        <time>2020-06-01T15:40:20.000Z</time>
      </trkpt>
      <trkpt lat="43.988990" lon="5.126020">
        <ele>289.3</ele>
        <time>2020-06-01T15:40:46.000Z</time>
      </trkpt>
      <trkpt lat="43.988960" lon="5.126240">
        <ele>287.0</ele>
        <time>2020-06-01T15:40:54.000Z</time>
      </trkpt>
      <trkpt lat="43.988700" lon="5.126620">
        <ele>282.5</ele>
        <time>2020-06-01T15:41:13.000Z</time>
      </trkpt>
      <trkpt lat="43.988690" lon="5.126700">
        <ele>281.6</ele>
        <time>2020-06-01T15:41:16.000Z</time>
      </trkpt>
      <trkpt lat="43.988720" lon="5.126850">
        <ele>280.4</ele>
        <time>2020-06-01T15:41:22.000Z</time>
      </trkpt>
      <trkpt lat="43.988730" lon="5.127050">
        <ele>278.8</ele>
        <time>2020-06-01T15:41:29.000Z</time>
      </trkpt>
      <trkpt lat="43.988710" lon="5.127250">
        <ele>277.2</ele>
        <time>2020-06-01T15:41:36.000Z</time>
      </trkpt>
      <trkpt lat="43.988730" lon="5.127400">
        <ele>275.9</ele>
        <time>2020-06-01T15:41:42.000Z</time>
      </trkpt>
      <trkpt lat="43.988800" lon="5.127580">
        <ele>275.5</ele>
        <time>2020-06-01T15:41:49.000Z</time>
      </trkpt>
      <trkpt lat="43.988850" lon="5.127960">
        <ele>278.5</ele>
        <time>2020-06-01T15:42:03.000Z</time>
      </trkpt>
      <trkpt lat="43.988940" lon="5.128120">
        <ele>279.3</ele>
        <time>2020-06-01T15:42:10.000Z</time>
      </trkpt>
      <trkpt lat="43.989050" lon="5.128240">
        <ele>279.8</ele>
        <time>2020-06-01T15:42:17.000Z</time>
      </trkpt>
      <trkpt lat="43.989160" lon="5.128380">
        <ele>280.4</ele>
        <time>2020-06-01T15:42:25.000Z</time>
      </trkpt>
      <trkpt lat="43.989270" lon="5.128970">
        <ele>285.6</ele>
        <time>2020-06-01T15:42:47.000Z</time>
      </trkpt>
      <trkpt lat="43.989500" lon="5.129430">
        <ele>287.1</ele>
        <time>2020-06-01T15:43:07.000Z</time>
      </trkpt>
      <trkpt lat="43.989510" lon="5.129590">
        <ele>286.7</ele>
        <time>2020-06-01T15:43:12.000Z</time>
      </trkpt>
      <trkpt lat="43.989580" lon="5.129890">
        <ele>285.9</ele>
        <time>2020-06-01T15:43:24.000Z</time>
      </trkpt>
      <trkpt lat="43.989630" lon="5.130180">
        <ele>283.4</ele>
        <time>2020-06-01T15:43:35.000Z</time>
      </trkpt>
      <trkpt lat="43.989650" lon="5.130220">
        <ele>282.7</ele>
        <time>2020-06-01T15:43:36.000Z</time>
      </trkpt>
      <trkpt lat="43.989670" lon="5.130400">
        <ele>280.6</ele>
        <time>2020-06-01T15:43:43.000Z</time>
      </trkpt>
      <trkpt lat="43.989700" lon="5.130450">
        <ele>279.9</ele>
        <time>2020-06-01T15:43:45.000Z</time>
      </trkpt>
      <trkpt lat="43.989980" lon="5.130470">
        <ele>278.9</ele>
        <time>2020-06-01T15:43:59.000Z</time>
      </trkpt>
      <trkpt lat="43.990040" lon="5.130490">
        <ele>278.5</ele>
        <time>2020-06-01T15:44:02.000Z</time>
      </trkpt>
      <trkpt lat="43.990140" lon="5.130630">
        <ele>276.1</ele>
        <time>2020-06-01T15:44:09.000Z</time>
      </trkpt>
      <trkpt lat="43.990260" lon="5.130690">
        <ele>274.7</ele>
        <time>2020-06-01T15:44:16.000Z</time>
      </trkpt>
      <trkpt lat="43.990260" lon="5.130690">
        <ele>274.7</ele>
        <time>2020-06-01T15:44:16.000Z</time>
      </trkpt>
      <trkpt lat="43.990470" lon="5.130840">
        <ele>271.7</ele>
        <time>2020-06-01T15:44:28.000Z</time>
      </trkpt>
      <trkpt lat="43.990610" lon="5.130890">
        <ele>270.9</ele>
        <time>2020-06-01T15:44:35.000Z</time>
      </trkpt>
      <trkpt lat="43.990890" lon="5.130900">
        <ele>269.4</ele>
        <time>2020-06-01T15:44:49.000Z</time>
      </trkpt>
      <trkpt lat="43.991130" lon="5.131020">
        <ele>268.0</ele>
        <time>2020-06-01T15:45:02.000Z</time>
      </trkpt>
      <trkpt lat="43.991250" lon="5.131100">
        <ele>267.5</ele>
        <time>2020-06-01T15:45:08.000Z</time>
      </trkpt>
      <trkpt lat="43.991390" lon="5.131120">
        <ele>267.0</ele>
        <time>2020-06-01T15:45:15.000Z</time>
      </trkpt>
      <trkpt lat="43.991690" lon="5.131100">
        <ele>265.8</ele>
        <time>2020-06-01T15:45:30.000Z</time>
      </trkpt>
      <trkpt lat="43.991750" lon="5.131340">
        <ele>266.6</ele>
        <time>2020-06-01T15:45:40.000Z</time>
      </trkpt>
      <trkpt lat="43.991790" lon="5.131390">
        <ele>266.6</ele>
        <time>2020-06-01T15:45:42.000Z</time>
      </trkpt>
      <trkpt lat="43.991870" lon="5.131430">
        <ele>266.6</ele>
        <time>2020-06-01T15:45:46.000Z</time>
      </trkpt>
      <trkpt lat="43.992170" lon="5.131470">
        <ele>266.1</ele>
        <time>2020-06-01T15:46:02.000Z</time>
      </trkpt>
      <trkpt lat="43.992360" lon="5.131610">
        <ele>266.7</ele>
        <time>2020-06-01T15:46:12.000Z</time>
      </trkpt>
      <trkpt lat="43.992500" lon="5.131670">
        <ele>267.0</ele>
        <time>2020-06-01T15:46:20.000Z</time>
      </trkpt>
      <trkpt lat="43.992550" lon="5.131740">
        <ele>267.6</ele>
        <time>2020-06-01T15:46:23.000Z</time>
      </trkpt>
      <trkpt lat="43.992690" lon="5.132070">
        <ele>271.6</ele>
        <time>2020-06-01T15:46:37.000Z</time>
      </trkpt>
      <trkpt lat="43.992730" lon="5.132110">
        <ele>272.0</ele>
        <time>2020-06-01T15:46:39.000Z</time>
      </trkpt>
      <trkpt lat="43.992730" lon="5.132110">
        <ele>272.0</ele>
        <time>2020-06-01T15:46:39.000Z</time>
      </trkpt>
      <trkpt lat="43.993270" lon="5.132390">
        <ele>274.3</ele>
        <time>2020-06-01T15:47:08.000Z</time>
      </trkpt>
      <trkpt lat="43.993340" lon="5.132480">
        <ele>275.6</ele>
        <time>2020-06-01T15:47:13.000Z</time>
      </trkpt>
      <trkpt lat="43.993550" lon="5.132580">
        <ele>275.5</ele>
        <time>2020-06-01T15:47:24.000Z</time>
      </trkpt>
      <trkpt lat="43.993670" lon="5.132730">
        <ele>275.8</ele>
        <time>2020-06-01T15:47:32.000Z</time>
      </trkpt>
      <trkpt lat="43.993730" lon="5.132850">
        <ele>276.2</ele>
        <time>2020-06-01T15:47:38.000Z</time>
      </trkpt>
    </trkseg>
    <trkseg>
      <trkpt lat="43.993270" lon="5.132390">
        <ele>274.3</ele>
        <time>2020-06-01T15:47:08.000Z</time>
      </trkpt>
      <trkpt lat="43.993340" lon="5.132480">
        <ele>275.6</ele>
        <time>2020-06-01T15:47:13.000Z</time>
      </trkpt>
      <trkpt lat="43.993550" lon="5.132580">
        <ele>275.5</ele>
        <time>2020-06-01T15:47:24.000Z</time>
      </trkpt>
      <trkpt lat="43.993670" lon="5.132730">
        <ele>275.8</ele>
        <time>2020-06-01T15:47:32.000Z</time>
      </trkpt>
      <trkpt lat="43.993730" lon="5.132850">
        <ele>276.2</ele>
        <time>2020-06-01T15:47:38.000Z</time>
      </trkpt>
      <trkpt lat="43.993790" lon="5.133150">
        <ele>277.6</ele>
        <time>2020-06-01T15:47:49.000Z</time>
      </trkpt>
      <trkpt lat="43.993880" lon="5.133690">
        <ele>278.2</ele>
        <time>2020-06-01T15:48:09.000Z</time>
      </trkpt>
      <trkpt lat="43.994370" lon="5.135100">
        <ele>274.7</ele>
        <time>2020-06-01T15:49:05.000Z</time>
      </trkpt>
      <trkpt lat="43.994460" lon="5.135240">
        <ele>274.0</ele>
        <time>2020-06-01T15:49:12.000Z</time>
      </trkpt>
      <trkpt lat="43.994790" lon="5.135670">
        <ele>271.5</ele>
        <time>2020-06-01T15:49:34.000Z</time>
      </trkpt>
      <trkpt lat="43.995290" lon="5.136370">
        <ele>269.3</ele>
        <time>2020-06-01T15:50:10.000Z</time>
      </trkpt>
      <trkpt lat="43.995460" lon="5.136670">
        <ele>268.8</ele>
        <time>2020-06-01T15:50:24.000Z</time>
      </trkpt>
      <trkpt lat="43.995910" lon="5.137300">
        <ele>266.7</ele>
        <time>2020-06-01T15:50:56.000Z</time>
      </trkpt>
      <trkpt lat="43.995980" lon="5.137440">
        <ele>266.5</ele>
        <time>2020-06-01T15:51:02.000Z</time>
      </trkpt>
      <trkpt lat="43.996030" lon="5.137560">
        <ele>266.0</ele>
        <time>2020-06-01T15:51:07.000Z</time>
      </trkpt>
      <trkpt lat="43.996080" lon="5.137730">
        <ele>264.8</ele>
        <time>2020-06-01T15:51:13.000Z</time>
      </trkpt>
      <trkpt lat="43.996190" lon="5.137890">
        <ele>263.5</ele>
        <time>2020-06-01T15:51:21.000Z</time>
      </trkpt>
      <trkpt lat="43.996300" lon="5.138160">
        <ele>261.9</ele>
        <time>2020-06-01T15:51:33.000Z</time>
      </trkpt>
      <trkpt lat="43.996380" lon="5.138310">
        <ele>261.1</ele>
        <time>2020-06-01T15:51:39.000Z</time>
      </trkpt>
      <trkpt lat="43.996620" lon="5.138490">
        <ele>257.7</ele>
        <time>2020-06-01T15:51:53.000Z</time>
      </trkpt>
      <trkpt lat="43.996620" lon="5.138490">
        <ele>257.7</ele>
        <time>2020-06-01T15:51:53.000Z</time>
      </trkpt>
      <trkpt lat="43.996880" lon="5.138740">
        <ele>251.8</ele>
        <time>2020-06-01T15:52:09.000Z</time>
      </trkpt>
      <trkpt lat="43.996970" lon="5.138850">
        <ele>249.6</ele>
        <time>2020-06-01T15:52:15.000Z</time>
      </trkpt>
      <trkpt lat="43.997460" lon="5.139110">
        <ele>244.0</ele>
        <time>2020-06-01T15:52:41.000Z</time>
      </trkpt>
      <trkpt lat="43.997640" lon="5.139160">
        <ele>242.0</ele>
        <time>2020-06-01T15:52:50.000Z</time>
      </trkpt>
      <trkpt lat="43.998110" lon="5.139230">
        <ele>236.0</ele>
        <time>2020-06-01T15:53:14.000Z</time>
      </trkpt>
      <trkpt lat="43.998470" lon="5.139310">
        <ele>234.8</ele>
        <time>2020-06-01T15:53:32.000Z</time>
      </trkpt>
      <trkpt lat="43.998680" lon="5.139480">
        <ele>235.3</ele>
        <time>2020-06-01T15:53:44.000Z</time>
      </trkpt>
      <trkpt lat="43.998760" lon="5.139510">
        <ele>236.5</ele>
        <time>2020-06-01T15:53:48.000Z</time>
      </trkpt>
      <trkpt lat="43.998810" lon="5.139510">
        <ele>237.6</ele>
        <time>2020-06-01T15:53:51.000Z</time>
      </trkpt>
      <trkpt lat="43.998880" lon="5.139460">
        <ele>239.8</ele>
        <time>2020-06-01T15:53:55.000Z</time>
      </trkpt>
      <trkpt lat="43.999040" lon="5.139220">
        <ele>245.6</ele>
        <time>2020-06-01T15:54:07.000Z</time>
      </trkpt>
      <trkpt lat="43.999100" lon="5.139090">
        <ele>247.3</ele>
        <time>2020-06-01T15:54:12.000Z</time>
      </trkpt>
      <trkpt lat="43.999140" lon="5.139070">
        <ele>247.9</ele>
        <time>2020-06-01T15:54:14.000Z</time>
      </trkpt>
      <trkpt lat="43.999170" lon="5.139070">
        <ele>248.3</ele>
        <time>2020-06-01T15:54:16.000Z</time>
      </trkpt>
      <trkpt lat="43.999190" lon="5.139110">
        <ele>248.2</ele>
        <time>2020-06-01T15:54:18.000Z</time>
      </trkpt>
      <trkpt lat="43.999220" lon="5.139730">
        <ele>243.7</ele>
        <time>2020-06-01T15:54:40.000Z</time>
      </trkpt>
    </trkseg>
    <trkseg>
      <trkpt lat="43.999220" lon="5.139730">
        <ele>243.7</ele>
        <time>2020-06-01T15:54:40.000Z</time>
      </trkpt>
      <trkpt lat="43.999220" lon="5.139730">
        <ele>243.7</ele>
        <time>2020-06-01T15:54:40.000Z</time>
      </trkpt>
      <trkpt lat="43.999300" lon="5.140020">
        <ele>242.1</ele>
        <time>2020-06-01T15:54:51.000Z</time>
      </trkpt>
      <trkpt lat="43.999330" lon="5.140070">
        <ele>241.1</ele>
        <time>2020-06-01T15:54:53.000Z</time>
      </trkpt>
      <trkpt lat="43.999430" lon="5.140130">
        <ele>240.8</ele>
        <time>2020-06-01T15:54:59.000Z</time>
      </trkpt>
      <trkpt lat="43.999580" lon="5.140250">
        <ele>240.4</ele>
        <time>2020-06-01T15:55:08.000Z</time>
      </trkpt>
      <trkpt lat="43.999650" lon="5.140350">
        <ele>239.6</ele>
        <time>2020-06-01T15:55:13.000Z</time>
      </trkpt>
      <trkpt lat="43.999630" lon="5.140440">
        <ele>237.7</ele>
        <time>2020-06-01T15:55:16.000Z</time>
      </trkpt>
      <trkpt lat="43.999520" lon="5.140450">
        <ele>235.2</ele>
        <time>2020-06-01T15:55:21.000Z</time>
      </trkpt>
      <trkpt lat="43.999380" lon="5.140430">
        <ele>232.8</ele>
        <time>2020-06-01T15:55:29.000Z</time>
      </trkpt>
      <trkpt lat="43.999310" lon="5.140390">
        <ele>232.4</ele>
        <time>2020-06-01T15:55:32.000Z</time>
      </trkpt>
      <trkpt lat="43.999230" lon="5.140380">
        <ele>231.3</ele>
        <time>2020-06-01T15:55:36.000Z</time>
      </trkpt>
      <trkpt lat="43.999150" lon="5.140420">
        <ele>228.5</ele>
        <time>2020-06-01T15:55:41.000Z</time>
      </trkpt>
      <trkpt lat="43.998790" lon="5.140520">
        <ele>215.4</ele>
        <time>2020-06-01T15:55:59.000Z</time>
      </trkpt>
      <trkpt lat="43.998540" lon="5.140750">
        <ele>202.8</ele>
        <time>2020-06-01T15:56:14.000Z</time>
      </trkpt>
      <trkpt lat="43.998470" lon="5.140820">
        <ele>198.9</ele>
        <time>2020-06-01T15:56:18.000Z</time>
      </trkpt>
      <trkpt lat="43.998430" lon="5.140820">
        <ele>197.9</ele>
        <time>2020-06-01T15:56:20.000Z</time>
      </trkpt>
      <trkpt lat="43.997990" lon="5.140630">
        <ele>198.1</ele>
        <time>2020-06-01T15:56:43.000Z</time>
      </trkpt>
      <trkpt lat="43.997890" lon="5.140640">
        <ele>197.2</ele>
        <time>2020-06-01T15:56:48.000Z</time>
      </trkpt>
      <trkpt lat="43.997740" lon="5.140680">
        <ele>195.3</ele>
        <time>2020-06-01T15:56:56.000Z</time>
      </trkpt>
      <trkpt lat="43.997640" lon="5.140750">
        <ele>193.1</ele>
        <time>2020-06-01T15:57:02.000Z</time>
      </trkpt>
      <trkpt lat="43.997600" lon="5.140850">
        <ele>190.6</ele>
        <time>2020-06-01T15:57:06.000Z</time>
      </trkpt>
      <trkpt lat="43.997440" lon="5.141450">
        <ele>190.2</ele>
        <time>2020-06-01T15:57:29.000Z</time>
      </trkpt>
      <trkpt lat="43.997410" lon="5.141570">
        <ele>190.2</ele>
        <time>2020-06-01T15:57:33.000Z</time>
      </trkpt>
      <trkpt lat="43.997420" lon="5.141610">
        <ele>190.2</ele>
        <time>2020-06-01T15:57:35.000Z</time>
      </trkpt>
      <trkpt lat="43.997500" lon="5.141670">
        <ele>190.0</ele>
        <time>2020-06-01T15:57:39.000Z</time>
      </trkpt>
      <trkpt lat="43.997710" lon="5.141780">
        <ele>190.1</ele>
        <time>2020-06-01T15:57:51.000Z</time>
      </trkpt>
      <trkpt lat="43.997770" lon="5.141840">
        <ele>190.3</ele>
        <time>2020-06-01T15:57:54.000Z</time>
      </trkpt>
      <trkpt lat="43.997830" lon="5.141960">
        <ele>190.7</ele>
        <time>2020-06-01T15:58:00.000Z</time>
      </trkpt>
      <trkpt lat="43.997860" lon="5.142170">
        <ele>191.7</ele>
        <time>2020-06-01T15:58:07.000Z</time>
      </trkpt>
      <trkpt lat="43.997940" lon="5.142260">
        <ele>191.4</ele>
        <time>2020-06-01T15:58:12.000Z</time>
      </trkpt>
      <trkpt lat="43.998050" lon="5.142330">
        <ele>190.5</ele>
        <time>2020-06-01T15:58:18.000Z</time>
      </trkpt>
      <trkpt lat="43.998130" lon="5.142400">
        <ele>189.6</ele>
        <time>2020-06-01T15:58:23.000Z</time>
      </trkpt>
      <trkpt lat="43.998140" lon="5.142530">
        <ele>190.2</ele>
        <time>2020-06-01T15:58:28.000Z</time>
      </trkpt>
      <trkpt lat="43.998160" lon="5.142620">
        <ele>191.5</ele>
        <time>2020-06-01T15:58:31.000Z</time>
      </trkpt>
      <trkpt lat="43.998220" lon="5.142720">
        <ele>192.3</ele>
        <time>2020-06-01T15:58:36.000Z</time>
      </trkpt>
      <trkpt lat="43.998530" lon="5.143080">
        <ele>192.9</ele>
        <time>2020-06-01T15:58:56.000Z</time>
      </trkpt>
      <trkpt lat="43.998630" lon="5.143230">
        <ele>193.2</ele>
        <time>2020-06-01T15:59:04.000Z</time>
      </trkpt>
      <trkpt lat="43.998810" lon="5.143570">
        <ele>192.7</ele>
        <time>2020-06-01T15:59:19.000Z</time>
      </trkpt>
      <trkpt lat="43.998810" lon="5.143570">
        <ele>192.7</ele>
        <time>2020-06-01T15:59:19.000Z</time>
      </trkpt>
      <trkpt lat="43.998860" lon="5.143730">
        <ele>192.7</ele>
        <time>2020-06-01T15:59:25.000Z</time>
      </trkpt>
      <trkpt lat="43.998880" lon="5.143870">
        <ele>193.2</ele>
        <time>2020-06-01T15:59:30.000Z</time>
      </trkpt>
      <trkpt lat="43.998860" lon="5.144230">
        <ele>195.8</ele>
        <time>2020-06-01T15:59:43.000Z</time>
      </trkpt>
      <trkpt lat="43.998780" lon="5.144410">
        <ele>197.8</ele>
        <time>2020-06-01T15:59:51.000Z</time>
      </trkpt>
      <trkpt lat="43.998720" lon="5.144490">
        <ele>199.4</ele>
        <time>2020-06-01T15:59:55.000Z</time>
      </trkpt>
      <trkpt lat="43.998740" lon="5.144510">
        <ele>198.8</ele>
        <time>2020-06-01T15:59:56.000Z</time>
      </trkpt>
      <trkpt lat="43.998000" lon="5.144980">
        <ele>220.1</ele>
        <time>2020-06-01T16:00:37.000Z</time>
      </trkpt>
      <trkpt lat="43.998000" lon="5.144980">
        <ele>220.1</ele>
        <time>2020-06-01T16:00:37.000Z</time>
      </trkpt>
      <trkpt lat="43.997615" lon="5.145249">
        <ele>229.3</ele>
        <time>2020-06-01T16:01:05.000Z</time>
      </trkpt>
      <trkpt lat="43.997180" lon="5.145810">
        <ele>235.7</ele>
        <time>2020-06-01T16:11:49.000Z</time>
      </trkpt>
      <trkpt lat="43.997170" lon="5.145770">
        <ele>236.7</ele>
        <time>2020-06-01T16:11:50.000Z</time>
      </trkpt>
      <trkpt lat="43.996830" lon="5.146200">
        <ele>241.0</ele>
        <time>2020-06-01T16:12:13.000Z</time>
      </trkpt>
      <trkpt lat="43.996750" lon="5.146330">
        <ele>241.2</ele>
        <time>2020-06-01T16:12:19.000Z</time>
      </trkpt>
      <trkpt lat="43.996720" lon="5.146350">
        <ele>242.0</ele>
        <time>2020-06-01T16:12:21.000Z</time>
      </trkpt>
      <trkpt lat="43.996630" lon="5.146590">
        <ele>240.0</ele>
        <time>2020-06-01T16:12:31.000Z</time>
      </trkpt>
      <trkpt lat="43.996360" lon="5.147090">
        <ele>239.5</ele>
        <time>2020-06-01T16:12:53.000Z</time>
      </trkpt>
      <trkpt lat="43.996360" lon="5.147090">
        <ele>239.5</ele>
        <time>2020-06-01T16:12:53.000Z</time>
      </trkpt>
      <trkpt lat="43.996350" lon="5.147070">
        <ele>240.1</ele>
        <time>2020-06-01T16:12:54.000Z</time>
      </trkpt>
      <trkpt lat="43.996020" lon="5.147390">
        <ele>243.9</ele>
        <time>2020-06-01T16:13:14.000Z</time>
      </trkpt>
    </trkseg>
    <trkseg>
      <trkpt lat="43.996360" lon="5.147090">
        <ele>239.5</ele>
        <time>2020-06-01T16:12:53.000Z</time>
      </trkpt>
      <trkpt lat="43.996360" lon="5.147090">
        <ele>239.5</ele>
        <time>2020-06-01T16:12:53.000Z</time>
      </trkpt>
      <trkpt lat="43.996350" lon="5.147070">
        <ele>240.1</ele>
        <time>2020-06-01T16:12:54.000Z</time>
      </trkpt>
      <trkpt lat="43.996020" lon="5.147390">
        <ele>243.9</ele>
        <time>2020-06-01T16:13:14.000Z</time>
      </trkpt>
      <trkpt lat="43.996020" lon="5.147390">
        <ele>243.9</ele>
        <time>2020-06-01T16:13:14.000Z</time>
      </trkpt>
      <trkpt lat="43.995120" lon="5.148890">
        <ele>249.1</ele>
        <time>2020-06-01T16:14:24.000Z</time>
      </trkpt>
      <trkpt lat="43.995120" lon="5.148890">
        <ele>249.1</ele>
        <time>2020-06-01T16:14:24.000Z</time>
      </trkpt>
      <trkpt lat="43.994779" lon="5.148982">
        <ele>259.5</ele>
        <time>2020-06-01T16:14:54.000Z</time>
      </trkpt>
      <trkpt lat="43.994700" lon="5.148800">
        <ele>266.0</ele>
        <time>2020-06-01T16:15:13.000Z</time>
      </trkpt>
      <trkpt lat="43.994700" lon="5.148800">
        <ele>266.0</ele>
        <time>2020-06-01T16:15:13.000Z</time>
      </trkpt>
      <trkpt lat="43.994760" lon="5.148350">
        <ele>272.7</ele>
        <time>2020-06-01T16:15:29.000Z</time>
      </trkpt>
      <trkpt lat="43.994753" lon="5.148355">
        <ele>273.0</ele>
        <time>2020-06-01T16:15:29.000Z</time>
      </trkpt>
      <trkpt lat="43.994706" lon="5.148141">
        <ele>277.8</ele>
        <time>2020-06-01T16:15:29.000Z</time>
      </trkpt>
      <trkpt lat="43.994461" lon="5.147886">
        <ele>287.1</ele>
        <time>2020-06-01T16:15:29.000Z</time>
      </trkpt>
      <trkpt lat="43.993872" lon="5.147815">
        <ele>292.5</ele>
        <time>2020-06-01T16:15:29.000Z</time>
      </trkpt>
      <trkpt lat="43.991982" lon="5.148522">
        <ele>297.2</ele>
        <time>2020-06-01T16:15:29.000Z</time>
      </trkpt>
      <trkpt lat="43.991982" lon="5.148522">
        <ele>297.2</ele>
        <time>2020-06-01T16:15:29.000Z</time>
      </trkpt>
      <trkpt lat="43.991545" lon="5.148877">
        <ele>300.5</ele>
        <time>2020-06-01T16:15:29.000Z</time>
      </trkpt>
      <trkpt lat="43.990443" lon="5.148934">
        <ele>299.0</ele>
        <time>2020-06-01T16:15:29.000Z</time>
      </trkpt>
      <trkpt lat="43.989713" lon="5.149241">
        <ele>303.3</ele>
        <time>2020-06-01T16:15:29.000Z</time>
      </trkpt>
      <trkpt lat="43.989189" lon="5.149241">
        <ele>309.0</ele>
        <time>2020-06-01T16:15:29.000Z</time>
      </trkpt>
      <trkpt lat="43.988698" lon="5.149074">
        <ele>313.9</ele>
        <time>2020-06-01T16:15:29.000Z</time>
      </trkpt>
    </trkseg>
    <trkseg>
      <trkpt lat="43.989189" lon="5.149241">
        <ele>309.0</ele>
        <time>2020-06-01T16:15:29.000Z</time>
      </trkpt>
      <trkpt lat="43.988698" lon="5.149074">
        <ele>313.9</ele>
        <time>2020-06-01T16:15:29.000Z</time>
      </trkpt>
      <trkpt lat="43.988457" lon="5.149242">
        <ele>317.0</ele>
        <time>2020-06-01T16:15:29.000Z</time>
      </trkpt>
      <trkpt lat="43.988457" lon="5.149242">
        <ele>317.0</ele>
        <time>2020-06-01T16:15:29.000Z</time>
      </trkpt>
      <trkpt lat="43.988013" lon="5.150120">
        <ele>322.2</ele>
        <time>2020-06-01T16:15:29.000Z</time>
      </trkpt>
    </trkseg>
  </trk>
</gpx>
